<?xml version="1.0" encoding="UTF-8"?><CodeSystem xmlns="http://hl7.org/fhir"><id value="fr-document-type"/><meta><profile value="http://hl7.org/fhir/StructureDefinition/shareablecodesystem"/></meta><text><status value="generated"/><div xmlns="http://www.w3.org/1999/xhtml"><p class="res-header-id"><b>Generated Narrative: CodeSystem fr-document-type</b></p><a name="fr-document-type"> </a><a name="hcfr-document-type"> </a><a name="fr-document-type-en-US"> </a><p><b>Properties</b></p><p><b>This code system defines the following properties for its concepts</b></p><table class="grid"><tr><td><b>Name</b></td><td><b>Code</b></td><td><b>Type</b></td><td><b>Description</b></td></tr><tr><td>isMedicationReconciliation</td><td>isMedicationReconciliation</td><td>boolean</td><td>Le document est une FCT (Fiche de Conciliation des Traitements médicamenteux).</td></tr><tr><td>isCurrentMedication</td><td>isCurrentMedication</td><td>boolean</td><td>Le document est une liste des Traitements Médicamenteux Courants.</td></tr></table><p><b>Concepts</b></p><p>This  code system <code>https://hl7.fr/fhir/fr/medication/CodeSystem/fr-document-type</code> defines the following codes:</p><table class="codes"><tr><td style="white-space:nowrap"><b>Code</b></td><td><b>Display</b></td><td><b>Definition</b></td><td><b>isMedicationReconciliation</b></td><td><b>isCurrentMedication</b></td></tr><tr><td style="white-space:nowrap">10000001<a name="fr-document-type-10000001"> </a></td><td>FCT</td><td>Fiche de Conciliation des Traitements médicamenteux (sans autre précision)</td><td>true</td><td>false</td></tr><tr><td style="white-space:nowrap">10000002<a name="fr-document-type-10000002"> </a></td><td>FCT rétroactive d'admission</td><td>Fiche de Conciliation des Traitements médicamenteux rétroactive d'admission</td><td>true</td><td>false</td></tr><tr><td style="white-space:nowrap">10000003<a name="fr-document-type-10000003"> </a></td><td>FCT proactive d'admission</td><td>Fiche de Conciliation des Traitements médicamenteux proactive d'admission</td><td>true</td><td>false</td></tr><tr><td style="white-space:nowrap">10000004<a name="fr-document-type-10000004"> </a></td><td>FCT proactive de sortie</td><td>Fiche de Conciliation des Traitements médicamenteux proactive de sortie (retour à domicile)</td><td>true</td><td>false</td></tr><tr><td style="white-space:nowrap">10000005<a name="fr-document-type-10000005"> </a></td><td>FCT rétroactive de sortie</td><td>Fiche de Conciliation des Traitements médicamenteux rétroactive de sortie (retour à domicile)</td><td>true</td><td>false</td></tr><tr><td style="white-space:nowrap">10000006<a name="fr-document-type-10000006"> </a></td><td>FCT proactive de transfert</td><td>Fiche de Conciliation des Traitements médicamenteux proactive de transfert (dans une autre structure de soins)</td><td>true</td><td>false</td></tr><tr><td style="white-space:nowrap">10000007<a name="fr-document-type-10000007"> </a></td><td>FCT rétroactive de transfert</td><td>Fiche de Conciliation des Traitements médicamenteux rétroactive de transfert (dans une autre structure de soins)</td><td>true</td><td>false</td></tr><tr><td style="white-space:nowrap">10000008<a name="fr-document-type-10000008"> </a></td><td>FCT proactive de mutation</td><td>Fiche de Conciliation des Traitements médicamenteux proactive de mutation (dans une autre unité fonctionnelle ou médicale)</td><td>true</td><td>false</td></tr><tr><td style="white-space:nowrap">10000009<a name="fr-document-type-10000009"> </a></td><td>FCT rétroactive de mutation</td><td>Fiche de Conciliation des Traitements médicamenteux rétroactive de mutation (dans une autre unité fonctionnelle ou médicale)</td><td>true</td><td>false</td></tr><tr><td style="white-space:nowrap">10000010<a name="fr-document-type-10000010"> </a></td><td>FCT proactive de sortie du service</td><td>Fiche de Conciliation des Traitements médicamenteux proactive de sortie du service (tout mode de sortie administratif confondu)</td><td>true</td><td>false</td></tr><tr><td style="white-space:nowrap">10000011<a name="fr-document-type-10000011"> </a></td><td>FCT rétroactive de sortie du service</td><td>Fiche de Conciliation des Traitements médicamenteux rétroactive de sortie du service (tout mode de sortie administratif confondu)</td><td>true</td><td>false</td></tr><tr><td style="white-space:nowrap">10000012<a name="fr-document-type-10000012"> </a></td><td>Traitement Médicamenteux Courant</td><td>Traitement Médicamenteux Courant (sans autre précision)</td><td>false</td><td>true</td></tr><tr><td style="white-space:nowrap">10000013<a name="fr-document-type-10000013"> </a></td><td>OMA</td><td>OMA (Ordonnance Médicale d'Admission)</td><td>false</td><td>true</td></tr><tr><td style="white-space:nowrap">10000014<a name="fr-document-type-10000014"> </a></td><td>Traitement Médicamenteux de sortie/transfert/mutation</td><td>Traitement Médicamenteux de sortie/transfert/mutation</td><td>false</td><td>true</td></tr></table></div></text><url value="https://hl7.fr/fhir/fr/medication/CodeSystem/fr-document-type"/><version value="0.1.0"/><name value="FrDocumentType"/><title value="code system Interop'Santé - Type de document d'une ressource Composition du domaine Pharmacy"/><status value="draft"/><experimental value="false"/><date value="2024-08-14T16:13:05+00:00"/><publisher value="Interop'Santé"/><contact><name value="Interop'Santé"/><telecom><system value="url"/><value value="http://interopsante.org/"/></telecom></contact><description value="Le système de codage SIPh du type de document d'une ressource *Composition* du domaine Pharmacy"/><content value="complete"/><count value="14"/><property><code value="isMedicationReconciliation"/><description value="Le document est une FCT (Fiche de Conciliation des Traitements médicamenteux)."/><type value="boolean"/></property><property><code value="isCurrentMedication"/><description value="Le document est une liste des Traitements Médicamenteux Courants."/><type value="boolean"/></property><concept><code value="10000001"/><display value="FCT"/><definition value="Fiche de Conciliation des Traitements médicamenteux (sans autre précision)"/><property><code value="isMedicationReconciliation"/><valueBoolean value="true"/></property><property><code value="isCurrentMedication"/><valueBoolean value="false"/></property></concept><concept><code value="10000002"/><display value="FCT rétroactive d'admission"/><definition value="Fiche de Conciliation des Traitements médicamenteux rétroactive d'admission"/><property><code value="isMedicationReconciliation"/><valueBoolean value="true"/></property><property><code value="isCurrentMedication"/><valueBoolean value="false"/></property></concept><concept><code value="10000003"/><display value="FCT proactive d'admission"/><definition value="Fiche de Conciliation des Traitements médicamenteux proactive d'admission"/><property><code value="isMedicationReconciliation"/><valueBoolean value="true"/></property><property><code value="isCurrentMedication"/><valueBoolean value="false"/></property></concept><concept><code value="10000004"/><display value="FCT proactive de sortie"/><definition value="Fiche de Conciliation des Traitements médicamenteux proactive de sortie (retour à domicile)"/><property><code value="isMedicationReconciliation"/><valueBoolean value="true"/></property><property><code value="isCurrentMedication"/><valueBoolean value="false"/></property></concept><concept><code value="10000005"/><display value="FCT rétroactive de sortie"/><definition value="Fiche de Conciliation des Traitements médicamenteux rétroactive de sortie (retour à domicile)"/><property><code value="isMedicationReconciliation"/><valueBoolean value="true"/></property><property><code value="isCurrentMedication"/><valueBoolean value="false"/></property></concept><concept><code value="10000006"/><display value="FCT proactive de transfert"/><definition value="Fiche de Conciliation des Traitements médicamenteux proactive de transfert (dans une autre structure de soins)"/><property><code value="isMedicationReconciliation"/><valueBoolean value="true"/></property><property><code value="isCurrentMedication"/><valueBoolean value="false"/></property></concept><concept><code value="10000007"/><display value="FCT rétroactive de transfert"/><definition value="Fiche de Conciliation des Traitements médicamenteux rétroactive de transfert (dans une autre structure de soins)"/><property><code value="isMedicationReconciliation"/><valueBoolean value="true"/></property><property><code value="isCurrentMedication"/><valueBoolean value="false"/></property></concept><concept><code value="10000008"/><display value="FCT proactive de mutation"/><definition value="Fiche de Conciliation des Traitements médicamenteux proactive de mutation (dans une autre unité fonctionnelle ou médicale)"/><property><code value="isMedicationReconciliation"/><valueBoolean value="true"/></property><property><code value="isCurrentMedication"/><valueBoolean value="false"/></property></concept><concept><code value="10000009"/><display value="FCT rétroactive de mutation"/><definition value="Fiche de Conciliation des Traitements médicamenteux rétroactive de mutation (dans une autre unité fonctionnelle ou médicale)"/><property><code value="isMedicationReconciliation"/><valueBoolean value="true"/></property><property><code value="isCurrentMedication"/><valueBoolean value="false"/></property></concept><concept><code value="10000010"/><display value="FCT proactive de sortie du service"/><definition value="Fiche de Conciliation des Traitements médicamenteux proactive de sortie du service (tout mode de sortie administratif confondu)"/><property><code value="isMedicationReconciliation"/><valueBoolean value="true"/></property><property><code value="isCurrentMedication"/><valueBoolean value="false"/></property></concept><concept><code value="10000011"/><display value="FCT rétroactive de sortie du service"/><definition value="Fiche de Conciliation des Traitements médicamenteux rétroactive de sortie du service (tout mode de sortie administratif confondu)"/><property><code value="isMedicationReconciliation"/><valueBoolean value="true"/></property><property><code value="isCurrentMedication"/><valueBoolean value="false"/></property></concept><concept><code value="10000012"/><display value="Traitement Médicamenteux Courant"/><definition value="Traitement Médicamenteux Courant (sans autre précision)"/><property><code value="isMedicationReconciliation"/><valueBoolean value="false"/></property><property><code value="isCurrentMedication"/><valueBoolean value="true"/></property></concept><concept><code value="10000013"/><display value="OMA"/><definition value="OMA (Ordonnance Médicale d'Admission)"/><property><code value="isMedicationReconciliation"/><valueBoolean value="false"/></property><property><code value="isCurrentMedication"/><valueBoolean value="true"/></property></concept><concept><code value="10000014"/><display value="Traitement Médicamenteux de sortie/transfert/mutation"/><definition value="Traitement Médicamenteux de sortie/transfert/mutation"/><property><code value="isMedicationReconciliation"/><valueBoolean value="false"/></property><property><code value="isCurrentMedication"/><valueBoolean value="true"/></property></concept></CodeSystem>