<?xml version="1.0" encoding="UTF-8"?><CodeSystem xmlns="http://hl7.org/fhir"><id value="FrMedicationIGMedicationProfileList"/><text><status value="generated"/><div xmlns="http://www.w3.org/1999/xhtml"><p class="res-header-id"><b>Generated Narrative: CodeSystem FrMedicationIGMedicationProfileList</b></p><a name="FrMedicationIGMedicationProfileList"> </a><a name="hcFrMedicationIGMedicationProfileList"> </a><a name="FrMedicationIGMedicationProfileList-en-US"> </a><p>This  code system <code>https://hl7.fr/ig/fhir/Medication/CodeSystem/fr-medication-profil-list</code> defines the following codes:</p><table class="codes"><tr><td style="white-space:nowrap"><b>Code</b></td><td><b>Display</b></td></tr><tr><td style="white-space:nowrap">FrMedicationUcd<a name="FrMedicationIGMedicationProfileList-FrMedicationUcd"> </a></td><td>French branded name Medication</td></tr><tr><td style="white-space:nowrap">FrMedicationNonproprietaryName<a name="FrMedicationIGMedicationProfileList-FrMedicationNonproprietaryName"> </a></td><td>French non proprietary name Medication</td></tr><tr><td style="white-space:nowrap">FrMedicationCompound<a name="FrMedicationIGMedicationProfileList-FrMedicationCompound"> </a></td><td>French compound Medication</td></tr></table></div></text><url value="https://hl7.fr/ig/fhir/Medication/CodeSystem/fr-medication-profil-list"/><version value="0.1.0"/><name value="FrMedicationIGMedicationProfileList"/><title value="Liste des profils définis par l'IG Medication pour la ressource Medication"/><status value="draft"/><experimental value="false"/><date value="2024-08-13T14:52:17+00:00"/><publisher value="Interop'Santé"/><contact><name value="Interop'Santé"/><telecom><system value="url"/><value value="http://interopsante.org/"/></telecom></contact><description value="Liste des noms associés aux titres"/><content value="complete"/><count value="3"/><concept><code value="FrMedicationUcd"/><display value="French branded name Medication"/></concept><concept><code value="FrMedicationNonproprietaryName"/><display value="French non proprietary name Medication"/></concept><concept><code value="FrMedicationCompound"/><display value="French compound Medication"/></concept></CodeSystem>