<?xml version="1.0" encoding="UTF-8"?><ConceptMap xmlns="http://hl7.org/fhir"><id value="PN13-FHIR-prescmed-medicationrequest-conceptmap"/><text><status value="generated"/><div xmlns="http://www.w3.org/1999/xhtml"><p class="res-header-id"><b>Generated Narrative: ConceptMap PN13-FHIR-prescmed-medicationrequest-conceptmap</b></p><a name="PN13-FHIR-prescmed-medicationrequest-conceptmap"> </a><a name="hcPN13-FHIR-prescmed-medicationrequest-conceptmap"> </a><a name="PN13-FHIR-prescmed-medicationrequest-conceptmap-en-US"> </a><p>Mapping from https://interopsante.org/pn13/xsd to https://hl7.fr/ig/fhir/medication/StructureDefinition/FrInpatientMedicationRequest</p><br/><p><b>Group 1 </b>Mapping from <code>unspecified code system</code> to <code>unspecified code system</code></p><table class="grid"><tr><td><b>Source Code</b></td><td><b>Relationship</b></td><td><b>Target Code</b></td><td><b>Comment</b></td></tr><tr><td>Messages/M_prescription_médicaments/Prescription/Elément_prescr_médic/Id_élément_prescr</td><td><a href="http://hl7.org/fhir/extensions/5.1.0/CodeSystem-concept-map-equivalence.html#equal" title="equal">is equal to</a></td><td>MedicationRequest.identifier.value</td><td/></tr><tr><td>Messages@Phast-id_message</td><td><a href="http://hl7.org/fhir/extensions/5.1.0/CodeSystem-concept-map-equivalence.html#equivalent" title="equivalent">is equivalent to</a></td><td>MedicationRequest.identifier.system</td><td>S'il existe, l'identifiant de message PN13 est à transformer en un uri respectant les contraintes FHIR (par exemple constituant une url unique à partir de l'identifiant). S'il n'est pas renseigné, une autre manière de produire un uri pour le message PN13 traduit est à mettre en oeuvre</td></tr></table><hr/><p><b>Group 2 </b>Mapping from <code>unspecified code system</code> to <code>unspecified code system</code></p><table class="grid"><tr><td><b>Source Code</b></td><td><b>Relationship</b></td><td><b>Target Code</b></td><td><b>Comment</b></td></tr><tr><td>Messages/M_prescription_médicaments/Prescription/Elément_prescr_médic/Type_élément_prescr</td><td><a href="http://hl7.org/fhir/extensions/5.1.0/CodeSystem-concept-map-equivalence.html#inexact" title="inexact">maps loosely to</a></td><td>MedicationRequest.medicationReference.reference</td><td>Type_élément_precsr permet de déterminer le profil de la ressource Medication référencée par MedicationRequest.medicationReference.reference. La conceptMap fr-PN13-FHIR-TypeComposant-ConceptMap</td></tr></table></div></text><url value="https://hl7.fr/fhir/fr/medication/ConceptMap/PN13-FHIR-prescmed-medicationrequest-conceptmap"/><version value="0.1.0"/><name value="FrPN13FHIRMedicationPrescriptionMedicationRequestConceptMap"/><title value="Conversion PN13 vers FHIR pour la ligne de prescrption d'une prescription de médicaments"/><status value="draft"/><date value="2024-08-14T14:01:00+00:00"/><publisher value="Interop'Santé"/><contact><name value="Interop'Santé"/><telecom><system value="url"/><value value="http://interopsante.org/"/></telecom></contact><description value="ConceptMap pour la conversion PN13 vers FHIR d'une ligne de prescription d'une prescritpion de médicament"/><sourceUri value="https://interopsante.org/pn13/xsd"/><targetUri value="https://hl7.fr/ig/fhir/medication/StructureDefinition/FrInpatientMedicationRequest"/><group><element><code value="Messages/M_prescription_médicaments/Prescription/Elément_prescr_médic/Id_élément_prescr"/><target><modifierExtension url="http://hl7.org/fhir/1.0/StructureDefinition/extension-ConceptMap.element.target.equivalence"><valueCode value="equal"/></modifierExtension><code value="MedicationRequest.identifier.value"/><equivalence value="equal"/></target></element><element><code value="Messages@Phast-id_message"/><target><modifierExtension url="http://hl7.org/fhir/1.0/StructureDefinition/extension-ConceptMap.element.target.equivalence"><valueCode value="equivalent"/></modifierExtension><code value="MedicationRequest.identifier.system"/><equivalence value="equivalent"/><comment value="S'il existe, l'identifiant de message PN13 est à transformer en un uri respectant les contraintes FHIR (par exemple constituant une url unique à partir de l'identifiant). S'il n'est pas renseigné, une autre manière de produire un uri pour le message PN13 traduit est à mettre en oeuvre"/></target></element></group><group><element><code value="Messages/M_prescription_médicaments/Prescription/Elément_prescr_médic/Type_élément_prescr"/><target><modifierExtension url="http://hl7.org/fhir/1.0/StructureDefinition/extension-ConceptMap.element.target.equivalence"><valueCode value="inexact"/></modifierExtension><code value="MedicationRequest.medicationReference.reference"/><equivalence value="inexact"/><comment value="Type_élément_precsr permet de déterminer le profil de la ressource Medication référencée par MedicationRequest.medicationReference.reference. La conceptMap fr-PN13-FHIR-TypeComposant-ConceptMap"/></target></element></group></ConceptMap>