{
  "resourceType" : "Bundle",
  "id" : "HAS-14-2-Presc-Betamethasone",
  "meta" : {
    "profile" : ["https://hl7.fr/ig/fhir/medication/StructureDefinition/fr-prescription-bundle-for-example"]
  },
  "type" : "searchset",
  "entry" : [{
    "resource" : {
      "resourceType" : "MedicationRequest",
      "id" : "medicationrequest-HAS-14-2-Presc-Betamethasone",
      "meta" : {
        "profile" : ["https://hl7.fr/ig/fhir/medication/StructureDefinition/fr-patient-medicationrequest",
        "https://hl7.fr/fhir/fr/medication/StructureDefinition/fr-patient-medicationrequest"]
      },
      "text" : {
        "status" : "generated",
        "div" : "<div xmlns=\"http://www.w3.org/1999/xhtml\"><a name=\"MedicationRequest_medicationrequest-HAS-14-2-Presc-Betamethasone\"> </a><p class=\"res-header-id\"><b>Narratif généré : PrescriptionMédicamenteuseTODO medicationrequest-HAS-14-2-Presc-Betamethasone</b></p><a name=\"medicationrequest-HAS-14-2-Presc-Betamethasone\"> </a><a name=\"hcmedicationrequest-HAS-14-2-Presc-Betamethasone\"> </a><div style=\"display: inline-block; background-color: #d9e0e7; padding: 6px; margin: 4px; border: 1px solid #8da1b4; border-radius: 5px; line-height: 60%\"><p style=\"margin-bottom: 0px\"/><p style=\"margin-bottom: 0px\">Profils: <a href=\"StructureDefinition-fr-patient-medicationrequest.html\">FrInpatientMedicationRequest</a>, <code>https://hl7.fr/fhir/fr/medication/StructureDefinition/fr-patient-medicationrequest</code></p></div><p><b>status</b>: Active</p><p><b>intent</b>: Order</p><p><b>priority</b>: Routine</p><p><b>medication</b>: <span title=\"Codes:{http://BogusSystemMedicabase.com MV00000063}\">BETAMETHASONE 0,05% voie cutanée pom</span></p><p><b>subject</b>: <a href=\"Patient/14602\">Patient/14602</a></p><p><b>requester</b>: <a href=\"Practitioner/smart-Practitioner-71482713\">Practitioner/smart-Practitioner-71482713</a></p><p><b>note</b>: </p><blockquote><div><p>Prescription textuelle: BETHAMETHASONE 0,05% - 1 à 2 applications par jour en couche mince et uniforme sur la zone à traiter. Ne pas dépasser 2 applications par jour</p>\n</div></blockquote><blockquote><p><b>dosageInstruction</b></p><p><b>patientInstruction</b>: application en couche mince et uniforme sur la zone à traiter</p><p><b>timing</b>: Once per 1 day</p><h3>DoseAndRates</h3><table class=\"grid\"><tr><td style=\"display: none\">-</td><td><b>Dose[x]</b></td></tr><tr><td style=\"display: none\">*</td><td>1 Application<span style=\"background: LightGoldenRodYellow\"> (Details: UCUM  code{Appln} = '{Appln}')</span></td></tr></table><p><b>maxDosePerPeriod</b>: 2 Application<span style=\"background: LightGoldenRodYellow\"> (Details: UCUM  code{Appln} = '{Appln}')</span>/1 jour<span style=\"background: LightGoldenRodYellow\"> (Details: UCUM  coded = 'd')</span></p></blockquote></div>"
      },
      "status" : "active",
      "intent" : "order",
      "priority" : "routine",
      "medicationCodeableConcept" : {
        "coding" : [{
          "system" : "http://BogusSystemMedicabase.com",
          "code" : "MV00000063",
          "display" : "BETAMETHASONE 0,05% voie cutanée pom"
        }]
      },
      "subject" : {
        "reference" : "Patient/14602"
      },
      "requester" : {
        "reference" : "Practitioner/smart-Practitioner-71482713"
      },
      "note" : [{
        "extension" : [{
          "url" : "https://hl7.fr/ig/fhir/medication/StructureDefinition/fr-medicationrequest-note-scope",
          "valueCode" : "LIPRESCTXT"
        }],
        "text" : "Prescription textuelle: BETHAMETHASONE 0,05% - 1 à 2 applications par jour en couche mince et uniforme sur la zone à traiter. Ne pas dépasser 2 applications par jour"
      }],
      "dosageInstruction" : [{
        "patientInstruction" : "application en couche mince et uniforme sur la zone à traiter",
        "timing" : {
          "repeat" : {
            "frequencyMax" : 2,
            "period" : 1,
            "periodUnit" : "d"
          }
        },
        "doseAndRate" : [{
          "doseQuantity" : {
            "value" : 1,
            "unit" : "Application",
            "system" : "http://unitsofmeasure.org",
            "code" : "{Appln}"
          }
        }],
        "maxDosePerPeriod" : {
          "numerator" : {
            "value" : 2,
            "unit" : "Application",
            "system" : "http://unitsofmeasure.org",
            "code" : "{Appln}"
          },
          "denominator" : {
            "value" : 1,
            "unit" : "jour",
            "system" : "http://unitsofmeasure.org",
            "code" : "d"
          }
        }
      }]
    }
  }]
}