{
  "resourceType" : "Bundle",
  "id" : "HAS-11-1-Presc-VitamineD",
  "meta" : {
    "profile" : ["https://hl7.fr/ig/fhir/medication/StructureDefinition/fr-prescription-bundle-for-example"]
  },
  "type" : "searchset",
  "entry" : [{
    "resource" : {
      "resourceType" : "MedicationRequest",
      "id" : "medicationrequest-HAS-11-1-Presc-VitamineD",
      "meta" : {
        "profile" : ["https://hl7.fr/ig/fhir/medication/StructureDefinition/fr-inpatient-medicationrequest",
        "https://hl7.fr/fhir/fr/medication/StructureDefinition/fr-inpatient-medicationrequest"]
      },
      "text" : {
        "status" : "generated",
        "div" : "<div xmlns=\"http://www.w3.org/1999/xhtml\"><a name=\"MedicationRequest_medicationrequest-HAS-11-1-Presc-VitamineD\"> </a><p class=\"res-header-id\"><b>Generated Narrative: MedicationRequest medicationrequest-HAS-11-1-Presc-VitamineD</b></p><a name=\"medicationrequest-HAS-11-1-Presc-VitamineD\"> </a><a name=\"hcmedicationrequest-HAS-11-1-Presc-VitamineD\"> </a><div style=\"display: inline-block; background-color: #d9e0e7; padding: 6px; margin: 4px; border: 1px solid #8da1b4; border-radius: 5px; line-height: 60%\"><p style=\"margin-bottom: 0px\"/><p style=\"margin-bottom: 0px\">Profiles: <a href=\"StructureDefinition-fr-inpatient-medicationrequest.html\">FrInpatientMedicationRequest</a>, <code>https://hl7.fr/fhir/fr/medication/StructureDefinition/fr-inpatient-medicationrequest</code></p></div><p><b>status</b>: Active</p><p><b>intent</b>: Order</p><p><b>priority</b>: Routine</p><p><b>medication</b>: <span title=\"Codes:{http://BogusSystemMedicabase.com MV00000507}\">VITAMINE D 100 000 UI solution buvable (colécalciférol * 100 000 UI/2 ml ; voie orale ; sol buv)</span></p><p><b>subject</b>: <a href=\"Patient/14602\">Patient/14602</a></p><p><b>requester</b>: <a href=\"Practitioner/smart-Practitioner-71482713\">Practitioner/smart-Practitioner-71482713</a></p><p><b>note</b>: </p><blockquote><div><p>Prescription textuelle: VITAMINE D 100 000 UI solution buvable : 1 ampoule, le premier jour de chaque mois</p>\n</div></blockquote><blockquote><p><b>dosageInstruction</b></p><p><b>patientInstruction</b>: le premier jour du mois</p><p><b>timing</b>: Once per 1 month</p><h3>DoseAndRates</h3><table class=\"grid\"><tr><td style=\"display: none\">-</td><td><b>Dose[x]</b></td></tr><tr><td style=\"display: none\">*</td><td>1 ampoule<span style=\"background: LightGoldenRodYellow\"> (Details: standardterms.edqm.eu  code15002000 = 'Ampoule')</span></td></tr></table></blockquote></div>"
      },
      "status" : "active",
      "intent" : "order",
      "priority" : "routine",
      "medicationCodeableConcept" : {
        "coding" : [{
          "system" : "http://BogusSystemMedicabase.com",
          "code" : "MV00000507",
          "display" : "VITAMINE D 100 000 UI solution buvable (colécalciférol * 100 000 UI/2 ml ; voie orale ; sol buv)"
        }]
      },
      "subject" : {
        "reference" : "Patient/14602"
      },
      "requester" : {
        "reference" : "Practitioner/smart-Practitioner-71482713"
      },
      "note" : [{
        "extension" : [{
          "url" : "https://hl7.fr/ig/fhir/medication/StructureDefinition/fr-medicationrequest-note-scope",
          "valueCode" : "LIPRESCTXT"
        }],
        "text" : "Prescription textuelle: VITAMINE D 100 000 UI solution buvable : 1 ampoule, le premier jour de chaque mois"
      }],
      "dosageInstruction" : [{
        "patientInstruction" : "le premier jour du mois",
        "timing" : {
          "repeat" : {
            "frequency" : 1,
            "period" : 1,
            "periodUnit" : "mo"
          }
        },
        "doseAndRate" : [{
          "doseQuantity" : {
            "value" : 1,
            "unit" : "ampoule",
            "system" : "http://standardterms.edqm.eu",
            "code" : "15002000"
          }
        }]
      }]
    }
  }]
}