<?xml version="1.0" encoding="UTF-8"?>

<CodeSystem xmlns="http://hl7.org/fhir">
  <id value="fr-additional-action-relationship-type"/>
  <meta>
    <profile value="http://hl7.org/fhir/StructureDefinition/shareablecodesystem"/>
  </meta>
  <text>
    <status value="generated"/><div xmlns="http://www.w3.org/1999/xhtml"><p class="res-header-id"><b>Generated Narrative: CodeSystem fr-additional-action-relationship-type</b></p><a name="fr-additional-action-relationship-type"> </a><a name="hcfr-additional-action-relationship-type"> </a><div style="display: inline-block; background-color: #d9e0e7; padding: 6px; margin: 4px; border: 1px solid #8da1b4; border-radius: 5px; line-height: 60%"><p style="margin-bottom: 0px"/><p style="margin-bottom: 0px">Profile: <a href="http://hl7.org/fhir/R4/shareablecodesystem.html">Shareable CodeSystem</a></p></div><p>This  code system <code>https://hl7.fr/ig/fhir/medication/CodeSystem/fr-additional-action-relationship-type</code> defines the following codes:</p><table class="codes"><tr><td style="white-space:nowrap"><b>Code</b></td><td><b>Display</b></td></tr><tr><td style="white-space:nowrap">EXCL<a name="fr-additional-action-relationship-type-EXCL"> </a></td><td>Si l'action est réalisée, l'action reliée ne doit pas être effectuée.</td></tr><tr><td style="white-space:nowrap">ALT<a name="fr-additional-action-relationship-type-ALT"> </a></td><td>Si l'action ne peut pas être réalisée, l'action reliée peut être réalisée à la place.</td></tr></table></div>
  </text>
  <url value="https://hl7.fr/ig/fhir/medication/CodeSystem/fr-additional-action-relationship-type"/>
  <version value="0.1.0"/>
  <name value="FrAdditionalActionRelationshipType"/>
  <title value="Interop'Santé code system - Additional codes for relationship between action"/>
  <status value="draft"/>
  <experimental value="false"/>
  <date value="2025-07-11T12:03:33+00:00"/>
  <publisher value="Interop'Santé"/>
  <contact>
    <name value="Interop'Santé"/>
    <telecom>
      <system value="url"/>
      <value value="http://interopsante.org/"/>
    </telecom>
  </contact>
  <description value="Codes to specify relationship between action in a RequestGroup that are not in the valueSet http://hl7.org/fhir/ValueSet/action-relationship-type."/>
  <content value="complete"/>
  <count value="2"/>
  <concept>
    <code value="EXCL"/>
    <display value="Si l'action est réalisée, l'action reliée ne doit pas être effectuée."/>
  </concept>
  <concept>
    <code value="ALT"/>
    <display value="Si l'action ne peut pas être réalisée, l'action reliée peut être réalisée à la place."/>
  </concept>
</CodeSystem>