<?xml version="1.0" encoding="UTF-8"?>

<CodeSystem xmlns="http://hl7.org/fhir">
  <id value="fr-uf-role-codes"/>
  <meta>
    <profile value="http://hl7.org/fhir/StructureDefinition/shareablecodesystem"/>
  </meta>
  <text>
    <status value="generated"/><div xmlns="http://www.w3.org/1999/xhtml"><p class="res-header-id"><b>Narratif généré : CodeSystem fr-uf-role-codes</b></p><a name="fr-uf-role-codes"> </a><a name="hcfr-uf-role-codes"> </a><div style="display: inline-block; background-color: #d9e0e7; padding: 6px; margin: 4px; border: 1px solid #8da1b4; border-radius: 5px; line-height: 60%"><p style="margin-bottom: 0px"/><p style="margin-bottom: 0px">Profil: <a href="http://hl7.org/fhir/R4/shareablecodesystem.html">Shareable CodeSystem</a></p></div><p>This  code system <code>https://hl7.fr/ig/fhir/medication/CodeSystem/fr-uf-role-codes</code> defines the following codes:</p><table class="codes"><tr><td style="white-space:nowrap"><b>Code</b></td><td><b>Display</b></td></tr><tr><td style="white-space:nowrap">UFSOIN<a name="fr-uf-role-codes-UFSOIN"> </a></td><td>UF de responsabilité des soins</td></tr><tr><td style="white-space:nowrap">UFMED<a name="fr-uf-role-codes-UFMED"> </a></td><td>UF de responsabilité médicale</td></tr><tr><td style="white-space:nowrap">UFHEB<a name="fr-uf-role-codes-UFHEB"> </a></td><td>UF d'hébergement</td></tr></table></div>
  </text>
  <url value="https://hl7.fr/ig/fhir/medication/CodeSystem/fr-uf-role-codes"/>
  <version value="0.1.0"/>
  <name value="FrUFRoleCodes"/>
  <title value="code system Interop'Santé - Codes pour typer le rôle des UF par rapport à un séjour patient"/>
  <status value="draft"/>
  <experimental value="false"/>
  <date value="2025-07-21T09:00:57+00:00"/>
  <publisher value="Interop'Santé"/>
  <contact>
    <name value="Interop'Santé"/>
    <telecom>
      <system value="url"/>
      <value value="http://interopsante.org/"/>
    </telecom>
  </contact>
  <description value="Le système de codage pour les types de rôle qu'une UF peut avoir par rapport à un séjour patient."/>
  <jurisdiction>
    <coding>
      <system value="urn:iso:std:iso:3166"/>
      <code value="FR"/>
      <display value="FRANCE"/>
    </coding>
  </jurisdiction>
  <content value="complete"/>
  <count value="3"/>
  <concept>
    <code value="UFSOIN"/>
    <display value="UF de responsabilité des soins"/>
  </concept>
  <concept>
    <code value="UFMED"/>
    <display value="UF de responsabilité médicale"/>
  </concept>
  <concept>
    <code value="UFHEB"/>
    <display value="UF d'hébergement"/>
  </concept>
</CodeSystem>