<?xml version="1.0" encoding="UTF-8"?>

<ConceptMap xmlns="http://hl7.org/fhir">
  <id value="PN13-FHIR-prescmed-medicationcomp-conceptmap"/>
  <text>
    <status value="generated"/><div xmlns="http://www.w3.org/1999/xhtml"><p class="res-header-id"><b>Generated Narrative: ConceptMap PN13-FHIR-prescmed-medicationcomp-conceptmap</b></p><a name="PN13-FHIR-prescmed-medicationcomp-conceptmap"> </a><a name="hcPN13-FHIR-prescmed-medicationcomp-conceptmap"> </a><p>Mapping from https://interopsante.org/pn13/xsd to <a href="StructureDefinition-fr-medication-compound.html">FrMedicationCompound</a></p><br/><p><b>Group 1 </b>Mapping from <code>unspecified code system</code> to <code>unspecified code system</code></p><table class="grid"><tr><td colspan="3"><b>Source Concept Details</b></td><td><b>Relationship</b></td><td colspan="3"><b>Target Concept Details</b></td><td><b>Comment</b></td></tr><tr><td colspan="2"><b>Codes</b> from </td><td><b>Forme@Phastnomenclature</b></td><td/><td colspan="2"><b>Codes</b> from </td><td><b>Medication.form.coding.system</b></td><td/></tr><tr><td style="border-right-width: 0px">Messages/M_prescription_médicaments/Prescription/Elément_prescr_médic/Forme</td><td style="border-left-width: 0px"/><td>SIPh-CIO_Forme</td><td><a href="http://hl7.org/fhir/R5/codesystem-concept-map-relationship.html#equivalent" title="equivalent">is equivalent to</a></td><td style="border-right-width: 0px">Medication.form.coding.code</td><td style="border-left-width: 0px"/><td/><td>Certains codes cibles peuvent être trouvés dans le mapping Free Set CIO-DC FORME. Dans le cas contraire, si la traduction en EDQM n'est pas possible, Medication.form.text peut être utilisé mais pourrait poser des problèmes d'interprétation</td></tr><tr><td style="border-right-width: 0px"/><td style="border-left-width: 0px"/><td>{Absent}</td><td><a href="http://hl7.org/fhir/R5/codesystem-concept-map-relationship.html#equivalent" title="equivalent">is equivalent to</a></td><td style="border-right-width: 0px">Medication.form.coding.code</td><td style="border-left-width: 0px"/><td/><td>le code cible est à trouver dans le mapping Free Set CIO-DC FORME</td></tr><tr><td style="border-right-width: 0px"/><td style="border-left-width: 0px"/><td>EDQM</td><td><a href="http://hl7.org/fhir/R5/codesystem-concept-map-relationship.html#equal" title="equal">is equal to</a></td><td style="border-right-width: 0px">Medication.form.coding.code</td><td style="border-left-width: 0px"/><td>http://standardterms.edqm.eu</td><td/></tr><tr><td style="border-right-width: 0px"/><td style="border-left-width: 0px"/><td>SIPh-Forme</td><td><a href="http://hl7.org/fhir/R5/codesystem-concept-map-relationship.html#relatedto" title="relatedto">is related to</a></td><td style="border-right-width: 0px">Medication.form.coding.code</td><td style="border-left-width: 0px"/><td/><td/></tr></table></div>
  </text>
  <url value="https://hl7.fr/ig/fhir/medication/ConceptMap/PN13-FHIR-prescmed-medicationcomp-conceptmap"/>
  <version value="0.1.0"/>
  <name value="FrPN13FHIRMedicationPrescriptionMedicationCompConceptMap"/>
  <title value="Conversion PN13 vers FHIR pour un médicament composé d'une prescription de médicaments"/>
  <status value="draft"/>
  <date value="2025-07-11T12:06:27+00:00"/>
  <publisher value="Interop'Santé"/>
  <contact>
    <name value="Interop'Santé"/>
    <telecom>
      <system value="url"/>
      <value value="http://interopsante.org/"/>
    </telecom>
  </contact>
  <description value="ConceptMap pour la conversion PN13 vers FHIR d'un médicament composé d'une prescritpion de médicament"/>
  <sourceUri value="https://interopsante.org/pn13/xsd"/>
  <targetUri value="https://hl7.fr/ig/fhir/medication/StructureDefinition/fr-medication-compound"/>
  <group>
    <element>
      <code value="Messages/M_prescription_médicaments/Prescription/Elément_prescr_médic/Forme"/>
      <target>
        <code value="Medication.form.coding.code"/>
        <equivalence value="equivalent"/>
        <comment value="Certains codes cibles peuvent être trouvés dans le mapping Free Set CIO-DC FORME. Dans le cas contraire, si la traduction en EDQM n'est pas possible, Medication.form.text peut être utilisé mais pourrait poser des problèmes d'interprétation"/>
        <dependsOn>
          <property value="Messages/M_prescription_médicaments/Prescription/Elément_prescr_médic/Forme@Phast-nomenclature"/>
          <value value="SIPh-CIO_Forme"/>
        </dependsOn>
      </target>
    </element>
    <element>
      <target>
        <code value="Medication.form.coding.code"/>
        <equivalence value="equivalent"/>
        <comment value="le code cible est à trouver dans le mapping Free Set CIO-DC FORME"/>
        <dependsOn>
          <property value="Messages/M_prescription_médicaments/Prescription/Elément_prescr_médic/Forme@Phast-nomenclature"/>
          <value value="{Absent}"/>
        </dependsOn>
      </target>
    </element>
    <element>
      <target>
        <code value="Medication.form.coding.code"/>
        <equivalence value="equal"/>
        <dependsOn>
          <property value="Messages/M_prescription_médicaments/Prescription/Elément_prescr_médic/Forme@Phast-nomenclature"/>
          <value value="EDQM"/>
        </dependsOn>
        <product>
          <property value="Medication.form.coding.system"/>
          <value value="http://standardterms.edqm.eu"/>
        </product>
      </target>
    </element>
    <element>
      <target>
        <code value="Medication.form.coding.code"/>
        <equivalence value="relatedto"/>
        <dependsOn>
          <property value="Messages/M_prescription_médicaments/Prescription/Elément_prescr_médic/Forme@Phast-nomenclature"/>
          <value value="SIPh-Forme"/>
        </dependsOn>
      </target>
    </element>
  </group>
</ConceptMap>