<?xml version="1.0" encoding="UTF-8"?>

<ConceptMap xmlns="http://hl7.org/fhir">
  <id value="PN13-FHIR-observation-conceptmap"/>
  <text>
    <status value="generated"/><div xmlns="http://www.w3.org/1999/xhtml"><p class="res-header-id"><b>Narratif généré : CarteDeConcepts PN13-FHIR-observation-conceptmap</b></p><a name="PN13-FHIR-observation-conceptmap"> </a><a name="hcPN13-FHIR-observation-conceptmap"> </a><p>Mapping from https://interopsante.org/pn13/xsd to https://hl7.org/fhir/R4/observation</p><br/><p><b>Group 1 </b>Mapping from <code>unspecified code system</code> to <code>unspecified code system</code></p><table class="grid"><tr><td colspan="2"><b>Source Concept Details</b></td><td><b>relation</b></td><td colspan="4"><b>Target Concept Details</b></td><td><b>Commentaire</b></td></tr><tr><td colspan="2"><b>Codes</b> from </td><td/><td colspan="2"><b>Codes</b> from </td><td><b>Observation.status</b></td><td><b>Observation.subject.reference</b></td><td/></tr><tr><td style="border-right-width: 0px">Messages/M_prescription_médicaments/Prescription/Rens_compl/</td><td style="border-left-width: 0px"/><td><a href="http://hl7.org/fhir/R5/codesystem-concept-map-relationship.html#relatedto" title="relatedto">is related to</a></td><td style="border-right-width: 0px">Observation</td><td style="border-left-width: 0px"/><td>final</td><td>{Référence vers la ressource Patient sujet de la prescription}</td><td>Groupe pour initialiser les éléments nécessaires à la ressource Observation qui ne viennent pas de PN13</td></tr></table><hr/><p><b>Group 2 </b>Mapping from <code>unspecified code system</code> to <code>unspecified code system</code></p><table class="grid"><tr><td colspan="2"><b>Source Concept Details</b></td><td><b>relation</b></td><td colspan="7"><b>Target Concept Details</b></td><td><b>Commentaire</b></td></tr><tr><td colspan="2"><b>Codes</b> from </td><td/><td colspan="2"><b>Codes</b> from </td><td><b>Observation.meta.profile</b></td><td><b>Observation.category.coding.system</b></td><td><b>Observation.code.coding.code</b></td><td><b>Observation.category.coding.code</b></td><td><b>Observation.code.coding.system</b></td><td/></tr><tr><td style="border-right-width: 0px">Messages/M_prescription_médicaments/Prescription/Rens_compl/Code_rens_compl_1</td><td style="border-left-width: 0px"/><td><a href="http://hl7.org/fhir/R5/codesystem-concept-map-relationship.html#equivalent" title="equivalent">is equivalent to</a></td><td style="border-right-width: 0px">Observation.code.coding.code</td><td style="border-left-width: 0px"/><td>https://hl7.fr/ig/fhir/core/StructureDefinition/fr-core-observation-body-weight</td><td>http://terminology.hl7.org/CodeSystem/observation-category</td><td>29463-7</td><td>vital-signs</td><td>http://loinc.org</td><td/></tr><tr><td style="border-right-width: 0px">Messages/M_prescription_médicaments/Prescription/Rens_compl/Code_rens_compl_2</td><td style="border-left-width: 0px"/><td><a href="http://hl7.org/fhir/R5/codesystem-concept-map-relationship.html#equivalent" title="equivalent">is equivalent to</a></td><td style="border-right-width: 0px">Observation.code.coding.code</td><td style="border-left-width: 0px"/><td>https://hl7.fr/ig/fhir/core/StructureDefinition/fr-core-observation-body-height</td><td>http://terminology.hl7.org/CodeSystem/observation-category</td><td>8302-2</td><td>vital-signs</td><td>http://loinc.org</td><td/></tr><tr><td style="border-right-width: 0px">Messages/M_prescription_médicaments/Prescription/Rens_compl/Code_rens_compl_3</td><td style="border-left-width: 0px"/><td><a href="http://hl7.org/fhir/R5/codesystem-concept-map-relationship.html#equivalent" title="equivalent">is equivalent to</a></td><td style="border-right-width: 0px">Observation.code.coding.code</td><td style="border-left-width: 0px"/><td/><td/><td>8277-6</td><td/><td>http://loinc.org</td><td/></tr><tr><td style="border-right-width: 0px">Messages/M_prescription_médicaments/Prescription/Rens_compl/Code_rens_compl_4</td><td style="border-left-width: 0px"/><td><a href="http://hl7.org/fhir/R5/codesystem-concept-map-relationship.html#disjoint" title="disjoint">is not related to</a></td><td style="border-right-width: 0px">Observation.code.coding.code</td><td style="border-left-width: 0px"/><td/><td/><td/><td/><td/><td>Cet élément n'est pas mappé pour l'instant</td></tr><tr><td style="border-right-width: 0px">Messages/M_prescription_médicaments/Prescription/Rens_compl/Code_rens_compl_5</td><td style="border-left-width: 0px"/><td><a href="http://hl7.org/fhir/R5/codesystem-concept-map-relationship.html#equivalent" title="equivalent">is equivalent to</a></td><td style="border-right-width: 0px">Observation.code.coding.code</td><td style="border-left-width: 0px"/><td/><td/><td>33558-8</td><td/><td>http://loinc.org</td><td/></tr><tr><td style="border-right-width: 0px">Messages/M_prescription_médicaments/Prescription/Rens_compl/Code_rens_compl_6</td><td style="border-left-width: 0px"/><td><a href="http://hl7.org/fhir/R5/codesystem-concept-map-relationship.html#disjoint" title="disjoint">is not related to</a></td><td style="border-right-width: 0px">Observation.code.coding.code</td><td style="border-left-width: 0px"/><td/><td/><td/><td/><td/><td>Cet élément n'est pas mappé pour l'instant</td></tr><tr><td style="border-right-width: 0px">Messages/M_prescription_médicaments/Prescription/Rens_compl/Code_rens_compl_7</td><td style="border-left-width: 0px"/><td><a href="http://hl7.org/fhir/R5/codesystem-concept-map-relationship.html#disjoint" title="disjoint">is not related to</a></td><td style="border-right-width: 0px">Observation.code.coding.code</td><td style="border-left-width: 0px"/><td/><td/><td/><td/><td/><td>Cet élément n'est pas mappé pour l'instant</td></tr><tr><td style="border-right-width: 0px">Messages/M_prescription_médicaments/Prescription/Rens_compl/Code_rens_compl_8</td><td style="border-left-width: 0px"/><td><a href="http://hl7.org/fhir/R5/codesystem-concept-map-relationship.html#disjoint" title="disjoint">is not related to</a></td><td style="border-right-width: 0px">Observation.code.coding.code</td><td style="border-left-width: 0px"/><td/><td/><td/><td/><td/><td>Cet élément n'est pas mappé pour l'instant</td></tr><tr><td style="border-right-width: 0px">Messages/M_prescription_médicaments/Prescription/Rens_compl/Code_rens_compl_9</td><td style="border-left-width: 0px"/><td><a href="http://hl7.org/fhir/R5/codesystem-concept-map-relationship.html#disjoint" title="disjoint">is not related to</a></td><td style="border-right-width: 0px">Observation.code.coding.code</td><td style="border-left-width: 0px"/><td/><td/><td/><td/><td/><td>Cet élément n'est pas mappé pour l'instant</td></tr><tr><td style="border-right-width: 0px">Messages/M_prescription_médicaments/Prescription/Rens_compl/Code_rens_compl_10</td><td style="border-left-width: 0px"/><td><a href="http://hl7.org/fhir/R5/codesystem-concept-map-relationship.html#disjoint" title="disjoint">is not related to</a></td><td style="border-right-width: 0px">Observation.code.coding.code</td><td style="border-left-width: 0px"/><td/><td/><td/><td/><td/><td>Cet élément n'est pas mappé pour l'instant</td></tr></table><hr/><p><b>Group 3 </b>Mapping from <code>unspecified code system</code> to <code>unspecified code system</code></p><table class="grid"><tr><td><b>Source Code</b></td><td><b>relation</b></td><td><b>Target Code</b></td><td><b>Commentaire</b></td></tr><tr><td>Messages/M_prescription_médicaments/Prescription/Rens_compl/Dh_enreg_rens_compl</td><td><a href="http://hl7.org/fhir/R5/codesystem-concept-map-relationship.html#equivalent" title="equivalent">is equivalent to</a></td><td>Observation.issued</td><td>La date et l'heure sont à mettre au format FHIR avec offset</td></tr></table><hr/><p><b>Group 4 </b>Mapping from <code>unspecified code system</code> to <code>unspecified code system</code></p><table class="grid"><tr><td><b>Source Code</b></td><td><b>relation</b></td><td><b>Target Code</b></td><td><b>Commentaire</b></td></tr><tr><td>Messages/M_prescription_médicaments/Prescription/Rens_compl/Dh_rens_compl</td><td><a href="http://hl7.org/fhir/R5/codesystem-concept-map-relationship.html#equivalent" title="equivalent">is equivalent to</a></td><td>Observation.effectiveDateTime</td><td>La date et l'heure sont à mettre au format FHIR avec offset</td></tr></table><hr/><p><b>Group 5 </b>Mapping from <code>unspecified code system</code> to <code>unspecified code system</code></p><table class="grid"><tr><td colspan="4"><b>Source Concept Details</b></td><td><b>relation</b></td><td colspan="3"><b>Target Concept Details</b></td><td><b>Commentaire</b></td></tr><tr><td colspan="2"><b>Codes</b> from </td><td><b>Unité</b></td><td><b>Unité@Phastnomenclature</b></td><td/><td colspan="2"><b>Codes</b> from </td><td><b>Observation.valueQuantity.system</b></td><td/></tr><tr><td style="border-right-width: 0px">Messages/M_prescription_médicaments/Prescription/Rens_compl/Valeur_rens_compl_1/Nombre</td><td style="border-left-width: 0px"/><td/><td/><td><a href="http://hl7.org/fhir/R5/codesystem-concept-map-relationship.html#equal" title="equal">is equal to</a></td><td style="border-right-width: 0px">Observation.valueQuantity.value</td><td style="border-left-width: 0px"/><td/><td/></tr><tr><td style="border-right-width: 0px">Messages/M_prescription_médicaments/Prescription/Rens_compl/Valeur_rens_compl_1/Unité</td><td style="border-left-width: 0px"/><td>UCUM</td><td/><td><a href="http://hl7.org/fhir/R5/codesystem-concept-map-relationship.html#equal" title="equal">is equal to</a></td><td style="border-right-width: 0px">Observation.valueQuantity.code</td><td style="border-left-width: 0px"/><td>http://unitsofmeasure.org</td><td/></tr><tr><td style="border-right-width: 0px">Messages/M_prescription_médicaments/Prescription/Rens_compl/Valeur_rens_compl_1/Unité</td><td style="border-left-width: 0px"/><td/><td>{Absent}/{Différent de UCUM}</td><td><a href="http://hl7.org/fhir/R5/codesystem-concept-map-relationship.html#equivalent" title="equivalent">is equivalent to</a></td><td style="border-right-width: 0px">Observation.valueQuantity.unit</td><td style="border-left-width: 0px"/><td/><td>Traduire Rens_compl/Valeur_rens_compl_1/Unité en UCUM si possible soit en utilisant le mapping SIPh_CIO si applicable, soit par mapping de la terminologie locale utilisée et utiliser le code dans Observation.valueQuantity.code avec Observation.valueQuantity.system renseigné à http://unitsofmeasure.org. Si ce n'est pas possible Observation.valueQuantity.unit peut être renseigné avec la valeur dans PN13</td></tr></table><hr/><p><b>Group 6 </b>Mapping from <code>unspecified code system</code> to <code>unspecified code system</code></p><table class="grid"><tr><td colspan="4"><b>Source Concept Details</b></td><td><b>relation</b></td><td colspan="3"><b>Target Concept Details</b></td><td><b>Commentaire</b></td></tr><tr><td colspan="2"><b>Codes</b> from </td><td><b>Unité@Phastnomenclature1</b></td><td><b>Unité1</b></td><td/><td colspan="2"><b>Codes</b> from </td><td><b>Observation.valueQuantity.system</b></td><td/></tr><tr><td style="border-right-width: 0px">Messages/M_prescription_médicaments/Prescription/Rens_compl/Valeur_rens_compl_2/Nombre</td><td style="border-left-width: 0px"/><td/><td/><td><a href="http://hl7.org/fhir/R5/codesystem-concept-map-relationship.html#equal" title="equal">is equal to</a></td><td style="border-right-width: 0px">Observation.valueQuantity.value</td><td style="border-left-width: 0px"/><td/><td/></tr><tr><td style="border-right-width: 0px">Messages/M_prescription_médicaments/Prescription/Rens_compl/Valeur_rens_compl_2/Unité</td><td style="border-left-width: 0px"/><td/><td>UCUM</td><td><a href="http://hl7.org/fhir/R5/codesystem-concept-map-relationship.html#equal" title="equal">is equal to</a></td><td style="border-right-width: 0px">Observation.valueQuantity.code</td><td style="border-left-width: 0px"/><td>http://unitsofmeasure.org</td><td/></tr><tr><td style="border-right-width: 0px">Messages/M_prescription_médicaments/Prescription/Rens_compl/Valeur_rens_compl_2/Unité</td><td style="border-left-width: 0px"/><td>{Absent}/{Différent de UCUM}</td><td/><td><a href="http://hl7.org/fhir/R5/codesystem-concept-map-relationship.html#equivalent" title="equivalent">is equivalent to</a></td><td style="border-right-width: 0px">Observation.valueQuantity.unit</td><td style="border-left-width: 0px"/><td/><td>Traduire Rens_compl/Valeur_rens_compl_2/Unité en UCUM si possible soit en utilisant le mapping SIPh_CIO si applicable, soit par mapping de la terminologie locale utilisée et utiliser le code dans Observation.valueQuantity.code avec Observation.valueQuantity.system renseigné à http://unitsofmeasure.org. Si ce n'est pas possible Observation.valueQuantity.unit peut être renseigné avec la valeur dans PN13</td></tr></table><hr/><p><b>Group 7 </b>Mapping from <code>unspecified code system</code> to <code>unspecified code system</code></p><table class="grid"><tr><td colspan="4"><b>Source Concept Details</b></td><td><b>relation</b></td><td colspan="3"><b>Target Concept Details</b></td><td><b>Commentaire</b></td></tr><tr><td colspan="2"><b>Codes</b> from </td><td><b>Unité@Phastnomenclature2</b></td><td><b>Unité2</b></td><td/><td colspan="2"><b>Codes</b> from </td><td><b>Observation.valueQuantity.system</b></td><td/></tr><tr><td style="border-right-width: 0px">Messages/M_prescription_médicaments/Prescription/Rens_compl/Valeur_rens_compl_3/Nombre</td><td style="border-left-width: 0px"/><td/><td/><td><a href="http://hl7.org/fhir/R5/codesystem-concept-map-relationship.html#equal" title="equal">is equal to</a></td><td style="border-right-width: 0px">Observation.valueQuantity.value</td><td style="border-left-width: 0px"/><td/><td/></tr><tr><td style="border-right-width: 0px">Messages/M_prescription_médicaments/Prescription/Rens_compl/Valeur_rens_compl_3/Unité</td><td style="border-left-width: 0px"/><td/><td>UCUM</td><td><a href="http://hl7.org/fhir/R5/codesystem-concept-map-relationship.html#equal" title="equal">is equal to</a></td><td style="border-right-width: 0px">Observation.valueQuantity.code</td><td style="border-left-width: 0px"/><td>http://unitsofmeasure.org</td><td/></tr><tr><td style="border-right-width: 0px">Messages/M_prescription_médicaments/Prescription/Rens_compl/Valeur_rens_compl_3/Unité</td><td style="border-left-width: 0px"/><td>{Absent}/{Différent de UCUM}</td><td/><td><a href="http://hl7.org/fhir/R5/codesystem-concept-map-relationship.html#equivalent" title="equivalent">is equivalent to</a></td><td style="border-right-width: 0px">Observation.valueQuantity.unit</td><td style="border-left-width: 0px"/><td/><td>Traduire Rens_compl/Valeur_rens_compl_3/Unité en UCUM si possible soit en utilisant le mapping SIPh_CIO si applicable, soit par mapping de la terminologie locale utilisée et utiliser le code dans Observation.valueQuantity.code avec Observation.valueQuantity.system renseigné à http://unitsofmeasure.org. Si ce n'est pas possible Observation.valueQuantity.unit peut être renseigné avec la valeur dans PN13</td></tr></table><hr/><p><b>Group 8 </b>Mapping from <code>unspecified code system</code> to <code>unspecified code system</code></p><table class="grid"><tr><td><b>Source Code</b></td><td><b>relation</b></td><td><b>Target Code</b></td><td><b>Commentaire</b></td></tr><tr><td>Messages/M_prescription_médicaments/Prescription/Rens_compl/Valeur_rens_compl_4/Nombre</td><td><a href="http://hl7.org/fhir/R5/codesystem-concept-map-relationship.html#disjoint" title="disjoint">is not related to</a></td><td/><td>Cet élément n'est pas mappé pour l'instant</td></tr></table><hr/><p><b>Group 9 </b>Mapping from <code>unspecified code system</code> to <code>unspecified code system</code></p><table class="grid"><tr><td colspan="4"><b>Source Concept Details</b></td><td><b>relation</b></td><td colspan="3"><b>Target Concept Details</b></td><td><b>Commentaire</b></td></tr><tr><td colspan="2"><b>Codes</b> from </td><td><b>Unité@Phastnomenclature3</b></td><td><b>Unité3</b></td><td/><td colspan="2"><b>Codes</b> from </td><td><b>Observation.valueQuantity.system</b></td><td/></tr><tr><td style="border-right-width: 0px">Messages/M_prescription_médicaments/Prescription/Rens_compl/Valeur_rens_compl_5/Nombre</td><td style="border-left-width: 0px"/><td/><td/><td><a href="http://hl7.org/fhir/R5/codesystem-concept-map-relationship.html#equal" title="equal">is equal to</a></td><td style="border-right-width: 0px">Observation.valueQuantity.value</td><td style="border-left-width: 0px"/><td/><td/></tr><tr><td style="border-right-width: 0px">Messages/M_prescription_médicaments/Prescription/Rens_compl/Valeur_rens_compl_5/Unité</td><td style="border-left-width: 0px"/><td/><td>UCUM</td><td><a href="http://hl7.org/fhir/R5/codesystem-concept-map-relationship.html#equal" title="equal">is equal to</a></td><td style="border-right-width: 0px">Observation.valueQuantity.code</td><td style="border-left-width: 0px"/><td>http://unitsofmeasure.org</td><td/></tr><tr><td style="border-right-width: 0px">Messages/M_prescription_médicaments/Prescription/Rens_compl/Valeur_rens_compl_5/Unité</td><td style="border-left-width: 0px"/><td>{Absent}/{Différent de UCUM}</td><td/><td><a href="http://hl7.org/fhir/R5/codesystem-concept-map-relationship.html#equivalent" title="equivalent">is equivalent to</a></td><td style="border-right-width: 0px">Observation.valueQuantity.unit</td><td style="border-left-width: 0px"/><td/><td>Traduire Rens_compl/Valeur_rens_compl_5/Unité en UCUM si possible soit en utilisant le mapping SIPh_CIO si applicable, soit par mapping de la terminologie locale utilisée et utiliser le code dans Observation.valueQuantity.code avec Observation.valueQuantity.system renseigné à http://unitsofmeasure.org. Si ce n'est pas possible Observation.valueQuantity.unit peut être renseigné avec la valeur dans PN13</td></tr></table><hr/><p><b>Group 10 </b>Mapping from <code>unspecified code system</code> to <code>unspecified code system</code></p><table class="grid"><tr><td><b>Source Code</b></td><td><b>relation</b></td><td><b>Target Code</b></td><td><b>Commentaire</b></td></tr><tr><td>Messages/M_prescription_médicaments/Prescription/Rens_compl/Valeur_rens_compl_6/Nombre</td><td><a href="http://hl7.org/fhir/R5/codesystem-concept-map-relationship.html#disjoint" title="disjoint">is not related to</a></td><td/><td>Cet élément n'est pas mappé pour l'instant</td></tr></table><hr/><p><b>Group 11 </b>Mapping from <code>unspecified code system</code> to <code>unspecified code system</code></p><table class="grid"><tr><td><b>Source Code</b></td><td><b>relation</b></td><td><b>Target Code</b></td><td><b>Commentaire</b></td></tr><tr><td>Messages/M_prescription_médicaments/Prescription/Rens_compl/Valeur_rens_compl_7/Nombre</td><td><a href="http://hl7.org/fhir/R5/codesystem-concept-map-relationship.html#disjoint" title="disjoint">is not related to</a></td><td/><td>Cet élément n'est pas mappé pour l'instant</td></tr></table><hr/><p><b>Group 12 </b>Mapping from <code>unspecified code system</code> to <code>unspecified code system</code></p><table class="grid"><tr><td><b>Source Code</b></td><td><b>relation</b></td><td><b>Target Code</b></td><td><b>Commentaire</b></td></tr><tr><td>Messages/M_prescription_médicaments/Prescription/Rens_compl/Valeur_rens_compl_8/Nombre</td><td><a href="http://hl7.org/fhir/R5/codesystem-concept-map-relationship.html#disjoint" title="disjoint">is not related to</a></td><td/><td>Cet élément n'est pas mappé pour l'instant</td></tr></table><hr/><p><b>Group 13 </b>Mapping from <code>unspecified code system</code> to <code>unspecified code system</code></p><table class="grid"><tr><td><b>Source Code</b></td><td><b>relation</b></td><td><b>Target Code</b></td><td><b>Commentaire</b></td></tr><tr><td>Messages/M_prescription_médicaments/Prescription/Rens_compl/Valeur_rens_compl_9/Nombre</td><td><a href="http://hl7.org/fhir/R5/codesystem-concept-map-relationship.html#disjoint" title="disjoint">is not related to</a></td><td/><td>Cet élément n'est pas mappé pour l'instant</td></tr></table><hr/><p><b>Group 14 </b>Mapping from <code>unspecified code system</code> to <code>unspecified code system</code></p><table class="grid"><tr><td><b>Source Code</b></td><td><b>relation</b></td><td><b>Target Code</b></td><td><b>Commentaire</b></td></tr><tr><td>Messages/M_prescription_médicaments/Prescription/Rens_compl/Valeur_rens_compl_10/Nombre</td><td><a href="http://hl7.org/fhir/R5/codesystem-concept-map-relationship.html#disjoint" title="disjoint">is not related to</a></td><td/><td>Cet élément n'est pas mappé pour l'instant</td></tr></table></div>
  </text>
  <url value="https://hl7.fr/ig/fhir/medication/ConceptMap/PN13-FHIR-observation-conceptmap"/>
  <version value="0.1.0"/>
  <name value="FrPN13FHIRObservationConceptMap"/>
  <title value="Conversion PN13 vers FHIR pour les renseignements complémentaires d'une prescription de médicaments"/>
  <status value="draft"/>
  <date value="2025-07-11T12:36:09+00:00"/>
  <publisher value="Interop'Santé"/>
  <contact>
    <name value="Interop'Santé"/>
    <telecom>
      <system value="url"/>
      <value value="http://interopsante.org/"/>
    </telecom>
  </contact>
  <description value="ConceptMap pour la conversion PN13 vers FHIR d'un renseignement complémentare d'une prescritpion de médicament"/>
  <jurisdiction>
    <coding>
      <system value="urn:iso:std:iso:3166"/>
      <code value="FR"/>
      <display value="FRANCE"/>
    </coding>
  </jurisdiction>
  <sourceUri value="https://interopsante.org/pn13/xsd"/>
  <targetUri value="https://hl7.org/fhir/R4/observation"/>
  <group>
    <element>
      <code value="Messages/M_prescription_médicaments/Prescription/Rens_compl/"/>
      <target>
        <code value="Observation"/>
        <equivalence value="relatedto"/>
        <comment value="Groupe pour initialiser les éléments nécessaires à la ressource Observation qui ne viennent pas de PN13"/>
        <product>
          <property value="Observation.status"/>
          <value value="final"/>
        </product>
        <product>
          <property value="Observation.subject.reference"/>
          <value value="{Référence vers la ressource Patient sujet de la prescription}"/>
        </product>
      </target>
    </element>
  </group>
  <group>
    <element>
      <code value="Messages/M_prescription_médicaments/Prescription/Rens_compl/Code_rens_compl_1"/>
      <target>
        <code value="Observation.code.coding.code"/>
        <equivalence value="equivalent"/>
        <product>
          <property value="Observation.meta.profile"/>
          <value value="https://hl7.fr/ig/fhir/core/StructureDefinition/fr-core-observation-body-weight"/>
        </product>
        <product>
          <property value="Observation.code.coding.code"/>
          <value value="29463-7"/>
        </product>
        <product>
          <property value="Observation.code.coding.system"/>
          <value value="http://loinc.org"/>
        </product>
        <product>
          <property value="Observation.category.coding.code"/>
          <value value="vital-signs"/>
        </product>
        <product>
          <property value="Observation.category.coding.system"/>
          <value value="http://terminology.hl7.org/CodeSystem/observation-category"/>
        </product>
      </target>
    </element>
    <element>
      <code value="Messages/M_prescription_médicaments/Prescription/Rens_compl/Code_rens_compl_2"/>
      <target>
        <code value="Observation.code.coding.code"/>
        <equivalence value="equivalent"/>
        <product>
          <property value="Observation.meta.profile"/>
          <value value="https://hl7.fr/ig/fhir/core/StructureDefinition/fr-core-observation-body-height"/>
        </product>
        <product>
          <property value="Observation.code.coding.code"/>
          <value value="8302-2"/>
        </product>
        <product>
          <property value="Observation.code.coding.system"/>
          <value value="http://loinc.org"/>
        </product>
        <product>
          <property value="Observation.category.coding.code"/>
          <value value="vital-signs"/>
        </product>
        <product>
          <property value="Observation.category.coding.system"/>
          <value value="http://terminology.hl7.org/CodeSystem/observation-category"/>
        </product>
      </target>
    </element>
    <element>
      <code value="Messages/M_prescription_médicaments/Prescription/Rens_compl/Code_rens_compl_3"/>
      <target>
        <code value="Observation.code.coding.code"/>
        <equivalence value="equivalent"/>
        <product>
          <property value="Observation.code.coding.code"/>
          <value value="8277-6"/>
        </product>
        <product>
          <property value="Observation.code.coding.system"/>
          <value value="http://loinc.org"/>
        </product>
      </target>
    </element>
    <element>
      <code value="Messages/M_prescription_médicaments/Prescription/Rens_compl/Code_rens_compl_4"/>
      <target>
        <code value="Observation.code.coding.code"/>
        <equivalence value="disjoint"/>
        <comment value="Cet élément n'est pas mappé pour l'instant"/>
      </target>
    </element>
    <element>
      <code value="Messages/M_prescription_médicaments/Prescription/Rens_compl/Code_rens_compl_5"/>
      <target>
        <code value="Observation.code.coding.code"/>
        <equivalence value="equivalent"/>
        <product>
          <property value="Observation.code.coding.code"/>
          <value value="33558-8"/>
        </product>
        <product>
          <property value="Observation.code.coding.system"/>
          <value value="http://loinc.org"/>
        </product>
      </target>
    </element>
    <element>
      <code value="Messages/M_prescription_médicaments/Prescription/Rens_compl/Code_rens_compl_6"/>
      <target>
        <code value="Observation.code.coding.code"/>
        <equivalence value="disjoint"/>
        <comment value="Cet élément n'est pas mappé pour l'instant"/>
      </target>
    </element>
    <element>
      <code value="Messages/M_prescription_médicaments/Prescription/Rens_compl/Code_rens_compl_7"/>
      <target>
        <code value="Observation.code.coding.code"/>
        <equivalence value="disjoint"/>
        <comment value="Cet élément n'est pas mappé pour l'instant"/>
      </target>
    </element>
    <element>
      <code value="Messages/M_prescription_médicaments/Prescription/Rens_compl/Code_rens_compl_8"/>
      <target>
        <code value="Observation.code.coding.code"/>
        <equivalence value="disjoint"/>
        <comment value="Cet élément n'est pas mappé pour l'instant"/>
      </target>
    </element>
    <element>
      <code value="Messages/M_prescription_médicaments/Prescription/Rens_compl/Code_rens_compl_9"/>
      <target>
        <code value="Observation.code.coding.code"/>
        <equivalence value="disjoint"/>
        <comment value="Cet élément n'est pas mappé pour l'instant"/>
      </target>
    </element>
    <element>
      <code value="Messages/M_prescription_médicaments/Prescription/Rens_compl/Code_rens_compl_10"/>
      <target>
        <code value="Observation.code.coding.code"/>
        <equivalence value="disjoint"/>
        <comment value="Cet élément n'est pas mappé pour l'instant"/>
      </target>
    </element>
  </group>
  <group>
    <element>
      <code value="Messages/M_prescription_médicaments/Prescription/Rens_compl/Dh_enreg_rens_compl"/>
      <target>
        <code value="Observation.issued"/>
        <equivalence value="equivalent"/>
        <comment value="La date et l'heure sont à mettre au format FHIR avec offset"/>
      </target>
    </element>
  </group>
  <group>
    <element>
      <code value="Messages/M_prescription_médicaments/Prescription/Rens_compl/Dh_rens_compl"/>
      <target>
        <code value="Observation.effectiveDateTime"/>
        <equivalence value="equivalent"/>
        <comment value="La date et l'heure sont à mettre au format FHIR avec offset"/>
      </target>
    </element>
  </group>
  <group>
    <element>
      <code value="Messages/M_prescription_médicaments/Prescription/Rens_compl/Valeur_rens_compl_1/Nombre"/>
      <target>
        <code value="Observation.valueQuantity.value"/>
        <equivalence value="equal"/>
      </target>
    </element>
    <element>
      <code value="Messages/M_prescription_médicaments/Prescription/Rens_compl/Valeur_rens_compl_1/Unité"/>
      <target>
        <code value="Observation.valueQuantity.code"/>
        <equivalence value="equal"/>
        <dependsOn>
          <property value="Messages/M_prescription_médicaments/Prescription/Rens_compl/Valeur_rens_compl_1/Unité"/>
          <value value="UCUM"/>
        </dependsOn>
        <product>
          <property value="Observation.valueQuantity.system"/>
          <value value="http://unitsofmeasure.org"/>
        </product>
      </target>
    </element>
    <element>
      <code value="Messages/M_prescription_médicaments/Prescription/Rens_compl/Valeur_rens_compl_1/Unité"/>
      <target>
        <code value="Observation.valueQuantity.unit"/>
        <equivalence value="equivalent"/>
        <comment value="Traduire Rens_compl/Valeur_rens_compl_1/Unité en UCUM si possible soit en utilisant le mapping SIPh_CIO si applicable, soit par mapping de la terminologie locale utilisée et utiliser le code dans Observation.valueQuantity.code avec Observation.valueQuantity.system renseigné à http://unitsofmeasure.org. Si ce n'est pas possible Observation.valueQuantity.unit peut être renseigné avec la valeur dans PN13"/>
        <dependsOn>
          <property value="Messages/M_prescription_médicaments/Prescription/Rens_compl/Valeur_rens_compl_1/Unité@Phast-nomenclature"/>
          <value value="{Absent}/{Différent de UCUM}"/>
        </dependsOn>
      </target>
    </element>
  </group>
  <group>
    <element>
      <code value="Messages/M_prescription_médicaments/Prescription/Rens_compl/Valeur_rens_compl_2/Nombre"/>
      <target>
        <code value="Observation.valueQuantity.value"/>
        <equivalence value="equal"/>
      </target>
    </element>
    <element>
      <code value="Messages/M_prescription_médicaments/Prescription/Rens_compl/Valeur_rens_compl_2/Unité"/>
      <target>
        <code value="Observation.valueQuantity.code"/>
        <equivalence value="equal"/>
        <dependsOn>
          <property value="Messages/M_prescription_médicaments/Prescription/Rens_compl/Valeur_rens_compl_2/Unité"/>
          <value value="UCUM"/>
        </dependsOn>
        <product>
          <property value="Observation.valueQuantity.system"/>
          <value value="http://unitsofmeasure.org"/>
        </product>
      </target>
    </element>
    <element>
      <code value="Messages/M_prescription_médicaments/Prescription/Rens_compl/Valeur_rens_compl_2/Unité"/>
      <target>
        <code value="Observation.valueQuantity.unit"/>
        <equivalence value="equivalent"/>
        <comment value="Traduire Rens_compl/Valeur_rens_compl_2/Unité en UCUM si possible soit en utilisant le mapping SIPh_CIO si applicable, soit par mapping de la terminologie locale utilisée et utiliser le code dans Observation.valueQuantity.code avec Observation.valueQuantity.system renseigné à http://unitsofmeasure.org. Si ce n'est pas possible Observation.valueQuantity.unit peut être renseigné avec la valeur dans PN13"/>
        <dependsOn>
          <property value="Messages/M_prescription_médicaments/Prescription/Rens_compl/Valeur_rens_compl_2/Unité@Phast-nomenclature"/>
          <value value="{Absent}/{Différent de UCUM}"/>
        </dependsOn>
      </target>
    </element>
  </group>
  <group>
    <element>
      <code value="Messages/M_prescription_médicaments/Prescription/Rens_compl/Valeur_rens_compl_3/Nombre"/>
      <target>
        <code value="Observation.valueQuantity.value"/>
        <equivalence value="equal"/>
      </target>
    </element>
    <element>
      <code value="Messages/M_prescription_médicaments/Prescription/Rens_compl/Valeur_rens_compl_3/Unité"/>
      <target>
        <code value="Observation.valueQuantity.code"/>
        <equivalence value="equal"/>
        <dependsOn>
          <property value="Messages/M_prescription_médicaments/Prescription/Rens_compl/Valeur_rens_compl_3/Unité"/>
          <value value="UCUM"/>
        </dependsOn>
        <product>
          <property value="Observation.valueQuantity.system"/>
          <value value="http://unitsofmeasure.org"/>
        </product>
      </target>
    </element>
    <element>
      <code value="Messages/M_prescription_médicaments/Prescription/Rens_compl/Valeur_rens_compl_3/Unité"/>
      <target>
        <code value="Observation.valueQuantity.unit"/>
        <equivalence value="equivalent"/>
        <comment value="Traduire Rens_compl/Valeur_rens_compl_3/Unité en UCUM si possible soit en utilisant le mapping SIPh_CIO si applicable, soit par mapping de la terminologie locale utilisée et utiliser le code dans Observation.valueQuantity.code avec Observation.valueQuantity.system renseigné à http://unitsofmeasure.org. Si ce n'est pas possible Observation.valueQuantity.unit peut être renseigné avec la valeur dans PN13"/>
        <dependsOn>
          <property value="Messages/M_prescription_médicaments/Prescription/Rens_compl/Valeur_rens_compl_3/Unité@Phast-nomenclature"/>
          <value value="{Absent}/{Différent de UCUM}"/>
        </dependsOn>
      </target>
    </element>
  </group>
  <group>
    <element>
      <code value="Messages/M_prescription_médicaments/Prescription/Rens_compl/Valeur_rens_compl_4/Nombre"/>
      <target>
        <equivalence value="disjoint"/>
        <comment value="Cet élément n'est pas mappé pour l'instant"/>
      </target>
    </element>
  </group>
  <group>
    <element>
      <code value="Messages/M_prescription_médicaments/Prescription/Rens_compl/Valeur_rens_compl_5/Nombre"/>
      <target>
        <code value="Observation.valueQuantity.value"/>
        <equivalence value="equal"/>
      </target>
    </element>
    <element>
      <code value="Messages/M_prescription_médicaments/Prescription/Rens_compl/Valeur_rens_compl_5/Unité"/>
      <target>
        <code value="Observation.valueQuantity.code"/>
        <equivalence value="equal"/>
        <dependsOn>
          <property value="Messages/M_prescription_médicaments/Prescription/Rens_compl/Valeur_rens_compl_5/Unité"/>
          <value value="UCUM"/>
        </dependsOn>
        <product>
          <property value="Observation.valueQuantity.system"/>
          <value value="http://unitsofmeasure.org"/>
        </product>
      </target>
    </element>
    <element>
      <code value="Messages/M_prescription_médicaments/Prescription/Rens_compl/Valeur_rens_compl_5/Unité"/>
      <target>
        <code value="Observation.valueQuantity.unit"/>
        <equivalence value="equivalent"/>
        <comment value="Traduire Rens_compl/Valeur_rens_compl_5/Unité en UCUM si possible soit en utilisant le mapping SIPh_CIO si applicable, soit par mapping de la terminologie locale utilisée et utiliser le code dans Observation.valueQuantity.code avec Observation.valueQuantity.system renseigné à http://unitsofmeasure.org. Si ce n'est pas possible Observation.valueQuantity.unit peut être renseigné avec la valeur dans PN13"/>
        <dependsOn>
          <property value="Messages/M_prescription_médicaments/Prescription/Rens_compl/Valeur_rens_compl_5/Unité@Phast-nomenclature"/>
          <value value="{Absent}/{Différent de UCUM}"/>
        </dependsOn>
      </target>
    </element>
  </group>
  <group>
    <element>
      <code value="Messages/M_prescription_médicaments/Prescription/Rens_compl/Valeur_rens_compl_6/Nombre"/>
      <target>
        <equivalence value="disjoint"/>
        <comment value="Cet élément n'est pas mappé pour l'instant"/>
      </target>
    </element>
  </group>
  <group>
    <element>
      <code value="Messages/M_prescription_médicaments/Prescription/Rens_compl/Valeur_rens_compl_7/Nombre"/>
      <target>
        <equivalence value="disjoint"/>
        <comment value="Cet élément n'est pas mappé pour l'instant"/>
      </target>
    </element>
  </group>
  <group>
    <element>
      <code value="Messages/M_prescription_médicaments/Prescription/Rens_compl/Valeur_rens_compl_8/Nombre"/>
      <target>
        <equivalence value="disjoint"/>
        <comment value="Cet élément n'est pas mappé pour l'instant"/>
      </target>
    </element>
  </group>
  <group>
    <element>
      <code value="Messages/M_prescription_médicaments/Prescription/Rens_compl/Valeur_rens_compl_9/Nombre"/>
      <target>
        <equivalence value="disjoint"/>
        <comment value="Cet élément n'est pas mappé pour l'instant"/>
      </target>
    </element>
  </group>
  <group>
    <element>
      <code value="Messages/M_prescription_médicaments/Prescription/Rens_compl/Valeur_rens_compl_10/Nombre"/>
      <target>
        <equivalence value="disjoint"/>
        <comment value="Cet élément n'est pas mappé pour l'instant"/>
      </target>
    </element>
  </group>
</ConceptMap>