{
  "resourceType" : "ValueSet",
  "id" : "fr-note-scope-codes-vs",
  "meta" : {
    "profile" : ["http://hl7.org/fhir/StructureDefinition/shareablevalueset"]
  },
  "text" : {
    "status" : "generated",
    "div" : "<div xmlns=\"http://www.w3.org/1999/xhtml\"><p class=\"res-header-id\"><b>Generated Narrative: ValueSet fr-note-scope-codes-vs</b></p><a name=\"fr-note-scope-codes-vs\"> </a><a name=\"hcfr-note-scope-codes-vs\"> </a><div style=\"display: inline-block; background-color: #d9e0e7; padding: 6px; margin: 4px; border: 1px solid #8da1b4; border-radius: 5px; line-height: 60%\"><p style=\"margin-bottom: 0px\"/><p style=\"margin-bottom: 0px\">Profile: <a href=\"http://hl7.org/fhir/R4/shareablevalueset.html\">Shareable ValueSet</a></p></div><ul><li>Include all codes defined in <a href=\"CodeSystem-fr-note-scope-codes.html\"><code>https://hl7.fr/ig/fhir/medication/CodeSystem/fr-note-scope-codes</code></a></li></ul></div>"
  },
  "url" : "https://hl7.fr/ig/fhir/medication/ValueSet/fr-note-scope-codes-vs",
  "version" : "0.1.0",
  "name" : "FrNoteScopeCodeValueSet",
  "title" : "value set Interop'Santé - Codes pour le périmètre des notes",
  "status" : "draft",
  "experimental" : false,
  "date" : "2025-07-11T07:41:04+00:00",
  "publisher" : "Interop'Santé",
  "contact" : [{
    "name" : "Interop'Santé",
    "telecom" : [{
      "system" : "url",
      "value" : "http://interopsante.org/"
    }]
  }],
  "description" : "Le jeu de valeurs à utiliser pour coder le périmètre des notes par exemple lors de la transformation de message PN13 en ressources FHIR",
  "immutable" : false,
  "compose" : {
    "include" : [{
      "system" : "https://hl7.fr/ig/fhir/medication/CodeSystem/fr-note-scope-codes"
    }]
  }
}