{
  "resourceType" : "ValueSet",
  "id" : "fr-additional-when-codes",
  "meta" : {
    "profile" : ["http://hl7.org/fhir/StructureDefinition/shareablevalueset"]
  },
  "text" : {
    "status" : "generated",
    "div" : "<div xmlns=\"http://www.w3.org/1999/xhtml\"><p class=\"res-header-id\"><b>Narratif généré : EnsembleValeurs fr-additional-when-codes</b></p><a name=\"fr-additional-when-codes\"> </a><a name=\"hcfr-additional-when-codes\"> </a><div style=\"display: inline-block; background-color: #d9e0e7; padding: 6px; margin: 4px; border: 1px solid #8da1b4; border-radius: 5px; line-height: 60%\"><p style=\"margin-bottom: 0px\"/><p style=\"margin-bottom: 0px\">Profil: <a href=\"http://hl7.org/fhir/R4/shareablevalueset.html\">Shareable ValueSet</a></p></div><ul><li>Include tous les codes définis dans <a href=\"CodeSystem-fr-additional-when-codes.html\"><code>https://hl7.fr/ig/fhir/medication/CodeSystem/fr-additional-when-codes</code></a></li></ul></div>"
  },
  "url" : "https://hl7.fr/ig/fhir/medication/ValueSet/fr-additional-when-codes",
  "version" : "0.1.0",
  "name" : "FrAdditionalWhenCodes",
  "title" : "value set Interop'Santé - Codes additionnels pour l'élément when",
  "status" : "draft",
  "experimental" : false,
  "date" : "2025-07-18T14:22:51+00:00",
  "publisher" : "Interop'Santé",
  "contact" : [{
    "name" : "Interop'Santé",
    "telecom" : [{
      "system" : "url",
      "value" : "http://interopsante.org/"
    }]
  }],
  "description" : "Le jeu de valeurs à utiliser pour coder des périodes d'occurrence qui ne sont pas dans le jeu de valeurs http://hl7.org/fhir/ValueSet/event-timing.",
  "jurisdiction" : [{
    "coding" : [{
      "system" : "urn:iso:std:iso:3166",
      "code" : "FR",
      "display" : "FRANCE"
    }]
  }],
  "immutable" : false,
  "compose" : {
    "include" : [{
      "system" : "https://hl7.fr/ig/fhir/medication/CodeSystem/fr-additional-when-codes"
    }]
  }
}