<?xml version="1.0" encoding="UTF-8"?>

<ValueSet xmlns="http://hl7.org/fhir">
  <id value="FrMethodOfAdministration"/>
  <meta>
    <profile value="http://hl7.org/fhir/StructureDefinition/shareablevalueset"/>
  </meta>
  <text>
    <status value="generated"/><div xmlns="http://www.w3.org/1999/xhtml"><p class="res-header-id"><b>Narratif généré : EnsembleValeurs FrMethodOfAdministration</b></p><a name="FrMethodOfAdministration"> </a><a name="hcFrMethodOfAdministration"> </a><div style="display: inline-block; background-color: #d9e0e7; padding: 6px; margin: 4px; border: 1px solid #8da1b4; border-radius: 5px; line-height: 60%"><p style="margin-bottom: 0px"/><p style="margin-bottom: 0px">Profil: <a href="http://hl7.org/fhir/R4/shareablevalueset.html">Shareable ValueSet</a></p></div><ul><li>Include tous les codes définis dans <code>http://standardterms.edqm.eu</code></li></ul></div>
  </text>
  <url value="https://hl7.fr/ig/fhir/medication/ValueSet/FrMethodOfAdministration"/>
  <version value="0.1.0"/>
  <name value="FrMethodOfAdministration"/>
  <title value="French Method Of Administration"/>
  <status value="draft"/>
  <experimental value="false"/>
  <date value="2025-07-21T13:09:46+00:00"/>
  <publisher value="Interop'Santé"/>
  <contact>
    <name value="Interop'Santé"/>
    <telecom>
      <system value="url"/>
      <value value="http://interopsante.org/"/>
    </telecom>
  </contact>
  <description value="Le jeu de valeurs à utiliser pour coder l'élément *dosageInstruction.method* de la ressource *FRMedicationRequest*."/>
  <jurisdiction>
    <coding>
      <system value="urn:iso:std:iso:3166"/>
      <code value="FR"/>
      <display value="FRANCE"/>
    </coding>
  </jurisdiction>
  <immutable value="false"/>
  <compose>
    <include>
      <system value="http://standardterms.edqm.eu"/>
    </include>
  </compose>
</ValueSet>