<?xml version="1.0" encoding="UTF-8"?>

<MedicationDispense xmlns="http://hl7.org/fhir">
  <id value="14657"/>
  <meta>
    <profile value="https://hl7.fr/fhir/fr/medication/StructureDefinition/FrInpatientMedicationDispense"/>
  </meta>
  <text>
    <status value="generated"/><div xmlns="http://www.w3.org/1999/xhtml"><p><b>Generated Narrative: MedicationDispense</b><a name="14657"> </a><a name="hc14657"> </a></p><div style="display: inline-block; background-color: #d9e0e7; padding: 6px; margin: 4px; border: 1px solid #8da1b4; border-radius: 5px; line-height: 60%"><p style="margin-bottom: 0px">ResourceMedicationDispense &quot;14657&quot; </p><p style="margin-bottom: 0px">Profile: <a href="StructureDefinition-FrInpatientMedicationDispense.html">FrInpatientMedicationDispense</a></p></div><p><b>status</b>: completed</p><p><b>medication</b>: <a name="hcmed-21"> </a></p><blockquote><p/><p><a name="med-21"> </a></p><p><a name="hcmed-21"> </a></p><p><b>code</b>: EFFERALGAN 1 000 mg, cpr <span style="background: LightGoldenRodYellow; margin: 4px; border: 1px solid khaki"> (SIPh-CIO_UCD#3400893766521)</span></p><p><b>form</b>: comprimé <span style="background: LightGoldenRodYellow; margin: 4px; border: 1px solid khaki"> (<a href="https://browser.ihtsdotools.org/">SNOWMED CT</a>#421026006 &quot;comprimé oral&quot;)</span></p><h3>Ingredients</h3><table class="grid"><tr><td style="display: none">-</td><td><b>Item[x]</b></td><td><b>IsActive</b></td><td><b>Strength</b></td></tr><tr><td style="display: none">*</td><td>PARACETAMOL <span style="background: LightGoldenRodYellow; margin: 4px; border: 1px solid khaki"> (<a href="https://browser.ihtsdotools.org/">SNOWMED CT</a>#387517004 &quot;paracétamol&quot;)</span></td><td>true</td><td>1000 mg<span style="background: LightGoldenRodYellow"> (Details: UCUM code mg = 'mg')</span>/1 1<span style="background: LightGoldenRodYellow"> (Details: UCUM code 1 = '1')</span></td></tr></table></blockquote><p><b>subject</b>: <a href="Patient/phast-14602">Patient/phast-14602</a></p><h3>Performers</h3><table class="grid"><tr><td style="display: none">-</td><td><b>Actor</b></td></tr><tr><td style="display: none">*</td><td><a href="Practitioner/smart-Practitioner-7148xxxx">Practitioner/smart-Practitioner-7148xxxx</a></td></tr></table><p><b>authorizingPrescription</b>: <a href="MedicationRequest-14624.html">MedicationRequest/14624</a></p><p><b>type</b>: First Fill - Complete <span style="background: LightGoldenRodYellow; margin: 4px; border: 1px solid khaki"> (<a href="http://terminology.hl7.org/5.5.0/CodeSystem-v3-ActCode.html">ActCode</a>#FFC)</span></p><p><b>quantity</b>: 15 1<span style="background: LightGoldenRodYellow"> (Details: UCUM code 1 = '1')</span></p><p><b>daysSupply</b>: 5 jours<span style="background: LightGoldenRodYellow"> (Details: UCUM code d = 'd')</span></p><p><b>whenPrepared</b>: 2021-07-28 15:25:00+0000</p><p><b>whenHandedOver</b>: 2021-07-28 16:41:00+0000</p><blockquote><p><b>dosageInstruction</b></p><p><b>sequence</b>: 1</p><p><b>timing</b>: Starting 2021-07-28 16:41:00+0000 , Once, Until 2021-08-02 16:40:59+0000 </p><p><b>route</b>: Voie orale <span style="background: LightGoldenRodYellow; margin: 4px; border: 1px solid khaki"> (<a href="https://browser.ihtsdotools.org/">SNOWMED CT</a>#26643006)</span></p><blockquote><p><b>doseAndRate</b></p></blockquote></blockquote><hr/><blockquote><p><b>Generated Narrative: Medication #med-21</b><a name="med-21"> </a><a name="hcmed-21"> </a></p><p><b>code</b>: EFFERALGAN 1 000 mg, cpr <span style="background: LightGoldenRodYellow; margin: 4px; border: 1px solid khaki"> (SIPh-CIO_UCD#3400893766521)</span></p><p><b>form</b>: comprimé <span style="background: LightGoldenRodYellow; margin: 4px; border: 1px solid khaki"> (<a href="https://browser.ihtsdotools.org/">SNOWMED CT</a>#421026006 &quot;comprimé oral&quot;)</span></p><h3>Ingredients</h3><table class="grid"><tr><td style="display: none">-</td><td><b>Item[x]</b></td><td><b>IsActive</b></td><td><b>Strength</b></td></tr><tr><td style="display: none">*</td><td>PARACETAMOL <span style="background: LightGoldenRodYellow; margin: 4px; border: 1px solid khaki"> (<a href="https://browser.ihtsdotools.org/">SNOWMED CT</a>#387517004 &quot;paracétamol&quot;)</span></td><td>true</td><td>1000 mg<span style="background: LightGoldenRodYellow"> (Details: UCUM code mg = 'mg')</span>/1 1<span style="background: LightGoldenRodYellow"> (Details: UCUM code 1 = '1')</span></td></tr></table></blockquote></div>
  </text>
  <contained>
    <Medication>
      <id value="med-21"/>
      <meta>
        <profile value="http://interopsante.org/fhir/StructureDefinition/FrMedicationUcd"/>
      </meta>
      <code>
        <coding>
          <system value="http://phast.fr/fhir/ValueSet/Pharmacy/CIOdc/SIPh-CIO_UCD"/>
          <code value="3400893766521"/>
          <display value="EFFERALGAN 1 000 mg, cpr"/>
        </coding>
        <text value="EFFERALGAN 1 000 mg, cpr"/>
      </code>
      <form>
        <coding>
          <system value="http://snomed.info/sct"/>
          <code value="421026006"/>
          <display value="comprimé oral"/>
        </coding>
        <text value="comprimé"/>
      </form>
      <ingredient>
        <itemCodeableConcept>
          <coding>
            <system value="http://snomed.info/sct"/>
            <code value="387517004"/>
            <display value="paracétamol"/>
          </coding>
          <text value="PARACETAMOL"/>
        </itemCodeableConcept>
        <isActive value="true"/>
        <strength>
          <numerator>
            <value value="1000"/>
            <unit value="mg"/>
            <system value="http://unitsofmeasure.org"/>
            <code value="mg"/>
          </numerator>
          <denominator>
            <value value="1"/>
            <system value="http://unitsofmeasure.org"/>
            <code value="1"/>
          </denominator>
        </strength>
      </ingredient>
    </Medication>
  </contained>
  <status value="completed"/>
  <medicationReference>
    <reference value="#med-21"/>
  </medicationReference>
  <subject>
    <reference value="Patient/phast-14602"/>
  </subject>
  <performer>
    <actor>
      <reference value="Practitioner/smart-Practitioner-7148xxxx"/>
    </actor>
  </performer>
  <authorizingPrescription>
    <reference value="MedicationRequest/14624"/>
  </authorizingPrescription>
  <type>
    <coding>
      <system value="http://terminology.hl7.org/CodeSystem/v3-ActCode"/>
      <code value="FFC"/>
      <display value="First Fill - Complete"/>
    </coding>
  </type>
  <quantity>
    <value value="15"/>
    <system value="http://unitsofmeasure.org"/>
    <code value="1"/>
  </quantity>
  <daysSupply>
    <value value="5"/>
    <unit value="jours"/>
    <system value="http://unitsofmeasure.org"/>
    <code value="d"/>
  </daysSupply>
  <whenPrepared value="2021-07-28T15:25:00Z"/>
  <whenHandedOver value="2021-07-28T16:41:00Z"/>
  <dosageInstruction>
    <sequence value="1"/>
    <timing>
      <repeat>
        <boundsPeriod>
          <start value="2021-07-28T16:41:00Z"/>
          <end value="2021-08-02T16:40:59Z"/>
        </boundsPeriod>
        <timeOfDay value="07:00:00"/>
        <timeOfDay value="12:00:00"/>
        <timeOfDay value="18:00:00"/>
      </repeat>
    </timing>
    <route>
      <coding>
        <system value="http://snomed.info/sct"/>
        <code value="26643006"/>
        <display value="Voie orale"/>
      </coding>
      <text value="Voie orale"/>
    </route>
    <doseAndRate>
      <type>
        <coding>
          <system value="http://terminology.hl7.org/CodeSystem/dose-rate-type"/>
          <code value="ordered"/>
          <display value="Ordered"/>
        </coding>
        <text value="Ordered"/>
      </type>
      <doseQuantity>
        <value value="1"/>
        <system value="http://unitsofmeasure.org"/>
        <code value="1"/>
      </doseQuantity>
    </doseAndRate>
  </dosageInstruction>
</MedicationDispense>