<?xml version="1.0" encoding="UTF-8"?>

<Bundle xmlns="http://hl7.org/fhir">
  <id value="Presc-Paracetamol-SiDouleur-MaxPrise-DelaisMin"/>
  <meta>
    <profile value="https://hl7.fr/fhir/fr/medication/StructureDefinition/fr-prescription-bundle-for-example"/>
  </meta>
  <type value="searchset"/>
  <entry>
    <resource>
      <Medication>
        <id value="medication-Presc-Paracetamol-SiDouleur-MaxPrise-DelaisMin"/>
        <meta>
          <profile value="https://hl7.fr/fhir/fr/medication/StructureDefinition/fr-medication-noncompound"/>
        </meta>
        <text>
          <status value="generated"/><div xmlns="http://www.w3.org/1999/xhtml"><a name="Medication_medication-Presc-Paracetamol-SiDouleur-MaxPrise-DelaisMin"> </a><p class="res-header-id"><b>Generated Narrative: Medication medication-Presc-Paracetamol-SiDouleur-MaxPrise-DelaisMin</b></p><a name="medication-Presc-Paracetamol-SiDouleur-MaxPrise-DelaisMin"> </a><a name="hcmedication-Presc-Paracetamol-SiDouleur-MaxPrise-DelaisMin"> </a><a name="medication-Presc-Paracetamol-SiDouleur-MaxPrise-DelaisMin-en-US"> </a><div style="display: inline-block; background-color: #d9e0e7; padding: 6px; margin: 4px; border: 1px solid #8da1b4; border-radius: 5px; line-height: 60%"><p style="margin-bottom: 0px"/><p style="margin-bottom: 0px">Profile: <a href="StructureDefinition-fr-medication-noncompound.html">French Non Compound Medication</a></p></div><p><b>code</b>: <span title="Codes:{http://data.esante.gouv.fr/ansm/medicament/codeSMS 100000090270}">PARACETAMOL</span></p></div>
        </text>
        <code>
          <coding>
            <system value="http://data.esante.gouv.fr/ansm/medicament/codeSMS"/>
            <code value="100000090270"/>
            <display value="paracétamol"/>
          </coding>
          <text value="PARACETAMOL"/>
        </code>
      </Medication>
    </resource>
  </entry>
  <entry>
    <resource>
      <MedicationRequest>
        <id value="medicationrequest-Presc-Paracetamol-SiDouleur-MaxPrise-DelaisMin"/>
        <meta>
          <profile value="https://hl7.fr/fhir/fr/medication/StructureDefinition/fr-inpatient-medicationrequest"/>
        </meta>
        <text>
          <status value="generated"/><div xmlns="http://www.w3.org/1999/xhtml"><a name="MedicationRequest_medicationrequest-Presc-Paracetamol-SiDouleur-MaxPrise-DelaisMin"> </a><p class="res-header-id"><b>Generated Narrative: MedicationRequest medicationrequest-Presc-Paracetamol-SiDouleur-MaxPrise-DelaisMin</b></p><a name="medicationrequest-Presc-Paracetamol-SiDouleur-MaxPrise-DelaisMin"> </a><a name="hcmedicationrequest-Presc-Paracetamol-SiDouleur-MaxPrise-DelaisMin"> </a><a name="medicationrequest-Presc-Paracetamol-SiDouleur-MaxPrise-DelaisMin-en-US"> </a><div style="display: inline-block; background-color: #d9e0e7; padding: 6px; margin: 4px; border: 1px solid #8da1b4; border-radius: 5px; line-height: 60%"><p style="margin-bottom: 0px"/><p style="margin-bottom: 0px">Profile: <a href="StructureDefinition-fr-inpatient-medicationrequest.html">French Inpatient MedicationRequest</a></p></div><p><b>status</b>: Active</p><p><b>intent</b>: Order</p><p><b>priority</b>: Routine</p><p><b>medication</b>: <code>#medication-Presc-Paracetamol-SiDouleur-MaxPrise-DelaisMin</code></p><p><b>subject</b>: <a href="Patient/14602">Patient/14602</a></p><p><b>authoredOn</b>: 2021-08-12 11:59:40+0000</p><p><b>requester</b>: <a href="Practitioner/smart-Practitioner-71482713">Practitioner/smart-Practitioner-71482713</a></p><p><b>groupIdentifier</b>: <code>https://somehospital.fr/Prescrption-ID</code>/Presc-14640</p><blockquote><p><b>dosageInstruction</b></p><p><b>sequence</b>: 1</p><p><b>additionalInstruction</b>: <span title="Codes:">Délais minimum entre 2 prises : 4h</span></p><p><b>timing</b>: Once</p><p><b>asNeeded</b>: <span title="Codes:{http://snomed.info/sct 22253000}">Si douleurs</span></p><p><b>route</b>: <span title="Codes:{http://standardterms.edqm.eu 20053000}">Voie orale</span></p><h3>DoseAndRates</h3><table class="grid"><tr><td style="display: none">-</td><td><b>Dose[x]</b></td></tr><tr><td style="display: none">*</td><td>500 mg<span style="background: LightGoldenRodYellow"> (Details: UCUM  codemg = 'mg')</span></td></tr></table><p><b>maxDosePerPeriod</b>: 3 g<span style="background: LightGoldenRodYellow"> (Details: UCUM  codeg = 'g')</span>/24 h<span style="background: LightGoldenRodYellow"> (Details: UCUM  codeh = 'h')</span></p><p><b>maxDosePerAdministration</b>: 1 g<span style="background: LightGoldenRodYellow"> (Details: UCUM  codeg = 'g')</span></p></blockquote></div>
        </text>
        <status value="active"/>
        <intent value="order"/>
        <priority value="routine"/>
        <medicationReference>
          <reference value="#medication-Presc-Paracetamol-SiDouleur-MaxPrise-DelaisMin"/>
        </medicationReference>
        <subject>
          <reference value="Patient/14602"/>
        </subject>
        <authoredOn value="2021-08-12T11:59:40.552Z"/>
        <requester>
          <reference value="Practitioner/smart-Practitioner-71482713"/>
        </requester>
        <groupIdentifier>
          <system value="https://somehospital.fr/Prescrption-ID"/>
          <value value="Presc-14640"/>
        </groupIdentifier>
        <dosageInstruction>
          <sequence value="1"/>
          <additionalInstruction>
            <text value="Délais minimum entre 2 prises : 4h"/>
          </additionalInstruction>
          <timing>
            <repeat>
              <boundsPeriod>
                <start value="2021-08-12T11:59:00Z"/>
                <end value="2021-08-17T11:58:59Z"/>
              </boundsPeriod>
              <frequencyMax value="1"/>
              <periodMax value="4"/>
              <periodUnit value="h"/>
            </repeat>
          </timing>
          <asNeededCodeableConcept>
            <coding>
              <system value="http://snomed.info/sct"/>
              <code value="22253000"/>
              <display value="douleur"/>
            </coding>
            <text value="Si douleurs"/>
          </asNeededCodeableConcept>
          <route>
            <coding>
              <system value="http://standardterms.edqm.eu"/>
              <code value="20053000"/>
              <display value="Voie orale"/>
            </coding>
            <text value="Voie orale"/>
          </route>
          <doseAndRate>
            <doseQuantity>
              <value value="500"/>
              <unit value="mg"/>
              <system value="http://unitsofmeasure.org"/>
              <code value="mg"/>
            </doseQuantity>
          </doseAndRate>
          <maxDosePerPeriod>
            <numerator>
              <value value="3"/>
              <unit value="g"/>
              <system value="http://unitsofmeasure.org"/>
              <code value="g"/>
            </numerator>
            <denominator>
              <value value="24"/>
              <unit value="h"/>
              <system value="http://unitsofmeasure.org"/>
              <code value="h"/>
            </denominator>
          </maxDosePerPeriod>
          <maxDosePerAdministration>
            <value value="1"/>
            <unit value="g"/>
            <system value="http://unitsofmeasure.org"/>
            <code value="g"/>
          </maxDosePerAdministration>
        </dosageInstruction>
      </MedicationRequest>
    </resource>
  </entry>
</Bundle>