<?xml version="1.0" encoding="UTF-8"?>

<Bundle xmlns="http://hl7.org/fhir">
  <id value="14641"/>
  <meta>
    <profile value="https://hl7.fr/fhir/fr/medication/StructureDefinition/fr-prescription-bundle-for-example"/>
  </meta>
  <type value="searchset"/>
  <entry>
    <resource>
      <MedicationRequest>
        <id value="medicationrequest-14641"/>
        <meta>
          <profile value="https://hl7.fr/fhir/fr/medication/StructureDefinition/fr-inpatient-medicationrequest"/>
        </meta>
        <text>
          <status value="generated"/><div xmlns="http://www.w3.org/1999/xhtml"><a name="MedicationRequest_medicationrequest-14641"> </a><p class="res-header-id"><b>Generated Narrative: MedicationRequest medicationrequest-14641</b></p><a name="medicationrequest-14641"> </a><a name="hcmedicationrequest-14641"> </a><a name="medicationrequest-14641-en-US"> </a><div style="display: inline-block; background-color: #d9e0e7; padding: 6px; margin: 4px; border: 1px solid #8da1b4; border-radius: 5px; line-height: 60%"><p style="margin-bottom: 0px"/><p style="margin-bottom: 0px">Profile: <a href="StructureDefinition-fr-inpatient-medicationrequest.html">French Inpatient MedicationRequest</a></p></div><p><b>status</b>: Active</p><p><b>intent</b>: Order</p><p><b>priority</b>: Routine</p><p><b>medication</b>: <span title="Codes:{http://data.esante.gouv.fr/ansm/medicament/UCD 3400891705256}">CLARADOL 500 mg, cpr séc</span></p><p><b>subject</b>: <a href="Patient/14602">Patient/14602</a></p><p><b>authoredOn</b>: 2021-08-12 14:08:35+0000</p><p><b>requester</b>: <a href="Practitioner/smart-Practitioner-71482713">Practitioner/smart-Practitioner-71482713</a></p><p><b>groupIdentifier</b>: <code>https://somehospital.fr/Prescrption-ID</code>/Presc-14641</p><blockquote><p><b>dosageInstruction</b></p><p><b>sequence</b>: 1</p><p><b>timing</b>: Once</p><p><b>route</b>: <span title="Codes:{http://standardterms.edqm.eu 20053000}">Voie orale</span></p><h3>DoseAndRates</h3><table class="grid"><tr><td style="display: none">-</td><td><b>Dose[x]</b></td></tr><tr><td style="display: none">*</td><td>2 Comprimé<span style="background: LightGoldenRodYellow"> (Details: standardterms.edqm.eu  code10219000 = 'Tablet')</span></td></tr></table></blockquote><blockquote><p><b>dosageInstruction</b></p><p><b>sequence</b>: 1</p><p><b>timing</b>: Once</p><p><b>route</b>: <span title="Codes:{http://standardterms.edqm.eu 20053000}">Voie orale</span></p><h3>DoseAndRates</h3><table class="grid"><tr><td style="display: none">-</td><td><b>Dose[x]</b></td></tr><tr><td style="display: none">*</td><td>1 Comprimé<span style="background: LightGoldenRodYellow"> (Details: standardterms.edqm.eu  code10219000 = 'Tablet')</span></td></tr></table></blockquote></div>
        </text>
        <status value="active"/>
        <intent value="order"/>
        <priority value="routine"/>
        <medicationCodeableConcept>
          <coding>
            <system value="http://data.esante.gouv.fr/ansm/medicament/UCD"/>
            <code value="3400891705256"/>
            <display value="CLARADOL 500MG CPR"/>
          </coding>
          <text value="CLARADOL 500 mg, cpr séc"/>
        </medicationCodeableConcept>
        <subject>
          <reference value="Patient/14602"/>
        </subject>
        <authoredOn value="2021-08-12T14:08:35.552Z"/>
        <requester>
          <reference value="Practitioner/smart-Practitioner-71482713"/>
        </requester>
        <groupIdentifier>
          <system value="https://somehospital.fr/Prescrption-ID"/>
          <value value="Presc-14641"/>
        </groupIdentifier>
        <dosageInstruction>
          <sequence value="1"/>
          <timing>
            <repeat>
              <boundsPeriod>
                <start value="2021-08-12T14:08:00Z"/>
                <end value="2021-08-17T14:07:59Z"/>
              </boundsPeriod>
              <timeOfDay value="07:00:00"/>
            </repeat>
          </timing>
          <route>
            <coding>
              <system value="http://standardterms.edqm.eu"/>
              <code value="20053000"/>
              <display value="Voie orale"/>
            </coding>
            <text value="Voie orale"/>
          </route>
          <doseAndRate>
            <doseQuantity>
              <value value="2"/>
              <unit value="Comprimé"/>
              <system value="http://standardterms.edqm.eu"/>
              <code value="10219000"/>
            </doseQuantity>
          </doseAndRate>
        </dosageInstruction>
        <dosageInstruction>
          <sequence value="1"/>
          <timing>
            <repeat>
              <boundsPeriod>
                <start value="2021-08-12T14:08:00Z"/>
                <end value="2021-08-17T14:07:59Z"/>
              </boundsPeriod>
              <timeOfDay value="18:00:00"/>
            </repeat>
          </timing>
          <route>
            <coding>
              <system value="http://standardterms.edqm.eu"/>
              <code value="20053000"/>
              <display value="Voie orale"/>
            </coding>
            <text value="Voie orale"/>
          </route>
          <doseAndRate>
            <doseQuantity>
              <value value="1"/>
              <unit value="Comprimé"/>
              <system value="http://standardterms.edqm.eu"/>
              <code value="10219000"/>
            </doseQuantity>
          </doseAndRate>
        </dosageInstruction>
      </MedicationRequest>
    </resource>
  </entry>
</Bundle>