<?xml version="1.0" encoding="UTF-8"?>

<CodeSystem xmlns="http://hl7.org/fhir">
  <id value="fr-note-scope-codes"/>
  <meta>
    <profile value="http://hl7.org/fhir/StructureDefinition/shareablecodesystem"/>
  </meta>
  <text>
    <status value="generated"/><div xmlns="http://www.w3.org/1999/xhtml"><p class="res-header-id"><b>Generated Narrative: CodeSystem fr-note-scope-codes</b></p><a name="fr-note-scope-codes"> </a><a name="hcfr-note-scope-codes"> </a><a name="fr-note-scope-codes-en-US"> </a><p>This  code system <code>https://hl7.fr/fhir/fr/medication/CodeSystem/fr-note-scope-codes</code> defines the following codes:</p><table class="codes"><tr><td style="white-space:nowrap"><b>Code</b></td><td><b>Display</b></td></tr><tr><td style="white-space:nowrap">PRESCCOM<a name="fr-note-scope-codes-PRESCCOM"> </a></td><td>Commentaire au niveau de la prescription</td></tr><tr><td style="white-space:nowrap">LIPRESCTXT<a name="fr-note-scope-codes-LIPRESCTXT"> </a></td><td>Formulation textuelle d'une ligne de prescription par le prescripteur (vs élément .text généré automatiquement)</td></tr><tr><td style="white-space:nowrap">LIPRESCIND<a name="fr-note-scope-codes-LIPRESCIND"> </a></td><td>Indication textuelle au niveau de la ligne de prescription</td></tr><tr><td style="white-space:nowrap">LIPRESCCOMM<a name="fr-note-scope-codes-LIPRESCCOMM"> </a></td><td>Commentaire au niveau de la ligne de prescription</td></tr><tr><td style="white-space:nowrap">LIPRESCRENSCOMP<a name="fr-note-scope-codes-LIPRESCRENSCOMP"> </a></td><td>Renseignement complémentaire textuel</td></tr><tr><td style="white-space:nowrap">MEDIND<a name="fr-note-scope-codes-MEDIND"> </a></td><td>Indication au niveau du médicament prescrit</td></tr><tr><td style="white-space:nowrap">MEDCOM<a name="fr-note-scope-codes-MEDCOM"> </a></td><td>Commentaire au niveau du médicament prescrit</td></tr></table></div>
  </text>
  <url value="https://hl7.fr/fhir/fr/medication/CodeSystem/fr-note-scope-codes"/>
  <version value="0.1.0"/>
  <name value="FrNoteScopeCodes"/>
  <title value="code system Interop'Santé - Codes pour le périmètre des notes"/>
  <status value="draft"/>
  <experimental value="false"/>
  <date value="2025-02-21T14:39:11+00:00"/>
  <publisher value="Interop'Santé"/>
  <contact>
    <name value="Interop'Santé"/>
    <telecom>
      <system value="url"/>
      <value value="http://interopsante.org/"/>
    </telecom>
  </contact>
  <description value="Le système de codage pour la qualification du périmètre des notes en FHIR."/>
  <content value="complete"/>
  <count value="7"/>
  <concept>
    <code value="PRESCCOM"/>
    <display value="Commentaire au niveau de la prescription"/>
  </concept>
  <concept>
    <code value="LIPRESCTXT"/>
    <display value="Formulation textuelle d'une ligne de prescription par le prescripteur (vs élément .text généré automatiquement)"/>
  </concept>
  <concept>
    <code value="LIPRESCIND"/>
    <display value="Indication textuelle au niveau de la ligne de prescription"/>
  </concept>
  <concept>
    <code value="LIPRESCCOMM"/>
    <display value="Commentaire au niveau de la ligne de prescription"/>
  </concept>
  <concept>
    <code value="LIPRESCRENSCOMP"/>
    <display value="Renseignement complémentaire textuel"/>
  </concept>
  <concept>
    <code value="MEDIND"/>
    <display value="Indication au niveau du médicament prescrit"/>
  </concept>
  <concept>
    <code value="MEDCOM"/>
    <display value="Commentaire au niveau du médicament prescrit"/>
  </concept>
</CodeSystem>