<?xml version="1.0" encoding="UTF-8"?>

<ConceptMap xmlns="http://hl7.org/fhir">
  <id value="PN13-FHIR-FreeSetCIODC-Unite-ConceptMap"/>
  <language value="fr-FR"/>
  <text>
    <status value="generated"/><div xmlns="http://www.w3.org/1999/xhtml">Transformation codes CIO vers terminologie cible identifiée pour les unités des quantités administrées des médicaments</div>
  </text>
  <url value="https://hl7.fr/fhir/fr/medication/ConceptMap/PN13-FHIR-unite-conceptmap"/>
  <version value="0.1.0"/>
  <name value="FrPN13FHIRFreeSetCIODCUniteConceptMap"/>
  <title value="Mapping Free Set CIO-DC UNITE"/>
  <status value="draft"/>
  <date value="2025-02-10T11:15:38Z"/>
  <publisher value="Interop'Santé"/>
  <contact>
    <name value="Interop'Santé"/>
    <telecom>
      <system value="url"/>
      <value value="http://interopsante.org/"/>
    </telecom>
  </contact>
  <description value="ConceptMap pour la conversion des codes d'unité d'administration de médicaments entre CIO et UCUM"/>
  <group>
    <source value="https://www.phast.fr/ciodm/"/>
    <sourceVersion value="2025"/>
    <target value="https://ucum.org/"/>
    <element>
      <code value="10*3.bq"/>
      <target>
        <code value="kBq"/>
        <display value="kBq"/>
        <equivalence value="equal"/>
      </target>
    </element>
    <element>
      <code value="10*6"/>
      <target>
        <code value="10*6"/>
        <display value="10n"/>
        <equivalence value="equal"/>
      </target>
    </element>
    <element>
      <code value="10*6.a"/>
      <target>
        <code value="M[arb'U]"/>
        <display value="106U"/>
        <equivalence value="equal"/>
      </target>
    </element>
    <element>
      <code value="10*6.bq"/>
      <target>
        <code value="MBq"/>
        <display value="MBq"/>
        <equivalence value="equal"/>
      </target>
    </element>
    <element>
      <code value="10*6.iu"/>
      <target>
        <code value="M[iU]"/>
        <display value="106UI"/>
        <equivalence value="equal"/>
      </target>
    </element>
    <element>
      <code value="10*6.u"/>
      <target>
        <code value="M[arb'U]"/>
        <display value="106U"/>
        <equivalence value="equal"/>
      </target>
    </element>
    <element>
      <code value="10*9"/>
      <target>
        <code value="10*9"/>
        <display value="milliard"/>
        <equivalence value="equal"/>
      </target>
    </element>
    <element>
      <code value="10*9.bq"/>
      <target>
        <code value="GBq"/>
        <display value="GBq"/>
        <equivalence value="equal"/>
      </target>
    </element>
    <element>
      <code value="agD_u"/>
      <target>
        <code value="[D'ag'U]"/>
        <display value="U agD"/>
        <equivalence value="equal"/>
      </target>
    </element>
    <element>
      <code value="ah_u"/>
      <target>
        <code value="[arb'U]{anti'hep}"/>
        <display value="U anti hép."/>
        <equivalence value="equal"/>
      </target>
    </element>
    <element>
      <code value="amp"/>
      <target>
        <code value="{amp}"/>
        <display value="amp"/>
        <equivalence value="equal"/>
      </target>
    </element>
    <element>
      <code value="an"/>
      <target>
        <code value="a"/>
        <display value="a"/>
        <equivalence value="equal"/>
      </target>
    </element>
    <element>
      <code value="appln"/>
      <target>
        <code value="{appln}"/>
        <display value="appln"/>
        <equivalence value="equal"/>
      </target>
    </element>
    <element>
      <code value="applr"/>
      <target>
        <code value="{applr}"/>
        <display value="applr"/>
        <equivalence value="equal"/>
      </target>
    </element>
    <element>
      <code value="arb_u"/>
      <target>
        <code value="[arb'U]"/>
        <display value="U"/>
        <equivalence value="equal"/>
      </target>
    </element>
    <element>
      <code value="axa_iu"/>
      <target>
        <code value="[anti'Xa'U]"/>
        <display value="U anti Xa"/>
        <equivalence value="equal"/>
      </target>
    </element>
    <element>
      <code value="baton"/>
      <target>
        <code value="{stick}"/>
        <display value="bâton"/>
        <equivalence value="equal"/>
      </target>
    </element>
    <element>
      <code value="BBCHE"/>
      <target>
        <code value="{mouthw}"/>
        <display value="b.bche"/>
        <equivalence value="equal"/>
      </target>
    </element>
    <element>
      <code value="boite"/>
      <target>
        <code value="{box}"/>
        <display value="boîte"/>
        <equivalence value="equal"/>
      </target>
    </element>
    <element>
      <code value="bouffee"/>
      <target>
        <code value="{puff}"/>
        <display value="bouffée"/>
        <equivalence value="equal"/>
      </target>
    </element>
    <element>
      <code value="bq"/>
      <target>
        <code value="Bq"/>
        <display value="Bq"/>
        <equivalence value="equal"/>
      </target>
    </element>
    <element>
      <code value="btle"/>
      <target>
        <code value="{btle}"/>
        <display value="boutteille"/>
        <equivalence value="equal"/>
      </target>
    </element>
    <element>
      <code value="c_a_c"/>
      <target>
        <code value="[tsp_m]"/>
        <display value="càc"/>
        <equivalence value="equal"/>
      </target>
    </element>
    <element>
      <code value="c_a_d"/>
      <target>
        <code value="{dsp}"/>
        <display value="càd"/>
        <equivalence value="equal"/>
      </target>
    </element>
    <element>
      <code value="c_a_s"/>
      <target>
        <code value="[tbs_m]"/>
        <display value="càs"/>
        <equivalence value="equal"/>
      </target>
    </element>
    <element>
      <code value="c_mes"/>
      <target>
        <code value="{mes'sp}"/>
        <display value="c.mes."/>
        <equivalence value="equal"/>
      </target>
    </element>
    <element>
      <code value="cadre"/>
      <target>
        <code value="{frame}"/>
        <display value="cadre"/>
        <equivalence value="equal"/>
      </target>
    </element>
    <element>
      <code value="caisse"/>
      <target>
        <code value="{crate}"/>
        <display value="caisse"/>
        <equivalence value="equal"/>
      </target>
    </element>
    <element>
      <code value="caps"/>
      <target>
        <code value="{caps}"/>
        <display value="caps"/>
        <equivalence value="equal"/>
      </target>
    </element>
    <element>
      <code value="cart"/>
      <target>
        <code value="{cart}"/>
        <display value="cart"/>
        <equivalence value="equal"/>
      </target>
    </element>
    <element>
      <code value="catap"/>
      <target>
        <code value="{poult}"/>
        <display value="catapl."/>
        <equivalence value="equal"/>
      </target>
    </element>
    <element>
      <code value="ceip_u"/>
      <target>
        <code value="[arb'U]{ceip}"/>
        <display value="U CEIP"/>
        <equivalence value="equal"/>
      </target>
    </element>
    <element>
      <code value="cpr"/>
      <target>
        <code value="{tbl}"/>
        <display value="cpr"/>
        <equivalence value="equal"/>
      </target>
    </element>
    <element>
      <code value="cprsse"/>
      <target>
        <code value="{dress}"/>
        <display value="compresse"/>
        <equivalence value="equal"/>
      </target>
    </element>
    <element>
      <code value="cycle"/>
      <target>
        <code value="{cycle}"/>
        <display value="cycle"/>
        <equivalence value="equal"/>
      </target>
    </element>
    <element>
      <code value="dc"/>
      <target>
        <code value="{cut'dev}"/>
        <display value="disp.cut."/>
        <equivalence value="equal"/>
      </target>
    </element>
    <element>
      <code value="ddose"/>
      <target>
        <code value="{meas'dev}"/>
        <display value="disp.doseur"/>
        <equivalence value="equal"/>
      </target>
    </element>
    <element>
      <code value="diu"/>
      <target>
        <code value="{iud}"/>
        <display value="diu"/>
        <equivalence value="equal"/>
      </target>
    </element>
    <element>
      <code value="dose"/>
      <target>
        <code value="{dose}"/>
        <display value="dose"/>
        <equivalence value="equal"/>
      </target>
    </element>
    <element>
      <code value="dose_kg"/>
      <target>
        <code value="{kg'dose}"/>
        <display value="dose-kg"/>
        <equivalence value="equal"/>
      </target>
    </element>
    <element>
      <code value="dosevac"/>
      <target>
        <code value="{vac'dose}"/>
        <display value="dose-vac"/>
        <equivalence value="equal"/>
      </target>
    </element>
    <element>
      <code value="dtd"/>
      <target>
        <code value="{patch}"/>
        <display value="cutaneous patch"/>
        <equivalence value="equal"/>
      </target>
    </element>
    <element>
      <code value="dvag"/>
      <target>
        <code value="{vag'dev}"/>
        <display value="disp.vagin."/>
        <equivalence value="equal"/>
      </target>
    </element>
    <element>
      <code value="EMPMED"/>
      <target>
        <code value="{med'plast}"/>
        <display value="emplâtre méd."/>
        <equivalence value="equal"/>
      </target>
    </element>
    <element>
      <code value="eph_u"/>
      <target>
        <code value="[arb'U]{eph}"/>
        <display value="UPE"/>
        <equivalence value="equal"/>
      </target>
    </element>
    <element>
      <code value="epmed"/>
      <target>
        <code value="{med'spng}"/>
        <display value="éponge méd."/>
        <equivalence value="equal"/>
      </target>
    </element>
    <element>
      <code value="feiba_u"/>
      <target>
        <code value="[arb'U]{feiba}"/>
        <display value="U FEIBA"/>
        <equivalence value="equal"/>
      </target>
    </element>
    <element>
      <code value="feuille"/>
      <target>
        <code value="{foil}"/>
        <display value="feuille"/>
        <equivalence value="equal"/>
      </target>
    </element>
    <element>
      <code value="film_ths"/>
      <target>
        <code value="{blister}"/>
        <display value="film thermos."/>
        <equivalence value="equal"/>
      </target>
    </element>
    <element>
      <code value="flac"/>
      <target>
        <code value="{vial}"/>
        <display value="vial"/>
        <equivalence value="equal"/>
      </target>
    </element>
    <element>
      <code value="flac c-gttes"/>
      <target>
        <code value="{drpr'cont}"/>
        <display value="flac.c.gttes"/>
        <equivalence value="equal"/>
      </target>
    </element>
    <element>
      <code value="flac_pres"/>
      <target>
        <code value="{prsrd'cont}"/>
        <display value="flac.press."/>
        <equivalence value="equal"/>
      </target>
    </element>
    <element>
      <code value="flac_pulv"/>
      <target>
        <code value="{spray}"/>
        <display value="flac.pulv."/>
        <equivalence value="equal"/>
      </target>
    </element>
    <element>
      <code value="flm orodisp"/>
      <target>
        <code value="{orodisp'flm}"/>
        <display value="film orodisp."/>
        <equivalence value="equal"/>
      </target>
    </element>
    <element>
      <code value="fut"/>
      <target>
        <code value="{bbl}"/>
        <display value="fût"/>
        <equivalence value="equal"/>
      </target>
    </element>
    <element>
      <code value="g"/>
      <target>
        <code value="g"/>
        <display value="g"/>
        <equivalence value="equal"/>
      </target>
    </element>
    <element>
      <code value="g/h"/>
      <target>
        <code value="g/h"/>
        <display value="g/h"/>
        <equivalence value="equal"/>
      </target>
    </element>
    <element>
      <code value="g/kg"/>
      <target>
        <code value="g/kg"/>
        <display value="g/kg"/>
        <equivalence value="equal"/>
      </target>
    </element>
    <element>
      <code value="g/kg/h"/>
      <target>
        <code value="g/kg/h"/>
        <display value="g/kg/h"/>
        <equivalence value="equal"/>
      </target>
    </element>
    <element>
      <code value="g/kg/mn"/>
      <target>
        <code value="g/kg/min"/>
        <display value="g/kg/min"/>
        <equivalence value="equal"/>
      </target>
    </element>
    <element>
      <code value="g/m2"/>
      <target>
        <code value="g/m2"/>
        <display value="g/m²"/>
        <equivalence value="equal"/>
      </target>
    </element>
    <element>
      <code value="g/m2/h"/>
      <target>
        <code value="g/m2/h"/>
        <display value="g/m²/h"/>
        <equivalence value="equal"/>
      </target>
    </element>
    <element>
      <code value="g/m2/mn"/>
      <target>
        <code value="g/m2/min"/>
        <display value="g/m²/min"/>
        <equivalence value="equal"/>
      </target>
    </element>
    <element>
      <code value="g/mn"/>
      <target>
        <code value="g/min"/>
        <display value="g/min"/>
        <equivalence value="equal"/>
      </target>
    </element>
    <element>
      <code value="gel"/>
      <target>
        <code value="{hard'caps}"/>
        <display value="gelule"/>
        <equivalence value="equal"/>
      </target>
    </element>
    <element>
      <code value="godet"/>
      <target>
        <code value="{cup}"/>
        <display value="godet"/>
        <equivalence value="equal"/>
      </target>
    </element>
    <element>
      <code value="gomme"/>
      <target>
        <code value="{gum}"/>
        <display value="gomme"/>
        <equivalence value="equal"/>
      </target>
    </element>
    <element>
      <code value="granule"/>
      <target>
        <code value="{granule}"/>
        <display value="granule"/>
        <equivalence value="equal"/>
      </target>
    </element>
    <element>
      <code value="gte"/>
      <target>
        <code value="[drp]"/>
        <display value="gtte"/>
        <equivalence value="equal"/>
      </target>
    </element>
    <element>
      <code value="h"/>
      <target>
        <code value="h"/>
        <display value="h"/>
        <equivalence value="equal"/>
      </target>
    </element>
    <element>
      <code value="implant"/>
      <target>
        <code value="{implant}"/>
        <display value="implant"/>
        <equivalence value="equal"/>
      </target>
    </element>
    <element>
      <code value="inhalateur"/>
      <target>
        <code value="{inhaler}"/>
        <display value="inhalateur"/>
        <equivalence value="equal"/>
      </target>
    </element>
    <element>
      <code value="inka_u"/>
      <target>
        <code value="[arb'U]{kallikrein inactivator}"/>
        <display value="U IK"/>
        <equivalence value="equal"/>
      </target>
    </element>
    <element>
      <code value="insert"/>
      <target>
        <code value="{insert}"/>
        <display value="insert"/>
        <equivalence value="equal"/>
      </target>
    </element>
    <element>
      <code value="inst"/>
      <target>
        <code value="{inst}"/>
        <display value="instill."/>
        <equivalence value="equal"/>
      </target>
    </element>
    <element>
      <code value="irrig"/>
      <target>
        <code value="{irrig}"/>
        <display value="irrig."/>
        <equivalence value="equal"/>
      </target>
    </element>
    <element>
      <code value="iu"/>
      <target>
        <code value="[iU]"/>
        <display value="UI"/>
        <equivalence value="equal"/>
      </target>
    </element>
    <element>
      <code value="iu/h"/>
      <target>
        <code value="[iU]/h"/>
        <display value="UI/h"/>
        <equivalence value="equal"/>
      </target>
    </element>
    <element>
      <code value="iu/kg"/>
      <target>
        <code value="[iU]/kg"/>
        <display value="UI/kg"/>
        <equivalence value="equal"/>
      </target>
    </element>
    <element>
      <code value="iu/kg/h"/>
      <target>
        <code value="[iU]/kg/h"/>
        <display value="UI/kg/h"/>
        <equivalence value="equal"/>
      </target>
    </element>
    <element>
      <code value="iu/kg/mn"/>
      <target>
        <code value="[iU]/kg/min"/>
        <display value="UI/kg/min"/>
        <equivalence value="equal"/>
      </target>
    </element>
    <element>
      <code value="iu/m2"/>
      <target>
        <code value="[iU]/m2"/>
        <display value="UI/m²"/>
        <equivalence value="equal"/>
      </target>
    </element>
    <element>
      <code value="iu/m2/h"/>
      <target>
        <code value="[iU]/m2/h"/>
        <display value="UI/m²/h"/>
        <equivalence value="equal"/>
      </target>
    </element>
    <element>
      <code value="iu/m2/mn"/>
      <target>
        <code value="[iU]/m2/min"/>
        <display value="UI/m²/min"/>
        <equivalence value="equal"/>
      </target>
    </element>
    <element>
      <code value="iu/mL"/>
      <target>
        <code value="[iU]/mL"/>
        <display value="UI/mL"/>
        <equivalence value="equal"/>
      </target>
    </element>
    <element>
      <code value="iu/mn"/>
      <target>
        <code value="[iU]/min"/>
        <display value="UI/min"/>
        <equivalence value="equal"/>
      </target>
    </element>
    <element>
      <code value="j"/>
      <target>
        <code value="d"/>
        <display value="j"/>
        <equivalence value="equal"/>
      </target>
    </element>
    <element>
      <code value="kg"/>
      <target>
        <code value="kg"/>
        <display value="kg"/>
        <equivalence value="equal"/>
      </target>
    </element>
    <element>
      <code value="kit"/>
      <target>
        <code value="{kit}"/>
        <display value="kit"/>
        <equivalence value="equal"/>
      </target>
    </element>
    <element>
      <code value="L"/>
      <target>
        <code value="L"/>
        <display value="L"/>
        <equivalence value="equal"/>
      </target>
    </element>
    <element>
      <code value="L/mn"/>
      <target>
        <code value="L/min"/>
        <display value="L/min"/>
        <equivalence value="equal"/>
      </target>
    </element>
    <element>
      <code value="lavg"/>
      <target>
        <code value="{wash}"/>
        <display value="lavage"/>
        <equivalence value="equal"/>
      </target>
    </element>
    <element>
      <code value="lavmt"/>
      <target>
        <code value="{enem}"/>
        <display value="lavement"/>
        <equivalence value="equal"/>
      </target>
    </element>
    <element>
      <code value="loo_u"/>
      <target>
        <code value="[arb'U]{loo}"/>
        <display value="Loomis"/>
        <equivalence value="equal"/>
      </target>
    </element>
    <element>
      <code value="lyoph_or"/>
      <target>
        <code value="{oral'lyoph}"/>
        <display value="lyoph.oral"/>
        <equivalence value="equal"/>
      </target>
    </element>
    <element>
      <code value="m"/>
      <target>
        <code value="m"/>
        <display value="m"/>
        <equivalence value="equal"/>
      </target>
    </element>
    <element>
      <code value="m2"/>
      <target>
        <code value="m2"/>
        <display value="m²"/>
        <equivalence value="equal"/>
      </target>
    </element>
    <element>
      <code value="matrice"/>
      <target>
        <code value="{matrix}"/>
        <display value="matrice"/>
        <equivalence value="equal"/>
      </target>
    </element>
    <element>
      <code value="meq"/>
      <target>
        <code value="meq"/>
        <display value="meq"/>
        <equivalence value="equal"/>
      </target>
    </element>
    <element>
      <code value="meq/L"/>
      <target>
        <code value="meq/L"/>
        <display value="meq/L"/>
        <equivalence value="equal"/>
      </target>
    </element>
    <element>
      <code value="mg"/>
      <target>
        <code value="mg"/>
        <display value="mg"/>
        <equivalence value="equal"/>
      </target>
    </element>
    <element>
      <code value="mg/h"/>
      <target>
        <code value="mg/h"/>
        <display value="mg/h"/>
        <equivalence value="equal"/>
      </target>
    </element>
    <element>
      <code value="mg/kg"/>
      <target>
        <code value="mg/kg"/>
        <display value="mg/kg"/>
        <equivalence value="equal"/>
      </target>
    </element>
    <element>
      <code value="mg/kg/h"/>
      <target>
        <code value="mg/kg/h"/>
        <display value="mg/kg/h"/>
        <equivalence value="equal"/>
      </target>
    </element>
    <element>
      <code value="mg/kg/mn"/>
      <target>
        <code value="mg/kg/min"/>
        <display value="mg/kg/min"/>
        <equivalence value="equal"/>
      </target>
    </element>
    <element>
      <code value="mg/m2"/>
      <target>
        <code value="mg/m2"/>
        <display value="mg/m²"/>
        <equivalence value="equal"/>
      </target>
    </element>
    <element>
      <code value="mg/m2/h"/>
      <target>
        <code value="mg/m2/h"/>
        <display value="mg/m²/h"/>
        <equivalence value="equal"/>
      </target>
    </element>
    <element>
      <code value="mg/m2/mn"/>
      <target>
        <code value="mg/m2/min"/>
        <display value="mg/m²/min"/>
        <equivalence value="equal"/>
      </target>
    </element>
    <element>
      <code value="mg/mn"/>
      <target>
        <code value="mg/min"/>
        <display value="mg/min"/>
        <equivalence value="equal"/>
      </target>
    </element>
    <element>
      <code value="mL"/>
      <target>
        <code value="mL"/>
        <display value="mL"/>
        <equivalence value="equal"/>
      </target>
    </element>
    <element>
      <code value="mL/h"/>
      <target>
        <code value="mL/h"/>
        <display value="mL/h"/>
        <equivalence value="equal"/>
      </target>
    </element>
    <element>
      <code value="mL/kg"/>
      <target>
        <code value="mL/kg"/>
        <display value="mL/kg"/>
        <equivalence value="equal"/>
      </target>
    </element>
    <element>
      <code value="mL/kg/h"/>
      <target>
        <code value="mL/kg/h"/>
        <display value="mL/kg/h"/>
        <equivalence value="equal"/>
      </target>
    </element>
    <element>
      <code value="mL/kg/mn"/>
      <target>
        <code value="mL/kg/min"/>
        <display value="mL/kg/min"/>
        <equivalence value="equal"/>
      </target>
    </element>
    <element>
      <code value="mL/m2"/>
      <target>
        <code value="mL/m2"/>
        <display value="mL/m²"/>
        <equivalence value="equal"/>
      </target>
    </element>
    <element>
      <code value="mL/m2/h"/>
      <target>
        <code value="mL/m2/h"/>
        <display value="mL/m²/h"/>
        <equivalence value="equal"/>
      </target>
    </element>
    <element>
      <code value="mL/m2/mn"/>
      <target>
        <code value="mL/m2/min"/>
        <display value="mL/m²/min"/>
        <equivalence value="equal"/>
      </target>
    </element>
    <element>
      <code value="mL/mn"/>
      <target>
        <code value="mL/min"/>
        <display value="mL/min"/>
        <equivalence value="equal"/>
      </target>
    </element>
    <element>
      <code value="mmol"/>
      <target>
        <code value="mmol"/>
        <display value="mmol"/>
        <equivalence value="equal"/>
      </target>
    </element>
    <element>
      <code value="mmol/L"/>
      <target>
        <code value="mmol/L"/>
        <display value="mmol/L"/>
        <equivalence value="equal"/>
      </target>
    </element>
    <element>
      <code value="mn"/>
      <target>
        <code value="min"/>
        <display value="min"/>
        <equivalence value="equal"/>
      </target>
    </element>
    <element>
      <code value="mois"/>
      <target>
        <code value="mo"/>
        <display value="m"/>
        <equivalence value="equal"/>
      </target>
    </element>
    <element>
      <code value="mosm/L"/>
      <target>
        <code value="mosm/L"/>
        <display value="mosm/L"/>
        <equivalence value="equal"/>
      </target>
    </element>
    <element>
      <code value="ng"/>
      <target>
        <code value="ng"/>
        <display value="ng"/>
        <equivalence value="equal"/>
      </target>
    </element>
    <element>
      <code value="ng/kg/mn"/>
      <target>
        <code value="ng/kg/min"/>
        <display value="ng/kg/min"/>
        <equivalence value="equal"/>
      </target>
    </element>
    <element>
      <code value="nkat"/>
      <target>
        <code value="nkat"/>
        <display value="nkat"/>
        <equivalence value="equal"/>
      </target>
    </element>
    <element>
      <code value="ovule"/>
      <target>
        <code value="{pess}"/>
        <display value="ovule"/>
        <equivalence value="equal"/>
      </target>
    </element>
    <element>
      <code value="paire"/>
      <target>
        <code value="{pair}"/>
        <display value="paire"/>
        <equivalence value="equal"/>
      </target>
    </element>
    <element>
      <code value="past"/>
      <target>
        <code value="{loz}"/>
        <display value="pastille"/>
        <equivalence value="equal"/>
      </target>
    </element>
    <element>
      <code value="pâte"/>
      <target>
        <code value="{paste}"/>
        <display value="pâte"/>
        <equivalence value="equal"/>
      </target>
    </element>
    <element>
      <code value="pièce"/>
      <target>
        <code value="{piece}"/>
        <display value="pièce"/>
        <equivalence value="equal"/>
      </target>
    </element>
    <element>
      <code value="plaq"/>
      <target>
        <code value="{blister}"/>
        <display value="film thermos."/>
        <equivalence value="equal"/>
      </target>
    </element>
    <element>
      <code value="poche"/>
      <target>
        <code value="{bag}"/>
        <display value="poche"/>
        <equivalence value="equal"/>
      </target>
    </element>
    <element>
      <code value="pot"/>
      <target>
        <code value="{jar}"/>
        <display value="pot"/>
        <equivalence value="equal"/>
      </target>
    </element>
    <element>
      <code value="ppe_doseuse"/>
      <target>
        <code value="{meter'pump}"/>
        <display value="pompe doseuse"/>
        <equivalence value="equal"/>
      </target>
    </element>
    <element>
      <code value="pres"/>
      <target>
        <code value="{press}"/>
        <display value="pression"/>
        <equivalence value="equal"/>
      </target>
    </element>
    <element>
      <code value="pst"/>
      <target>
        <code value="bandg}"/>
        <display value="pst"/>
        <equivalence value="equal"/>
      </target>
    </element>
    <element>
      <code value="pulv"/>
      <target>
        <code value="{spray}"/>
        <display value="flac.pulv."/>
        <equivalence value="equal"/>
      </target>
    </element>
    <element>
      <code value="rec_dose"/>
      <target>
        <code value="{meter'cont}"/>
        <display value="récip.doseur"/>
        <equivalence value="equal"/>
      </target>
    </element>
    <element>
      <code value="rec_multi"/>
      <target>
        <code value="{multidose'cont}"/>
        <display value="récip.multidose"/>
        <equivalence value="equal"/>
      </target>
    </element>
    <element>
      <code value="rec_unidose"/>
      <target>
        <code value="{sgldose'cont}"/>
        <display value="récip.unidose"/>
        <equivalence value="equal"/>
      </target>
    </element>
    <element>
      <code value="sachet"/>
      <target>
        <code value="{sachet}"/>
        <display value="sachet"/>
        <equivalence value="equal"/>
      </target>
    </element>
    <element>
      <code value="SDIU"/>
      <target>
        <code value="{iud'syst}"/>
        <display value="sdiu"/>
        <equivalence value="equal"/>
      </target>
    </element>
    <element>
      <code value="SDV"/>
      <target>
        <code value="{vd'syst}"/>
        <display value="sdvag"/>
        <equivalence value="equal"/>
      </target>
    </element>
    <element>
      <code value="ser"/>
      <target>
        <code value="{syr}"/>
        <display value="ser"/>
        <equivalence value="equal"/>
      </target>
    </element>
    <element>
      <code value="ser_prr"/>
      <target>
        <code value="{pfs}"/>
        <display value="ser.préremp"/>
        <equivalence value="equal"/>
      </target>
    </element>
    <element>
      <code value="set"/>
      <target>
        <code value="{set}"/>
        <display value="set"/>
        <equivalence value="equal"/>
      </target>
    </element>
    <element>
      <code value="stylo_prr"/>
      <target>
        <code value="{pfp}"/>
        <display value="stylo préremp"/>
        <equivalence value="equal"/>
      </target>
    </element>
    <element>
      <code value="suppo"/>
      <target>
        <code value="{suppo}"/>
        <display value="suppo."/>
        <equivalence value="equal"/>
      </target>
    </element>
    <element>
      <code value="tube"/>
      <target>
        <code value="{tube}"/>
        <display value="tube"/>
        <equivalence value="equal"/>
      </target>
    </element>
    <element>
      <code value="u"/>
      <target>
        <code value="U"/>
        <display value="U"/>
        <equivalence value="equal"/>
      </target>
    </element>
    <element>
      <code value="ug"/>
      <target>
        <code value="ug"/>
        <display value="µg"/>
        <equivalence value="equal"/>
      </target>
    </element>
    <element>
      <code value="ug/h"/>
      <target>
        <code value="ug/h"/>
        <display value="µg/h"/>
        <equivalence value="equal"/>
      </target>
    </element>
    <element>
      <code value="ug/kg"/>
      <target>
        <code value="ug/kg"/>
        <display value="µg/kg"/>
        <equivalence value="equal"/>
      </target>
    </element>
    <element>
      <code value="ug/kg/h"/>
      <target>
        <code value="ug/kg/h"/>
        <display value="µg/kg/h"/>
        <equivalence value="equal"/>
      </target>
    </element>
    <element>
      <code value="ug/kg/mn"/>
      <target>
        <code value="ug/kg/min"/>
        <display value="µg/kg/min"/>
        <equivalence value="equal"/>
      </target>
    </element>
    <element>
      <code value="ug/m2"/>
      <target>
        <code value="ug/m2"/>
        <display value="µg/m²"/>
        <equivalence value="equal"/>
      </target>
    </element>
    <element>
      <code value="ug/m2/h"/>
      <target>
        <code value="ug/m2/h"/>
        <display value="µg/m²/h"/>
        <equivalence value="equal"/>
      </target>
    </element>
    <element>
      <code value="ug/m2/mn"/>
      <target>
        <code value="ug/m2/min"/>
        <display value="µg/m²/min"/>
        <equivalence value="equal"/>
      </target>
    </element>
    <element>
      <code value="ug/mn"/>
      <target>
        <code value="ug/min"/>
        <display value="µg/min"/>
        <equivalence value="equal"/>
      </target>
    </element>
    <element>
      <code value="ug_hagglu"/>
      <target>
        <code value="ug{hagglu}"/>
        <display value="µg hémagglut."/>
        <equivalence value="equal"/>
      </target>
    </element>
    <element>
      <code value="ukat"/>
      <target>
        <code value="ukat"/>
        <display value="µkat"/>
        <equivalence value="equal"/>
      </target>
    </element>
    <element>
      <code value="uL"/>
      <target>
        <code value="uL"/>
        <display value="µL"/>
        <equivalence value="equal"/>
      </target>
    </element>
    <element>
      <code value="VAPO"/>
      <target>
        <code value="{evaporator}"/>
        <display value="évaporateur"/>
        <equivalence value="equal"/>
      </target>
    </element>
  </group>
</ConceptMap>