<?xml version="1.0" encoding="UTF-8"?>

<MedicationRequest xmlns="http://hl7.org/fhir">
  <id value="14639"/>
  <meta>
    <profile value="https://hl7.fr/fhir/fr/medication/StructureDefinition/fr-inpatient-medicationrequest"/>
  </meta>
  <text>
    <status value="generated"/><div xmlns="http://www.w3.org/1999/xhtml"><p class="res-header-id"><b>Generated Narrative: MedicationRequest 14639</b></p><a name="14639"> </a><a name="hc14639"> </a><a name="14639-en-US"> </a><p><b>status</b>: Active</p><p><b>intent</b>: Order</p><p><b>medication</b>: <a href="#hc14639/med-191">Medication CLARADOL 500 mg, cpr séc</a></p><p><b>subject</b>: <a href="Patient/14602">Patient/14602</a></p><p><b>authoredOn</b>: 2021-08-11 18:21:20+0000</p><p><b>requester</b>: <a href="Practitioner/smart-Practitioner-71482713">Practitioner/smart-Practitioner-71482713</a></p><blockquote><p><b>dosageInstruction</b></p><p><b>sequence</b>: 1</p><p><b>additionalInstruction</b>: <span title="Codes:">Délais minimum entre 2 prises : 4h</span></p><p><b>timing</b>: Once</p><p><b>asNeeded</b>: <span title="Codes:{http://snomed.info/sct 22253000}">Si douleurs</span></p><p><b>route</b>: <span title="Codes:{http://snomed.info/sct 26643006}">Voie orale</span></p><h3>DoseAndRates</h3><table class="grid"><tr><td style="display: none">-</td><td><b>Type</b></td><td><b>Dose[x]</b></td></tr><tr><td style="display: none">*</td><td><span title="Codes:{http://terminology.hl7.org/CodeSystem/dose-rate-type ordered}">Ordered</span></td><td>1 1<span style="background: LightGoldenRodYellow"> (Details: UCUM  code1 = '1')</span></td></tr></table><p><b>maxDosePerPeriod</b>: 6 1<span style="background: LightGoldenRodYellow"> (Details: UCUM  code1 = '1')</span>/24 h<span style="background: LightGoldenRodYellow"> (Details: UCUM  codeh = 'h')</span></p><p><b>maxDosePerAdministration</b>: 2 1<span style="background: LightGoldenRodYellow"> (Details: UCUM  code1 = '1')</span></p></blockquote><hr/><blockquote><p class="res-header-id"><b>Generated Narrative: Medication #med-191</b></p><a name="14639/med-191"> </a><a name="hc14639/med-191"> </a><a name="14639/med-191-en-US"> </a><p><b>code</b>: <span title="Codes:{http://phast.fr/fhir/ValueSet/Pharmacy/CIOdc/SIPh-CIO_UCD 3400891705256}">CLARADOL 500 mg, cpr séc</span></p><p><b>form</b>: <span title="Codes:{http://snomed.info/sct 421026006}">comprimé</span></p><h3>Ingredients</h3><table class="grid"><tr><td style="display: none">-</td><td><b>Item[x]</b></td><td><b>IsActive</b></td></tr><tr><td style="display: none">*</td><td><span title="Codes:{http://snomed.info/sct 387517004}">PARACETAMOL</span></td><td>true</td></tr></table></blockquote></div>
  </text>
  <contained>
    <Medication>
      <id value="med-191"/>
      <meta>
        <profile value="https://hl7.fr/fhir/fr/medication/StructureDefinition/fr-medication-ucd"/>
      </meta>
      <code>
        <coding>
          <system value="http://phast.fr/fhir/ValueSet/Pharmacy/CIOdc/SIPh-CIO_UCD"/>
          <code value="3400891705256"/>
          <display value="CLARADOL 500 mg, cpr séc"/>
        </coding>
        <text value="CLARADOL 500 mg, cpr séc"/>
      </code>
      <form>
        <coding>
          <system value="http://snomed.info/sct"/>
          <code value="421026006"/>
          <display value="comprimé oral"/>
        </coding>
        <text value="comprimé"/>
      </form>
      <ingredient>
        <itemCodeableConcept>
          <coding>
            <system value="http://snomed.info/sct"/>
            <code value="387517004"/>
            <display value="paracétamol"/>
          </coding>
          <text value="PARACETAMOL"/>
        </itemCodeableConcept>
        <isActive value="true"/>
      </ingredient>
    </Medication>
  </contained>
  <status value="active"/>
  <intent value="order"/>
  <medicationReference>
    <reference value="#med-191"/>
  </medicationReference>
  <subject>
    <reference value="Patient/14602"/>
  </subject>
  <authoredOn value="2021-08-11T18:21:20.641Z"/>
  <requester>
    <reference value="Practitioner/smart-Practitioner-71482713"/>
  </requester>
  <dosageInstruction>
    <sequence value="1"/>
    <additionalInstruction>
      <text value="Délais minimum entre 2 prises : 4h"/>
    </additionalInstruction>
    <timing>
      <repeat>
        <boundsPeriod>
          <start value="2021-08-11T18:21:00Z"/>
          <end value="2021-08-17T18:20:59Z"/>
        </boundsPeriod>
      </repeat>
    </timing>
    <asNeededCodeableConcept>
      <coding>
        <system value="http://snomed.info/sct"/>
        <code value="22253000"/>
        <display value="douleur"/>
      </coding>
      <text value="Si douleurs"/>
    </asNeededCodeableConcept>
    <route>
      <coding>
        <system value="http://snomed.info/sct"/>
        <code value="26643006"/>
        <display value="Voie orale"/>
      </coding>
      <text value="Voie orale"/>
    </route>
    <doseAndRate>
      <type>
        <coding>
          <system value="http://terminology.hl7.org/CodeSystem/dose-rate-type"/>
          <code value="ordered"/>
          <display value="Ordered"/>
        </coding>
        <text value="Ordered"/>
      </type>
      <doseQuantity>
        <value value="1"/>
        <system value="http://unitsofmeasure.org"/>
        <code value="1"/>
      </doseQuantity>
    </doseAndRate>
    <maxDosePerPeriod>
      <numerator>
        <value value="6"/>
        <system value="http://unitsofmeasure.org"/>
        <code value="1"/>
      </numerator>
      <denominator>
        <value value="24"/>
        <unit value="h"/>
        <system value="http://unitsofmeasure.org"/>
        <code value="h"/>
      </denominator>
    </maxDosePerPeriod>
    <maxDosePerAdministration>
      <value value="2"/>
      <system value="http://unitsofmeasure.org"/>
      <code value="1"/>
    </maxDosePerAdministration>
  </dosageInstruction>
</MedicationRequest>