<?xml version="1.0" encoding="UTF-8"?>

<ValueSet xmlns="http://hl7.org/fhir">
  <id value="fr-medication-reconciliation-document-type"/>
  <meta>
    <profile value="http://hl7.org/fhir/StructureDefinition/shareablevalueset"/>
  </meta>
  <text>
    <status value="generated"/><div xmlns="http://www.w3.org/1999/xhtml"><p class="res-header-id"><b>Generated Narrative: ValueSet fr-medication-reconciliation-document-type</b></p><a name="fr-medication-reconciliation-document-type"> </a><a name="hcfr-medication-reconciliation-document-type"> </a><a name="fr-medication-reconciliation-document-type-en-US"> </a><ul><li>Include codes from<a href="CodeSystem-fr-document-type.html"><code>https://hl7.fr/fhir/fr/medication/CodeSystem/fr-document-type</code></a> where isMedicationReconciliation  = true</li></ul></div>
  </text>
  <url value="https://hl7.fr/fhir/fr/medication/ValueSet/fr-medication-reconciliation-document-type"/>
  <version value="0.1.0"/>
  <name value="FrMedicationReconciliationDocumentType"/>
  <title value="value set Interop'Santé - type de document de la ressource Composition d'une FCT"/>
  <status value="draft"/>
  <experimental value="false"/>
  <date value="2025-02-13T15:32:59+00:00"/>
  <publisher value="Interop'Santé"/>
  <contact>
    <name value="Interop'Santé"/>
    <telecom>
      <system value="url"/>
      <value value="http://interopsante.org/"/>
    </telecom>
  </contact>
  <description value="Le jeu de valeurs à utiliser pour coder le type de document de la ressource *Composition* d'une FCT (Fiche de Conciliation des Traitements médicamenteux)."/>
  <immutable value="false"/>
  <compose>
    <include>
      <system value="https://hl7.fr/fhir/fr/medication/CodeSystem/fr-document-type"/>
      <filter>
        <property value="isMedicationReconciliation"/>
        <op value="="/>
        <value value="true"/>
      </filter>
    </include>
  </compose>
</ValueSet>