<?xml version="1.0" encoding="UTF-8"?>

<ValueSet xmlns="http://hl7.org/fhir">
  <id value="fr-medication-history-source-type"/>
  <meta>
    <profile value="http://hl7.org/fhir/StructureDefinition/shareablevalueset"/>
  </meta>
  <text>
    <status value="generated"/><div xmlns="http://www.w3.org/1999/xhtml"><p class="res-header-id"><b>Generated Narrative: ValueSet fr-medication-history-source-type</b></p><a name="fr-medication-history-source-type"> </a><a name="hcfr-medication-history-source-type"> </a><a name="fr-medication-history-source-type-en-US"> </a><ul><li>Include all codes defined in <a href="CodeSystem-fr-medication-history-source-type.html"><code>https://hl7.fr/fhir/fr/medication/CodeSystem/fr-medication-history-source-type</code></a></li></ul></div>
  </text>
  <url value="https://hl7.fr/fhir/fr/medication/ValueSet/fr-medication-history-source-type"/>
  <version value="0.1.0"/>
  <name value="FrMedicationHistorySourceType"/>
  <title value="value set SIPh - Nature des sources d'un Bilan Médicamenteux"/>
  <status value="draft"/>
  <experimental value="false"/>
  <date value="2025-02-24T15:51:28+00:00"/>
  <publisher value="Interop'Santé"/>
  <contact>
    <name value="Interop'Santé"/>
    <telecom>
      <system value="url"/>
      <value value="http://interopsante.org/"/>
    </telecom>
  </contact>
  <description value="Un jeu de valeurs à utiliser pour coder les sources d'un Bilan Médicamenteux."/>
  <immutable value="false"/>
  <compose>
    <include>
      <system value="https://hl7.fr/fhir/fr/medication/CodeSystem/fr-medication-history-source-type"/>
    </include>
  </compose>
</ValueSet>