<?xml version="1.0" encoding="UTF-8"?>

<ValueSet xmlns="http://hl7.org/fhir">
  <id value="fr-additional-when-codes"/>
  <meta>
    <profile value="http://hl7.org/fhir/StructureDefinition/shareablevalueset"/>
  </meta>
  <text>
    <status value="generated"/><div xmlns="http://www.w3.org/1999/xhtml"><p class="res-header-id"><b>Generated Narrative: ValueSet fr-additional-when-codes</b></p><a name="fr-additional-when-codes"> </a><a name="hcfr-additional-when-codes"> </a><a name="fr-additional-when-codes-en-US"> </a><ul><li>Include all codes defined in <a href="CodeSystem-fr-additional-when-codes.html"><code>https://hl7.fr/fhir/fr/medication/CodeSystem/fr-additional-when-codes</code></a></li></ul></div>
  </text>
  <url value="https://hl7.fr/fhir/fr/medication/ValueSet/fr-additional-when-codes"/>
  <version value="0.1.0"/>
  <name value="FrAdditionalWhenCodes"/>
  <title value="value set Interop'Santé - Codes additionnels pour l'élément when"/>
  <status value="draft"/>
  <experimental value="false"/>
  <date value="2025-02-24T15:51:28+00:00"/>
  <publisher value="Interop'Santé"/>
  <contact>
    <name value="Interop'Santé"/>
    <telecom>
      <system value="url"/>
      <value value="http://interopsante.org/"/>
    </telecom>
  </contact>
  <description value="Le jeu de valeurs à utiliser pour coder des périodes d'occurrence qui ne sont pas dans le jeu de valeurs http://hl7.org/fhir/ValueSet/event-timing."/>
  <immutable value="false"/>
  <compose>
    <include>
      <system value="https://hl7.fr/fhir/fr/medication/CodeSystem/fr-additional-when-codes"/>
    </include>
  </compose>
</ValueSet>