<?xml version="1.0" encoding="UTF-8"?>

<ValueSet xmlns="http://hl7.org/fhir">
  <id value="fr-substance-code"/>
  <text>
    <status value="generated"/><div xmlns="http://www.w3.org/1999/xhtml"><p class="res-header-id"><b>Generated Narrative: ValueSet fr-substance-code</b></p><a name="fr-substance-code"> </a><a name="hcfr-substance-code"> </a><a name="fr-substance-code-en-US"> </a><p>This value set includes codes based on the following rules:</p><ul><li>Include all codes defined in <code>http://data.esante.gouv.fr/ansm/medicament/codeSMS</code></li><li>Include all codes defined in <code>http://data.esante.gouv.fr/ansm/medicament/substance</code></li></ul></div>
  </text>
  <url value="https://hl7.fr/fhir/fr/medication/ValueSet/fr-substance-code"/>
  <version value="0.1.0"/>
  <name value="FrSubstanceCode"/>
  <title value="value set Interop'Santé - Codes identifiant les substances"/>
  <status value="draft"/>
  <experimental value="false"/>
  <date value="2025-02-19T14:27:03+00:00"/>
  <publisher value="Interop'Santé"/>
  <contact>
    <name value="Interop'Santé"/>
    <telecom>
      <system value="url"/>
      <value value="http://interopsante.org/"/>
    </telecom>
  </contact>
  <description value="Le jeu de valeurs à utiliser pour indiquer un ingrédient composant un médicament dans Medication.ingredient.itemCodeableConcept.coding.code"/>
  <immutable value="false"/>
  <compose>
    <include>
      <system value="http://data.esante.gouv.fr/ansm/medicament/codeSMS"/>
    </include>
    <include>
      <system value="http://data.esante.gouv.fr/ansm/medicament/substance"/>
    </include>
  </compose>
</ValueSet>