<?xml version="1.0" encoding="UTF-8"?>

<ValueSet xmlns="http://hl7.org/fhir">
  <id value="FrMethodOfAdministration"/>
  <meta>
    <profile value="http://hl7.org/fhir/StructureDefinition/shareablevalueset"/>
  </meta>
  <text>
    <status value="generated"/><div xmlns="http://www.w3.org/1999/xhtml"><p class="res-header-id"><b>Generated Narrative: ValueSet FrMethodOfAdministration</b></p><a name="FrMethodOfAdministration"> </a><a name="hcFrMethodOfAdministration"> </a><a name="FrMethodOfAdministration-en-US"> </a><ul><li>Include codes from<a href="http://www.snomed.org/"><code>http://snomed.info/sct</code></a> where constraint  = &lt; 736665006 |Dose form administration method (administration method)| minus &gt; (&lt; 736665006 |Dose form administration method (administration method)|)</li></ul></div>
  </text>
  <url value="https://hl7.fr/fhir/fr/medication/ValueSet/FrMethodOfAdministration"/>
  <version value="0.1.0"/>
  <name value="FrMethodOfAdministration"/>
  <title value="French Method Of Administration"/>
  <status value="draft"/>
  <experimental value="false"/>
  <date value="2024-12-31T09:40:44+00:00"/>
  <publisher value="Interop'Santé"/>
  <contact>
    <name value="Interop'Santé"/>
    <telecom>
      <system value="url"/>
      <value value="http://interopsante.org/"/>
    </telecom>
  </contact>
  <description value="Le jeu de valeurs à utiliser pour coder l'élément *dosageInstruction.method* de la ressource *FrMedicationRequest*."/>
  <immutable value="false"/>
  <compose>
    <include>
      <system value="http://snomed.info/sct"/>
      <filter>
        <property value="constraint"/>
        <op value="="/>
        <value value="&lt; 736665006 |Dose form administration method (administration method)| minus &gt; (&lt; 736665006 |Dose form administration method (administration method)|)"/>
      </filter>
    </include>
  </compose>
</ValueSet>