<?xml version="1.0" encoding="UTF-8"?>

<CodeSystem xmlns="http://hl7.org/fhir">
  <id value="fr-medication-history-source-type"/>
  <meta>
    <profile value="http://hl7.org/fhir/StructureDefinition/shareablecodesystem"/>
  </meta>
  <text>
    <status value="generated"/><div xmlns="http://www.w3.org/1999/xhtml"><p class="res-header-id"><b>Narratif généré : CodeSystem fr-medication-history-source-type</b></p><a name="fr-medication-history-source-type"> </a><a name="hcfr-medication-history-source-type"> </a><div style="display: inline-block; background-color: #d9e0e7; padding: 6px; margin: 4px; border: 1px solid #8da1b4; border-radius: 5px; line-height: 60%"><p style="margin-bottom: 0px"/><p style="margin-bottom: 0px">Profil: <a href="http://hl7.org/fhir/R4/shareablecodesystem.html">Shareable CodeSystem</a></p></div><p>This  code system <code>https://hl7.fr/ig/fhir/medication/CodeSystem/fr-medication-history-source-type</code> defines the following codes:</p><table class="codes"><tr><td style="white-space:nowrap"><b>Code</b></td><td><b>Display</b></td></tr><tr><td style="white-space:nowrap">10000001<a name="fr-medication-history-source-type-10000001"> </a></td><td>Entretien avec le patient</td></tr><tr><td style="white-space:nowrap">10000002<a name="fr-medication-history-source-type-10000002"> </a></td><td>Entretien avec les proches</td></tr><tr><td style="white-space:nowrap">10000003<a name="fr-medication-history-source-type-10000003"> </a></td><td>Entretien avec le pharmacien d’officine</td></tr><tr><td style="white-space:nowrap">10000004<a name="fr-medication-history-source-type-10000004"> </a></td><td>Entretien avec le pharmacien hospitalier</td></tr><tr><td style="white-space:nowrap">10000005<a name="fr-medication-history-source-type-10000005"> </a></td><td>Entretien avec le médecin traitant</td></tr><tr><td style="white-space:nowrap">10000006<a name="fr-medication-history-source-type-10000006"> </a></td><td>Lettre du médecin traitant</td></tr><tr><td style="white-space:nowrap">10000007<a name="fr-medication-history-source-type-10000007"> </a></td><td>Le dossier médical partagé</td></tr><tr><td style="white-space:nowrap">10000008<a name="fr-medication-history-source-type-10000008"> </a></td><td>Lettres de liaison</td></tr><tr><td style="white-space:nowrap">10000009<a name="fr-medication-history-source-type-10000009"> </a></td><td>Dossier pharmaceutique</td></tr><tr><td style="white-space:nowrap">10000010<a name="fr-medication-history-source-type-10000010"> </a></td><td>Bilan de médication par le pharmacien d'officine</td></tr><tr><td style="white-space:nowrap">10000011<a name="fr-medication-history-source-type-10000011"> </a></td><td>Compte-rendu de télé expertise entre deux médecins généralistes pour un patient admis en EHPAD</td></tr><tr><td style="white-space:nowrap">10000012<a name="fr-medication-history-source-type-10000012"> </a></td><td>Médicaments apportés par le patient</td></tr><tr><td style="white-space:nowrap">10000013<a name="fr-medication-history-source-type-10000013"> </a></td><td>Ordonnances apportées par le patient</td></tr><tr><td style="white-space:nowrap">10000014<a name="fr-medication-history-source-type-10000014"> </a></td><td>Fiche de liaison de l’EHPAD</td></tr><tr><td style="white-space:nowrap">10000015<a name="fr-medication-history-source-type-10000015"> </a></td><td>Entretien ou lettre du médecin spécialiste</td></tr><tr><td style="white-space:nowrap">10000016<a name="fr-medication-history-source-type-10000016"> </a></td><td>Fiche de liaison avec le service de soins à domicile</td></tr><tr><td style="white-space:nowrap">10000017<a name="fr-medication-history-source-type-10000017"> </a></td><td>Dossier patient d’une précédente hospitalisation</td></tr><tr><td style="white-space:nowrap">10000018<a name="fr-medication-history-source-type-10000018"> </a></td><td>Volet de synthèse médicale</td></tr></table></div>
  </text>
  <url value="https://hl7.fr/ig/fhir/medication/CodeSystem/fr-medication-history-source-type"/>
  <version value="0.1.0"/>
  <name value="FRMedicationHistorySourceType"/>
  <title value="code system Interop'Santé - Nature des sources d'un Bilan Médicamenteux"/>
  <status value="draft"/>
  <experimental value="false"/>
  <date value="2025-08-14T09:57:22+00:00"/>
  <publisher value="Interop'Santé"/>
  <contact>
    <name value="Interop'Santé"/>
    <telecom>
      <system value="url"/>
      <value value="http://interopsante.org/"/>
    </telecom>
  </contact>
  <description value="Le système de codage des sources d'un Bilan Médicamenteux."/>
  <jurisdiction>
    <coding>
      <system value="urn:iso:std:iso:3166"/>
      <code value="FR"/>
      <display value="FRANCE"/>
    </coding>
  </jurisdiction>
  <content value="complete"/>
  <count value="18"/>
  <concept>
    <code value="10000001"/>
    <display value="Entretien avec le patient"/>
  </concept>
  <concept>
    <code value="10000002"/>
    <display value="Entretien avec les proches"/>
  </concept>
  <concept>
    <code value="10000003"/>
    <display value="Entretien avec le pharmacien d’officine"/>
  </concept>
  <concept>
    <code value="10000004"/>
    <display value="Entretien avec le pharmacien hospitalier"/>
  </concept>
  <concept>
    <code value="10000005"/>
    <display value="Entretien avec le médecin traitant"/>
  </concept>
  <concept>
    <code value="10000006"/>
    <display value="Lettre du médecin traitant"/>
  </concept>
  <concept>
    <code value="10000007"/>
    <display value="Le dossier médical partagé"/>
  </concept>
  <concept>
    <code value="10000008"/>
    <display value="Lettres de liaison"/>
  </concept>
  <concept>
    <code value="10000009"/>
    <display value="Dossier pharmaceutique"/>
  </concept>
  <concept>
    <code value="10000010"/>
    <display value="Bilan de médication par le pharmacien d'officine"/>
  </concept>
  <concept>
    <code value="10000011"/>
    <display value="Compte-rendu de télé expertise entre deux médecins généralistes pour un patient admis en EHPAD"/>
  </concept>
  <concept>
    <code value="10000012"/>
    <display value="Médicaments apportés par le patient"/>
  </concept>
  <concept>
    <code value="10000013"/>
    <display value="Ordonnances apportées par le patient"/>
  </concept>
  <concept>
    <code value="10000014"/>
    <display value="Fiche de liaison de l’EHPAD"/>
  </concept>
  <concept>
    <code value="10000015"/>
    <display value="Entretien ou lettre du médecin spécialiste"/>
  </concept>
  <concept>
    <code value="10000016"/>
    <display value="Fiche de liaison avec le service de soins à domicile"/>
  </concept>
  <concept>
    <code value="10000017"/>
    <display value="Dossier patient d’une précédente hospitalisation"/>
  </concept>
  <concept>
    <code value="10000018"/>
    <display value="Volet de synthèse médicale"/>
  </concept>
</CodeSystem>