<?xml version="1.0" encoding="UTF-8"?>

<ConceptMap xmlns="http://hl7.org/fhir">
  <id value="PN13-FHIR-prescmed-encounter-conceptmap"/>
  <text>
    <status value="generated"/><div xmlns="http://www.w3.org/1999/xhtml"><p class="res-header-id"><b>Narratif généré : CarteDeConcepts PN13-FHIR-prescmed-encounter-conceptmap</b></p><a name="PN13-FHIR-prescmed-encounter-conceptmap"> </a><a name="hcPN13-FHIR-prescmed-encounter-conceptmap"> </a><p>Mapping from https://interopsante.org/pn13/xsd to <a href="StructureDefinition-fr-inpatient-medicationrequest.html">FR Inpatient MedicationRequest</a></p><br/><p><b>Group 1 </b>Mapping from <code>unspecified code system</code> to <code>unspecified code system</code></p><table class="grid"><tr><td><b>Source Code</b></td><td><b>relation</b></td><td><b>Target Code</b></td><td><b>Commentaire</b></td></tr><tr><td>Messages/M_prescription_médicaments/Séjour/Id_séjour</td><td><a href="http://hl7.org/fhir/R5/codesystem-concept-map-relationship.html#equal" title="equal">is equal to</a></td><td>MedicationRequest.encounter.identifier.value</td><td/></tr><tr><td>Messages/M_prescription_médicaments/Séjour/DI_séjour</td><td><a href="http://hl7.org/fhir/R5/codesystem-concept-map-relationship.html#equivalent" title="equivalent">is equivalent to</a></td><td>MedicationRequest.encounter.identifier.system</td><td>Le domaine d'identification PN13 doit être exprimé sous le format uri pour alimenter patient.identifer.system. Par exemple, les domaines d'identification sous forme d'OID doivent être préfixés par urn:oid:</td></tr></table></div>
  </text>
  <url value="https://hl7.fr/ig/fhir/medication/ConceptMap/PN13-FHIR-prescmed-encounter-conceptmap"/>
  <version value="0.1.0"/>
  <name value="FrPN13FHIRMedicationPrescriptionEncounterConceptMap"/>
  <title value="Conversion PN13 vers FHIR pour un séjour d'une prescription de médicaments"/>
  <status value="draft"/>
  <date value="2025-08-20T15:16:03+00:00"/>
  <publisher value="Interop'Santé"/>
  <contact>
    <name value="Interop'Santé"/>
    <telecom>
      <system value="url"/>
      <value value="http://interopsante.org/"/>
    </telecom>
  </contact>
  <description value="ConceptMap pour la conversion PN13 vers FHIR d'un séjour d'une prescritpion de médicament"/>
  <jurisdiction>
    <coding>
      <system value="urn:iso:std:iso:3166"/>
      <code value="FR"/>
      <display value="FRANCE"/>
    </coding>
  </jurisdiction>
  <sourceUri value="https://interopsante.org/pn13/xsd"/>
  <targetUri value="https://hl7.fr/ig/fhir/medication/StructureDefinition/fr-inpatient-medicationrequest"/>
  <group>
    <element>
      <code value="Messages/M_prescription_médicaments/Séjour/Id_séjour"/>
      <target>
        <code value="MedicationRequest.encounter.identifier.value"/>
        <equivalence value="equal"/>
      </target>
    </element>
    <element>
      <code value="Messages/M_prescription_médicaments/Séjour/DI_séjour"/>
      <target>
        <code value="MedicationRequest.encounter.identifier.system"/>
        <equivalence value="equivalent"/>
        <comment value="Le domaine d'identification PN13 doit être exprimé sous le format uri pour alimenter patient.identifer.system. Par exemple, les domaines d'identification sous forme d'OID doivent être préfixés par urn:oid:"/>
      </target>
    </element>
  </group>
</ConceptMap>