{
  "resourceType" : "Medication",
  "id" : "InLine-med-Paracetamol",
  "meta" : {
    "profile" : ["https://hl7.fr/ig/fhir/medication/StructureDefinition/fr-medication"]
  },
  "text" : {
    "status" : "generated",
    "div" : "<div xmlns=\"http://www.w3.org/1999/xhtml\"><p class=\"res-header-id\"><b>Narratif généré : Médication InLine-med-Paracetamol</b></p><a name=\"InLine-med-Paracetamol\"> </a><a name=\"hcInLine-med-Paracetamol\"> </a><div style=\"display: inline-block; background-color: #d9e0e7; padding: 6px; margin: 4px; border: 1px solid #8da1b4; border-radius: 5px; line-height: 60%\"><p style=\"margin-bottom: 0px\"/><p style=\"margin-bottom: 0px\">Profil: <a href=\"StructureDefinition-fr-medication.html\">FR Medication</a></p></div><p><b>code</b>: <span title=\"Codes:{http://data.esante.gouv.fr/ansm/medicament/codeSMS 100000090270}\">PARACETAMOL</span></p></div>"
  },
  "code" : {
    "coding" : [{
      "system" : "http://data.esante.gouv.fr/ansm/medicament/codeSMS",
      "code" : "100000090270",
      "display" : "paracétamol"
    }],
    "text" : "PARACETAMOL"
  }
}