{
  "resourceType" : "ValueSet",
  "id" : "fr-additional-action-relationship-type-value-set",
  "meta" : {
    "profile" : ["http://hl7.org/fhir/StructureDefinition/shareablevalueset"]
  },
  "text" : {
    "status" : "generated",
    "div" : "<div xmlns=\"http://www.w3.org/1999/xhtml\"><p class=\"res-header-id\"><b>Narratif généré : EnsembleValeurs fr-additional-action-relationship-type-value-set</b></p><a name=\"fr-additional-action-relationship-type-value-set\"> </a><a name=\"hcfr-additional-action-relationship-type-value-set\"> </a><div style=\"display: inline-block; background-color: #d9e0e7; padding: 6px; margin: 4px; border: 1px solid #8da1b4; border-radius: 5px; line-height: 60%\"><p style=\"margin-bottom: 0px\"/><p style=\"margin-bottom: 0px\">Profil: <a href=\"http://hl7.org/fhir/R4/shareablevalueset.html\">Shareable ValueSet</a></p></div><ul><li>Include tous les codes définis dans <a href=\"CodeSystem-fr-additional-action-relationship-type.html\"><code>https://hl7.fr/ig/fhir/medication/CodeSystem/fr-additional-action-relationship-type</code></a></li></ul></div>"
  },
  "url" : "https://hl7.fr/ig/fhir/medication/ValueSet/fr-additional-action-relationship-type-value-set",
  "version" : "0.1.0",
  "name" : "FrAdditionalRequestGroupRelationshipValueSet",
  "title" : "Interop'Santé value set - Additional codes for relationship between action",
  "status" : "draft",
  "experimental" : false,
  "date" : "2025-08-12T15:54:36+00:00",
  "publisher" : "Interop'Santé",
  "contact" : [{
    "name" : "Interop'Santé",
    "telecom" : [{
      "system" : "url",
      "value" : "http://interopsante.org/"
    }]
  }],
  "description" : "Codes to specify relationship between action in a RequestGroup that are not in the valueSet http://hl7.org/fhir/ValueSet/action-relationship-type.",
  "jurisdiction" : [{
    "coding" : [{
      "system" : "urn:iso:std:iso:3166",
      "code" : "FR",
      "display" : "FRANCE"
    }]
  }],
  "immutable" : false,
  "compose" : {
    "include" : [{
      "system" : "https://hl7.fr/ig/fhir/medication/CodeSystem/fr-additional-action-relationship-type"
    }]
  }
}