<?xml version="1.0" encoding="UTF-8"?>

<MedicationRequest xmlns="http://hl7.org/fhir">
  <id value="14651-30"/>
  <meta>
    <profile value="https://hl7.fr/fhir/fr/medication/StructureDefinition/fr-inpatient-medication-request"/>
  </meta>
  <text>
    <status value="extensions"/><div xmlns="http://www.w3.org/1999/xhtml"><p class="res-header-id"><b>Generated Narrative: MedicationRequest 14651-30</b></p><a name="14651-30"> </a><a name="hc14651-30"> </a><a name="14651-30-en-US"> </a><p><b>status</b>: Active</p><p><b>intent</b>: Order</p><p><b>medication</b>: <a href="#hc14651-30/med-321">Medication </a></p><p><b>subject</b>: <a href="Patient/phast-14602">Patient/phast-14602</a></p><p><b>authoredOn</b>: 2021-10-15 10:25:27+0000</p><p><b>requester</b>: <a href="Practitioner/smart-Practitioner-71482713">Practitioner/smart-Practitioner-71482713</a></p><blockquote><p><b>dosageInstruction</b></p><p><b>sequence</b>: 1</p><p><b>timing</b>: Once</p><p><b>route</b>: <span title="Codes:{http://snomed.info/sct 47625008}">Voie intraveineuse</span></p><h3>DoseAndRates</h3><table class="grid"><tr><td style="display: none">-</td><td><b>Extension</b></td><td><b>Type</b></td><td><b>Rate[x]</b></td></tr><tr><td style="display: none">*</td><td/><td><span title="Codes:{http://terminology.hl7.org/CodeSystem/dose-rate-type ordered}">Ordered</span></td><td>400 µg<span style="background: LightGoldenRodYellow"> (Details: UCUM  codeug = 'ug')</span>/ min<span style="background: LightGoldenRodYellow"> (Details: UCUM  codemin = 'min')</span></td></tr></table></blockquote><hr/><blockquote><p class="res-header-id"><b>Generated Narrative: Medication #med-322</b></p><a name="14651-30/med-322"> </a><a name="hc14651-30/med-322"> </a><a name="14651-30/med-322-en-US"> </a><p><b>code</b>: <span title="Codes:{http://snomed.info/sct 775687004}">DOBUTAMINE</span></p><h3>Ingredients</h3><table class="grid"><tr><td style="display: none">-</td><td><b>Item[x]</b></td><td><b>IsActive</b></td></tr><tr><td style="display: none">*</td><td><span title="Codes:{http://snomed.info/sct 412383006}">DOBUTAMINE</span></td><td>true</td></tr></table></blockquote><hr/><blockquote><p class="res-header-id"><b>Generated Narrative: Medication #med-323</b></p><a name="14651-30/med-323"> </a><a name="hc14651-30/med-323"> </a><a name="14651-30/med-323-en-US"> </a><p><b>code</b>: <span title="Codes:{http://snomed.info/sct 776119003}">GLUCOSE</span></p><p><b>form</b>: <span title="Codes:{http://snomed.info/sct 385229008}">solution pour perfusion</span></p><h3>Ingredients</h3><table class="grid"><tr><td style="display: none">-</td><td><b>Item[x]</b></td><td><b>IsActive</b></td><td><b>Strength</b></td></tr><tr><td style="display: none">*</td><td><span title="Codes:{http://snomed.info/sct 67079006}">GLUCOSE</span></td><td>true</td><td>50 mg<span style="background: LightGoldenRodYellow"> (Details: UCUM  codemg = 'mg')</span>/ mL<span style="background: LightGoldenRodYellow"> (Details: UCUM  codemL = 'mL')</span></td></tr></table></blockquote><hr/><blockquote><p class="res-header-id"><b>Generated Narrative: Medication #med-321</b></p><a name="14651-30/med-321"> </a><a name="hc14651-30/med-321"> </a><a name="14651-30/med-321-en-US"> </a><p><b>code</b>: <span title="Codes:">Dobutamine 200 mg dans G5 qsp 40 mL</span></p><p><b>amount</b>: 40 mL<span style="background: LightGoldenRodYellow"> (Details: UCUM  codemL = 'mL')</span>/1 1<span style="background: LightGoldenRodYellow"> (Details: UCUM  code1 = '1')</span></p><blockquote><p><b>ingredient</b></p><p><b>item</b>: <a href="#hc14651-30/med-322">Medication médicament contenant seulement dobutamine</a></p><p><b>isActive</b>: true</p></blockquote><blockquote><p><b>ingredient</b></p><p><b>org/fhir/StructureDefinition/FrIsVehicle</b>: true</p><p><b>item</b>: <a href="#hc14651-30/med-323">Medication médicament contenant seulement glucose</a></p><p><b>isActive</b>: true</p></blockquote></blockquote></div>
  </text>
  <contained>
    <Medication>
      <id value="med-322"/>
      <meta>
        <profile value="https://hl7.fr/fhir/fr/medication/StructureDefinition/fr-medication-non-proprietary-name"/>
      </meta>
      <code>
        <coding>
          <system value="http://snomed.info/sct"/>
          <code value="775687004"/>
          <display value="médicament contenant seulement dobutamine"/>
        </coding>
        <text value="DOBUTAMINE"/>
      </code>
      <ingredient>
        <itemCodeableConcept>
          <coding>
            <system value="http://snomed.info/sct"/>
            <code value="412383006"/>
            <display value="dobutamine"/>
          </coding>
          <text value="DOBUTAMINE"/>
        </itemCodeableConcept>
        <isActive value="true"/>
      </ingredient>
    </Medication>
  </contained>
  <contained>
    <Medication>
      <id value="med-323"/>
      <meta>
        <profile value="https://hl7.fr/fhir/fr/medication/StructureDefinition/fr-medication-non-proprietary-name"/>
      </meta>
      <code>
        <coding>
          <system value="http://snomed.info/sct"/>
          <code value="776119003"/>
          <display value="médicament contenant seulement glucose"/>
        </coding>
        <text value="GLUCOSE"/>
      </code>
      <form>
        <coding>
          <system value="http://snomed.info/sct"/>
          <code value="385229008"/>
          <display value="solution pour perfusion"/>
        </coding>
        <text value="solution pour perfusion"/>
      </form>
      <ingredient>
        <itemCodeableConcept>
          <coding>
            <system value="http://snomed.info/sct"/>
            <code value="67079006"/>
            <display value="glucose"/>
          </coding>
          <text value="GLUCOSE"/>
        </itemCodeableConcept>
        <isActive value="true"/>
        <strength>
          <numerator>
            <value value="50"/>
            <unit value="mg"/>
            <system value="http://unitsofmeasure.org"/>
            <code value="mg"/>
          </numerator>
          <denominator>
            <unit value="mL"/>
            <system value="http://unitsofmeasure.org"/>
            <code value="mL"/>
          </denominator>
        </strength>
      </ingredient>
    </Medication>
  </contained>
  <contained>
    <Medication>
      <id value="med-321"/>
      <meta>
        <profile value="https://hl7.fr/fhir/fr/medication/StructureDefinition/fr-medication-compound"/>
      </meta>
      <code>
        <text value="Dobutamine 200 mg dans G5 qsp 40 mL"/>
      </code>
      <amount>
        <numerator>
          <value value="40"/>
          <unit value="mL"/>
          <system value="http://unitsofmeasure.org"/>
          <code value="mL"/>
        </numerator>
        <denominator>
          <value value="1"/>
          <system value="http://unitsofmeasure.org"/>
          <code value="1"/>
        </denominator>
      </amount>
      <ingredient>
        <itemReference>
          <reference value="#med-322"/>
        </itemReference>
        <isActive value="true"/>
      </ingredient>
      <ingredient>
        <extension url="http://interopsante.org/fhir/StructureDefinition/FrIsVehicle">
          <valueBoolean value="true"/>
        </extension>
        <itemReference>
          <reference value="#med-323"/>
        </itemReference>
        <isActive value="true"/>
      </ingredient>
    </Medication>
  </contained>
  <status value="active"/>
  <intent value="order"/>
  <medicationReference>
    <reference value="#med-321"/>
  </medicationReference>
  <subject>
    <reference value="Patient/phast-14602"/>
  </subject>
  <authoredOn value="2021-10-15T10:25:27.401Z"/>
  <requester>
    <reference value="Practitioner/smart-Practitioner-71482713"/>
  </requester>
  <dosageInstruction>
    <sequence value="1"/>
    <timing>
      <repeat>
        <boundsPeriod>
          <start value="2021-10-15T10:25:00Z"/>
          <end value="2021-10-16T10:24:59Z"/>
        </boundsPeriod>
      </repeat>
    </timing>
    <route>
      <coding>
        <system value="http://snomed.info/sct"/>
        <code value="47625008"/>
        <display value="Voie intraveineuse"/>
      </coding>
      <text value="Voie intraveineuse"/>
    </route>
    <doseAndRate>
      <extension url="http://interopsante.org/fhir/StructureDefinition/FrBasisOfDoseComponent">
        <valueReference>
          <reference value="#med-322"/>
        </valueReference>
      </extension>
      <type>
        <coding>
          <system value="http://terminology.hl7.org/CodeSystem/dose-rate-type"/>
          <code value="ordered"/>
          <display value="Ordered"/>
        </coding>
        <text value="Ordered"/>
      </type>
      <rateRatio>
        <numerator>
          <value value="400"/>
          <unit value="µg"/>
          <system value="http://unitsofmeasure.org"/>
          <code value="ug"/>
        </numerator>
        <denominator>
          <unit value="min"/>
          <system value="http://unitsofmeasure.org"/>
          <code value="min"/>
        </denominator>
      </rateRatio>
    </doseAndRate>
  </dosageInstruction>
</MedicationRequest>