<?xml version="1.0" encoding="UTF-8"?>

<MedicationRequest xmlns="http://hl7.org/fhir">
  <id value="14631"/>
  <meta>
    <profile value="https://hl7.fr/fhir/fr/medication/StructureDefinition/fr-inpatient-medicationrequest"/>
  </meta>
  <text>
    <status value="generated"/><div xmlns="http://www.w3.org/1999/xhtml"><p class="res-header-id"><b>Generated Narrative: MedicationRequest 14631</b></p><a name="14631"> </a><a name="hc14631"> </a><a name="14631-en-US"> </a><p><b>status</b>: Active</p><p><b>intent</b>: Order</p><p><b>medication</b>: <a href="#hc14631/med-161">Medication médicament contenant seulement glucose et chlorure de potassium et chlorure de sodium</a></p><p><b>subject</b>: <a href="Patient/phast-14602">Patient/phast-14602</a></p><p><b>authoredOn</b>: 2021-07-30 11:42:16+0000</p><p><b>requester</b>: <a href="Practitioner/smart-Practitioner-71482713">Practitioner/smart-Practitioner-71482713</a></p><blockquote><p><b>dosageInstruction</b></p><p><b>sequence</b>: 1</p><p><b>timing</b>: Once</p><p><b>route</b>: <span title="Codes:{http://snomed.info/sct 47625008}">Voie intraveineuse</span></p><h3>DoseAndRates</h3><table class="grid"><tr><td style="display: none">-</td><td><b>Type</b></td><td><b>Rate[x]</b></td></tr><tr><td style="display: none">*</td><td><span title="Codes:{http://terminology.hl7.org/CodeSystem/dose-rate-type ordered}">Ordered</span></td><td>1 1<span style="background: LightGoldenRodYellow"> (Details: UCUM  code1 = '1')</span>/12 h<span style="background: LightGoldenRodYellow"> (Details: UCUM  codeh = 'h')</span></td></tr></table></blockquote><hr/><blockquote><p class="res-header-id"><b>Generated Narrative: Medication #med-161</b></p><a name="14631/med-161"> </a><a name="hc14631/med-161"> </a><a name="14631/med-161-en-US"> </a><p><b>code</b>: <span title="Codes:{http://unitsofmeasure.org 776123006}">GLUCOSE + SODIUM CHLORURE + POTASSIUM CHLORURE</span></p><p><b>form</b>: <span title="Codes:{http://snomed.info/sct 385229008}">solution pour perfusion</span></p><p><b>amount</b>: 500 mL<span style="background: LightGoldenRodYellow"> (Details: UCUM  codemL = 'mL')</span>/1 1<span style="background: LightGoldenRodYellow"> (Details: UCUM  code1 = '1')</span></p><blockquote><p><b>ingredient</b></p><p><b>item</b>: <span title="Codes:{http://snomed.info/sct 67079006}">GLUCOSE</span></p><p><b>isActive</b>: true</p><p><b>strength</b>: 50 mg<span style="background: LightGoldenRodYellow"> (Details: UCUM  codemg = 'mg')</span>/ mL<span style="background: LightGoldenRodYellow"> (Details: UCUM  codemL = 'mL')</span></p></blockquote><blockquote><p><b>ingredient</b></p><p><b>item</b>: <span title="Codes:{http://snomed.info/sct 387390002}">SODIUM CHLORURE</span></p><p><b>isActive</b>: true</p><p><b>strength</b>: 2 g<span style="background: LightGoldenRodYellow"> (Details: UCUM  codeg = 'g')</span>/1 1<span style="background: LightGoldenRodYellow"> (Details: UCUM  code1 = '1')</span></p></blockquote><blockquote><p><b>ingredient</b></p><p><b>item</b>: <span title="Codes:{http://snomed.info/sct 8631001}">POTASSIUM CHLORURE</span></p><p><b>isActive</b>: true</p><p><b>strength</b>: 1 g<span style="background: LightGoldenRodYellow"> (Details: UCUM  codeg = 'g')</span>/1 1<span style="background: LightGoldenRodYellow"> (Details: UCUM  code1 = '1')</span></p></blockquote></blockquote></div>
  </text>
  <contained>
    <Medication>
      <id value="med-161"/>
      <meta>
        <profile value="https://hl7.fr/fhir/fr/medication/StructureDefinition/fr-medication-nonproprietary-name"/>
      </meta>
      <code>
        <coding>
          <system value="http://unitsofmeasure.org"/>
          <code value="776123006"/>
          <display value="médicament contenant seulement glucose et chlorure de potassium et chlorure de sodium"/>
        </coding>
        <text value="GLUCOSE + SODIUM CHLORURE + POTASSIUM CHLORURE"/>
      </code>
      <form>
        <coding>
          <system value="http://snomed.info/sct"/>
          <code value="385229008"/>
          <display value="solution pour perfusion"/>
        </coding>
        <text value="solution pour perfusion"/>
      </form>
      <amount>
        <numerator>
          <value value="500"/>
          <unit value="mL"/>
          <system value="http://unitsofmeasure.org"/>
          <code value="mL"/>
        </numerator>
        <denominator>
          <value value="1"/>
          <system value="http://unitsofmeasure.org"/>
          <code value="1"/>
        </denominator>
      </amount>
      <ingredient>
        <itemCodeableConcept>
          <coding>
            <system value="http://snomed.info/sct"/>
            <code value="67079006"/>
            <display value="glucose"/>
          </coding>
          <text value="GLUCOSE"/>
        </itemCodeableConcept>
        <isActive value="true"/>
        <strength>
          <numerator>
            <value value="50"/>
            <unit value="mg"/>
            <system value="http://unitsofmeasure.org"/>
            <code value="mg"/>
          </numerator>
          <denominator>
            <unit value="mL"/>
            <system value="http://unitsofmeasure.org"/>
            <code value="mL"/>
          </denominator>
        </strength>
      </ingredient>
      <ingredient>
        <itemCodeableConcept>
          <coding>
            <system value="http://snomed.info/sct"/>
            <code value="387390002"/>
            <display value="clhorure de sodium"/>
          </coding>
          <text value="SODIUM CHLORURE"/>
        </itemCodeableConcept>
        <isActive value="true"/>
        <strength>
          <numerator>
            <value value="2"/>
            <unit value="g"/>
            <system value="http://unitsofmeasure.org"/>
            <code value="g"/>
          </numerator>
          <denominator>
            <value value="1"/>
            <system value="http://unitsofmeasure.org"/>
            <code value="1"/>
          </denominator>
        </strength>
      </ingredient>
      <ingredient>
        <itemCodeableConcept>
          <coding>
            <system value="http://snomed.info/sct"/>
            <code value="8631001"/>
            <display value="chlorure de potassium"/>
          </coding>
          <text value="POTASSIUM CHLORURE"/>
        </itemCodeableConcept>
        <isActive value="true"/>
        <strength>
          <numerator>
            <value value="1"/>
            <unit value="g"/>
            <system value="http://unitsofmeasure.org"/>
            <code value="g"/>
          </numerator>
          <denominator>
            <value value="1"/>
            <system value="http://unitsofmeasure.org"/>
            <code value="1"/>
          </denominator>
        </strength>
      </ingredient>
    </Medication>
  </contained>
  <status value="active"/>
  <intent value="order"/>
  <medicationReference>
    <reference value="#med-161"/>
  </medicationReference>
  <subject>
    <reference value="Patient/phast-14602"/>
  </subject>
  <authoredOn value="2021-07-30T11:42:16.592Z"/>
  <requester>
    <reference value="Practitioner/smart-Practitioner-71482713"/>
  </requester>
  <dosageInstruction>
    <sequence value="1"/>
    <timing>
      <repeat>
        <boundsPeriod>
          <start value="2021-07-30T11:42:00Z"/>
          <end value="2021-08-04T11:41:59Z"/>
        </boundsPeriod>
        <timeOfDay value="10:00:00"/>
        <timeOfDay value="22:00:00"/>
      </repeat>
    </timing>
    <route>
      <coding>
        <system value="http://snomed.info/sct"/>
        <code value="47625008"/>
        <display value="Voie intraveineuse"/>
      </coding>
      <text value="Voie intraveineuse"/>
    </route>
    <doseAndRate>
      <type>
        <coding>
          <system value="http://terminology.hl7.org/CodeSystem/dose-rate-type"/>
          <code value="ordered"/>
          <display value="Ordered"/>
        </coding>
        <text value="Ordered"/>
      </type>
      <rateRatio>
        <numerator>
          <value value="1"/>
          <system value="http://unitsofmeasure.org"/>
          <code value="1"/>
        </numerator>
        <denominator>
          <value value="12"/>
          <unit value="h"/>
          <system value="http://unitsofmeasure.org"/>
          <code value="h"/>
        </denominator>
      </rateRatio>
    </doseAndRate>
  </dosageInstruction>
</MedicationRequest>