<?xml version="1.0" encoding="UTF-8"?>

<ValueSet xmlns="http://hl7.org/fhir">
  <id value="fr-medication-reconciliation-qualified-discrepancy"/>
  <meta>
    <profile value="http://hl7.org/fhir/StructureDefinition/shareablevalueset"/>
  </meta>
  <text>
    <status value="generated"/><div xmlns="http://www.w3.org/1999/xhtml"><p class="res-header-id"><b>Generated Narrative: ValueSet fr-medication-reconciliation-qualified-discrepancy</b></p><a name="fr-medication-reconciliation-qualified-discrepancy"> </a><a name="hcfr-medication-reconciliation-qualified-discrepancy"> </a><a name="fr-medication-reconciliation-qualified-discrepancy-en-US"> </a><ul><li>Include codes from<a href="CodeSystem-fr-medication-reconciliation-discrepancy.html"><code>https://hl7.fr/fhir/fr/medication/CodeSystem/fr-medication-reconciliation-discrepancy</code></a> where isQualified  = true</li></ul></div>
  </text>
  <url value="https://hl7.fr/fhir/fr/medication/ValueSet/fr-medication-reconciliation-qualified-discrepancy"/>
  <version value="0.1.0"/>
  <name value="FrMedicationReconciliationQualifiedDiscrepancy"/>
  <title value="value set InterOp'Santé - qualification de la divergence identifiée sur une ligne de traitement d'une FCT"/>
  <status value="draft"/>
  <experimental value="false"/>
  <date value="2024-12-23T15:03:08+00:00"/>
  <publisher value="Interop'Santé"/>
  <contact>
    <name value="Interop'Santé"/>
    <telecom>
      <system value="url"/>
      <value value="http://interopsante.org/"/>
    </telecom>
  </contact>
  <description value="Le jeu de valeurs à utiliser pour coder la qualification de la divergence identifiée sur une ligne de traitement d'une FCT (Fiche de Conciliation des Traitements médicamenteux)."/>
  <immutable value="false"/>
  <compose>
    <include>
      <system value="https://hl7.fr/fhir/fr/medication/CodeSystem/fr-medication-reconciliation-discrepancy"/>
      <filter>
        <property value="isQualified"/>
        <op value="="/>
        <value value="true"/>
      </filter>
    </include>
  </compose>
</ValueSet>