<?xml version="1.0" encoding="UTF-8"?>

<Bundle xmlns="http://hl7.org/fhir">
  <id value="HAS-20-Presc-Hydrocortisone"/>
  <meta>
    <profile value="https://hl7.fr/ig/fhir/medication/StructureDefinition/fr-prescription-bundle-for-example"/>
  </meta>
  <type value="searchset"/>
  <entry>
    <resource>
      <MedicationRequest>
        <id value="medicationrequest-HAS-20-Presc-Hydrocortisone"/>
        <meta>
          <profile value="https://hl7.fr/ig/fhir/medication/StructureDefinition/fr-medicationrequest"/>
        </meta>
        <text>
          <status value="extensions"/><div xmlns="http://www.w3.org/1999/xhtml"><a name="MedicationRequest_medicationrequest-HAS-20-Presc-Hydrocortisone"> </a><p class="res-header-id"><b>Narratif généré : PrescriptionMédicamenteuseTODO medicationrequest-HAS-20-Presc-Hydrocortisone</b></p><a name="medicationrequest-HAS-20-Presc-Hydrocortisone"> </a><a name="hcmedicationrequest-HAS-20-Presc-Hydrocortisone"> </a><div style="display: inline-block; background-color: #d9e0e7; padding: 6px; margin: 4px; border: 1px solid #8da1b4; border-radius: 5px; line-height: 60%"><p style="margin-bottom: 0px"/><p style="margin-bottom: 0px">Profil: <a href="StructureDefinition-fr-medicationrequest.html">FR Medication Request</a></p></div><p><b>Extension Definition for MedicationRequest.renderedDosageInstruction for Version 5.0</b>: </p><div><p>20 mg à 8h et 10 mg à 12h</p>
</div><p><b>status</b>: Active</p><p><b>intent</b>: Order</p><p><b>priority</b>: Routine</p><p><b>medication</b>: <span title="Codes :{http://BogusSystemMedicabase.com MV00000089}">HYDROCORTISONE 10 mg comprimé</span></p><p><b>subject</b>: <a href="Patient/14602">Patient/14602</a></p><p><b>authoredOn</b>: 2025-07-23 10:33:00+0100</p><p><b>requester</b>: <a href="Practitioner/smart-Practitioner-71482713">Practitioner/smart-Practitioner-71482713</a></p><p><b>note</b>: </p><blockquote><div><p>Prescription textuelle: HYDROCORTISONE 10 mg comprimé: 20 mg à 8h et 10 mg à 12h</p>
</div></blockquote><blockquote><p><b>dosageInstruction</b></p><p><b>timing</b>: Une fois</p><h3>DoseAndRates</h3><table class="grid"><tr><td style="display: none">-</td><td><b>Dose[x]</b></td></tr><tr><td style="display: none">*</td><td>20 mg<span style="background: LightGoldenRodYellow"> (Détails : code UCUMmg = 'mg')</span></td></tr></table></blockquote><blockquote><p><b>dosageInstruction</b></p><p><b>timing</b>: Une fois</p><h3>DoseAndRates</h3><table class="grid"><tr><td style="display: none">-</td><td><b>Dose[x]</b></td></tr><tr><td style="display: none">*</td><td>10 mg<span style="background: LightGoldenRodYellow"> (Détails : code UCUMmg = 'mg')</span></td></tr></table></blockquote></div>
        </text>
        <extension url="http://hl7.org/fhir/5.0/StructureDefinition/extension-MedicationRequest.renderedDosageInstruction">
          <valueMarkdown value="20 mg à 8h et 10 mg à 12h"/>
        </extension>
        <status value="active"/>
        <intent value="order"/>
        <priority value="routine"/>
        <medicationCodeableConcept>
          <coding>
            <system value="http://BogusSystemMedicabase.com"/>
            <code value="MV00000089"/>
            <display value="HYDROCORTISONE 10 mg comprimé"/>
          </coding>
        </medicationCodeableConcept>
        <subject>
          <reference value="Patient/14602"/>
        </subject>
        <authoredOn value="2025-07-23T10:33:00+01:00"/>
        <requester>
          <reference value="Practitioner/smart-Practitioner-71482713"/>
        </requester>
        <note>
          <text value="Prescription textuelle: HYDROCORTISONE 10 mg comprimé: 20 mg à 8h et 10 mg à 12h"/>
        </note>
        <dosageInstruction>
          <timing>
            <repeat>
              <timeOfDay value="08:00:00"/>
            </repeat>
          </timing>
          <doseAndRate>
            <doseQuantity>
              <value value="20"/>
              <unit value="mg"/>
              <system value="http://unitsofmeasure.org"/>
              <code value="mg"/>
            </doseQuantity>
          </doseAndRate>
        </dosageInstruction>
        <dosageInstruction>
          <timing>
            <repeat>
              <timeOfDay value="12:00:00"/>
            </repeat>
          </timing>
          <doseAndRate>
            <doseQuantity>
              <value value="10"/>
              <unit value="mg"/>
              <system value="http://unitsofmeasure.org"/>
              <code value="mg"/>
            </doseQuantity>
          </doseAndRate>
        </dosageInstruction>
      </MedicationRequest>
    </resource>
  </entry>
</Bundle>