<?xml version="1.0" encoding="UTF-8"?>

<MedicationRequest xmlns="http://hl7.org/fhir">
  <id value="14629"/>
  <meta>
    <profile value="https://hl7.fr/fhir/fr/medication/StructureDefinition/FrInpatientMedicationRequest"/>
  </meta>
  <text>
    <status value="generated"/><div xmlns="http://www.w3.org/1999/xhtml"><p class="res-header-id"><b>Generated Narrative: MedicationRequest 14629</b></p><a name="14629"> </a><a name="hc14629"> </a><a name="14629-en-US"> </a><p><b>status</b>: Active</p><p><b>intent</b>: Order</p><p><b>medication</b>: <a href="#hc14629/med-131">Medication MATRIFEN 75 ug/h, dispositif transdermique</a></p><p><b>subject</b>: <a href="Patient/phast-14602">Patient/phast-14602</a></p><p><b>authoredOn</b>: 2021-07-29 16:14:13+0000</p><p><b>requester</b>: <a href="Practitioner/smart-Practitioner-71482713">Practitioner/smart-Practitioner-71482713</a></p><blockquote><p><b>dosageInstruction</b></p></blockquote><hr/><blockquote><p class="res-header-id"><b>Generated Narrative: Medication  #med-131</b></p><a name="14629/med-131"> </a><a name="hc14629/med-131"> </a><a name="14629/med-131-en-US"> </a><p><b>code</b>: <span title="Codes:{http://phast.fr/fhir/ValueSet/Pharmacy/CIOdc/SIPh-CIO_UCD 3400893183014}">MATRIFEN 75 ug/h, dispositif transdermique</span></p><p><b>form</b>: <span title="Codes:{http://snomed.info/sct 385114002}">dispositif cutané</span></p><p><b>amount</b>: 72 h<span style="background: LightGoldenRodYellow"> (Details: UCUM  codeh = 'h')</span>/1 1<span style="background: LightGoldenRodYellow"> (Details: UCUM  code1 = '1')</span></p><h3>Ingredients</h3><table class="grid"><tr><td style="display: none">-</td><td><b>Item[x]</b></td><td><b>IsActive</b></td><td><b>Strength</b></td></tr><tr><td style="display: none">*</td><td><span title="Codes:{http://snomed.info/sct 68540007}">FENTANYL</span></td><td>true</td><td>75 µg<span style="background: LightGoldenRodYellow"> (Details: UCUM  codeug = 'ug')</span>/ h<span style="background: LightGoldenRodYellow"> (Details: UCUM  codeh = 'h')</span></td></tr></table></blockquote></div>
  </text>
  <contained>
    <Medication>
      <id value="med-131"/>
      <meta>
        <profile value="http://interopsante.org/fhir/StructureDefinition/FrMedicationUcd"/>
      </meta>
      <code>
        <coding>
          <system value="http://phast.fr/fhir/ValueSet/Pharmacy/CIOdc/SIPh-CIO_UCD"/>
          <code value="3400893183014"/>
          <display value="MATRIFEN 75 ug/h, dispositif transdermique"/>
        </coding>
        <text value="MATRIFEN 75 ug/h, dispositif transdermique"/>
      </code>
      <form>
        <coding>
          <system value="http://snomed.info/sct"/>
          <code value="385114002"/>
          <display value="dispositif cutané"/>
        </coding>
        <text value="dispositif cutané"/>
      </form>
      <amount>
        <numerator>
          <value value="72"/>
          <unit value="h"/>
          <system value="http://unitsofmeasure.org"/>
          <code value="h"/>
        </numerator>
        <denominator>
          <value value="1"/>
          <system value="http://unitsofmeasure.org"/>
          <code value="1"/>
        </denominator>
      </amount>
      <ingredient>
        <itemCodeableConcept>
          <coding>
            <system value="http://snomed.info/sct"/>
            <code value="68540007"/>
            <display value="fentanyl"/>
          </coding>
          <text value="FENTANYL"/>
        </itemCodeableConcept>
        <isActive value="true"/>
        <strength>
          <numerator>
            <value value="75"/>
            <unit value="µg"/>
            <system value="http://unitsofmeasure.org"/>
            <code value="ug"/>
          </numerator>
          <denominator>
            <unit value="h"/>
            <system value="http://unitsofmeasure.org"/>
            <code value="h"/>
          </denominator>
        </strength>
      </ingredient>
    </Medication>
  </contained>
  <status value="active"/>
  <intent value="order"/>
  <medicationReference>
    <reference value="#med-131"/>
  </medicationReference>
  <subject>
    <reference value="Patient/phast-14602"/>
  </subject>
  <authoredOn value="2021-07-29T16:14:13.817Z"/>
  <requester>
    <reference value="Practitioner/smart-Practitioner-71482713"/>
  </requester>
  <dosageInstruction>
    <sequence value="1"/>
    <timing>
      <repeat>
        <boundsPeriod>
          <start value="2021-07-29T16:14:00Z"/>
          <end value="2021-08-06T16:13:59Z"/>
        </boundsPeriod>
        <timeOfDay value="07:00:00"/>
      </repeat>
    </timing>
    <route>
      <coding>
        <system value="http://snomed.info/sct"/>
        <code value="45890007"/>
        <display value="Voie transdermique"/>
      </coding>
      <text value="Voie transdermique"/>
    </route>
    <doseAndRate>
      <type>
        <coding>
          <system value="http://terminology.hl7.org/CodeSystem/dose-rate-type"/>
          <code value="ordered"/>
          <display value="Ordered"/>
        </coding>
        <text value="Ordered"/>
      </type>
      <rateRatio>
        <numerator>
          <value value="1"/>
          <system value="http://unitsofmeasure.org"/>
          <code value="1"/>
        </numerator>
        <denominator>
          <value value="72"/>
          <unit value="h"/>
          <system value="http://unitsofmeasure.org"/>
          <code value="h"/>
        </denominator>
      </rateRatio>
    </doseAndRate>
  </dosageInstruction>
</MedicationRequest>