<?xml version="1.0" encoding="UTF-8"?><ValueSet xmlns="http://hl7.org/fhir"><id value="fr-medication-reconciliation-type"/><meta><profile value="http://hl7.org/fhir/StructureDefinition/shareablevalueset"/></meta><text><status value="generated"/><div xmlns="http://www.w3.org/1999/xhtml"><p class="res-header-id"><b>Narratif généré : EnsembleValeurs fr-medication-reconciliation-type</b></p><a name="fr-medication-reconciliation-type"> </a><a name="hcfr-medication-reconciliation-type"> </a><div style="display: inline-block; background-color: #d9e0e7; padding: 6px; margin: 4px; border: 1px solid #8da1b4; border-radius: 5px; line-height: 60%"><p style="margin-bottom: 0px"/><p style="margin-bottom: 0px">Profil: <a href="http://hl7.org/fhir/R4/shareablevalueset.html">Shareable ValueSet</a></p></div><ul><li>Include tous les codes définis dans <a href="CodeSystem-fr-medication-reconciliation-type.html"><code>https://hl7.fr/ig/fhir/medication/CodeSystem/fr-medication-reconciliation-type</code></a></li></ul></div></text><url value="https://hl7.fr/ig/fhir/medication/ValueSet/fr-medication-reconciliation-type"/><version value="0.1.0"/><name value="FRMedicationReconciliationType"/><title value="value set Interop'Santé - Type d'écart/erreur sur une ligne de traitement d'une FCT"/><status value="draft"/><experimental value="false"/><date value="2025-07-26T08:35:27+00:00"/><publisher value="Interop'Santé"/><contact><name value="Interop'Santé"/><telecom><system value="url"/><value value="http://interopsante.org/"/></telecom></contact><description value="Le jeu de valeurs à utiliser pour coder le type d'écart/erreur sur une ligne de traitement d'une FCT (Fiche de Conciliation des Traitements médicamenteux)."/><jurisdiction><coding><system value="urn:iso:std:iso:3166"/><code value="FR"/><display value="FRANCE"/></coding></jurisdiction><immutable value="false"/><compose><include><system value="https://hl7.fr/ig/fhir/medication/CodeSystem/fr-medication-reconciliation-type"/></include></compose></ValueSet>