<?xml version="1.0" encoding="UTF-8"?><ConceptMap xmlns="http://hl7.org/fhir"><id value="PN13-FHIR-prescmed-medicationnoncompound-conceptmap"/><text><status value="generated"/><div xmlns="http://www.w3.org/1999/xhtml"><p class="res-header-id"><b>Narratif généré : CarteDeConcepts PN13-FHIR-prescmed-medicationnoncompound-conceptmap</b></p><a name="PN13-FHIR-prescmed-medicationnoncompound-conceptmap"> </a><a name="hcPN13-FHIR-prescmed-medicationnoncompound-conceptmap"> </a><p>Mapping from https://interopsante.org/pn13/xsd to <a href="StructureDefinition-fr-medication-noncompound.html">FR Medication Non Compound</a></p><br/><p><b>Group 1 </b>Mapping from <code>unspecified code system</code> to <code>unspecified code system</code></p><table class="grid"><tr><td><b>Source Code</b></td><td><b>relation</b></td><td><b>Target Code</b></td></tr><tr><td>Messages/M_prescription_médicaments/Prescription/Elément_prescr_médic/Composant_prescrit/Type_composant_1</td><td colspan="2" style="background-color: #efefef">(not mapped)</td></tr><tr><td>Messages/M_prescription_médicaments/Prescription/Elément_prescr_médic/Composant_prescrit/Type_composant_2</td><td colspan="2" style="background-color: #efefef">(not mapped)</td></tr><tr><td>Messages/M_prescription_médicaments/Prescription/Elément_prescr_médic/Composant_prescrit/Type_composant_3</td><td colspan="2" style="background-color: #efefef">(not mapped)</td></tr><tr><td>Messages/M_prescription_médicaments/Prescription/Elément_prescr_médic/Composant_prescrit/Type_composant_4</td><td colspan="2" style="background-color: #efefef">(not mapped)</td></tr><tr><td>Messages/M_prescription_médicaments/Prescription/Elément_prescr_médic/Composant_prescrit/Type_composant_5</td><td colspan="2" style="background-color: #efefef">(not mapped)</td></tr><tr><td>Messages/M_prescription_médicaments/Prescription/Elément_prescr_médic/Composant_prescrit/Type_composant_6</td><td colspan="2" style="background-color: #efefef">(not mapped)</td></tr><tr><td>Messages/M_prescription_médicaments/Prescription/Elément_prescr_médic/Composant_prescrit/Type_composant_7</td><td colspan="2" style="background-color: #efefef">(not mapped)</td></tr><tr><td>Messages/M_prescription_médicaments/Prescription/Elément_prescr_médic/Composant_prescrit/Type_composant_8</td><td colspan="2" style="background-color: #efefef">(not mapped)</td></tr><tr><td>Messages/M_prescription_médicaments/Prescription/Elément_prescr_médic/Composant_prescrit/Type_composant_9</td><td colspan="2" style="background-color: #efefef">(not mapped)</td></tr><tr><td>Messages/M_prescription_médicaments/Prescription/Elément_prescr_médic/Composant_prescrit/Type_composant_10</td><td colspan="2" style="background-color: #efefef">(not mapped)</td></tr><tr><td>Messages/M_prescription_médicaments/Prescription/Elément_prescr_médic/Composant_prescrit/Type_composant_11</td><td colspan="2" style="background-color: #efefef">(not mapped)</td></tr><tr><td>Messages/M_prescription_médicaments/Prescription/Elément_prescr_médic/Composant_prescrit/Type_composant_12</td><td colspan="2" style="background-color: #efefef">(not mapped)</td></tr><tr><td>Messages/M_prescription_médicaments/Prescription/Elément_prescr_médic/Composant_prescrit/Type_composant_13</td><td colspan="2" style="background-color: #efefef">(not mapped)</td></tr><tr><td>Messages/M_prescription_médicaments/Prescription/Elément_prescr_médic/Composant_prescrit/Type_composant_14</td><td colspan="2" style="background-color: #efefef">(not mapped)</td></tr></table><hr/><p><b>Group 2 </b>Mapping from <code>unspecified code system</code> to <code>unspecified code system</code></p><table class="grid"><tr><td colspan="2"><b>Source Concept Details</b></td><td><b>relation</b></td><td colspan="3"><b>Target Concept Details</b></td><td><b>Commentaire</b></td></tr><tr><td colspan="2"><b>Codes</b> from </td><td/><td colspan="2"><b>Codes</b> from </td><td><b>Medication.code.coding.system</b></td><td/></tr><tr><td style="border-right-width: 0px">Messages/M_prescription_médicaments/Prescription/Elément_prescr_médic/Composant_prescrit/Code_composant_1</td><td style="border-left-width: 0px"></td><td><a href="http://hl7.org/fhir/R5/codesystem-concept-map-relationship.html#equivalent" title="equivalent">is equivalent to</a></td><td style="border-right-width: 0px">Medication.code.coding.code</td><td style="border-left-width: 0px"></td><td>http://data.esante.gouv.fr/ansm/medicament/UCD</td><td>Le code à utiliser en FHIR est un code UCD13, ce qui veut dire que si le code fournit dans la prescription PN13 n'est par un code UCD13, il convient de le traduire en UCD13 pour alimenter #Medication.code.coding.code</td></tr><tr><td style="border-right-width: 0px">Messages/M_prescription_médicaments/Prescription/Elément_prescr_médic/Composant_prescrit/Code_composant_2</td><td style="border-left-width: 0px"></td><td><a href="http://hl7.org/fhir/R5/codesystem-concept-map-relationship.html#equivalent" title="equivalent">is equivalent to</a></td><td style="border-right-width: 0px">Medication.code.coding.code</td><td style="border-left-width: 0px"></td><td>http://data.esante.gouv.fr/ansm/medicament/UCD</td><td>Le code à utiliser en FHIR est un code UCD13, ce qui veut dire que si le code fournit dans la prescription PN13 n'est pas un code UCD13, il convient de le traduire en UCD13 pour alimenter #Medication.code.coding.code</td></tr><tr><td style="border-right-width: 0px">Messages/M_prescription_médicaments/Prescription/Elément_prescr_médic/Composant_prescrit/Code_composant_3</td><td style="border-left-width: 0px"></td><td><a href="http://hl7.org/fhir/R5/codesystem-concept-map-relationship.html#equivalent" title="equivalent">is equivalent to</a></td><td style="border-right-width: 0px">Medication.code.coding.code</td><td style="border-left-width: 0px"></td><td/><td>Le code à utiliser en FHIR est un code SMS s'il existe ou un code technique ANSM dans l'attente de l'attribution d'un code SMS, ce qui veut dire que si le code fournit n'est pas un code SMS, il convient de vérifier que c'est un code technique ANSM pour lequel il n'existe pas de code SMS ou, dans le cas contraitre, de traduire le code en code SMS. Le système à utiliser est soit http://data.esante.gouv.fr/ansm/medicament/CodeSMS pour les codes SMS, soit http://data.esante.gouv.fr/ansm/medicament/Substance pour les codes techniques ANSM</td></tr><tr><td style="border-right-width: 0px">Messages/M_prescription_médicaments/Prescription/Elément_prescr_médic/Composant_prescrit/Code_composant_4</td><td style="border-left-width: 0px"></td><td><a href="http://hl7.org/fhir/R5/codesystem-concept-map-relationship.html#equal" title="equal">is equal to</a></td><td style="border-right-width: 0px">Medication.code.coding.code</td><td style="border-left-width: 0px"></td><td/><td>Le code utilisé pour une préparation hospitalière est un code local, Medication.code.coding.system est alors à définir pour identifier dans quel périmètre ce code peut être compris</td></tr><tr><td style="border-right-width: 0px">Messages/M_prescription_médicaments/Prescription/Elément_prescr_médic/Composant_prescrit/Code_composant_5</td><td style="border-left-width: 0px"></td><td><a href="http://hl7.org/fhir/R5/codesystem-concept-map-relationship.html#equivalent" title="equivalent">is equivalent to</a></td><td style="border-right-width: 0px">Medication.code.coding.code</td><td style="border-left-width: 0px"></td><td>http://data.esante.gouv.fr/ansm/medicament/UCD</td><td>Le code à utiliser en FHIR est un code UCD13, ce qui veut dire que si le code fournit dans la prescription PN13 n'est par un code UCD13, il convient de le traduire en UCD13 pour alimenter #Medication.code.coding.code</td></tr><tr><td style="border-right-width: 0px">Messages/M_prescription_médicaments/Prescription/Elément_prescr_médic/Composant_prescrit/Code_composant_6</td><td style="border-left-width: 0px"></td><td><a href="http://hl7.org/fhir/R5/codesystem-concept-map-relationship.html#equivalent" title="equivalent">is equivalent to</a></td><td style="border-right-width: 0px">Medication.code.coding.code</td><td style="border-left-width: 0px"></td><td>http://data.esante.gouv.fr/ansm/medicament/UCD</td><td>Le code à utiliser en FHIR est un code UCD13, ce qui veut dire que si le code fournit dans la prescription PN13 n'est par un code UCD13, il convient de le traduire en UCD13 pour alimenter #Medication.code.coding.code</td></tr><tr><td style="border-right-width: 0px">Messages/M_prescription_médicaments/Prescription/Elément_prescr_médic/Composant_prescrit/Code_composant_7</td><td style="border-left-width: 0px"></td><td><a href="http://hl7.org/fhir/R5/codesystem-concept-map-relationship.html#equal" title="equal">is equal to</a></td><td style="border-right-width: 0px">Medication.code.coding.code</td><td style="border-left-width: 0px"></td><td/><td>Le code utilisé pour une préparation magistrale est un code local, Medication.code.coding.system est alors à définir pour identifier dans quel périmètre ce code peut être compris</td></tr><tr><td style="border-right-width: 0px">Messages/M_prescription_médicaments/Prescription/Elément_prescr_médic/Composant_prescrit/Code_composant_8</td><td style="border-left-width: 0px"></td><td><a href="http://hl7.org/fhir/R5/codesystem-concept-map-relationship.html#equivalent" title="equivalent">is equivalent to</a></td><td style="border-right-width: 0px">Medication.code.coding.code</td><td style="border-left-width: 0px"></td><td/><td>Le code à utiliser en FHIR est un code SMS s'il existe ou un code technique ANSM dans l'attente de l'attribution d'un code SMS, ce qui veut dire que si le code fournit n'est pas un code SMS, il convient de vérifier que c'est un code technique ANSM pour lequel il n'existe pas de code SMS ou, dans le cas contraitre, de traduire le code en code SMS. Le système à utiliser est soit http://data.esante.gouv.fr/ansm/medicament/CodeSMS pour les codes SMS, soit http://data.esante.gouv.fr/ansm/medicament/Substance pour les codes techniques ANSM</td></tr><tr><td style="border-right-width: 0px">Messages/M_prescription_médicaments/Prescription/Elément_prescr_médic/Composant_prescrit/Code_composant_9</td><td style="border-left-width: 0px"></td><td><a href="http://hl7.org/fhir/R5/codesystem-concept-map-relationship.html#inexact" title="inexact">maps loosely to</a></td><td style="border-right-width: 0px">Medication.code.coding.code</td><td style="border-left-width: 0px"></td><td/><td>Les codes locaux des bases médicamenteuses ne sont pas à utiliser seuls dans les prescription FHIR, ils peuvent être utiliser en complément d'un code SMS ou d'un code technique ANSM dans une autre occurrence de Medication.code.coding mais un code SMS ou un code technique ANSM doit être fourni dans la ressource FHIR</td></tr><tr><td style="border-right-width: 0px">Messages/M_prescription_médicaments/Prescription/Elément_prescr_médic/Composant_prescrit/Code_composant_10</td><td style="border-left-width: 0px"></td><td><a href="http://hl7.org/fhir/R5/codesystem-concept-map-relationship.html#inexact" title="inexact">maps loosely to</a></td><td style="border-right-width: 0px">Medication.code.coding.code</td><td style="border-left-width: 0px"></td><td/><td>Les codes locaux des bases médicamenteuses ne sont pas à utiliser seuls dans les prescription FHIR, ils peuvent être utiliser en complément d'un code SMS ou d'un code technique ANSM dans une autre occurrence de Medication.code.coding mais un code SMS ou un code technique ANSM doit être fourni dans la ressource FHIR</td></tr><tr><td style="border-right-width: 0px">Messages/M_prescription_médicaments/Prescription/Elément_prescr_médic/Composant_prescrit/Code_composant_11</td><td style="border-left-width: 0px"></td><td><a href="http://hl7.org/fhir/R5/codesystem-concept-map-relationship.html#inexact" title="inexact">maps loosely to</a></td><td style="border-right-width: 0px">Medication.code.coding.code</td><td style="border-left-width: 0px"></td><td/><td>Les codes locaux des bases médicamenteuses ne sont pas à utiliser seuls dans les prescription FHIR, ils peuvent être utiliser en complément d'un code SMS ou d'un code technique ANSM dans une autre occurrence de Medication.code.coding mais un code SMS ou un code technique ANSM doit être fourni dans la ressource FHIR</td></tr><tr><td style="border-right-width: 0px">Messages/M_prescription_médicaments/Prescription/Elément_prescr_médic/Composant_prescrit/Code_composant_12</td><td style="border-left-width: 0px"></td><td><a href="http://hl7.org/fhir/R5/codesystem-concept-map-relationship.html#inexact" title="inexact">maps loosely to</a></td><td style="border-right-width: 0px">Medication.code.coding.code</td><td style="border-left-width: 0px"></td><td/><td>Les codes locaux des bases médicamenteuses ne sont pas à utiliser seuls dans les prescription FHIR, ils peuvent être utiliser en complément d'un code SMS ou d'un code technique ANSM dans une autre occurrence de Medication.code.coding mais un code SMS ou un code technique ANSM doit être fourni dans la ressource FHIR</td></tr><tr><td style="border-right-width: 0px">Messages/M_prescription_médicaments/Prescription/Elément_prescr_médic/Composant_prescrit/Code_composant_13</td><td style="border-left-width: 0px"></td><td><a href="http://hl7.org/fhir/R5/codesystem-concept-map-relationship.html#equivalent" title="equivalent">is equivalent to</a></td><td style="border-right-width: 0px">Medication.code.coding.code</td><td style="border-left-width: 0px"></td><td/><td>Le code à utiliser en FHIR est un code SMS s'il existe ou un code technique ANSM dans l'attente de l'attribution d'un code SMS, ce qui veut dire que si le code fournit n'est pas un code SMS, il convient de vérifier que c'est un code technique ANSM pour lequel il n'existe pas de code SMS ou, dans le cas contraitre, de traduire le code en code SMS. Le système à utiliser est soit http://data.esante.gouv.fr/ansm/medicament/CodeSMS pour les codes SMS, soit http://data.esante.gouv.fr/ansm/medicament/Substance pour les codes techniques ANSM</td></tr><tr><td style="border-right-width: 0px">Messages/M_prescription_médicaments/Prescription/Elément_prescr_médic/Composant_prescrit/Code_composant_14</td><td style="border-left-width: 0px"></td><td><a href="http://hl7.org/fhir/R5/codesystem-concept-map-relationship.html#inexact" title="inexact">maps loosely to</a></td><td style="border-right-width: 0px">Medication.code.coding.code</td><td style="border-left-width: 0px"></td><td/><td>Les codes medicabase ne sont pas à utiliser seuls dans les prescription FHIR, ils peuvent être utiliser en complément d'un code SMS ou d'un code technique ANSM dans une autre occurrence de Medication.code.coding mais un code SMS ou un code technique ANSM doit être fourni dans la ressource FHIR</td></tr></table><hr/><p><b>Group 3 </b>Mapping from <code>unspecified code system</code> to <code>unspecified code system</code></p><table class="grid"><tr><td><b>Source Code</b></td><td><b>relation</b></td><td><b>Target Code</b></td></tr><tr><td>Messages/M_prescription_médicaments/Prescription/Elément_prescr_médic/Composant_prescrit/Libellé_composant</td><td><a href="http://hl7.org/fhir/R5/codesystem-concept-map-relationship.html#equal" title="equal">is equal to</a></td><td>Medication.code.text</td></tr></table><hr/><p><b>Group 4 </b>Mapping from <code>unspecified code system</code> to <code>unspecified code system</code></p><table class="grid"><tr><td><b>Source Code</b></td><td><b>relation</b></td><td><b>Target Code</b></td><td><b>Commentaire</b></td></tr><tr><td>Messages/M_prescription_médicaments/Prescription/Elément_prescr_médic/Composant_prescrit/Quantité_composant_prescrite</td><td><a href="http://hl7.org/fhir/R5/codesystem-concept-map-relationship.html#disjoint" title="disjoint">is not related to</a></td><td/><td>Cette élément est utilisé pour le mapping des doses/rates au niveau de la ressource ConceptMap PN13-FHIR-prescmed-dosageinstruction-conceptmap</td></tr></table><hr/><p><b>Group 5 </b>Mapping from <code>unspecified code system</code> to <code>unspecified code system</code></p><table class="grid"><tr><td><b>Source Code</b></td><td><b>relation</b></td><td><b>Target Code</b></td><td><b>Commentaire</b></td></tr><tr><td>Messages/M_prescription_médicaments/Prescription/Elément_prescr_médic/Composant_prescrit/Référent_poso</td><td><a href="http://hl7.org/fhir/R5/codesystem-concept-map-relationship.html#disjoint" title="disjoint">is not related to</a></td><td/><td>Cette élément est mappé au niveau de la ressource ConceptMap PN13-FHIR-prescmed-dosageinstruction-conceptmap</td></tr></table><hr/><p><b>Group 6 </b>Mapping from <code>unspecified code system</code> to <code>unspecified code system</code></p><table class="grid"><tr><td><b>Source Code</b></td><td><b>relation</b></td><td><b>Target Code</b></td></tr><tr><td>Messages/M_prescription_médicaments/Prescription/Elément_prescr_médic/Composant_prescrit/ALD_exonérante</td><td colspan="2" style="background-color: #efefef">(not mapped)</td></tr></table><hr/><p><b>Group 7 </b>Mapping from <code>unspecified code system</code> to <code>unspecified code system</code></p><table class="grid"><tr><td><b>Source Code</b></td><td><b>relation</b></td><td><b>Target Code</b></td><td><b>Commentaire</b></td></tr><tr><td>Messages/M_prescription_médicaments/Prescription/Elément_prescr_médic/Composant_prescrit/Indication</td><td><a href="http://hl7.org/fhir/R5/codesystem-concept-map-relationship.html#disjoint" title="disjoint">is not related to</a></td><td/><td>Prévu pour une version ultérieure de ce guide</td></tr></table><hr/><p><b>Group 8 </b>Mapping from <code>unspecified code system</code> to <code>unspecified code system</code></p><table class="grid"><tr><td><b>Source Code</b></td><td><b>relation</b></td><td><b>Target Code</b></td><td><b>Commentaire</b></td></tr><tr><td>Messages/M_prescription_médicaments/Prescription/Elément_prescr_médic/Composant_prescrit/Indication_structurée</td><td><a href="http://hl7.org/fhir/R5/codesystem-concept-map-relationship.html#disjoint" title="disjoint">is not related to</a></td><td/><td>Prévu pour une version ultérieure de ce guide</td></tr></table><hr/><p><b>Group 9 </b>Mapping from <code>unspecified code system</code> to <code>unspecified code system</code></p><table class="grid"><tr><td><b>Source Code</b></td><td><b>relation</b></td><td><b>Target Code</b></td><td><b>Commentaire</b></td></tr><tr><td>Messages/M_prescription_médicaments/Prescription/Elément_prescr_médic/Composant_prescrit/Commentaire</td><td><a href="http://hl7.org/fhir/R5/codesystem-concept-map-relationship.html#disjoint" title="disjoint">is not related to</a></td><td/><td>Prévu pour une version ultérieure de ce guide</td></tr></table><hr/><p><b>Group 10 </b>Mapping from <code>unspecified code system</code> to <code>unspecified code system</code></p><table class="grid"><tr><td><b>Source Code</b></td><td><b>relation</b></td><td><b>Target Code</b></td><td><b>Commentaire</b></td></tr><tr><td>Messages/M_prescription_médicaments/Prescription/Elément_prescr_médic/Composant_prescrit/Commentaire_structuré</td><td><a href="http://hl7.org/fhir/R5/codesystem-concept-map-relationship.html#disjoint" title="disjoint">is not related to</a></td><td/><td>Prévu pour une version ultérieure de ce guide</td></tr></table><hr/><p><b>Group 11 </b>Mapping from <code>unspecified code system</code> to <code>unspecified code system</code></p><table class="grid"><tr><td><b>Source Code</b></td><td><b>relation</b></td><td><b>Target Code</b></td></tr><tr><td>Messages/M_prescription_médicaments/Prescription/Elément_prescr_médic/Composant_prescrit/Véhicule</td><td><a href="http://hl7.org/fhir/R5/codesystem-concept-map-relationship.html#equal" title="equal">is equal to</a></td><td>Medication.extension($fr-is-vehicle).valueBoolean</td></tr></table><hr/><p><b>Group 12 </b>Mapping from <code>unspecified code system</code> to <code>unspecified code system</code></p><table class="grid"><tr><td><b>Source Code</b></td><td><b>relation</b></td><td><b>Target Code</b></td><td><b>Commentaire</b></td></tr><tr><td>Messages/M_prescription_médicaments/Prescription/Elément_prescr_médic/Composant_prescrit/Non_substituable</td><td><a href="http://hl7.org/fhir/R5/codesystem-concept-map-relationship.html#disjoint" title="disjoint">is not related to</a></td><td/><td>Cet élément est mappé au niveau de la ressource ConceptMap PN13-FHIR-prescmed-medicationrequest-conceptmap</td></tr></table><hr/><p><b>Group 13 </b>Mapping from <code>unspecified code system</code> to <code>unspecified code system</code></p><table class="grid"><tr><td colspan="4"><b>Source Concept Details</b></td><td><b>relation</b></td><td colspan="3"><b>Target Concept Details</b></td><td><b>Commentaire</b></td></tr><tr><td colspan="2"><b>Codes</b> from </td><td><b>Elément_prescr_médic</b></td><td><b>Forme@Phastnomenclature</b></td><td/><td colspan="2"><b>Codes</b> from </td><td><b>Medication.form.coding.system</b></td><td/></tr><tr><td style="border-right-width: 0px">Messages/M_prescription_médicaments/Prescription/Elément_prescr_médic/Forme</td><td style="border-left-width: 0px"></td><td>{Présence de plusieurs éléments Elément_prescr_médic dans le message PN13}</td><td/><td><a href="http://hl7.org/fhir/R5/codesystem-concept-map-relationship.html#disjoint" title="disjoint">is not related to</a></td><td style="border-right-width: 0px"/><td style="border-left-width: 0px"></td><td/><td>Dans le cas des médicaments composés, la forme est à indiqué au niveau de la ressource Medication chapeau suivant le profil fr-medication-compound</td></tr><tr><td style="border-right-width: 0px">Messages/M_prescription_médicaments/Prescription/Elément_prescr_médic/Forme</td><td style="border-left-width: 0px"></td><td>{Présence d'un seul élément Elément_prescr_médic dans le message PN13}</td><td>SIPh-CIO_Forme</td><td><a href="http://hl7.org/fhir/R5/codesystem-concept-map-relationship.html#equivalent" title="equivalent">is equivalent to</a></td><td style="border-right-width: 0px">Medication.form.coding.code</td><td style="border-left-width: 0px"></td><td/><td>le code cible est à trouver dans le mapping Free Set CIO-DC FORME</td></tr><tr><td style="border-right-width: 0px">Messages/M_prescription_médicaments/Prescription/Elément_prescr_médic/Forme</td><td style="border-left-width: 0px"></td><td>{Présence d'un seul élément Elément_prescr_médic dans le message PN13}</td><td>{Absent}</td><td><a href="http://hl7.org/fhir/R5/codesystem-concept-map-relationship.html#equivalent" title="equivalent">is equivalent to</a></td><td style="border-right-width: 0px">Medication.form.coding.code</td><td style="border-left-width: 0px"></td><td/><td>le code cible est à trouver dans le mapping Free Set CIO-DC FORME</td></tr><tr><td style="border-right-width: 0px">Messages/M_prescription_médicaments/Prescription/Elément_prescr_médic/Forme</td><td style="border-left-width: 0px"></td><td>{Présence d'un seul élément Elément_prescr_médic dans le message PN13}</td><td>EDQM</td><td><a href="http://hl7.org/fhir/R5/codesystem-concept-map-relationship.html#equal" title="equal">is equal to</a></td><td style="border-right-width: 0px">Medication.form.coding.code</td><td style="border-left-width: 0px"></td><td>http://standardterms.edqm.eu</td><td/></tr><tr><td style="border-right-width: 0px">Messages/M_prescription_médicaments/Prescription/Elément_prescr_médic/Forme</td><td style="border-left-width: 0px"></td><td>{Présence d'un seul élément Elément_prescr_médic dans le message PN13}</td><td>SIPh-Forme</td><td><a href="http://hl7.org/fhir/R5/codesystem-concept-map-relationship.html#relatedto" title="relatedto">is related to</a></td><td style="border-right-width: 0px">Medication.form.coding.code</td><td style="border-left-width: 0px"></td><td/><td>Certains codes cibles peuvent être trouvés dans le mapping Free Set CIO-DC FORME. Dans le cas contraire, si la traduction en EDQM n'est pas possible, Medication.form.text peut être utilisé mais pourrait poser des problèmes d'interprétation</td></tr></table></div></text><url value="https://hl7.fr/ig/fhir/medication/ConceptMap/PN13-FHIR-prescmed-medicationnoncompound-conceptmap"/><version value="0.1.0"/><name value="FrPN13FHIRMedicationNonCompoundConceptMap"/><title value="Conversion PN13 vers FHIR pour un médicament non composé d'une prescription de médicaments"/><status value="draft"/><date value="2025-08-21T07:17:21+00:00"/><publisher value="Interop'Santé"/><contact><name value="Interop'Santé"/><telecom><system value="url"/><value value="http://interopsante.org/"/></telecom></contact><description value="ConceptMap pour la conversion PN13 vers FHIR d'un médicament non composé d'une prescritpion de médicament"/><jurisdiction><coding><system value="urn:iso:std:iso:3166"/><code value="FR"/><display value="FRANCE"/></coding></jurisdiction><sourceUri value="https://interopsante.org/pn13/xsd"/><targetUri value="https://hl7.fr/ig/fhir/medication/StructureDefinition/fr-medication-noncompound"/><group><element><code value="Messages/M_prescription_médicaments/Prescription/Elément_prescr_médic/Composant_prescrit/Type_composant_1"/><target><equivalence value="unmatched"/></target></element><element><code value="Messages/M_prescription_médicaments/Prescription/Elément_prescr_médic/Composant_prescrit/Type_composant_2"/><target><equivalence value="unmatched"/></target></element><element><code value="Messages/M_prescription_médicaments/Prescription/Elément_prescr_médic/Composant_prescrit/Type_composant_3"/><target><equivalence value="unmatched"/></target></element><element><code value="Messages/M_prescription_médicaments/Prescription/Elément_prescr_médic/Composant_prescrit/Type_composant_4"/><target><equivalence value="unmatched"/></target></element><element><code value="Messages/M_prescription_médicaments/Prescription/Elément_prescr_médic/Composant_prescrit/Type_composant_5"/><target><equivalence value="unmatched"/></target></element><element><code value="Messages/M_prescription_médicaments/Prescription/Elément_prescr_médic/Composant_prescrit/Type_composant_6"/><target><equivalence value="unmatched"/></target></element><element><code value="Messages/M_prescription_médicaments/Prescription/Elément_prescr_médic/Composant_prescrit/Type_composant_7"/><target><equivalence value="unmatched"/></target></element><element><code value="Messages/M_prescription_médicaments/Prescription/Elément_prescr_médic/Composant_prescrit/Type_composant_8"/><target><equivalence value="unmatched"/></target></element><element><code value="Messages/M_prescription_médicaments/Prescription/Elément_prescr_médic/Composant_prescrit/Type_composant_9"/><target><equivalence value="unmatched"/></target></element><element><code value="Messages/M_prescription_médicaments/Prescription/Elément_prescr_médic/Composant_prescrit/Type_composant_10"/><target><equivalence value="unmatched"/></target></element><element><code value="Messages/M_prescription_médicaments/Prescription/Elément_prescr_médic/Composant_prescrit/Type_composant_11"/><target><equivalence value="unmatched"/></target></element><element><code value="Messages/M_prescription_médicaments/Prescription/Elément_prescr_médic/Composant_prescrit/Type_composant_12"/><target><equivalence value="unmatched"/></target></element><element><code value="Messages/M_prescription_médicaments/Prescription/Elément_prescr_médic/Composant_prescrit/Type_composant_13"/><target><equivalence value="unmatched"/></target></element><element><code value="Messages/M_prescription_médicaments/Prescription/Elément_prescr_médic/Composant_prescrit/Type_composant_14"/><target><equivalence value="unmatched"/></target></element></group><group><element><code value="Messages/M_prescription_médicaments/Prescription/Elément_prescr_médic/Composant_prescrit/Code_composant_1"/><target><code value="Medication.code.coding.code"/><equivalence value="equivalent"/><comment value="Le code à utiliser en FHIR est un code UCD13, ce qui veut dire que si le code fournit dans la prescription PN13 n'est par un code UCD13, il convient de le traduire en UCD13 pour alimenter #Medication.code.coding.code"/><product><property value="Medication.code.coding.system"/><value value="http://data.esante.gouv.fr/ansm/medicament/UCD"/></product></target></element><element><code value="Messages/M_prescription_médicaments/Prescription/Elément_prescr_médic/Composant_prescrit/Code_composant_2"/><target><code value="Medication.code.coding.code"/><equivalence value="equivalent"/><comment value="Le code à utiliser en FHIR est un code UCD13, ce qui veut dire que si le code fournit dans la prescription PN13 n'est pas un code UCD13, il convient de le traduire en UCD13 pour alimenter #Medication.code.coding.code"/><product><property value="Medication.code.coding.system"/><value value="http://data.esante.gouv.fr/ansm/medicament/UCD"/></product></target></element><element><code value="Messages/M_prescription_médicaments/Prescription/Elément_prescr_médic/Composant_prescrit/Code_composant_3"/><target><code value="Medication.code.coding.code"/><equivalence value="equivalent"/><comment value="Le code à utiliser en FHIR est un code SMS s'il existe ou un code technique ANSM dans l'attente de l'attribution d'un code SMS, ce qui veut dire que si le code fournit n'est pas un code SMS, il convient de vérifier que c'est un code technique ANSM pour lequel il n'existe pas de code SMS ou, dans le cas contraitre, de traduire le code en code SMS. Le système à utiliser est soit http://data.esante.gouv.fr/ansm/medicament/CodeSMS pour les codes SMS, soit http://data.esante.gouv.fr/ansm/medicament/Substance pour les codes techniques ANSM"/></target></element><element><code value="Messages/M_prescription_médicaments/Prescription/Elément_prescr_médic/Composant_prescrit/Code_composant_4"/><target><code value="Medication.code.coding.code"/><equivalence value="equal"/><comment value="Le code utilisé pour une préparation hospitalière est un code local, Medication.code.coding.system est alors à définir pour identifier dans quel périmètre ce code peut être compris"/></target></element><element><code value="Messages/M_prescription_médicaments/Prescription/Elément_prescr_médic/Composant_prescrit/Code_composant_5"/><target><code value="Medication.code.coding.code"/><equivalence value="equivalent"/><comment value="Le code à utiliser en FHIR est un code UCD13, ce qui veut dire que si le code fournit dans la prescription PN13 n'est par un code UCD13, il convient de le traduire en UCD13 pour alimenter #Medication.code.coding.code"/><product><property value="Medication.code.coding.system"/><value value="http://data.esante.gouv.fr/ansm/medicament/UCD"/></product></target></element><element><code value="Messages/M_prescription_médicaments/Prescription/Elément_prescr_médic/Composant_prescrit/Code_composant_6"/><target><code value="Medication.code.coding.code"/><equivalence value="equivalent"/><comment value="Le code à utiliser en FHIR est un code UCD13, ce qui veut dire que si le code fournit dans la prescription PN13 n'est par un code UCD13, il convient de le traduire en UCD13 pour alimenter #Medication.code.coding.code"/><product><property value="Medication.code.coding.system"/><value value="http://data.esante.gouv.fr/ansm/medicament/UCD"/></product></target></element><element><code value="Messages/M_prescription_médicaments/Prescription/Elément_prescr_médic/Composant_prescrit/Code_composant_7"/><target><code value="Medication.code.coding.code"/><equivalence value="equal"/><comment value="Le code utilisé pour une préparation magistrale est un code local, Medication.code.coding.system est alors à définir pour identifier dans quel périmètre ce code peut être compris"/></target></element><element><code value="Messages/M_prescription_médicaments/Prescription/Elément_prescr_médic/Composant_prescrit/Code_composant_8"/><target><code value="Medication.code.coding.code"/><equivalence value="equivalent"/><comment value="Le code à utiliser en FHIR est un code SMS s'il existe ou un code technique ANSM dans l'attente de l'attribution d'un code SMS, ce qui veut dire que si le code fournit n'est pas un code SMS, il convient de vérifier que c'est un code technique ANSM pour lequel il n'existe pas de code SMS ou, dans le cas contraitre, de traduire le code en code SMS. Le système à utiliser est soit http://data.esante.gouv.fr/ansm/medicament/CodeSMS pour les codes SMS, soit http://data.esante.gouv.fr/ansm/medicament/Substance pour les codes techniques ANSM"/></target></element><element><code value="Messages/M_prescription_médicaments/Prescription/Elément_prescr_médic/Composant_prescrit/Code_composant_9"/><target><code value="Medication.code.coding.code"/><equivalence value="inexact"/><comment value="Les codes locaux des bases médicamenteuses ne sont pas à utiliser seuls dans les prescription FHIR, ils peuvent être utiliser en complément d'un code SMS ou d'un code technique ANSM dans une autre occurrence de Medication.code.coding mais un code SMS ou un code technique ANSM doit être fourni dans la ressource FHIR"/></target></element><element><code value="Messages/M_prescription_médicaments/Prescription/Elément_prescr_médic/Composant_prescrit/Code_composant_10"/><target><code value="Medication.code.coding.code"/><equivalence value="inexact"/><comment value="Les codes locaux des bases médicamenteuses ne sont pas à utiliser seuls dans les prescription FHIR, ils peuvent être utiliser en complément d'un code SMS ou d'un code technique ANSM dans une autre occurrence de Medication.code.coding mais un code SMS ou un code technique ANSM doit être fourni dans la ressource FHIR"/></target></element><element><code value="Messages/M_prescription_médicaments/Prescription/Elément_prescr_médic/Composant_prescrit/Code_composant_11"/><target><code value="Medication.code.coding.code"/><equivalence value="inexact"/><comment value="Les codes locaux des bases médicamenteuses ne sont pas à utiliser seuls dans les prescription FHIR, ils peuvent être utiliser en complément d'un code SMS ou d'un code technique ANSM dans une autre occurrence de Medication.code.coding mais un code SMS ou un code technique ANSM doit être fourni dans la ressource FHIR"/></target></element><element><code value="Messages/M_prescription_médicaments/Prescription/Elément_prescr_médic/Composant_prescrit/Code_composant_12"/><target><code value="Medication.code.coding.code"/><equivalence value="inexact"/><comment value="Les codes locaux des bases médicamenteuses ne sont pas à utiliser seuls dans les prescription FHIR, ils peuvent être utiliser en complément d'un code SMS ou d'un code technique ANSM dans une autre occurrence de Medication.code.coding mais un code SMS ou un code technique ANSM doit être fourni dans la ressource FHIR"/></target></element><element><code value="Messages/M_prescription_médicaments/Prescription/Elément_prescr_médic/Composant_prescrit/Code_composant_13"/><target><code value="Medication.code.coding.code"/><equivalence value="equivalent"/><comment value="Le code à utiliser en FHIR est un code SMS s'il existe ou un code technique ANSM dans l'attente de l'attribution d'un code SMS, ce qui veut dire que si le code fournit n'est pas un code SMS, il convient de vérifier que c'est un code technique ANSM pour lequel il n'existe pas de code SMS ou, dans le cas contraitre, de traduire le code en code SMS. Le système à utiliser est soit http://data.esante.gouv.fr/ansm/medicament/CodeSMS pour les codes SMS, soit http://data.esante.gouv.fr/ansm/medicament/Substance pour les codes techniques ANSM"/></target></element><element><code value="Messages/M_prescription_médicaments/Prescription/Elément_prescr_médic/Composant_prescrit/Code_composant_14"/><target><code value="Medication.code.coding.code"/><equivalence value="inexact"/><comment value="Les codes medicabase ne sont pas à utiliser seuls dans les prescription FHIR, ils peuvent être utiliser en complément d'un code SMS ou d'un code technique ANSM dans une autre occurrence de Medication.code.coding mais un code SMS ou un code technique ANSM doit être fourni dans la ressource FHIR"/></target></element></group><group><element><code value="Messages/M_prescription_médicaments/Prescription/Elément_prescr_médic/Composant_prescrit/Libellé_composant"/><target><code value="Medication.code.text"/><equivalence value="equal"/></target></element></group><group><element><code value="Messages/M_prescription_médicaments/Prescription/Elément_prescr_médic/Composant_prescrit/Quantité_composant_prescrite"/><target><equivalence value="disjoint"/><comment value="Cette élément est utilisé pour le mapping des doses/rates au niveau de la ressource ConceptMap PN13-FHIR-prescmed-dosageinstruction-conceptmap"/></target></element></group><group><element><code value="Messages/M_prescription_médicaments/Prescription/Elément_prescr_médic/Composant_prescrit/Référent_poso"/><target><equivalence value="disjoint"/><comment value="Cette élément est mappé au niveau de la ressource ConceptMap PN13-FHIR-prescmed-dosageinstruction-conceptmap"/></target></element></group><group><element><code value="Messages/M_prescription_médicaments/Prescription/Elément_prescr_médic/Composant_prescrit/ALD_exonérante"/><target><equivalence value="unmatched"/></target></element></group><group><element><code value="Messages/M_prescription_médicaments/Prescription/Elément_prescr_médic/Composant_prescrit/Indication"/><target><equivalence value="disjoint"/><comment value="Prévu pour une version ultérieure de ce guide"/></target></element></group><group><element><code value="Messages/M_prescription_médicaments/Prescription/Elément_prescr_médic/Composant_prescrit/Indication_structurée"/><target><equivalence value="disjoint"/><comment value="Prévu pour une version ultérieure de ce guide"/></target></element></group><group><element><code value="Messages/M_prescription_médicaments/Prescription/Elément_prescr_médic/Composant_prescrit/Commentaire"/><target><equivalence value="disjoint"/><comment value="Prévu pour une version ultérieure de ce guide"/></target></element></group><group><element><code value="Messages/M_prescription_médicaments/Prescription/Elément_prescr_médic/Composant_prescrit/Commentaire_structuré"/><target><equivalence value="disjoint"/><comment value="Prévu pour une version ultérieure de ce guide"/></target></element></group><group><element><code value="Messages/M_prescription_médicaments/Prescription/Elément_prescr_médic/Composant_prescrit/Véhicule"/><target><code value="Medication.extension($fr-is-vehicle).valueBoolean"/><equivalence value="equal"/></target></element></group><group><element><code value="Messages/M_prescription_médicaments/Prescription/Elément_prescr_médic/Composant_prescrit/Non_substituable"/><target><equivalence value="disjoint"/><comment value="Cet élément est mappé au niveau de la ressource ConceptMap PN13-FHIR-prescmed-medicationrequest-conceptmap"/></target></element></group><group><element><code value="Messages/M_prescription_médicaments/Prescription/Elément_prescr_médic/Forme"/><target><equivalence value="disjoint"/><comment value="Dans le cas des médicaments composés, la forme est à indiqué au niveau de la ressource Medication chapeau suivant le profil fr-medication-compound"/><dependsOn><property value="Messages/M_prescription_médicaments/Prescription/Elément_prescr_médic"/><value value="{Présence de plusieurs éléments Elément_prescr_médic dans le message PN13}"/></dependsOn></target></element><element><code value="Messages/M_prescription_médicaments/Prescription/Elément_prescr_médic/Forme"/><target><code value="Medication.form.coding.code"/><equivalence value="equivalent"/><comment value="le code cible est à trouver dans le mapping Free Set CIO-DC FORME"/><dependsOn><property value="Messages/M_prescription_médicaments/Prescription/Elément_prescr_médic/Forme@Phast-nomenclature"/><value value="SIPh-CIO_Forme"/></dependsOn><dependsOn><property value="Messages/M_prescription_médicaments/Prescription/Elément_prescr_médic"/><value value="{Présence d'un seul élément Elément_prescr_médic dans le message PN13}"/></dependsOn></target></element><element><code value="Messages/M_prescription_médicaments/Prescription/Elément_prescr_médic/Forme"/><target><code value="Medication.form.coding.code"/><equivalence value="equivalent"/><comment value="le code cible est à trouver dans le mapping Free Set CIO-DC FORME"/><dependsOn><property value="Messages/M_prescription_médicaments/Prescription/Elément_prescr_médic/Forme@Phast-nomenclature"/><value value="{Absent}"/></dependsOn><dependsOn><property value="Messages/M_prescription_médicaments/Prescription/Elément_prescr_médic"/><value value="{Présence d'un seul élément Elément_prescr_médic dans le message PN13}"/></dependsOn></target></element><element><code value="Messages/M_prescription_médicaments/Prescription/Elément_prescr_médic/Forme"/><target><code value="Medication.form.coding.code"/><equivalence value="equal"/><dependsOn><property value="Messages/M_prescription_médicaments/Prescription/Elément_prescr_médic/Forme@Phast-nomenclature"/><value value="EDQM"/></dependsOn><dependsOn><property value="Messages/M_prescription_médicaments/Prescription/Elément_prescr_médic"/><value value="{Présence d'un seul élément Elément_prescr_médic dans le message PN13}"/></dependsOn><product><property value="Medication.form.coding.system"/><value value="http://standardterms.edqm.eu"/></product></target></element><element><code value="Messages/M_prescription_médicaments/Prescription/Elément_prescr_médic/Forme"/><target><code value="Medication.form.coding.code"/><equivalence value="relatedto"/><comment value="Certains codes cibles peuvent être trouvés dans le mapping Free Set CIO-DC FORME. Dans le cas contraire, si la traduction en EDQM n'est pas possible, Medication.form.text peut être utilisé mais pourrait poser des problèmes d'interprétation"/><dependsOn><property value="Messages/M_prescription_médicaments/Prescription/Elément_prescr_médic/Forme@Phast-nomenclature"/><value value="SIPh-Forme"/></dependsOn><dependsOn><property value="Messages/M_prescription_médicaments/Prescription/Elément_prescr_médic"/><value value="{Présence d'un seul élément Elément_prescr_médic dans le message PN13}"/></dependsOn></target></element></group></ConceptMap>