<?xml version="1.0" encoding="UTF-8"?><ValueSet xmlns="http://hl7.org/fhir"><id value="fr-uf-role-code-for-prescription"/><text><status value="generated"/><div xmlns="http://www.w3.org/1999/xhtml"><p class="res-header-id"><b>Narratif généré : EnsembleValeurs fr-uf-role-code-for-prescription</b></p><a name="fr-uf-role-code-for-prescription"> </a><a name="hcfr-uf-role-code-for-prescription"> </a><ul><li>Include tous les codes définis dans <a href="CodeSystem-fr-uf-role-codes.html"><code>https://hl7.fr/ig/fhir/medication/CodeSystem/fr-uf-role-codes</code></a></li></ul></div></text><url value="https://hl7.fr/ig/fhir/medication/ValueSet/fr-uf-role-code-for-prescription"/><version value="0.1.0"/><name value="FrUfRoleCodesForPrescriptionValueSet"/><title value="value set Interop'Santé - Types de rôle d’une UF par rapport à un séjour patient dans une prescription"/><status value="draft"/><experimental value="false"/><date value="2025-08-19T07:49:07+00:00"/><publisher value="Interop'Santé"/><contact><name value="Interop'Santé"/><telecom><system value="url"/><value value="http://interopsante.org/"/></telecom></contact><description value="Le jeu de valeurs à utiliser dans l'extension pour indiquer le type d'UF référencée dans Medication.supportingInfo"/><jurisdiction><coding><system value="urn:iso:std:iso:3166"/><code value="FR"/><display value="FRANCE"/></coding></jurisdiction><immutable value="false"/><compose><include><system value="https://hl7.fr/ig/fhir/medication/CodeSystem/fr-uf-role-codes"/></include></compose></ValueSet>