<?xml version="1.0" encoding="UTF-8"?><CodeSystem xmlns="http://hl7.org/fhir"><id value="fr-note-scope-codes"/><meta><profile value="http://hl7.org/fhir/StructureDefinition/shareablecodesystem"/></meta><text><status value="generated"/><div xmlns="http://www.w3.org/1999/xhtml"><p class="res-header-id"><b>Generated Narrative: CodeSystem fr-note-scope-codes</b></p><a name="fr-note-scope-codes"> </a><a name="hcfr-note-scope-codes"> </a><a name="fr-note-scope-codes-en-US"> </a><div style="display: inline-block; background-color: #d9e0e7; padding: 6px; margin: 4px; border: 1px solid #8da1b4; border-radius: 5px; line-height: 60%"><p style="margin-bottom: 0px"/><p style="margin-bottom: 0px">Profile: <a href="http://hl7.org/fhir/R4/shareablecodesystem.html">Shareable CodeSystem</a></p></div><p>This  code system <code>https://hl7.fr/fhir/fr/medication/CodeSystem/fr-note-scope-codes</code> defines the following codes:</p><table class="codes"><tr><td style="white-space:nowrap"><b>Code</b></td><td><b>Display</b></td></tr><tr><td style="white-space:nowrap">PRESCCOM<a name="fr-note-scope-codes-PRESCCOM"> </a></td><td>Commentaire au niveau de la prescription</td></tr><tr><td style="white-space:nowrap">LIPRESCTXT<a name="fr-note-scope-codes-LIPRESCTXT"> </a></td><td>Formulation textuelle d'une ligne de prescription par le prescripteur (vs élément .text généré automatiquement)</td></tr><tr><td style="white-space:nowrap">LIPRESCIND<a name="fr-note-scope-codes-LIPRESCIND"> </a></td><td>Indication textuelle au niveau de la ligne de prescription</td></tr><tr><td style="white-space:nowrap">LIPRESCCOMM<a name="fr-note-scope-codes-LIPRESCCOMM"> </a></td><td>Commentaire au niveau de la ligne de prescription</td></tr><tr><td style="white-space:nowrap">LIPRESCRENSCOMP<a name="fr-note-scope-codes-LIPRESCRENSCOMP"> </a></td><td>Renseignement complémentaire textuel</td></tr><tr><td style="white-space:nowrap">MEDIND<a name="fr-note-scope-codes-MEDIND"> </a></td><td>Indication au niveau du médicament prescrit</td></tr><tr><td style="white-space:nowrap">MEDCOM<a name="fr-note-scope-codes-MEDCOM"> </a></td><td>Commentaire au niveau du médicament prescrit</td></tr><tr><td style="white-space:nowrap">LIPRESCCONDAPPL<a name="fr-note-scope-codes-LIPRESCCONDAPPL"> </a></td><td>Conditions d’application de la ligne de prescription</td></tr><tr><td style="white-space:nowrap">LIPRESCLIBMED<a name="fr-note-scope-codes-LIPRESCLIBMED"> </a></td><td>Libellé textuel du médicament prescrit</td></tr><tr><td style="white-space:nowrap">LIPRESCPOS<a name="fr-note-scope-codes-LIPRESCPOS"> </a></td><td>Libellé textuel de la posologie</td></tr></table></div></text><url value="https://hl7.fr/fhir/fr/medication/CodeSystem/fr-note-scope-codes"/><version value="0.1.0"/><name value="FrNoteScopeCodes"/><title value="code system Interop'Santé - Codes pour le périmètre des notes"/><status value="draft"/><experimental value="false"/><date value="2025-05-12T17:06:32+00:00"/><publisher value="Interop'Santé"/><contact><name value="Interop'Santé"/><telecom><system value="url"/><value value="http://interopsante.org/"/></telecom></contact><description value="Le système de codage pour la qualification du périmètre des notes en FHIR."/><content value="complete"/><count value="10"/><concept><code value="PRESCCOM"/><display value="Commentaire au niveau de la prescription"/><designation><use><system value="http://terminology.hl7.org/CodeSystem/designation-usage"/><code value="display"/></use><value value="Commentaire au niveau de la prescription"/></designation></concept><concept><code value="LIPRESCTXT"/><display value="Formulation textuelle d'une ligne de prescription par le prescripteur (vs élément .text généré automatiquement)"/><designation><use><system value="http://terminology.hl7.org/CodeSystem/designation-usage"/><code value="display"/></use><value value="Formulation textuelle d'une ligne de prescription par le prescripteur (vs élément .text généré automatiquement)"/></designation></concept><concept><code value="LIPRESCIND"/><display value="Indication textuelle au niveau de la ligne de prescription"/><designation><use><system value="http://terminology.hl7.org/CodeSystem/designation-usage"/><code value="display"/></use><value value="Indication textuelle au niveau de la ligne de prescription"/></designation></concept><concept><code value="LIPRESCCOMM"/><display value="Commentaire au niveau de la ligne de prescription"/><designation><use><system value="http://terminology.hl7.org/CodeSystem/designation-usage"/><code value="display"/></use><value value="Commentaire au niveau de la ligne de prescription"/></designation></concept><concept><code value="LIPRESCRENSCOMP"/><display value="Renseignement complémentaire textuel"/><designation><use><system value="http://terminology.hl7.org/CodeSystem/designation-usage"/><code value="display"/></use><value value="Renseignement complémentaire textuel"/></designation></concept><concept><code value="MEDIND"/><display value="Indication au niveau du médicament prescrit"/><designation><use><system value="http://terminology.hl7.org/CodeSystem/designation-usage"/><code value="display"/></use><value value="Indication au niveau du médicament prescrit"/></designation></concept><concept><code value="MEDCOM"/><display value="Commentaire au niveau du médicament prescrit"/><designation><use><system value="http://terminology.hl7.org/CodeSystem/designation-usage"/><code value="display"/></use><value value="Commentaire au niveau du médicament prescrit"/></designation></concept><concept><code value="LIPRESCCONDAPPL"/><display value="Conditions d’application de la ligne de prescription"/><designation><use><system value="http://terminology.hl7.org/CodeSystem/designation-usage"/><code value="display"/></use><value value="Conditions d’application de la ligne de prescription"/></designation></concept><concept><code value="LIPRESCLIBMED"/><display value="Libellé textuel du médicament prescrit"/><designation><use><system value="http://terminology.hl7.org/CodeSystem/designation-usage"/><code value="display"/></use><value value="Libellé textuel du médicament prescrit"/></designation></concept><concept><code value="LIPRESCPOS"/><display value="Libellé textuel de la posologie"/><designation><use><system value="http://terminology.hl7.org/CodeSystem/designation-usage"/><code value="display"/></use><value value="Libellé textuel de la posologie"/></designation></concept></CodeSystem>