<?xml version="1.0" encoding="UTF-8"?><CodeSystem xmlns="http://hl7.org/fhir"><id value="fr-medication-reconciliation-outcome"/><meta><profile value="http://hl7.org/fhir/StructureDefinition/shareablecodesystem"/></meta><text><status value="generated"/><div xmlns="http://www.w3.org/1999/xhtml"><p class="res-header-id"><b>Generated Narrative: CodeSystem fr-medication-reconciliation-outcome</b></p><a name="fr-medication-reconciliation-outcome"> </a><a name="hcfr-medication-reconciliation-outcome"> </a><a name="fr-medication-reconciliation-outcome-en-US"> </a><p>This  code system <code>https://hl7.fr/fhir/fr/medication/CodeSystem/fr-medication-reconciliation-outcome</code> defines the following codes:</p><table class="codes"><tr><td style="white-space:nowrap"><b>Code</b></td><td><b>Display</b></td><td><b>Definition</b></td></tr><tr><td style="white-space:nowrap">10000001<a name="fr-medication-reconciliation-outcome-10000001"> </a></td><td>Mineure</td><td>Erreur médicamenteuse sans conséquence pour le patient.</td></tr><tr><td style="white-space:nowrap">10000002<a name="fr-medication-reconciliation-outcome-10000002"> </a></td><td>Significative</td><td>Erreur médicamenteuse avec surveillance indispensable pour le patient mais sans conséquence clinique pour lui.</td></tr><tr><td style="white-space:nowrap">10000003<a name="fr-medication-reconciliation-outcome-10000003"> </a></td><td>Majeure</td><td>Erreur médicamenteuse avec conséquences cliniques temporaires pour le patient : à l’origine d’une atteinte physique ou psychologique réversible qui nécessite un traitement ou une intervention ou un transfert vers un (autre) établissement, induction ou allongement du séjour hospitalier.</td></tr><tr><td style="white-space:nowrap">10000004<a name="fr-medication-reconciliation-outcome-10000004"> </a></td><td>Critique</td><td>Erreur médicamenteuse avec conséquences cliniques permanentes pour le patient : à l’origine d’une atteinte physique ou psychologique permanente irréversible.</td></tr><tr><td style="white-space:nowrap">10000005<a name="fr-medication-reconciliation-outcome-10000005"> </a></td><td>Catastrophique</td><td>Erreur médicamenteuse avec mise en jeu du pronostic vital ou décès du patient.</td></tr></table></div></text><url value="https://hl7.fr/fhir/fr/medication/CodeSystem/fr-medication-reconciliation-outcome"/><version value="0.1.0"/><name value="FrMedicationReconciliationOutcome"/><title value="code system InterOp'Santé - Gravité de l'erreur sur une ligne de traitement d'une FCT"/><status value="draft"/><experimental value="false"/><date value="2024-12-27T10:08:00+00:00"/><publisher value="Interop'Santé"/><contact><name value="Interop'Santé"/><telecom><system value="url"/><value value="http://interopsante.org/"/></telecom></contact><description value="Le système de codage de la gravité de l'erreur sur une ligne de traitement d'une FCT (Fiche de Conciliation des Traitements médicamenteux)."/><content value="complete"/><count value="5"/><concept><code value="10000001"/><display value="Mineure"/><definition value="Erreur médicamenteuse sans conséquence pour le patient."/></concept><concept><code value="10000002"/><display value="Significative"/><definition value="Erreur médicamenteuse avec surveillance indispensable pour le patient mais sans conséquence clinique pour lui."/></concept><concept><code value="10000003"/><display value="Majeure"/><definition value="Erreur médicamenteuse avec conséquences cliniques temporaires pour le patient : à l’origine d’une atteinte physique ou psychologique réversible qui nécessite un traitement ou une intervention ou un transfert vers un (autre) établissement, induction ou allongement du séjour hospitalier."/></concept><concept><code value="10000004"/><display value="Critique"/><definition value="Erreur médicamenteuse avec conséquences cliniques permanentes pour le patient : à l’origine d’une atteinte physique ou psychologique permanente irréversible."/></concept><concept><code value="10000005"/><display value="Catastrophique"/><definition value="Erreur médicamenteuse avec mise en jeu du pronostic vital ou décès du patient."/></concept></CodeSystem>