<?xml version="1.0" encoding="UTF-8"?><CodeSystem xmlns="http://hl7.org/fhir"><id value="fr-medication-reconciliation-status"/><meta><profile value="http://hl7.org/fhir/StructureDefinition/shareablecodesystem"/></meta><text><status value="generated"/><div xmlns="http://www.w3.org/1999/xhtml"><p class="res-header-id"><b>Generated Narrative: CodeSystem fr-medication-reconciliation-status</b></p><a name="fr-medication-reconciliation-status"> </a><a name="hcfr-medication-reconciliation-status"> </a><a name="fr-medication-reconciliation-status-en-US"> </a><p>This  code system <code>https://hl7.fr/fhir/fr/medication/CodeSystem/fr-medication-reconciliation-status</code> defines the following codes:</p><table class="codes"><tr><td style="white-space:nowrap"><b>Code</b></td><td><b>Display</b></td><td><b>Definition</b></td></tr><tr><td style="white-space:nowrap">10000001<a name="fr-medication-reconciliation-status-10000001"> </a></td><td>Continué</td><td>La spécialité et la posologie de la ligne du Traitement Courant sont identiques à celles de la ligne du traitement antérieur (Bilan Médicamenteux).</td></tr><tr><td style="white-space:nowrap">10000002<a name="fr-medication-reconciliation-status-10000002"> </a></td><td>Équivalence</td><td>La ligne du traitement antérieur (Bilan Médicamenteux) est poursuivie dans le Traitement Courant, mais avec un médicament équivalent. Il s'agit souvent de substituer la spécialité du traitement antérieur par la spécialité au Livret de l'établissement.</td></tr><tr><td style="white-space:nowrap">10000003<a name="fr-medication-reconciliation-status-10000003"> </a></td><td>Arrêté</td><td>La ligne de traitement antérieur (Bilan Médicamenteux) ne figure pas dans le Traitement Courant. Cette ligne de traitement a donc été arrêtée.</td></tr><tr><td style="white-space:nowrap">10000004<a name="fr-medication-reconciliation-status-10000004"> </a></td><td>Modifié</td><td>L'intention thérapeutique de la ligne du traitement antérieur (Bilan Médicamenteux) est poursuivie mais avec modification du principe actif et/ou de la forme galénique et/ou de la voie d'adminisitration et/ou des modialités d'administration et/ou de la posologie.</td></tr><tr><td style="white-space:nowrap">10000005<a name="fr-medication-reconciliation-status-10000005"> </a></td><td>Initié</td><td>La ligne du traitement courant ne figure pas dans le traitement antérieur (Bilan Médicamenteux). Cette ligne de traitement a donc été initiée/démarrée.</td></tr></table></div></text><url value="https://hl7.fr/fhir/fr/medication/CodeSystem/fr-medication-reconciliation-status"/><version value="0.1.0"/><name value="FrMedicationReconciliationStatus"/><title value="code system Interop'Santé - Statut d'une ligne de traitement d'une FCT"/><status value="draft"/><experimental value="false"/><date value="2025-02-04T14:42:57+00:00"/><publisher value="Interop'Santé"/><contact><name value="Interop'Santé"/><telecom><system value="url"/><value value="http://interopsante.org/"/></telecom></contact><description value="Le système de codage du statut d'une ligne de traitement d'une FCT (Fiche de Conciliation des Traitements médicamenteux)."/><content value="complete"/><count value="5"/><concept><code value="10000001"/><display value="Continué"/><definition value="La spécialité et la posologie de la ligne du Traitement Courant sont identiques à celles de la ligne du traitement antérieur (Bilan Médicamenteux)."/></concept><concept><code value="10000002"/><display value="Équivalence"/><definition value="La ligne du traitement antérieur (Bilan Médicamenteux) est poursuivie dans le Traitement Courant, mais avec un médicament équivalent. Il s'agit souvent de substituer la spécialité du traitement antérieur par la spécialité au Livret de l'établissement."/></concept><concept><code value="10000003"/><display value="Arrêté"/><definition value="La ligne de traitement antérieur (Bilan Médicamenteux) ne figure pas dans le Traitement Courant. Cette ligne de traitement a donc été arrêtée."/></concept><concept><code value="10000004"/><display value="Modifié"/><definition value="L'intention thérapeutique de la ligne du traitement antérieur (Bilan Médicamenteux) est poursuivie mais avec modification du principe actif et/ou de la forme galénique et/ou de la voie d'adminisitration et/ou des modialités d'administration et/ou de la posologie."/></concept><concept><code value="10000005"/><display value="Initié"/><definition value="La ligne du traitement courant ne figure pas dans le traitement antérieur (Bilan Médicamenteux). Cette ligne de traitement a donc été initiée/démarrée."/></concept></CodeSystem>