<?xml version="1.0" encoding="UTF-8"?><ConceptMap xmlns="http://hl7.org/fhir"><id value="PN13-FHIR-prescmed-practitioner-id-seul-conceptmap"/><text><status value="generated"/><div xmlns="http://www.w3.org/1999/xhtml"><p class="res-header-id"><b>Generated Narrative: ConceptMap PN13-FHIR-prescmed-practitioner-id-seul-conceptmap</b></p><a name="PN13-FHIR-prescmed-practitioner-id-seul-conceptmap"> </a><a name="hcPN13-FHIR-prescmed-practitioner-id-seul-conceptmap"> </a><a name="PN13-FHIR-prescmed-practitioner-id-seul-conceptmap-en-US"> </a><p>Mapping from https://interopsante.org/pn13/xsd to <a href="StructureDefinition-fr-inpatient-medicationrequest.html">FrInpatientMedicationRequest</a></p><br/><p><b>Group 1 </b>Mapping from <code>unspecified code system</code> to <code>unspecified code system</code></p><table class="grid"><tr><td colspan="2"><b>Source Concept Details</b></td><td><b>Relationship</b></td><td colspan="3"><b>Target Concept Details</b></td><td colspan="3"><b>Properties</b></td></tr><tr><td colspan="2"><b>Codes</b> from </td><td/><td colspan="2"><b>Codes</b> from </td><td><b>MedicationRequest.requester.type</b></td></tr><tr><td style="border-right-width: 0px">Messages/M_prescription_médicaments/Prescription/Elément_prescr_médic/Id_prescripteur</td><td style="border-left-width: 0px"></td><td><a href="http://hl7.org/fhir/R5/codesystem-concept-map-relationship.html#equal" title="equal">is equal to</a></td><td style="border-right-width: 0px">MedicationRequest.requester.identifier.value</td><td style="border-left-width: 0px"></td><td>Practitioner</td></tr></table></div></text><url value="https://hl7.fr/fhir/fr/medication/ConceptMap/PN13-FHIR-prescmed-practitioner-id-seul-conceptmap"/><version value="0.1.0"/><name value="FrPN13FHIRMedicationPrescriptionPractitionerIdSeulConceptMap"/><title value="Conversion PN13 vers FHIR pour le professionnel prescripteur d'une prescription de médicaments avec uniquement un identifiant fourni"/><status value="draft"/><date value="2025-04-15T06:58:45+00:00"/><publisher value="Interop'Santé"/><contact><name value="Interop'Santé"/><telecom><system value="url"/><value value="http://interopsante.org/"/></telecom></contact><description value="ConceptMap pour la conversion PN13 vers FHIR du professionnel prescripteur d'une prescritpion de médicament avec uniquement un identifiant fourni"/><sourceUri value="https://interopsante.org/pn13/xsd"/><targetUri value="https://hl7.fr/fhir/fr/medication/StructureDefinition/fr-inpatient-medicationrequest"/><group><element><code value="Messages/M_prescription_médicaments/Prescription/Elément_prescr_médic/Id_prescripteur"/><target><code value="MedicationRequest.requester.identifier.value"/><equivalence value="equal"/><product><property value="MedicationRequest.requester.type"/><value value="Practitioner"/></product></target></element></group></ConceptMap>