<?xml version="1.0" encoding="UTF-8"?><ConceptMap xmlns="http://hl7.org/fhir"><id value="PN13-FHIR-gender-conceptmap"/><text><status value="generated"/><div xmlns="http://www.w3.org/1999/xhtml"><p class="res-header-id"><b>Generated Narrative: ConceptMap PN13-FHIR-gender-conceptmap</b></p><a name="PN13-FHIR-gender-conceptmap"> </a><a name="hcPN13-FHIR-gender-conceptmap"> </a><a name="PN13-FHIR-gender-conceptmap-en-US"> </a><p>Mapping from https://interopsante.org/pn13/SIPh_sexe to <a href="http://hl7.org/fhir/R4/codesystem-administrative-gender.html">http://hl7.org/fhir/administrative-gender</a></p><br/><p><b>Group 1 </b>Mapping from <code>unspecified code system</code> to <code>unspecified code system</code></p><table class="grid"><tr><td><b>Source Code</b></td><td><b>Relationship</b></td><td><b>Target Code</b></td><td><b>Comment</b></td></tr><tr><td>M (Mâle)</td><td><a href="http://hl7.org/fhir/extensions/5.1.0/CodeSystem-concept-map-equivalence.html#equal" title="equal">is equal to</a></td><td>male</td><td/></tr><tr><td>F (Femelle)</td><td><a href="http://hl7.org/fhir/extensions/5.1.0/CodeSystem-concept-map-equivalence.html#equal" title="equal">is equal to</a></td><td>female</td><td/></tr><tr><td>U (Non connu)</td><td><a href="http://hl7.org/fhir/extensions/5.1.0/CodeSystem-concept-map-equivalence.html#equal" title="equal">is equal to</a></td><td>unknown</td><td/></tr><tr><td>O (Autre)</td><td><a href="http://hl7.org/fhir/extensions/5.1.0/CodeSystem-concept-map-equivalence.html#inexact" title="inexact">maps loosely to</a></td><td>unknown</td><td>La terminologie FHIR pour le sexe administratif n'a pas d'équivalent pour le concept autre. Le mapping sur unknown est proposé pour permettre un passage de PN13 à FHIR</td></tr></table></div></text><url value="https://hl7.fr/fhir/fr/medication/ConceptMap/PN13-FHIR-gender-conceptmap"/><version value="0.1.0"/><name value="FrPN13FHIRGenderConceptMap"/><title value="Conversion PN13 FHIR des code de sexe administratif"/><status value="draft"/><date value="2024-12-27T09:52:33+00:00"/><publisher value="Interop'Santé"/><contact><name value="Interop'Santé"/><telecom><system value="url"/><value value="http://interopsante.org/"/></telecom></contact><description value="ConceptMap pour la conversion des codes de sexe administratif entre PN13 et FHIR"/><sourceUri value="https://interopsante.org/pn13/SIPh_sexe"/><targetUri value="http://hl7.org/fhir/administrative-gender"/><group><element><code value="M"/><display value="Mâle"/><target><code value="male"/><display value="Male"/><equivalence value="equal"/></target></element><element><code value="F"/><display value="Femelle"/><target><code value="female"/><display value="Female"/><equivalence value="equal"/></target></element><element><code value="U"/><display value="Non connu"/><target><code value="unknown"/><display value="Unknown"/><equivalence value="equal"/></target></element><element><code value="O"/><display value="Autre"/><target><code value="unknown"/><display value="Unknown"/><equivalence value="inexact"/><comment value="La terminologie FHIR pour le sexe administratif n'a pas d'équivalent pour le concept autre. Le mapping sur unknown est proposé pour permettre un passage de PN13 à FHIR"/></target></element></group></ConceptMap>