<?xml version="1.0" encoding="UTF-8"?><ConceptMap xmlns="http://hl7.org/fhir"><id value="PN13-FHIR-prescmed-dosageinstruction-conceptmap"/><text><status value="generated"/><div xmlns="http://www.w3.org/1999/xhtml"><p class="res-header-id"><b>Generated Narrative: ConceptMap PN13-FHIR-prescmed-dosageinstruction-conceptmap</b></p><a name="PN13-FHIR-prescmed-dosageinstruction-conceptmap"> </a><a name="hcPN13-FHIR-prescmed-dosageinstruction-conceptmap"> </a><a name="PN13-FHIR-prescmed-dosageinstruction-conceptmap-en-US"> </a><p>Mapping from https://interopsante.org/pn13/xsd/M_prescription_medicaments/Prescription/Element_prescr_medic/Element_posologie to https://hl7.org/fhir/R4/dosage</p><br/><p><b>Group 1 </b>Mapping from <code>unspecified code system</code> to <code>unspecified code system</code></p><table class="grid"><tr><td colspan="4"><b>Source Concept Details</b></td><td><b>Relationship</b></td><td colspan="4"><b>Target Concept Details</b></td><td><b>Comment</b></td><td colspan="4"><b>Properties</b></td></tr><tr><td colspan="2"><b>Codes</b> from </td><td><b>Fréquence</b></td><td><b>Fréquence_structurée</b></td><td/><td colspan="2"><b>Codes</b> from </td><td><b>Dosage.timing.repeat.period</b></td><td><b>Dosage.timing.repeat.periodUnit</b></td><td/></tr><tr><td style="border-right-width: 0px">Elément_posologie</td><td style="border-left-width: 0px"></td><td>&lt;Null&gt;</td><td>&lt;Null&gt;</td><td><a href="http://hl7.org/fhir/extensions/5.1.0/CodeSystem-concept-map-equivalence.html#relatedto" title="relatedto">is related to</a></td><td style="border-right-width: 0px">Dosage.timing</td><td style="border-left-width: 0px"></td><td>1</td><td>d</td><td>en l'absence de Fréquence et Fréquence_structurée la fréquence par défaut est d'une fois par jour</td></tr></table><hr/><p><b>Group 2 </b>Mapping from <code>unspecified code system</code> to <code>unspecified code system</code></p><table class="grid"><tr><td colspan="2"><b>Source Concept Details</b></td><td><b>Relationship</b></td><td colspan="2"><b>Target Concept Details</b></td><td><b>Comment</b></td><td colspan="2"><b>Properties</b></td></tr><tr><td colspan="2"><b>Codes</b> from </td><td/><td colspan="2"><b>Codes</b> from </td><td/></tr><tr><td style="border-right-width: 0px; border-bottom-style: none">Elément_posologie/Fréquence</td><td style="border-left-width: 0px; border-bottom-style: none"></td><td><a href="http://hl7.org/fhir/extensions/5.1.0/CodeSystem-concept-map-equivalence.html#relatedto" title="relatedto">is related to</a></td><td style="border-right-width: 0px">Dosage.timing.frequency</td><td style="border-left-width: 0px"></td><td>la terminologie locale utilisée dans le message PN13 est à traduire entre timing.frequency, timing.period et timing.periodUnit</td></tr><tr><td style="border-right-width: 0px; border-top-style: none; border-bottom-style: none"/><td style="border-left-width: 0px; border-top-style: none; border-bottom-style: none"/><td><a href="http://hl7.org/fhir/extensions/5.1.0/CodeSystem-concept-map-equivalence.html#relatedto" title="relatedto">is related to</a></td><td style="border-right-width: 0px">Dosage.timing.period</td><td style="border-left-width: 0px"></td><td>la terminologie locale utilisée dans le message PN13 est à traduire entre timing.frequency, timing.period et timing.periodUnit</td></tr><tr><td style="border-right-width: 0px; border-top-style: none"/><td style="border-top-style: none; border-left-width: 0px"/><td><a href="http://hl7.org/fhir/extensions/5.1.0/CodeSystem-concept-map-equivalence.html#relatedto" title="relatedto">is related to</a></td><td style="border-right-width: 0px">Dosage.timing.periodUnit</td><td style="border-left-width: 0px"></td><td>la terminologie locale utilisée dans le message PN13 est à traduire entre timing.frequency, timing.period et timing.periodUnit</td></tr></table><hr/><p><b>Group 3 </b>Mapping from <code>unspecified code system</code> to <code>unspecified code system</code></p><table class="grid"><tr><td colspan="3"><b>Source Concept Details</b></td><td><b>Relationship</b></td><td colspan="3"><b>Target Concept Details</b></td><td colspan="3"><b>Properties</b></td></tr><tr><td colspan="2"><b>Codes</b> from </td><td><b>Frq_échelle</b></td><td/><td colspan="2"><b>Codes</b> from </td><td><b>Dosage.timing.repeat.periodUnit</b></td></tr><tr><td style="border-right-width: 0px; border-bottom-style: none">Elément_posologie/Fréquence_structurée/Frq_échelle</td><td style="border-left-width: 0px; border-bottom-style: none"></td><td>1</td><td><a href="http://hl7.org/fhir/extensions/5.1.0/CodeSystem-concept-map-equivalence.html#equivalent" title="equivalent">is equivalent to</a></td><td style="border-right-width: 0px">Dosage.timing.repeat.periodUnit</td><td style="border-left-width: 0px"></td><td>s</td></tr><tr><td style="border-right-width: 0px; border-top-style: none; border-bottom-style: none"/><td style="border-left-width: 0px; border-top-style: none; border-bottom-style: none"/><td/><td><a href="http://hl7.org/fhir/extensions/5.1.0/CodeSystem-concept-map-equivalence.html#equivalent" title="equivalent">is equivalent to</a></td><td style="border-right-width: 0px">Dosage.timing.repeat.periodUnit</td><td style="border-left-width: 0px"></td><td>min</td></tr><tr><td style="border-right-width: 0px; border-top-style: none; border-bottom-style: none"/><td style="border-left-width: 0px; border-top-style: none; border-bottom-style: none"/><td/><td><a href="http://hl7.org/fhir/extensions/5.1.0/CodeSystem-concept-map-equivalence.html#equivalent" title="equivalent">is equivalent to</a></td><td style="border-right-width: 0px">Dosage.timing.repeat.periodUnit</td><td style="border-left-width: 0px"></td><td>h</td></tr><tr><td style="border-right-width: 0px; border-top-style: none; border-bottom-style: none"/><td style="border-left-width: 0px; border-top-style: none; border-bottom-style: none"/><td/><td><a href="http://hl7.org/fhir/extensions/5.1.0/CodeSystem-concept-map-equivalence.html#equivalent" title="equivalent">is equivalent to</a></td><td style="border-right-width: 0px">Dosage.timing.repeat.periodUnit</td><td style="border-left-width: 0px"></td><td>d</td></tr><tr><td style="border-right-width: 0px; border-top-style: none; border-bottom-style: none"/><td style="border-left-width: 0px; border-top-style: none; border-bottom-style: none"/><td/><td><a href="http://hl7.org/fhir/extensions/5.1.0/CodeSystem-concept-map-equivalence.html#equivalent" title="equivalent">is equivalent to</a></td><td style="border-right-width: 0px">Dosage.timing.repeat.periodUnit</td><td style="border-left-width: 0px"></td><td>wk</td></tr><tr><td style="border-right-width: 0px; border-top-style: none; border-bottom-style: none"/><td style="border-left-width: 0px; border-top-style: none; border-bottom-style: none"/><td/><td><a href="http://hl7.org/fhir/extensions/5.1.0/CodeSystem-concept-map-equivalence.html#equivalent" title="equivalent">is equivalent to</a></td><td style="border-right-width: 0px">Dosage.timing.repeat.periodUnit</td><td style="border-left-width: 0px"></td><td>mo</td></tr><tr><td style="border-right-width: 0px; border-top-style: none"/><td style="border-top-style: none; border-left-width: 0px"/><td/><td><a href="http://hl7.org/fhir/extensions/5.1.0/CodeSystem-concept-map-equivalence.html#equivalent" title="equivalent">is equivalent to</a></td><td style="border-right-width: 0px">Dosage.timing.repeat.periodUnit</td><td style="border-left-width: 0px"></td><td>a</td></tr></table><hr/><p><b>Group 4 </b>Mapping from <code>unspecified code system</code> to <code>unspecified code system</code></p><table class="grid"><tr><td colspan="4"><b>Source Concept Details</b></td><td><b>Relationship</b></td><td colspan="3"><b>Target Concept Details</b></td><td colspan="3"><b>Properties</b></td></tr><tr><td colspan="2"><b>Codes</b> from </td><td><b>Frq_durée</b></td><td><b>Frq_filtre</b></td><td/><td colspan="2"><b>Codes</b> from </td><td><b>Dosage.timing.repeat.period</b></td></tr><tr><td style="border-right-width: 0px; border-bottom-style: none">Elément_posologie/Fréquence_structurée/Frq_durée</td><td style="border-left-width: 0px; border-bottom-style: none"></td><td>&lt;Null&gt;</td><td>&lt;Null&gt;</td><td><a href="http://hl7.org/fhir/extensions/5.1.0/CodeSystem-concept-map-equivalence.html#equivalent" title="equivalent">is equivalent to</a></td><td style="border-right-width: 0px">Dosage.timing.repeat.period</td><td style="border-left-width: 0px"></td><td>1</td></tr><tr><td style="border-right-width: 0px; border-top-style: none"/><td style="border-top-style: none; border-left-width: 0px"/><td/><td/><td><a href="http://hl7.org/fhir/extensions/5.1.0/CodeSystem-concept-map-equivalence.html#equal" title="equal">is equal to</a></td><td style="border-right-width: 0px">Dosage.timing.repeat.period</td><td style="border-left-width: 0px"></td><td/></tr></table><hr/><p><b>Group 5 </b>Mapping from <code>unspecified code system</code> to <code>unspecified code system</code></p><table class="grid"><tr><td colspan="4"><b>Source Concept Details</b></td><td><b>Relationship</b></td><td colspan="3"><b>Target Concept Details</b></td><td colspan="3"><b>Properties</b></td></tr><tr><td colspan="2"><b>Codes</b> from </td><td><b>Frq_multiplicité</b></td><td><b>Frq_filtre</b></td><td/><td colspan="2"><b>Codes</b> from </td><td><b>Dosage.timing.repeat.frequency</b></td></tr><tr><td style="border-right-width: 0px; border-bottom-style: none">Elément_posologie/Fréquence_structurée/Frq_multiplicité</td><td style="border-left-width: 0px; border-bottom-style: none"></td><td>&lt;Null&gt;</td><td>&lt;Null&gt;</td><td><a href="http://hl7.org/fhir/extensions/5.1.0/CodeSystem-concept-map-equivalence.html#equivalent" title="equivalent">is equivalent to</a></td><td style="border-right-width: 0px">Dosage.timing.repeat.frequency</td><td style="border-left-width: 0px"></td><td>1</td></tr><tr><td style="border-right-width: 0px; border-top-style: none"/><td style="border-top-style: none; border-left-width: 0px"/><td/><td/><td><a href="http://hl7.org/fhir/extensions/5.1.0/CodeSystem-concept-map-equivalence.html#equal" title="equal">is equal to</a></td><td style="border-right-width: 0px">Dosage.timing.repeat.frequency</td><td style="border-left-width: 0px"></td><td/></tr></table><hr/><p><b>Group 6 </b>Mapping from <code>unspecified code system</code> to <code>unspecified code system</code></p><table class="grid"><tr><td colspan="3"><b>Source Concept Details</b></td><td><b>Relationship</b></td><td colspan="3"><b>Target Concept Details</b></td><td><b>Comment</b></td><td colspan="3"><b>Properties</b></td></tr><tr><td colspan="2"><b>Codes</b> from </td><td><b>Frq_filtreVal_1_J</b></td><td/><td colspan="2"><b>Codes</b> from </td><td><b>Dosage.timing.repeat.dayOfWeek</b></td><td/></tr><tr><td style="border-right-width: 0px">Elément_posologie/Fréquence_structurée/Frq_filtre/Frq_filtreVal_1_J</td><td style="border-left-width: 0px"></td><td>1</td><td><a href="http://hl7.org/fhir/extensions/5.1.0/CodeSystem-concept-map-equivalence.html#equivalent" title="equivalent">is equivalent to</a></td><td style="border-right-width: 0px">Dosage.timing.repeat.dayOfWeek</td><td style="border-left-width: 0px"></td><td>mon</td><td>Si présence d'élémént(s) Frq_filtreVal_1_N, chaque Frq_filtreVal_1_N donne lieu à une occurrence de dosageInstruction reprenant dans les éléments et indiquant dans timing.repeat.boundsPeriod la semaine concernée</td></tr><tr><td style="border-right-width: 0px">Elément_posologie/Fréquence_structurée/Frq_filtre/Frq_filtreVal_1_J</td><td style="border-left-width: 0px"></td><td>2</td><td><a href="http://hl7.org/fhir/extensions/5.1.0/CodeSystem-concept-map-equivalence.html#equivalent" title="equivalent">is equivalent to</a></td><td style="border-right-width: 0px">Dosage.timing.repeat.dayOfWeek</td><td style="border-left-width: 0px"></td><td>tue</td><td>Si présence d'élémént(s) Frq_filtreVal_1_N, chaque Frq_filtreVal_1_N donne lieu à une occurrence de dosageInstruction reprenant dans les éléments et indiquant dans timing.repeat.boundsPeriod la semaine concernée</td></tr><tr><td style="border-right-width: 0px">Elément_posologie/Fréquence_structurée/Frq_filtre/Frq_filtreVal_1_J</td><td style="border-left-width: 0px"></td><td>3</td><td><a href="http://hl7.org/fhir/extensions/5.1.0/CodeSystem-concept-map-equivalence.html#equivalent" title="equivalent">is equivalent to</a></td><td style="border-right-width: 0px">Dosage.timing.repeat.dayOfWeek</td><td style="border-left-width: 0px"></td><td>wed</td><td>Si présence d'élémént(s) Frq_filtreVal_1_N, chaque Frq_filtreVal_1_N donne lieu à une occurrence de dosageInstruction reprenant dans les éléments et indiquant dans timing.repeat.boundsPeriod la semaine concernée</td></tr><tr><td style="border-right-width: 0px">Elément_posologie/Fréquence_structurée/Frq_filtre/Frq_filtreVal_1_J</td><td style="border-left-width: 0px"></td><td>4</td><td><a href="http://hl7.org/fhir/extensions/5.1.0/CodeSystem-concept-map-equivalence.html#equivalent" title="equivalent">is equivalent to</a></td><td style="border-right-width: 0px">Dosage.timing.repeat.dayOfWeek</td><td style="border-left-width: 0px"></td><td>thu</td><td>Si présence d'élémént(s) Frq_filtreVal_1_N, chaque Frq_filtreVal_1_N donne lieu à une occurrence de dosageInstruction reprenant dans les éléments et indiquant dans timing.repeat.boundsPeriod la semaine concernée</td></tr><tr><td style="border-right-width: 0px">Elément_posologie/Fréquence_structurée/Frq_filtre/Frq_filtreVal_1_J</td><td style="border-left-width: 0px"></td><td>5</td><td><a href="http://hl7.org/fhir/extensions/5.1.0/CodeSystem-concept-map-equivalence.html#equivalent" title="equivalent">is equivalent to</a></td><td style="border-right-width: 0px">Dosage.timing.repeat.dayOfWeek</td><td style="border-left-width: 0px"></td><td>fri</td><td>Si présence d'élémént(s) Frq_filtreVal_1_N, chaque Frq_filtreVal_1_N donne lieu à une occurrence de dosageInstruction reprenant dans les éléments et indiquant dans timing.repeat.boundsPeriod la semaine concernée</td></tr><tr><td style="border-right-width: 0px">Elément_posologie/Fréquence_structurée/Frq_filtre/Frq_filtreVal_1_J</td><td style="border-left-width: 0px"></td><td>6</td><td><a href="http://hl7.org/fhir/extensions/5.1.0/CodeSystem-concept-map-equivalence.html#equivalent" title="equivalent">is equivalent to</a></td><td style="border-right-width: 0px">Dosage.timing.repeat.dayOfWeek</td><td style="border-left-width: 0px"></td><td>sat</td><td>Si présence d'élémént(s) Frq_filtreVal_1_N, chaque Frq_filtreVal_1_N donne lieu à une occurrence de dosageInstruction reprenant dans les éléments et indiquant dans timing.repeat.boundsPeriod la semaine concernée</td></tr><tr><td style="border-right-width: 0px">Elément_posologie/Fréquence_structurée/Frq_filtre/Frq_filtreVal_1_J</td><td style="border-left-width: 0px"></td><td>7</td><td><a href="http://hl7.org/fhir/extensions/5.1.0/CodeSystem-concept-map-equivalence.html#equivalent" title="equivalent">is equivalent to</a></td><td style="border-right-width: 0px">Dosage.timing.repeat.dayOfWeek</td><td style="border-left-width: 0px"></td><td>sun</td><td>Si présence d'élémént(s) Frq_filtreVal_1_N, chaque Frq_filtreVal_1_N donne lieu à une occurrence de dosageInstruction reprenant dans les éléments et indiquant dans timing.repeat.boundsPeriod la semaine concernée</td></tr></table><hr/><p><b>Group 7 </b>Mapping from <code>unspecified code system</code> to <code>unspecified code system</code></p><table class="grid"><tr><td colspan="3"><b>Source Concept Details</b></td><td><b>Relationship</b></td><td colspan="3"><b>Target Concept Details</b></td><td colspan="3"><b>Properties</b></td></tr><tr><td colspan="2"><b>Codes</b> from </td><td><b>Unité@Phastnomenclature</b></td><td/><td colspan="2"><b>Codes</b> from </td><td><b>Dosage.doseAndRate.doseQuantity.system</b></td></tr><tr><td style="border-right-width: 0px">Elément_posologie/Quantité/Nombre</td><td style="border-left-width: 0px"></td><td/><td><a href="http://hl7.org/fhir/extensions/5.1.0/CodeSystem-concept-map-equivalence.html#equal" title="equal">is equal to</a></td><td style="border-right-width: 0px">Dosage.doseAndRate.doseQuantity.value</td><td style="border-left-width: 0px"></td><td/></tr><tr><td style="border-right-width: 0px">Elément_posologie/Quantité/Unité</td><td style="border-left-width: 0px"></td><td>EDQM</td><td><a href="http://hl7.org/fhir/extensions/5.1.0/CodeSystem-concept-map-equivalence.html#equal" title="equal">is equal to</a></td><td style="border-right-width: 0px">Dosage.doseAndRate.doseQuantity.code</td><td style="border-left-width: 0px"></td><td>http://data.esante.gouv.fr/coe/standardterms</td></tr><tr><td style="border-right-width: 0px">Elément_posologie/Quantité/Unité</td><td style="border-left-width: 0px"></td><td/><td><a href="http://hl7.org/fhir/extensions/5.1.0/CodeSystem-concept-map-equivalence.html#relatedto" title="relatedto">is related to</a></td><td style="border-right-width: 0px">Dosage.doseAndRate.doseQuantity.unité</td><td style="border-left-width: 0px"></td><td/></tr></table></div></text><url value="https://hl7.fr/fhir/fr/medication/ConceptMap/PN13-FHIR-prescmed-dosageinstruction-conceptmap"/><version value="0.1.0"/><name value="FrPN13FHIRMedicationPrescriptionDosageInstructiontConceptMap"/><title value="Conversion PN13 vers FHIR pour la posologie d'une prescription de médicaments"/><status value="draft"/><date value="2024-12-27T10:08:00+00:00"/><publisher value="Interop'Santé"/><contact><name value="Interop'Santé"/><telecom><system value="url"/><value value="http://interopsante.org/"/></telecom></contact><description value="ConceptMap pour la conversion PN13 vers FHIR d'une posologie d'une prescritpion de médicament"/><sourceUri value="https://interopsante.org/pn13/xsd/M_prescription_medicaments/Prescription/Element_prescr_medic/Element_posologie"/><targetUri value="https://hl7.org/fhir/R4/dosage"/><group><element><code value="Elément_posologie"/><target><code value="Dosage.timing"/><equivalence value="relatedto"/><comment value="en l'absence de Fréquence et Fréquence_structurée la fréquence par défaut est d'une fois par jour"/><dependsOn><property value="Elément_posologie/Fréquence"/><value value="&lt;Null&gt;"/></dependsOn><dependsOn><property value="Elément_posologie/Fréquence_structurée"/><value value="&lt;Null&gt;"/></dependsOn><product><property value="Dosage.timing.repeat.periodUnit"/><value value="d"/></product><product><property value="Dosage.timing.repeat.period"/><value value="1"/></product></target></element></group><group><element><code value="Elément_posologie/Fréquence"/><target><code value="Dosage.timing.frequency"/><equivalence value="relatedto"/><comment value="la terminologie locale utilisée dans le message PN13 est à traduire entre timing.frequency, timing.period et timing.periodUnit"/></target><target><code value="Dosage.timing.period"/><equivalence value="relatedto"/><comment value="la terminologie locale utilisée dans le message PN13 est à traduire entre timing.frequency, timing.period et timing.periodUnit"/></target><target><code value="Dosage.timing.periodUnit"/><equivalence value="relatedto"/><comment value="la terminologie locale utilisée dans le message PN13 est à traduire entre timing.frequency, timing.period et timing.periodUnit"/></target></element></group><group><element><code value="Elément_posologie/Fréquence_structurée/Frq_échelle"/><target><code value="Dosage.timing.repeat.periodUnit"/><equivalence value="equivalent"/><dependsOn><property value="Elément_posologie/Fréquence_structurée/Frq_échelle"/><value value="1"/></dependsOn><product><property value="Dosage.timing.repeat.periodUnit"/><value value="s"/></product></target><target><code value="Dosage.timing.repeat.periodUnit"/><equivalence value="equivalent"/><dependsOn><property value="Elément_posologie/Fréquence_structurée/Frq_échelle"/><value value="2"/></dependsOn><product><property value="Dosage.timing.repeat.periodUnit"/><value value="min"/></product></target><target><code value="Dosage.timing.repeat.periodUnit"/><equivalence value="equivalent"/><dependsOn><property value="Elément_posologie/Fréquence_structurée/Frq_échelle"/><value value="3"/></dependsOn><product><property value="Dosage.timing.repeat.periodUnit"/><value value="h"/></product></target><target><code value="Dosage.timing.repeat.periodUnit"/><equivalence value="equivalent"/><dependsOn><property value="Elément_posologie/Fréquence_structurée/Frq_échelle"/><value value="4"/></dependsOn><product><property value="Dosage.timing.repeat.periodUnit"/><value value="d"/></product></target><target><code value="Dosage.timing.repeat.periodUnit"/><equivalence value="equivalent"/><dependsOn><property value="Elément_posologie/Fréquence_structurée/Frq_échelle"/><value value="5"/></dependsOn><product><property value="Dosage.timing.repeat.periodUnit"/><value value="wk"/></product></target><target><code value="Dosage.timing.repeat.periodUnit"/><equivalence value="equivalent"/><dependsOn><property value="Elément_posologie/Fréquence_structurée/Frq_échelle"/><value value="6"/></dependsOn><product><property value="Dosage.timing.repeat.periodUnit"/><value value="mo"/></product></target><target><code value="Dosage.timing.repeat.periodUnit"/><equivalence value="equivalent"/><dependsOn><property value="Elément_posologie/Fréquence_structurée/Frq_échelle"/><value value="7"/></dependsOn><product><property value="Dosage.timing.repeat.periodUnit"/><value value="a"/></product></target></element></group><group><element><code value="Elément_posologie/Fréquence_structurée/Frq_durée"/><target><code value="Dosage.timing.repeat.period"/><equivalence value="equivalent"/><dependsOn><property value="Elément_posologie/Fréquence_structurée/Frq_durée"/><value value="&lt;Null&gt;"/></dependsOn><dependsOn><property value="Elément_posologie/Fréquence_structurée/Frq_filtre"/><value value="&lt;Null&gt;"/></dependsOn><product><property value="Dosage.timing.repeat.period"/><value value="1"/></product></target><target><code value="Dosage.timing.repeat.period"/><equivalence value="equal"/></target></element></group><group><element><code value="Elément_posologie/Fréquence_structurée/Frq_multiplicité"/><target><code value="Dosage.timing.repeat.frequency"/><equivalence value="equivalent"/><dependsOn><property value="Elément_posologie/Fréquence_structurée/Frq_multiplicité"/><value value="&lt;Null&gt;"/></dependsOn><dependsOn><property value="Elément_posologie/Fréquence_structurée/Frq_filtre"/><value value="&lt;Null&gt;"/></dependsOn><product><property value="Dosage.timing.repeat.frequency"/><value value="1"/></product></target><target><code value="Dosage.timing.repeat.frequency"/><equivalence value="equal"/></target></element></group><group><element><code value="Elément_posologie/Fréquence_structurée/Frq_filtre/Frq_filtreVal_1_J"/><target><code value="Dosage.timing.repeat.dayOfWeek"/><equivalence value="equivalent"/><comment value="Si présence d'élémént(s) Frq_filtreVal_1_N, chaque Frq_filtreVal_1_N donne lieu à une occurrence de dosageInstruction reprenant dans les éléments et indiquant dans timing.repeat.boundsPeriod la semaine concernée"/><dependsOn><property value="Elément_posologie/Fréquence_structurée/Frq_filtre/Frq_filtreVal_1_J"/><value value="1"/></dependsOn><product><property value="Dosage.timing.repeat.dayOfWeek"/><value value="mon"/></product></target></element><element><code value="Elément_posologie/Fréquence_structurée/Frq_filtre/Frq_filtreVal_1_J"/><target><code value="Dosage.timing.repeat.dayOfWeek"/><equivalence value="equivalent"/><comment value="Si présence d'élémént(s) Frq_filtreVal_1_N, chaque Frq_filtreVal_1_N donne lieu à une occurrence de dosageInstruction reprenant dans les éléments et indiquant dans timing.repeat.boundsPeriod la semaine concernée"/><dependsOn><property value="Elément_posologie/Fréquence_structurée/Frq_filtre/Frq_filtreVal_1_J"/><value value="2"/></dependsOn><product><property value="Dosage.timing.repeat.dayOfWeek"/><value value="tue"/></product></target></element><element><code value="Elément_posologie/Fréquence_structurée/Frq_filtre/Frq_filtreVal_1_J"/><target><code value="Dosage.timing.repeat.dayOfWeek"/><equivalence value="equivalent"/><comment value="Si présence d'élémént(s) Frq_filtreVal_1_N, chaque Frq_filtreVal_1_N donne lieu à une occurrence de dosageInstruction reprenant dans les éléments et indiquant dans timing.repeat.boundsPeriod la semaine concernée"/><dependsOn><property value="Elément_posologie/Fréquence_structurée/Frq_filtre/Frq_filtreVal_1_J"/><value value="3"/></dependsOn><product><property value="Dosage.timing.repeat.dayOfWeek"/><value value="wed"/></product></target></element><element><code value="Elément_posologie/Fréquence_structurée/Frq_filtre/Frq_filtreVal_1_J"/><target><code value="Dosage.timing.repeat.dayOfWeek"/><equivalence value="equivalent"/><comment value="Si présence d'élémént(s) Frq_filtreVal_1_N, chaque Frq_filtreVal_1_N donne lieu à une occurrence de dosageInstruction reprenant dans les éléments et indiquant dans timing.repeat.boundsPeriod la semaine concernée"/><dependsOn><property value="Elément_posologie/Fréquence_structurée/Frq_filtre/Frq_filtreVal_1_J"/><value value="4"/></dependsOn><product><property value="Dosage.timing.repeat.dayOfWeek"/><value value="thu"/></product></target></element><element><code value="Elément_posologie/Fréquence_structurée/Frq_filtre/Frq_filtreVal_1_J"/><target><code value="Dosage.timing.repeat.dayOfWeek"/><equivalence value="equivalent"/><comment value="Si présence d'élémént(s) Frq_filtreVal_1_N, chaque Frq_filtreVal_1_N donne lieu à une occurrence de dosageInstruction reprenant dans les éléments et indiquant dans timing.repeat.boundsPeriod la semaine concernée"/><dependsOn><property value="Elément_posologie/Fréquence_structurée/Frq_filtre/Frq_filtreVal_1_J"/><value value="5"/></dependsOn><product><property value="Dosage.timing.repeat.dayOfWeek"/><value value="fri"/></product></target></element><element><code value="Elément_posologie/Fréquence_structurée/Frq_filtre/Frq_filtreVal_1_J"/><target><code value="Dosage.timing.repeat.dayOfWeek"/><equivalence value="equivalent"/><comment value="Si présence d'élémént(s) Frq_filtreVal_1_N, chaque Frq_filtreVal_1_N donne lieu à une occurrence de dosageInstruction reprenant dans les éléments et indiquant dans timing.repeat.boundsPeriod la semaine concernée"/><dependsOn><property value="Elément_posologie/Fréquence_structurée/Frq_filtre/Frq_filtreVal_1_J"/><value value="6"/></dependsOn><product><property value="Dosage.timing.repeat.dayOfWeek"/><value value="sat"/></product></target></element><element><code value="Elément_posologie/Fréquence_structurée/Frq_filtre/Frq_filtreVal_1_J"/><target><code value="Dosage.timing.repeat.dayOfWeek"/><equivalence value="equivalent"/><comment value="Si présence d'élémént(s) Frq_filtreVal_1_N, chaque Frq_filtreVal_1_N donne lieu à une occurrence de dosageInstruction reprenant dans les éléments et indiquant dans timing.repeat.boundsPeriod la semaine concernée"/><dependsOn><property value="Elément_posologie/Fréquence_structurée/Frq_filtre/Frq_filtreVal_1_J"/><value value="7"/></dependsOn><product><property value="Dosage.timing.repeat.dayOfWeek"/><value value="sun"/></product></target></element></group><group><element><code value="Elément_posologie/Quantité/Nombre"/><target><code value="Dosage.doseAndRate.doseQuantity.value"/><equivalence value="equal"/></target></element><element><code value="Elément_posologie/Quantité/Unité"/><target><code value="Dosage.doseAndRate.doseQuantity.code"/><equivalence value="equal"/><dependsOn><property value="Elément_posologie/Quantité/Unité@Phast-nomenclature"/><value value="EDQM"/></dependsOn><product><property value="Dosage.doseAndRate.doseQuantity.system"/><value value="http://data.esante.gouv.fr/coe/standardterms"/></product></target></element><element><code value="Elément_posologie/Quantité/Unité"/><target><code value="Dosage.doseAndRate.doseQuantity.unité"/><equivalence value="relatedto"/></target></element></group></ConceptMap>