<?xml version="1.0" encoding="UTF-8"?><ValueSet xmlns="http://hl7.org/fhir"><id value="fr-uf-role-code-for-prescription"/><text><status value="generated"/><div xmlns="http://www.w3.org/1999/xhtml"><p class="res-header-id"><b>Generated Narrative: ValueSet fr-uf-role-code-for-prescription</b></p><a name="fr-uf-role-code-for-prescription"> </a><a name="hcfr-uf-role-code-for-prescription"> </a><a name="fr-uf-role-code-for-prescription-en-US"> </a><ul><li>Include all codes defined in <a href="CodeSystem-fr-uf-role-codes.html"><code>https://hl7.fr/fhir/fr/medication/CodeSystem/fr-uf-role-codes</code></a></li></ul></div></text><url value="https://hl7.fr/fhir/fr/medication/ValueSet/fr-uf-role-code-for-prescription"/><version value="0.1.0"/><name value="FrUfRoleCodesForPrescriptionValueSet"/><title value="value set Interop'Santé - Types de rôle d’une UF par rapport à un séjour patient dans une prescription"/><status value="draft"/><experimental value="false"/><date value="2025-01-20T09:49:22+00:00"/><publisher value="Interop'Santé"/><contact><name value="Interop'Santé"/><telecom><system value="url"/><value value="http://interopsante.org/"/></telecom></contact><description value="Le jeu de valeurs à utiliser dans l'extension pour indiquer le type d'UF référencée dans Medication.supportingInfo"/><immutable value="false"/><compose><include><system value="https://hl7.fr/fhir/fr/medication/CodeSystem/fr-uf-role-codes"/></include></compose></ValueSet>