<?xml version="1.0" encoding="UTF-8"?><ValueSet xmlns="http://hl7.org/fhir"><id value="fr-mp-substance-active"/><meta><profile value="http://hl7.org/fhir/StructureDefinition/shareablevalueset"/></meta><text><status value="generated"/><div xmlns="http://www.w3.org/1999/xhtml"><p class="res-header-id"><b>Generated Narrative: ValueSet fr-mp-substance-active</b></p><a name="fr-mp-substance-active"> </a><a name="hcfr-mp-substance-active"> </a><a name="fr-mp-substance-active-en-US"> </a><ul><li>Include codes from<a href="http://www.snomed.org/"><code>http://snomed.info/sct</code></a> where constraint  = ((&lt; 763158003 |Medicinal product (product)|) . 127489000 |Has active ingredient (attribute)|) or ((&lt; 763158003 |Medicinal product (product)|) . 762949000 |Has precise active ingredient (attribute)|)</li></ul></div></text><url value="https://hl7.fr/fhir/fr/medication/ValueSet/fr-mp-substance-active"/><version value="0.1.0"/><name value="FrMpSubstanceActive"/><title value="French Medicinal product Active substance"/><status value="draft"/><experimental value="false"/><date value="2025-01-20T10:56:59+00:00"/><publisher value="Interop'Santé"/><contact><name value="Interop'Santé"/><telecom><system value="url"/><value value="http://interopsante.org/"/></telecom></contact><description value="Le jeu de valeurs à utiliser pour coder l'élément *ingredient.itemCodeableConcept* des ressources *FrMedicationUcd*, *FrMedicationUcdPart* et *FrMedicationNonproprietaryName*."/><immutable value="false"/><compose><include><system value="http://snomed.info/sct"/><filter><property value="constraint"/><op value="="/><value value="((&lt; 763158003 |Medicinal product (product)|) . 127489000 |Has active ingredient (attribute)|) or ((&lt; 763158003 |Medicinal product (product)|) . 762949000 |Has precise active ingredient (attribute)|)"/></filter></include></compose></ValueSet>