<?xml version="1.0" encoding="UTF-8"?><ValueSet xmlns="http://hl7.org/fhir"><id value="fr-editorial-status"/><meta><profile value="http://hl7.org/fhir/StructureDefinition/shareablevalueset"/></meta><text><status value="generated"/><div xmlns="http://www.w3.org/1999/xhtml"><p class="res-header-id"><b>Generated Narrative: ValueSet fr-editorial-status</b></p><a name="fr-editorial-status"> </a><a name="hcfr-editorial-status"> </a><a name="fr-editorial-status-en-US"> </a><ul><li>Include all codes defined in <a href="CodeSystem-fr-editorial-status.html"><code>https://hl7.fr/fhir/fr/medication/CodeSystem/fr-editorial-status</code></a></li></ul></div></text><url value="https://hl7.fr/fhir/fr/medication/ValueSet/fr-editorial-status"/><version value="0.1.0"/><name value="FrEditorialStatus"/><title value="value set Interop'Santé - Statut éditorial d'une valeur"/><status value="draft"/><experimental value="false"/><date value="2025-02-24T10:42:42+00:00"/><publisher value="Interop'Santé"/><contact><name value="Interop'Santé"/><telecom><system value="url"/><value value="http://interopsante.org/"/></telecom></contact><description value="Le jeu de valeurs à utiliser pour coder le statut éditorial d'une valeur."/><immutable value="false"/><compose><include><system value="https://hl7.fr/fhir/fr/medication/CodeSystem/fr-editorial-status"/></include></compose></ValueSet>