<?xml version="1.0" encoding="UTF-8"?><ValueSet xmlns="http://hl7.org/fhir"><id value="fr-note-scope-codes-vs"/><meta><profile value="http://hl7.org/fhir/StructureDefinition/shareablevalueset"/></meta><text><status value="generated"/><div xmlns="http://www.w3.org/1999/xhtml"><p class="res-header-id"><b>Generated Narrative: ValueSet fr-note-scope-codes-vs</b></p><a name="fr-note-scope-codes-vs"> </a><a name="hcfr-note-scope-codes-vs"> </a><a name="fr-note-scope-codes-vs-en-US"> </a><div style="display: inline-block; background-color: #d9e0e7; padding: 6px; margin: 4px; border: 1px solid #8da1b4; border-radius: 5px; line-height: 60%"><p style="margin-bottom: 0px"/><p style="margin-bottom: 0px">Profile: <a href="http://hl7.org/fhir/R4/shareablevalueset.html">Shareable ValueSet</a></p></div><ul><li>Include all codes defined in <a href="CodeSystem-fr-note-scope-codes.html"><code>https://hl7.fr/fhir/fr/medication/CodeSystem/fr-note-scope-codes</code></a></li></ul></div></text><url value="https://hl7.fr/fhir/fr/medication/ValueSet/fr-note-scope-codes-vs"/><version value="0.1.0"/><name value="FrNoteScopeCodeValueSet"/><title value="value set Interop'Santé - Codes pour le périmètre des notes"/><status value="draft"/><experimental value="false"/><date value="2025-04-15T15:09:09+00:00"/><publisher value="Interop'Santé"/><contact><name value="Interop'Santé"/><telecom><system value="url"/><value value="http://interopsante.org/"/></telecom></contact><description value="Le jeu de valeurs à utiliser pour coder le périmètre des notes par exemple lors de la transformation de message PN13 en ressources FHIR"/><immutable value="false"/><compose><include><system value="https://hl7.fr/fhir/fr/medication/CodeSystem/fr-note-scope-codes"/></include></compose></ValueSet>