<?xml version="1.0" encoding="UTF-8"?><ValueSet xmlns="http://hl7.org/fhir"><id value="fr-medication-code"/><text><status value="generated"/><div xmlns="http://www.w3.org/1999/xhtml"><p class="res-header-id"><b>Generated Narrative: ValueSet fr-medication-code</b></p><a name="fr-medication-code"> </a><a name="hcfr-medication-code"> </a><a name="fr-medication-code-en-US"> </a><p>This value set includes codes based on the following rules:</p><ul><li>Include all codes defined in <code>http://data.esante.gouv.fr/ansm/medicament/UCD</code></li><li>Include all codes defined in <code>http://data.esante.gouv.fr/ansm/medicament/codeSMS</code></li><li>Include all codes defined in <code>http://data.esante.gouv.fr/ansm/medicament/substance</code></li></ul></div></text><url value="https://hl7.fr/fhir/fr/medication/ValueSet/fr-medication-code"/><version value="0.1.0"/><name value="FrMedicationCodes"/><title value="value set Interop'Santé - Codes identifiant les médicaments"/><status value="draft"/><experimental value="false"/><date value="2025-04-14T17:04:46+00:00"/><publisher value="Interop'Santé"/><contact><name value="Interop'Santé"/><telecom><system value="url"/><value value="http://interopsante.org/"/></telecom></contact><description value="Le jeu de valeurs à utiliser pour indiquer le médicament dans Medication.code.coding.code"/><immutable value="false"/><compose><include><system value="http://data.esante.gouv.fr/ansm/medicament/UCD"/></include><include><system value="http://data.esante.gouv.fr/ansm/medicament/codeSMS"/></include><include><system value="http://data.esante.gouv.fr/ansm/medicament/substance"/></include></compose></ValueSet>