<?xml version="1.0" encoding="UTF-8"?><ValueSet xmlns="http://hl7.org/fhir"><id value="fr-mp-unit-of-presentation"/><meta><profile value="http://hl7.org/fhir/StructureDefinition/shareablevalueset"/></meta><text><status value="generated"/><div xmlns="http://www.w3.org/1999/xhtml"><p class="res-header-id"><b>Generated Narrative: ValueSet fr-mp-unit-of-presentation</b></p><a name="fr-mp-unit-of-presentation"> </a><a name="hcfr-mp-unit-of-presentation"> </a><a name="fr-mp-unit-of-presentation-en-US"> </a><ul><li>Include codes from<a href="http://www.snomed.org/"><code>http://snomed.info/sct</code></a> where constraint  = (&lt; 763158003 |Medicinal product (product)|) . 763032000 |Has unit of presentation (attribute)|</li></ul></div></text><url value="https://hl7.fr/fhir/fr/medication/ValueSet/fr-mp-unit-of-presentation"/><version value="0.1.0"/><name value="FrMpUnitOfPresentation"/><title value="French Medicinal product Unit of Presentation"/><status value="draft"/><experimental value="false"/><date value="2025-02-21T15:30:48+00:00"/><publisher value="Interop'Santé"/><contact><name value="Interop'Santé"/><telecom><system value="url"/><value value="http://interopsante.org/"/></telecom></contact><description value="Le jeu de valeurs à utiliser pour coder l'unité de présentation de la dose."/><immutable value="false"/><compose><include><system value="http://snomed.info/sct"/><filter><property value="constraint"/><op value="="/><value value="(&lt; 763158003 |Medicinal product (product)|) . 763032000 |Has unit of presentation (attribute)|"/></filter></include></compose></ValueSet>