<?xml version="1.0" encoding="UTF-8"?>

<Bundle xmlns="http://hl7.org/fhir">
  <id value="HAS-11-2-Presc-EVRA"/>
  <meta>
    <profile value="https://hl7.fr/ig/fhir/medication/StructureDefinition/fr-prescription-bundle-for-example"/>
  </meta>
  <type value="searchset"/>
  <entry>
    <resource>
      <MedicationRequest>
        <id value="medicationrequest-HAS-11-2-Presc-EVRA"/>
        <meta>
          <profile value="https://hl7.fr/ig/fhir/medication/StructureDefinition/fr-inpatient-medicationrequest"/>
          <profile value="https://hl7.fr/fhir/fr/medication/StructureDefinition/fr-inpatient-medicationrequest"/>
        </meta>
        <text>
          <status value="generated"/><div xmlns="http://www.w3.org/1999/xhtml"><a name="MedicationRequest_medicationrequest-HAS-11-2-Presc-EVRA"> </a><p class="res-header-id"><b>Narratif généré : PrescriptionMédicamenteuseTODO medicationrequest-HAS-11-2-Presc-EVRA</b></p><a name="medicationrequest-HAS-11-2-Presc-EVRA"> </a><a name="hcmedicationrequest-HAS-11-2-Presc-EVRA"> </a><div style="display: inline-block; background-color: #d9e0e7; padding: 6px; margin: 4px; border: 1px solid #8da1b4; border-radius: 5px; line-height: 60%"><p style="margin-bottom: 0px"/><p style="margin-bottom: 0px">Profils: <a href="StructureDefinition-fr-inpatient-medicationrequest.html">FR Inpatient MedicationRequest</a>, <code>https://hl7.fr/fhir/fr/medication/StructureDefinition/fr-inpatient-medicationrequest</code></p></div><p><b>status</b>: Active</p><p><b>intent</b>: Order</p><p><b>priority</b>: Routine</p><p><b>medication</b>: <span title="Codes:{http://data.esante.gouv.fr/ansm/medicament/UCD 3400892571720}">EVRA 203µG/33,9µG DISP TRANS</span></p><p><b>subject</b>: <a href="Patient/14602">Patient/14602</a></p><p><b>requester</b>: <a href="Practitioner/smart-Practitioner-71482713">Practitioner/smart-Practitioner-71482713</a></p><p><b>note</b>: </p><blockquote><div><p>Prescription textuelle: EVRA® 203 µg/24h + 33,9µg/24h dispositif transdermique : Pendant 6 mois poser/remplacer un dispositif aux 1er, 8e et 15e jours du cycle ; La quatrième semaine à partir du 22ème jour est un intervalle libre sans dispositif transdermique</p>
</div></blockquote><blockquote><p><b>dosageInstruction</b></p><p><b>patientInstruction</b>: Pendant 6 mois poser/remplacer un dispositif aux 1er, 8e et 15e jours du cycle ; La quatrième semaine à partir du 22ème jour est un intervalle libre sans dispositif transdermique</p><p><b>timing</b>: 3 per 1 month</p><h3>DoseAndRates</h3><table class="grid"><tr><td style="display: none">-</td><td><b>Dose[x]</b></td></tr><tr><td style="display: none">*</td><td>1 dispositif transdermique<span style="background: LightGoldenRodYellow"> (Details: standardterms.edqm.eu  code15036000 = 'Patch')</span></td></tr></table></blockquote></div>
        </text>
        <status value="active"/>
        <intent value="order"/>
        <priority value="routine"/>
        <medicationCodeableConcept>
          <coding>
            <system value="http://data.esante.gouv.fr/ansm/medicament/UCD"/>
            <code value="3400892571720"/>
            <display value="EVRA 203µG/33,9µG DISP TRANS"/>
          </coding>
        </medicationCodeableConcept>
        <subject>
          <reference value="Patient/14602"/>
        </subject>
        <requester>
          <reference value="Practitioner/smart-Practitioner-71482713"/>
        </requester>
        <note>
          <extension url="https://hl7.fr/ig/fhir/medication/StructureDefinition/fr-medicationrequest-note-scope">
            <valueCode value="LIPRESCTXT"/>
          </extension>
          <text value="Prescription textuelle: EVRA® 203 µg/24h + 33,9µg/24h dispositif transdermique : Pendant 6 mois poser/remplacer un dispositif aux 1er, 8e et 15e jours du cycle ; La quatrième semaine à partir du 22ème jour est un intervalle libre sans dispositif transdermique"/>
        </note>
        <dosageInstruction>
          <patientInstruction value="Pendant 6 mois poser/remplacer un dispositif aux 1er, 8e et 15e jours du cycle ; La quatrième semaine à partir du 22ème jour est un intervalle libre sans dispositif transdermique"/>
          <timing>
            <repeat>
              <boundsDuration>
                <value value="6"/>
                <unit value="mois"/>
                <system value="http://unitsofmeasure.org"/>
                <code value="mo"/>
              </boundsDuration>
              <frequency value="3"/>
              <period value="1"/>
              <periodUnit value="mo"/>
            </repeat>
          </timing>
          <doseAndRate>
            <doseQuantity>
              <value value="1"/>
              <unit value="dispositif transdermique"/>
              <system value="http://standardterms.edqm.eu"/>
              <code value="15036000"/>
            </doseQuantity>
          </doseAndRate>
        </dosageInstruction>
      </MedicationRequest>
    </resource>
  </entry>
</Bundle>