<?xml version="1.0" encoding="UTF-8"?>

<Bundle xmlns="http://hl7.org/fhir">
  <id value="Presc-MV-PerfGl-NaCl-KCl"/>
  <meta>
    <profile value="https://hl7.fr/ig/fhir/medication/StructureDefinition/fr-prescription-bundle-for-example"/>
  </meta>
  <type value="searchset"/>
  <entry>
    <resource>
      <Medication>
        <id value="medication-Presc-MV-PerfGl-NaCl-KCl"/>
        <meta>
          <profile value="https://hl7.fr/ig/fhir/medication/StructureDefinition/fr-medication-noncompound"/>
          <profile value="https://hl7.fr/fhir/fr/medication/StructureDefinition/fr-medication-noncompound"/>
        </meta>
        <text>
          <status value="generated"/><div xmlns="http://www.w3.org/1999/xhtml"><a name="Medication_medication-Presc-MV-PerfGl-NaCl-KCl"> </a><p class="res-header-id"><b>Generated Narrative: Medication medication-Presc-MV-PerfGl-NaCl-KCl</b></p><a name="medication-Presc-MV-PerfGl-NaCl-KCl"> </a><a name="hcmedication-Presc-MV-PerfGl-NaCl-KCl"> </a><div style="display: inline-block; background-color: #d9e0e7; padding: 6px; margin: 4px; border: 1px solid #8da1b4; border-radius: 5px; line-height: 60%"><p style="margin-bottom: 0px"/><p style="margin-bottom: 0px">Profiles: <a href="StructureDefinition-fr-medication-noncompound.html">FrMedicationNonCompound</a>, <code>https://hl7.fr/fhir/fr/medication/StructureDefinition/fr-medication-noncompound</code></p></div><p><b>code</b>: <span title="Codes:{https://bogussystem.fr/MVid BOGUSCODE}">GLUCOSE + SODIUM CHLORURE + POTASSIUM CHLORURE</span></p><p><b>form</b>: <span title="Codes:{http://standardterms.edqm.eu 11210000}">solution pour perfusion</span></p><p><b>amount</b>: 500 mL<span style="background: LightGoldenRodYellow"> (Details: UCUM  codemL = 'mL')</span>/</p><p><b style="color: maroon">Exception Generating Narrative: Cannot invoke &quot;org.hl7.fhir.r5.renderers.utils.ResourceWrapper.has(String)&quot; because &quot;q&quot; is null </b></p></div>
        </text>
        <code>
          <coding>
            <system value="https://bogussystem.fr/MVid"/>
            <code value="BOGUSCODE"/>
            <display value="BOGUS MV NAME"/>
          </coding>
          <text value="GLUCOSE + SODIUM CHLORURE + POTASSIUM CHLORURE"/>
        </code>
        <form>
          <coding>
            <system value="http://standardterms.edqm.eu"/>
            <code value="11210000"/>
            <display value="solution pour perfusion"/>
          </coding>
          <text value="solution pour perfusion"/>
        </form>
        <amount>
          <numerator>
            <value value="500"/>
            <unit value="mL"/>
            <system value="http://unitsofmeasure.org"/>
            <code value="mL"/>
          </numerator>
        </amount>
        <ingredient>
          <itemCodeableConcept>
            <coding>
              <system value="http://data.esante.gouv.fr/ansm/medicament/codeSMS"/>
              <code value="100000078171"/>
              <display value="glucose"/>
            </coding>
            <text value="GLUCOSE"/>
          </itemCodeableConcept>
          <strength>
            <numerator>
              <value value="50"/>
              <unit value="mg"/>
              <system value="http://unitsofmeasure.org"/>
              <code value="mg"/>
            </numerator>
            <denominator>
              <value value="1"/>
              <unit value="mL"/>
              <system value="http://unitsofmeasure.org"/>
              <code value="mL"/>
            </denominator>
          </strength>
        </ingredient>
        <ingredient>
          <itemCodeableConcept>
            <coding>
              <system value="http://data.esante.gouv.fr/ansm/medicament/codeSMS"/>
              <code value="100000092115"/>
              <display value="chlorure de sodium"/>
            </coding>
            <text value="SODIUM CHLORURE"/>
          </itemCodeableConcept>
          <strength>
            <numerator>
              <value value="2"/>
              <unit value="g"/>
              <system value="http://unitsofmeasure.org"/>
              <code value="g"/>
            </numerator>
          </strength>
        </ingredient>
        <ingredient>
          <itemCodeableConcept>
            <coding>
              <system value="http://data.esante.gouv.fr/ansm/medicament/codeSMS"/>
              <code value="100000091807"/>
              <display value="chlorure de potassium"/>
            </coding>
            <text value="POTASSIUM CHLORURE"/>
          </itemCodeableConcept>
          <strength>
            <numerator>
              <value value="1"/>
              <unit value="g"/>
              <system value="http://unitsofmeasure.org"/>
              <code value="g"/>
            </numerator>
          </strength>
        </ingredient>
      </Medication>
    </resource>
  </entry>
  <entry>
    <resource>
      <MedicationRequest>
        <id value="medicationrequest-Presc-MV-PerfGl-NaCl-KCl"/>
        <meta>
          <profile value="https://hl7.fr/ig/fhir/medication/StructureDefinition/fr-patient-medicationrequest"/>
          <profile value="https://hl7.fr/fhir/fr/medication/StructureDefinition/fr-patient-medicationrequest"/>
        </meta>
        <text>
          <status value="generated"/><div xmlns="http://www.w3.org/1999/xhtml"><a name="MedicationRequest_medicationrequest-Presc-MV-PerfGl-NaCl-KCl"> </a><p class="res-header-id"><b>Generated Narrative: MedicationRequest medicationrequest-Presc-MV-PerfGl-NaCl-KCl</b></p><a name="medicationrequest-Presc-MV-PerfGl-NaCl-KCl"> </a><a name="hcmedicationrequest-Presc-MV-PerfGl-NaCl-KCl"> </a><div style="display: inline-block; background-color: #d9e0e7; padding: 6px; margin: 4px; border: 1px solid #8da1b4; border-radius: 5px; line-height: 60%"><p style="margin-bottom: 0px"/><p style="margin-bottom: 0px">Profiles: <a href="StructureDefinition-fr-patient-medicationrequest.html">FrPatientMedicationRequest</a>, <code>https://hl7.fr/fhir/fr/medication/StructureDefinition/fr-patient-medicationrequest</code></p></div><p><b>status</b>: Active</p><p><b>intent</b>: Order</p><p><b>priority</b>: Routine</p><p><b>medication</b>: <code>#medication-Presc-MV-PerfGl-NaCl-KCl</code></p><p><b>subject</b>: <a href="Patient/14602">Patient/14602</a></p><p><b>authoredOn</b>: 2021-07-30 11:42:16+0000</p><p><b>requester</b>: <a href="Practitioner/smart-Practitioner-71482713">Practitioner/smart-Practitioner-71482713</a></p><p><b>groupIdentifier</b>: <code>https://somehospital.fr/Prescrption-ID</code>/Presc-14631</p><blockquote><p><b>dosageInstruction</b></p><p><b>sequence</b>: 1</p><p><b>timing</b>: Once</p><p><b>route</b>: <span title="Codes:{http://standardterms.edqm.eu 20045000}">Voie intraveineuse</span></p><h3>DoseAndRates</h3><table class="grid"><tr><td style="display: none">-</td><td><b>Rate[x]</b></td></tr><tr><td style="display: none">*</td><td>1 Poche<span style="background: LightGoldenRodYellow"> (Details: standardterms.edqm.eu  code15005000 = 'Bag')</span>/12 h<span style="background: LightGoldenRodYellow"> (Details: UCUM  codeh = 'h')</span></td></tr></table></blockquote></div>
        </text>
        <status value="active"/>
        <intent value="order"/>
        <priority value="routine"/>
        <medicationReference>
          <reference value="#medication-Presc-MV-PerfGl-NaCl-KCl"/>
        </medicationReference>
        <subject>
          <reference value="Patient/14602"/>
        </subject>
        <authoredOn value="2021-07-30T11:42:16.592Z"/>
        <requester>
          <reference value="Practitioner/smart-Practitioner-71482713"/>
        </requester>
        <groupIdentifier>
          <system value="https://somehospital.fr/Prescrption-ID"/>
          <value value="Presc-14631"/>
        </groupIdentifier>
        <dosageInstruction>
          <sequence value="1"/>
          <timing>
            <repeat>
              <boundsPeriod>
                <start value="2021-07-30T11:42:00Z"/>
                <end value="2021-08-04T11:41:59Z"/>
              </boundsPeriod>
              <timeOfDay value="10:00:00"/>
              <timeOfDay value="22:00:00"/>
            </repeat>
          </timing>
          <route>
            <coding>
              <system value="http://standardterms.edqm.eu"/>
              <code value="20045000"/>
              <display value="Voie intraveineuse"/>
            </coding>
            <text value="Voie intraveineuse"/>
          </route>
          <doseAndRate>
            <rateRatio>
              <numerator>
                <value value="1"/>
                <unit value="Poche"/>
                <system value="http://standardterms.edqm.eu"/>
                <code value="15005000"/>
              </numerator>
              <denominator>
                <value value="12"/>
                <unit value="h"/>
                <system value="http://unitsofmeasure.org"/>
                <code value="h"/>
              </denominator>
            </rateRatio>
          </doseAndRate>
        </dosageInstruction>
      </MedicationRequest>
    </resource>
  </entry>
</Bundle>