{"resourceType":"ValueSet","id":"FrTreatmentIntent","meta":{"lastUpdated":"2021-10-18T07:44:00Z","profile":["http://hl7.org/fhir/StructureDefinition/shareablevalueset"]},"text":{"status":"generated","div":"<div xmlns=\"http://www.w3.org/1999/xhtml\"><ul><li>Include codes from <a href=\"http://www.snomed.org/\"><code>http://snomed.info/sct</code></a> where constraint  = &lt; 363675004 |Intents (nature of procedure values) (qualifier value)|</li></ul></div>"},"url":"http://interopsante.org/fhir/ValueSet/fr-treatment-intent","version":"0.1.0","name":"FrTreatmentIntent","title":"French overall intention of the treatment","status":"draft","experimental":false,"date":"2021-10-18T07:44:00Z","publisher":"Interop'Santé","contact":[{"name":"Interop'Santé","telecom":[{"system":"url","value":"http://interopsante.org/"}]}],"description":"Le jeu de valeurs à utiliser pour coder l'élément *treatmentIntent* de la ressource *FrInpatientMedicationRequest*.","immutable":false,"copyright":"InterOp'Santé 2021. This value set includes content from SNOMED CT, which is copyright © 2002 International Health Terminology Standards Development Organisation (IHTSDO), and distributed by agreement between IHTSDO and HL7. Implementer use of SNOMED CT is not covered by this agreement.","compose":{"include":[{"system":"http://snomed.info/sct","filter":[{"property":"constraint","op":"=","value":"< 363675004 |Intents (nature of procedure values) (qualifier value)|"}]}]}}