{"resourceType":"CodeSystem","id":"fr-medication-reconciliation-outcome","meta":{"profile":["http://hl7.org/fhir/StructureDefinition/shareablecodesystem"]},"text":{"status":"generated","div":"<div xmlns=\"http://www.w3.org/1999/xhtml\"><p class=\"res-header-id\"><b>Narratif généré : CodeSystem fr-medication-reconciliation-outcome</b></p><a name=\"fr-medication-reconciliation-outcome\"> </a><a name=\"hcfr-medication-reconciliation-outcome\"> </a><div style=\"display: inline-block; background-color: #d9e0e7; padding: 6px; margin: 4px; border: 1px solid #8da1b4; border-radius: 5px; line-height: 60%\"><p style=\"margin-bottom: 0px\"/><p style=\"margin-bottom: 0px\">Profil: <a href=\"http://hl7.org/fhir/R4/shareablecodesystem.html\">Shareable CodeSystem</a></p></div><p>This  code system <code>https://hl7.fr/ig/fhir/medication/CodeSystem/fr-medication-reconciliation-outcome</code> defines the following codes:</p><table class=\"codes\"><tr><td style=\"white-space:nowrap\"><b>Code</b></td><td><b>Display</b></td><td><b>Définition</b></td></tr><tr><td style=\"white-space:nowrap\">10000001<a name=\"fr-medication-reconciliation-outcome-10000001\"> </a></td><td>Mineure</td><td>Erreur médicamenteuse sans conséquence pour le patient.</td></tr><tr><td style=\"white-space:nowrap\">10000002<a name=\"fr-medication-reconciliation-outcome-10000002\"> </a></td><td>Significative</td><td>Erreur médicamenteuse avec surveillance indispensable pour le patient mais sans conséquence clinique pour lui.</td></tr><tr><td style=\"white-space:nowrap\">10000003<a name=\"fr-medication-reconciliation-outcome-10000003\"> </a></td><td>Majeure</td><td>Erreur médicamenteuse avec conséquences cliniques temporaires pour le patient : à l’origine d’une atteinte physique ou psychologique réversible qui nécessite un traitement ou une intervention ou un transfert vers un (autre) établissement, induction ou allongement du séjour hospitalier.</td></tr><tr><td style=\"white-space:nowrap\">10000004<a name=\"fr-medication-reconciliation-outcome-10000004\"> </a></td><td>Critique</td><td>Erreur médicamenteuse avec conséquences cliniques permanentes pour le patient : à l’origine d’une atteinte physique ou psychologique permanente irréversible.</td></tr><tr><td style=\"white-space:nowrap\">10000005<a name=\"fr-medication-reconciliation-outcome-10000005\"> </a></td><td>Catastrophique</td><td>Erreur médicamenteuse avec mise en jeu du pronostic vital ou décès du patient.</td></tr></table></div>"},"url":"https://hl7.fr/ig/fhir/medication/CodeSystem/fr-medication-reconciliation-outcome","version":"0.1.0","name":"FRMedicationReconciliationOutcome","title":"code system Interop'Santé - Gravité de l'erreur sur une ligne de traitement d'une FCT","status":"draft","experimental":false,"date":"2025-09-23T14:10:57+00:00","publisher":"Interop'Santé","contact":[{"name":"Interop'Santé","telecom":[{"system":"url","value":"http://interopsante.org/"}]}],"description":"Le système de codage de la gravité de l'erreur sur une ligne de traitement d'une FCT (Fiche de Conciliation des Traitements médicamenteux).","jurisdiction":[{"coding":[{"system":"urn:iso:std:iso:3166","code":"FR","display":"FRANCE"}]}],"content":"complete","count":5,"concept":[{"code":"10000001","display":"Mineure","definition":"Erreur médicamenteuse sans conséquence pour le patient.","designation":[{"use":{"system":"http://terminology.hl7.org/CodeSystem/hl7TermMaintInfra","code":"preferredForLanguage"},"value":"Mineure"}]},{"code":"10000002","display":"Significative","definition":"Erreur médicamenteuse avec surveillance indispensable pour le patient mais sans conséquence clinique pour lui.","designation":[{"use":{"system":"http://terminology.hl7.org/CodeSystem/hl7TermMaintInfra","code":"preferredForLanguage"},"value":"Significative"}]},{"code":"10000003","display":"Majeure","definition":"Erreur médicamenteuse avec conséquences cliniques temporaires pour le patient : à l’origine d’une atteinte physique ou psychologique réversible qui nécessite un traitement ou une intervention ou un transfert vers un (autre) établissement, induction ou allongement du séjour hospitalier.","designation":[{"use":{"system":"http://terminology.hl7.org/CodeSystem/hl7TermMaintInfra","code":"preferredForLanguage"},"value":"Majeure"}]},{"code":"10000004","display":"Critique","definition":"Erreur médicamenteuse avec conséquences cliniques permanentes pour le patient : à l’origine d’une atteinte physique ou psychologique permanente irréversible.","designation":[{"use":{"system":"http://terminology.hl7.org/CodeSystem/hl7TermMaintInfra","code":"preferredForLanguage"},"value":"Critique"}]},{"code":"10000005","display":"Catastrophique","definition":"Erreur médicamenteuse avec mise en jeu du pronostic vital ou décès du patient.","designation":[{"use":{"system":"http://terminology.hl7.org/CodeSystem/hl7TermMaintInfra","code":"preferredForLanguage"},"value":"Catastrophique"}]}]}