{"resourceType":"ConceptMap","id":"PN13-FHIR-prescmed-practitioner-id-seule-conceptmap","text":{"status":"generated","div":"<div xmlns=\"http://www.w3.org/1999/xhtml\"><p class=\"res-header-id\"><b>Generated Narrative: ConceptMap PN13-FHIR-prescmed-practitioner-id-seule-conceptmap</b></p><a name=\"PN13-FHIR-prescmed-practitioner-id-seule-conceptmap\"> </a><a name=\"hcPN13-FHIR-prescmed-practitioner-id-seule-conceptmap\"> </a><a name=\"PN13-FHIR-prescmed-practitioner-id-seule-conceptmap-en-US\"> </a><p>Mapping from https://interopsante.org/pn13/xsd to https://hl7.fr/ig/fhir/medication/StructureDefinition/FrInpatientMedicationRequest</p><br/><p><b>Group 1 </b>Mapping from <code>unspecified code system</code> to <code>unspecified code system</code></p><table class=\"grid\"><tr><td><b>Source Code</b></td><td><b>Relationship</b></td><td><b>Target Code</b></td></tr><tr><td>Messages/M_prescription_médicaments/Prescription/Elément_prescr_médic/Id_prescripteur</td><td><a href=\"http://hl7.org/fhir/extensions/5.1.0/CodeSystem-concept-map-equivalence.html#equal\" title=\"equal\">is equal to</a></td><td>MedicationRequest.requester.identifier.value</td></tr><tr><td>Messages/M_prescription_médicaments/Prescription/Elément_prescr_médic/Id_prescripteur@Phast-uri_nomenclature</td><td><a href=\"http://hl7.org/fhir/extensions/5.1.0/CodeSystem-concept-map-equivalence.html#equal\" title=\"equal\">is equal to</a></td><td>MedicationRequest.encounter.identifier.system</td></tr></table></div>"},"url":"https://hl7.fr/fhir/fr/medication/ConceptMap/PN13-FHIR-prescmed-practitioner-id-seule-conceptmap","version":"0.1.0","name":"FrPN13FHIRMedicationPrescriptionPractitionerIdSeuleConceptMap","title":"Conversion PN13 vers FHIR pour le professionnel prescripteur d'une prescription de médicaments avec uniquement un identifiant fourni","status":"draft","date":"2024-09-03T11:48:25+00:00","publisher":"Interop'Santé","contact":[{"name":"Interop'Santé","telecom":[{"system":"url","value":"http://interopsante.org/"}]}],"description":"ConceptMap pour la conversion PN13 vers FHIR du professionnel prescripteur d'une prescritpion de médicament avec uniquement un identifiant fourni","sourceUri":"https://interopsante.org/pn13/xsd","targetUri":"https://hl7.fr/ig/fhir/medication/StructureDefinition/FrInpatientMedicationRequest","group":[{"element":[{"code":"Messages/M_prescription_médicaments/Prescription/Elément_prescr_médic/Id_prescripteur","target":[{"code":"MedicationRequest.requester.identifier.value","equivalence":"equal"}]},{"code":"Messages/M_prescription_médicaments/Prescription/Elément_prescr_médic/Id_prescripteur@Phast-uri_nomenclature","target":[{"code":"MedicationRequest.encounter.identifier.system","equivalence":"equal"}]}]}]}