{"resourceType":"CodeSystem","id":"fr-note-scope-codes","meta":{"profile":["http://hl7.org/fhir/StructureDefinition/shareablecodesystem"]},"text":{"status":"generated","div":"<div xmlns=\"http://www.w3.org/1999/xhtml\"><p class=\"res-header-id\"><b>Narratif généré : CodeSystem fr-note-scope-codes</b></p><a name=\"fr-note-scope-codes\"> </a><a name=\"hcfr-note-scope-codes\"> </a><div style=\"display: inline-block; background-color: #d9e0e7; padding: 6px; margin: 4px; border: 1px solid #8da1b4; border-radius: 5px; line-height: 60%\"><p style=\"margin-bottom: 0px\"/><p style=\"margin-bottom: 0px\">Profil: <a href=\"http://hl7.org/fhir/R4/shareablecodesystem.html\">Shareable CodeSystem</a></p></div><p>This  code system <code>https://hl7.fr/ig/fhir/medication/CodeSystem/fr-note-scope-codes</code> defines the following codes:</p><table class=\"codes\"><tr><td style=\"white-space:nowrap\"><b>Code</b></td><td><b>Display</b></td></tr><tr><td style=\"white-space:nowrap\">PRESCCOM<a name=\"fr-note-scope-codes-PRESCCOM\"> </a></td><td>Commentaire au niveau de la prescription</td></tr><tr><td style=\"white-space:nowrap\">LIPRESCTXT<a name=\"fr-note-scope-codes-LIPRESCTXT\"> </a></td><td>Formulation textuelle d'une ligne de prescription par le prescripteur (vs élément .text généré automatiquement)</td></tr><tr><td style=\"white-space:nowrap\">LIPRESCIND<a name=\"fr-note-scope-codes-LIPRESCIND\"> </a></td><td>Indication textuelle au niveau de la ligne de prescription</td></tr><tr><td style=\"white-space:nowrap\">LIPRESCCOMM<a name=\"fr-note-scope-codes-LIPRESCCOMM\"> </a></td><td>Commentaire au niveau de la ligne de prescription</td></tr><tr><td style=\"white-space:nowrap\">LIPRESCRENSCOMP<a name=\"fr-note-scope-codes-LIPRESCRENSCOMP\"> </a></td><td>Renseignement complémentaire textuel</td></tr><tr><td style=\"white-space:nowrap\">MEDIND<a name=\"fr-note-scope-codes-MEDIND\"> </a></td><td>Indication au niveau du médicament prescrit</td></tr><tr><td style=\"white-space:nowrap\">MEDCOM<a name=\"fr-note-scope-codes-MEDCOM\"> </a></td><td>Commentaire au niveau du médicament prescrit</td></tr><tr><td style=\"white-space:nowrap\">LIPRESCCONDAPPL<a name=\"fr-note-scope-codes-LIPRESCCONDAPPL\"> </a></td><td>Conditions d’application de la ligne de prescription</td></tr><tr><td style=\"white-space:nowrap\">LIPRESCLIBMED<a name=\"fr-note-scope-codes-LIPRESCLIBMED\"> </a></td><td>Libellé textuel du médicament prescrit</td></tr><tr><td style=\"white-space:nowrap\">LIPRESCPOS<a name=\"fr-note-scope-codes-LIPRESCPOS\"> </a></td><td>Libellé textuel de la posologie</td></tr></table></div>"},"url":"https://hl7.fr/ig/fhir/medication/CodeSystem/fr-note-scope-codes","version":"0.1.0","name":"FrNoteScopeCodes","title":"code system Interop'Santé - Codes pour le périmètre des notes","status":"draft","experimental":false,"date":"2025-07-21T09:13:17+00:00","publisher":"Interop'Santé","contact":[{"name":"Interop'Santé","telecom":[{"system":"url","value":"http://interopsante.org/"}]}],"description":"Le système de codage pour la qualification du périmètre des notes en FHIR.","jurisdiction":[{"coding":[{"system":"urn:iso:std:iso:3166","code":"FR","display":"FRANCE"}]}],"content":"complete","count":10,"concept":[{"code":"PRESCCOM","display":"Commentaire au niveau de la prescription","designation":[{"use":{"system":"http://terminology.hl7.org/CodeSystem/designation-usage","code":"display"},"value":"Commentaire au niveau de la prescription"}]},{"code":"LIPRESCTXT","display":"Formulation textuelle d'une ligne de prescription par le prescripteur (vs élément .text généré automatiquement)","designation":[{"use":{"system":"http://terminology.hl7.org/CodeSystem/designation-usage","code":"display"},"value":"Formulation textuelle d'une ligne de prescription par le prescripteur (vs élément .text généré automatiquement)"}]},{"code":"LIPRESCIND","display":"Indication textuelle au niveau de la ligne de prescription","designation":[{"use":{"system":"http://terminology.hl7.org/CodeSystem/designation-usage","code":"display"},"value":"Indication textuelle au niveau de la ligne de prescription"}]},{"code":"LIPRESCCOMM","display":"Commentaire au niveau de la ligne de prescription","designation":[{"use":{"system":"http://terminology.hl7.org/CodeSystem/designation-usage","code":"display"},"value":"Commentaire au niveau de la ligne de prescription"}]},{"code":"LIPRESCRENSCOMP","display":"Renseignement complémentaire textuel","designation":[{"use":{"system":"http://terminology.hl7.org/CodeSystem/designation-usage","code":"display"},"value":"Renseignement complémentaire textuel"}]},{"code":"MEDIND","display":"Indication au niveau du médicament prescrit","designation":[{"use":{"system":"http://terminology.hl7.org/CodeSystem/designation-usage","code":"display"},"value":"Indication au niveau du médicament prescrit"}]},{"code":"MEDCOM","display":"Commentaire au niveau du médicament prescrit","designation":[{"use":{"system":"http://terminology.hl7.org/CodeSystem/designation-usage","code":"display"},"value":"Commentaire au niveau du médicament prescrit"}]},{"code":"LIPRESCCONDAPPL","display":"Conditions d’application de la ligne de prescription","designation":[{"use":{"system":"http://terminology.hl7.org/CodeSystem/designation-usage","code":"display"},"value":"Conditions d’application de la ligne de prescription"}]},{"code":"LIPRESCLIBMED","display":"Libellé textuel du médicament prescrit","designation":[{"use":{"system":"http://terminology.hl7.org/CodeSystem/designation-usage","code":"display"},"value":"Libellé textuel du médicament prescrit"}]},{"code":"LIPRESCPOS","display":"Libellé textuel de la posologie","designation":[{"use":{"system":"http://terminology.hl7.org/CodeSystem/designation-usage","code":"display"},"value":"Libellé textuel de la posologie"}]}]}