{"resourceType":"ValueSet","id":"FrMethodOfAdministration","meta":{"profile":["http://hl7.org/fhir/StructureDefinition/shareablevalueset"]},"text":{"status":"generated","div":"<div xmlns=\"http://www.w3.org/1999/xhtml\"><p class=\"res-header-id\"><b>Narratif généré : EnsembleValeurs FrMethodOfAdministration</b></p><a name=\"FrMethodOfAdministration\"> </a><a name=\"hcFrMethodOfAdministration\"> </a><div style=\"display: inline-block; background-color: #d9e0e7; padding: 6px; margin: 4px; border: 1px solid #8da1b4; border-radius: 5px; line-height: 60%\"><p style=\"margin-bottom: 0px\"/><p style=\"margin-bottom: 0px\">Profil: <a href=\"http://hl7.org/fhir/R4/shareablevalueset.html\">Shareable ValueSet</a></p></div><ul><li>Include tous les codes définis dans <code>http://standardterms.edqm.eu</code></li></ul></div>"},"url":"https://hl7.fr/ig/fhir/medication/ValueSet/FrMethodOfAdministration","version":"0.1.0","name":"FrMethodOfAdministration","title":"French Method Of Administration","status":"draft","experimental":false,"date":"2025-07-21T09:00:57+00:00","publisher":"Interop'Santé","contact":[{"name":"Interop'Santé","telecom":[{"system":"url","value":"http://interopsante.org/"}]}],"description":"Le jeu de valeurs à utiliser pour coder l'élément *dosageInstruction.method* de la ressource *FRMedicationRequest*.","jurisdiction":[{"coding":[{"system":"urn:iso:std:iso:3166","code":"FR","display":"FRANCE"}]}],"immutable":false,"compose":{"include":[{"system":"http://standardterms.edqm.eu"}]}}