{"resourceType":"ValueSet","id":"medication-ingredient-strength-codes","meta":{"profile":["http://hl7.org/fhir/StructureDefinition/shareablevalueset"]},"text":{"status":"generated","div":"<div xmlns=\"http://www.w3.org/1999/xhtml\"><p class=\"res-header-id\"><b>Generated Narrative: ValueSet medication-ingredient-strength-codes</b></p><a name=\"medication-ingredient-strength-codes\"> </a><a name=\"hcmedication-ingredient-strength-codes\"> </a><div style=\"display: inline-block; background-color: #d9e0e7; padding: 6px; margin: 4px; border: 1px solid #8da1b4; border-radius: 5px; line-height: 60%\"><p style=\"margin-bottom: 0px\"/><p style=\"margin-bottom: 0px\">Profile: <a href=\"http://hl7.org/fhir/R4/shareablevalueset.html\">Shareable ValueSet</a></p></div><ul><li>Include all codes defined in <a href=\"CodeSystem-medication-ingredient-strength-codes.html\"><code>http://hl7.org/fhir/CodeSystem/medication-ingredientstrength</code></a></li></ul></div>"},"extension":[{"url":"http://hl7.org/fhir/StructureDefinition/structuredefinition-wg","valueCode":"phx"},{"url":"http://hl7.org/fhir/StructureDefinition/structuredefinition-standards-status","valueCode":"draft"},{"url":"http://hl7.org/fhir/StructureDefinition/structuredefinition-fmm","valueInteger":1}],"url":"http://hl7.org/fhir/ValueSet/medication-ingredientstrength","identifier":[{"system":"urn:ietf:rfc:3986","value":"urn:oid:2.16.840.1.113883.4.642.3.1426"}],"version":"0.1.0","name":"MedicationIngredientStrengthCodes","status":"draft","date":"2025-07-11T07:36:43+00:00","publisher":"Interop'Santé","contact":[{"name":"Interop'Santé","telecom":[{"system":"url","value":"http://interopsante.org/"}]}],"description":"Medication Ingredient Strength Codes","compose":{"include":[{"system":"http://hl7.org/fhir/CodeSystem/medication-ingredientstrength"}]}}