{"resourceType":"ValueSet","id":"fr-editorial-status","meta":{"profile":["http://hl7.org/fhir/StructureDefinition/shareablevalueset"]},"text":{"status":"generated","div":"<div xmlns=\"http://www.w3.org/1999/xhtml\"><p class=\"res-header-id\"><b>Generated Narrative: ValueSet fr-editorial-status</b></p><a name=\"fr-editorial-status\"> </a><a name=\"hcfr-editorial-status\"> </a><div style=\"display: inline-block; background-color: #d9e0e7; padding: 6px; margin: 4px; border: 1px solid #8da1b4; border-radius: 5px; line-height: 60%\"><p style=\"margin-bottom: 0px\"/><p style=\"margin-bottom: 0px\">Profile: <a href=\"http://hl7.org/fhir/R4/shareablevalueset.html\">Shareable ValueSet</a></p></div><ul><li>Include all codes defined in <a href=\"CodeSystem-fr-editorial-status.html\"><code>https://hl7.fr/ig/fhir/medication/CodeSystem/fr-editorial-status</code></a></li></ul></div>"},"url":"https://hl7.fr/ig/fhir/medication/ValueSet/fr-editorial-status","version":"0.1.0","name":"FrEditorialStatus","title":"value set Interop'Santé - Statut éditorial d'une valeur","status":"draft","experimental":false,"date":"2025-07-11T11:55:35+00:00","publisher":"Interop'Santé","contact":[{"name":"Interop'Santé","telecom":[{"system":"url","value":"http://interopsante.org/"}]}],"description":"Le jeu de valeurs à utiliser pour coder le statut éditorial d'une valeur.","immutable":false,"compose":{"include":[{"system":"https://hl7.fr/ig/fhir/medication/CodeSystem/fr-editorial-status"}]}}