{"resourceType":"CodeSystem","id":"fr-document-type","meta":{"profile":["http://hl7.org/fhir/StructureDefinition/shareablecodesystem"]},"text":{"status":"generated","div":"<div xmlns=\"http://www.w3.org/1999/xhtml\"><p class=\"res-header-id\"><b>Generated Narrative: CodeSystem fr-document-type</b></p><a name=\"fr-document-type\"> </a><a name=\"hcfr-document-type\"> </a><a name=\"fr-document-type-en-US\"> </a><p><b>Properties</b></p><p><b>This code system defines the following properties for its concepts</b></p><table class=\"grid\"><tr><td><b>Name</b></td><td><b>Code</b></td><td><b>Type</b></td><td><b>Description</b></td></tr><tr><td>isMedicationReconciliation</td><td>isMedicationReconciliation</td><td>boolean</td><td>Le document est une FCT (Fiche de Conciliation des Traitements médicamenteux).</td></tr><tr><td>isCurrentMedication</td><td>isCurrentMedication</td><td>boolean</td><td>Le document est une liste des Traitements Médicamenteux Courants.</td></tr></table><p><b>Concepts</b></p><p>This  code system <code>https://hl7.fr/fhir/fr/medication/CodeSystem/fr-document-type</code> defines the following codes:</p><table class=\"codes\"><tr><td style=\"white-space:nowrap\"><b>Code</b></td><td><b>Display</b></td><td><b>Definition</b></td><td><b>isMedicationReconciliation</b></td><td><b>isCurrentMedication</b></td></tr><tr><td style=\"white-space:nowrap\">10000001<a name=\"fr-document-type-10000001\"> </a></td><td>FCT</td><td>Fiche de Conciliation des Traitements médicamenteux (sans autre précision)</td><td>true</td><td>false</td></tr><tr><td style=\"white-space:nowrap\">10000002<a name=\"fr-document-type-10000002\"> </a></td><td>FCT rétroactive d'admission</td><td>Fiche de Conciliation des Traitements médicamenteux rétroactive d'admission</td><td>true</td><td>false</td></tr><tr><td style=\"white-space:nowrap\">10000003<a name=\"fr-document-type-10000003\"> </a></td><td>FCT proactive d'admission</td><td>Fiche de Conciliation des Traitements médicamenteux proactive d'admission</td><td>true</td><td>false</td></tr><tr><td style=\"white-space:nowrap\">10000004<a name=\"fr-document-type-10000004\"> </a></td><td>FCT proactive de sortie</td><td>Fiche de Conciliation des Traitements médicamenteux proactive de sortie (retour à domicile)</td><td>true</td><td>false</td></tr><tr><td style=\"white-space:nowrap\">10000005<a name=\"fr-document-type-10000005\"> </a></td><td>FCT rétroactive de sortie</td><td>Fiche de Conciliation des Traitements médicamenteux rétroactive de sortie (retour à domicile)</td><td>true</td><td>false</td></tr><tr><td style=\"white-space:nowrap\">10000006<a name=\"fr-document-type-10000006\"> </a></td><td>FCT proactive de transfert</td><td>Fiche de Conciliation des Traitements médicamenteux proactive de transfert (dans une autre structure de soins)</td><td>true</td><td>false</td></tr><tr><td style=\"white-space:nowrap\">10000007<a name=\"fr-document-type-10000007\"> </a></td><td>FCT rétroactive de transfert</td><td>Fiche de Conciliation des Traitements médicamenteux rétroactive de transfert (dans une autre structure de soins)</td><td>true</td><td>false</td></tr><tr><td style=\"white-space:nowrap\">10000008<a name=\"fr-document-type-10000008\"> </a></td><td>FCT proactive de mutation</td><td>Fiche de Conciliation des Traitements médicamenteux proactive de mutation (dans une autre unité fonctionnelle ou médicale)</td><td>true</td><td>false</td></tr><tr><td style=\"white-space:nowrap\">10000009<a name=\"fr-document-type-10000009\"> </a></td><td>FCT rétroactive de mutation</td><td>Fiche de Conciliation des Traitements médicamenteux rétroactive de mutation (dans une autre unité fonctionnelle ou médicale)</td><td>true</td><td>false</td></tr><tr><td style=\"white-space:nowrap\">10000010<a name=\"fr-document-type-10000010\"> </a></td><td>FCT proactive de sortie du service</td><td>Fiche de Conciliation des Traitements médicamenteux proactive de sortie du service (tout mode de sortie administratif confondu)</td><td>true</td><td>false</td></tr><tr><td style=\"white-space:nowrap\">10000011<a name=\"fr-document-type-10000011\"> </a></td><td>FCT rétroactive de sortie du service</td><td>Fiche de Conciliation des Traitements médicamenteux rétroactive de sortie du service (tout mode de sortie administratif confondu)</td><td>true</td><td>false</td></tr><tr><td style=\"white-space:nowrap\">10000012<a name=\"fr-document-type-10000012\"> </a></td><td>Traitement Médicamenteux Courant</td><td>Traitement Médicamenteux Courant (sans autre précision)</td><td>false</td><td>true</td></tr><tr><td style=\"white-space:nowrap\">10000013<a name=\"fr-document-type-10000013\"> </a></td><td>OMA</td><td>OMA (Ordonnance Médicale d'Admission)</td><td>false</td><td>true</td></tr><tr><td style=\"white-space:nowrap\">10000014<a name=\"fr-document-type-10000014\"> </a></td><td>Traitement Médicamenteux de sortie/transfert/mutation</td><td>Traitement Médicamenteux de sortie/transfert/mutation</td><td>false</td><td>true</td></tr></table></div>"},"url":"https://hl7.fr/fhir/fr/medication/CodeSystem/fr-document-type","version":"0.1.0","name":"FrDocumentType","title":"code system Interop'Santé - Type de document d'une ressource Composition du domaine Pharmacy","status":"draft","experimental":false,"date":"2024-12-23T15:03:08+00:00","publisher":"Interop'Santé","contact":[{"name":"Interop'Santé","telecom":[{"system":"url","value":"http://interopsante.org/"}]}],"description":"Le système de codage SIPh du type de document d'une ressource *Composition* du domaine Pharmacy","content":"complete","count":14,"property":[{"code":"isMedicationReconciliation","description":"Le document est une FCT (Fiche de Conciliation des Traitements médicamenteux).","type":"boolean"},{"code":"isCurrentMedication","description":"Le document est une liste des Traitements Médicamenteux Courants.","type":"boolean"}],"concept":[{"code":"10000001","display":"FCT","definition":"Fiche de Conciliation des Traitements médicamenteux (sans autre précision)","property":[{"code":"isMedicationReconciliation","valueBoolean":true},{"code":"isCurrentMedication","valueBoolean":false}]},{"code":"10000002","display":"FCT rétroactive d'admission","definition":"Fiche de Conciliation des Traitements médicamenteux rétroactive d'admission","property":[{"code":"isMedicationReconciliation","valueBoolean":true},{"code":"isCurrentMedication","valueBoolean":false}]},{"code":"10000003","display":"FCT proactive d'admission","definition":"Fiche de Conciliation des Traitements médicamenteux proactive d'admission","property":[{"code":"isMedicationReconciliation","valueBoolean":true},{"code":"isCurrentMedication","valueBoolean":false}]},{"code":"10000004","display":"FCT proactive de sortie","definition":"Fiche de Conciliation des Traitements médicamenteux proactive de sortie (retour à domicile)","property":[{"code":"isMedicationReconciliation","valueBoolean":true},{"code":"isCurrentMedication","valueBoolean":false}]},{"code":"10000005","display":"FCT rétroactive de sortie","definition":"Fiche de Conciliation des Traitements médicamenteux rétroactive de sortie (retour à domicile)","property":[{"code":"isMedicationReconciliation","valueBoolean":true},{"code":"isCurrentMedication","valueBoolean":false}]},{"code":"10000006","display":"FCT proactive de transfert","definition":"Fiche de Conciliation des Traitements médicamenteux proactive de transfert (dans une autre structure de soins)","property":[{"code":"isMedicationReconciliation","valueBoolean":true},{"code":"isCurrentMedication","valueBoolean":false}]},{"code":"10000007","display":"FCT rétroactive de transfert","definition":"Fiche de Conciliation des Traitements médicamenteux rétroactive de transfert (dans une autre structure de soins)","property":[{"code":"isMedicationReconciliation","valueBoolean":true},{"code":"isCurrentMedication","valueBoolean":false}]},{"code":"10000008","display":"FCT proactive de mutation","definition":"Fiche de Conciliation des Traitements médicamenteux proactive de mutation (dans une autre unité fonctionnelle ou médicale)","property":[{"code":"isMedicationReconciliation","valueBoolean":true},{"code":"isCurrentMedication","valueBoolean":false}]},{"code":"10000009","display":"FCT rétroactive de mutation","definition":"Fiche de Conciliation des Traitements médicamenteux rétroactive de mutation (dans une autre unité fonctionnelle ou médicale)","property":[{"code":"isMedicationReconciliation","valueBoolean":true},{"code":"isCurrentMedication","valueBoolean":false}]},{"code":"10000010","display":"FCT proactive de sortie du service","definition":"Fiche de Conciliation des Traitements médicamenteux proactive de sortie du service (tout mode de sortie administratif confondu)","property":[{"code":"isMedicationReconciliation","valueBoolean":true},{"code":"isCurrentMedication","valueBoolean":false}]},{"code":"10000011","display":"FCT rétroactive de sortie du service","definition":"Fiche de Conciliation des Traitements médicamenteux rétroactive de sortie du service (tout mode de sortie administratif confondu)","property":[{"code":"isMedicationReconciliation","valueBoolean":true},{"code":"isCurrentMedication","valueBoolean":false}]},{"code":"10000012","display":"Traitement Médicamenteux Courant","definition":"Traitement Médicamenteux Courant (sans autre précision)","property":[{"code":"isMedicationReconciliation","valueBoolean":false},{"code":"isCurrentMedication","valueBoolean":true}]},{"code":"10000013","display":"OMA","definition":"OMA (Ordonnance Médicale d'Admission)","property":[{"code":"isMedicationReconciliation","valueBoolean":false},{"code":"isCurrentMedication","valueBoolean":true}]},{"code":"10000014","display":"Traitement Médicamenteux de sortie/transfert/mutation","definition":"Traitement Médicamenteux de sortie/transfert/mutation","property":[{"code":"isMedicationReconciliation","valueBoolean":false},{"code":"isCurrentMedication","valueBoolean":true}]}]}