{"resourceType":"CodeSystem","id":"medication-ingredient-strength-codes","meta":{"profile":["http://hl7.org/fhir/StructureDefinition/shareablecodesystem"]},"text":{"status":"generated","div":"<div xmlns=\"http://www.w3.org/1999/xhtml\"><p class=\"res-header-id\"><b>Narratif généré : CodeSystem medication-ingredient-strength-codes</b></p><a name=\"medication-ingredient-strength-codes\"> </a><a name=\"hcmedication-ingredient-strength-codes\"> </a><div style=\"display: inline-block; background-color: #d9e0e7; padding: 6px; margin: 4px; border: 1px solid #8da1b4; border-radius: 5px; line-height: 60%\"><p style=\"margin-bottom: 0px\"/><p style=\"margin-bottom: 0px\">Profil: <a href=\"http://hl7.org/fhir/R4/shareablecodesystem.html\">Shareable CodeSystem</a></p></div><p>This case-sensitive code system <code>http://hl7.org/fhir/CodeSystem/medication-ingredientstrength</code> defines the following codes:</p><table class=\"codes\"><tr><td style=\"white-space:nowrap\"><b>Code</b></td><td><b>Display</b></td><td><b>Définition</b></td></tr><tr><td style=\"white-space:nowrap\">qs<a name=\"medication-ingredient-strength-codes-qs\"> </a></td><td>QS</td><td>As much as is sufficient.</td></tr><tr><td style=\"white-space:nowrap\">trace<a name=\"medication-ingredient-strength-codes-trace\"> </a></td><td>Trace</td><td>Very small amount.</td></tr></table></div>"},"extension":[{"url":"http://hl7.org/fhir/StructureDefinition/structuredefinition-wg","valueCode":"phx"}],"url":"http://hl7.org/fhir/CodeSystem/medication-ingredientstrength","identifier":[{"system":"urn:ietf:rfc:3986","value":"urn:oid:2.16.840.1.113883.4.642.1.1427"}],"version":"0.1.0","name":"Medication_Ingredient_Strength_Codes","status":"draft","experimental":false,"date":"2025-09-23T14:05:20+00:00","publisher":"Interop'Santé","contact":[{"name":"Interop'Santé","telecom":[{"system":"url","value":"http://interopsante.org/"}]}],"jurisdiction":[{"coding":[{"system":"urn:iso:std:iso:3166","code":"FR","display":"FRANCE"}]}],"caseSensitive":true,"valueSet":"http://hl7.org/fhir/ValueSet/medication-ingredientstrength","content":"complete","count":2,"concept":[{"code":"qs","display":"QS","definition":"As much as is sufficient.","designation":[{"use":{"system":"http://terminology.hl7.org/CodeSystem/hl7TermMaintInfra","code":"preferredForLanguage"},"value":"QS"}]},{"code":"trace","display":"Trace","definition":"Very small amount.","designation":[{"use":{"system":"http://terminology.hl7.org/CodeSystem/hl7TermMaintInfra","code":"preferredForLanguage"},"value":"Trace"}]}]}