<?xml version="1.0" encoding="UTF-8"?><ConceptMap xmlns="http://hl7.org/fhir"><id value="PN13-FHIR-prescmed-practitioner-id-seule-conceptmap"/><text><status value="generated"/><div xmlns="http://www.w3.org/1999/xhtml"><p class="res-header-id"><b>Generated Narrative: ConceptMap PN13-FHIR-prescmed-practitioner-id-seule-conceptmap</b></p><a name="PN13-FHIR-prescmed-practitioner-id-seule-conceptmap"> </a><a name="hcPN13-FHIR-prescmed-practitioner-id-seule-conceptmap"> </a><a name="PN13-FHIR-prescmed-practitioner-id-seule-conceptmap-en-US"> </a><p>Mapping from https://interopsante.org/pn13/xsd to https://hl7.fr/ig/fhir/medication/StructureDefinition/FrInpatientMedicationRequest</p><p>DRAFT. Published on 2024-08-13 14:32:33+0000 by Interop'Santé  (Interop'Santé: <a href="http://interopsante.org/">http://interopsante.org/</a>). </p><div><p>ConceptMap pour la conversion PN13 vers FHIR du professionnel prescripteur d'une prescritpion de médicament avec uniquement un identifiant fourni</p>
</div><br/><p><b>Group 1 </b>Mapping from <code>unspecified code system</code> to <code>unspecified code system</code></p><table class="grid"><tr><td><b>Source Code</b></td><td><b>Relationship</b></td><td><b>Target Code</b></td></tr><tr><td>Messages/M_prescription_médicaments/Prescription/Elément_prescr_médic/Id_prescripteur</td><td><a href="http://hl7.org/fhir/extensions/5.1.0/CodeSystem-concept-map-equivalence.html#equal" title="equal">is equal to</a></td><td>MedicationRequest.requester.identifier.value</td></tr><tr><td>Messages/M_prescription_médicaments/Prescription/Elément_prescr_médic/Id_prescripteur@Phast-uri_nomenclature</td><td><a href="http://hl7.org/fhir/extensions/5.1.0/CodeSystem-concept-map-equivalence.html#equal" title="equal">is equal to</a></td><td>MedicationRequest.encounter.identifier.system</td></tr></table></div></text><url value="https://hl7.fr/fhir/fr/medication/ConceptMap/PN13-FHIR-prescmed-practitioner-id-seule-conceptmap"/><version value="0.1.0"/><name value="FrPN13FHIRMedicationPrescriptionPractitionerIdSeuleConceptMap"/><title value="Conversion PN13 vers FHIR pour le professionnel prescripteur d'une prescription de médicaments avec uniquement un identifiant fourni"/><status value="draft"/><date value="2024-08-13T14:32:33+00:00"/><publisher value="Interop'Santé"/><contact><name value="Interop'Santé"/><telecom><system value="url"/><value value="http://interopsante.org/"/></telecom></contact><description value="ConceptMap pour la conversion PN13 vers FHIR du professionnel prescripteur d'une prescritpion de médicament avec uniquement un identifiant fourni"/><sourceUri value="https://interopsante.org/pn13/xsd"/><targetUri value="https://hl7.fr/ig/fhir/medication/StructureDefinition/FrInpatientMedicationRequest"/><group><element><code value="Messages/M_prescription_médicaments/Prescription/Elément_prescr_médic/Id_prescripteur"/><target><modifierExtension url="http://hl7.org/fhir/1.0/StructureDefinition/extension-ConceptMap.element.target.equivalence"><valueCode value="equal"/></modifierExtension><code value="MedicationRequest.requester.identifier.value"/><equivalence value="equal"/></target></element><element><code value="Messages/M_prescription_médicaments/Prescription/Elément_prescr_médic/Id_prescripteur@Phast-uri_nomenclature"/><target><modifierExtension url="http://hl7.org/fhir/1.0/StructureDefinition/extension-ConceptMap.element.target.equivalence"><valueCode value="equal"/></modifierExtension><code value="MedicationRequest.encounter.identifier.system"/><equivalence value="equal"/></target></element></group></ConceptMap>