<?xml version="1.0" encoding="UTF-8"?><ValueSet xmlns="http://hl7.org/fhir"><id value="FrMedicationReconciliationQualifiedDiscrepancy"/><meta><profile value="http://hl7.org/fhir/StructureDefinition/shareablevalueset"/></meta><text><status value="generated"/><div xmlns="http://www.w3.org/1999/xhtml"><p class="res-header-id"><b>Generated Narrative: ValueSet FrMedicationReconciliationQualifiedDiscrepancy</b></p><a name="FrMedicationReconciliationQualifiedDiscrepancy"> </a><a name="hcFrMedicationReconciliationQualifiedDiscrepancy"> </a><a name="FrMedicationReconciliationQualifiedDiscrepancy-en-US"> </a><ul><li>Include codes from<a href="CodeSystem-FrMedicationReconciliationDiscrepancy.html"><code>http://interopsante.org/fhir/CodeSystem/fr-medication-reconciliation-discrepancy</code></a> where isQualified  = true</li></ul></div></text><url value="https://hl7.fr/fhir/fr/medication/ValueSet/FrMedicationReconciliationQualifiedDiscrepancy"/><version value="0.1.0"/><name value="FrMedicationReconciliationQualifiedDiscrepancy"/><title value="value set InterOp'Santé - qualification de la divergence identifiée sur une ligne de traitement d'une FCT"/><status value="draft"/><experimental value="false"/><date value="2024-11-13T15:16:58+00:00"/><publisher value="Interop'Santé"/><contact><name value="Interop'Santé"/><telecom><system value="url"/><value value="http://interopsante.org/"/></telecom></contact><description value="Le jeu de valeurs à utiliser pour coder la qualification de la divergence identifiée sur une ligne de traitement d'une FCT (Fiche de Conciliation des Traitements médicamenteux)."/><immutable value="false"/><compose><include><system value="http://interopsante.org/fhir/CodeSystem/fr-medication-reconciliation-discrepancy"/><version value="0.2.0"/><filter><property value="isQualified"/><op value="="/><value value="true"/></filter></include></compose></ValueSet>