<?xml version="1.0" encoding="UTF-8"?>

<Bundle xmlns="http://hl7.org/fhir">
  <id value="HAS-16-Presc-Racecadotril"/>
  <meta>
    <profile value="https://hl7.fr/ig/fhir/medication/StructureDefinition/fr-prescription-bundle-for-example"/>
  </meta>
  <type value="searchset"/>
  <entry>
    <resource>
      <MedicationRequest>
        <id value="medicationrequest-HAS-16-Presc-Racecadotril"/>
        <meta>
          <profile value="https://hl7.fr/ig/fhir/medication/StructureDefinition/fr-patient-medicationrequest"/>
          <profile value="https://hl7.fr/fhir/fr/medication/StructureDefinition/fr-patient-medicationrequest"/>
        </meta>
        <text>
          <status value="generated"/><div xmlns="http://www.w3.org/1999/xhtml"><a name="MedicationRequest_medicationrequest-HAS-16-Presc-Racecadotril"> </a><p class="res-header-id"><b>Generated Narrative: MedicationRequest medicationrequest-HAS-16-Presc-Racecadotril</b></p><a name="medicationrequest-HAS-16-Presc-Racecadotril"> </a><a name="hcmedicationrequest-HAS-16-Presc-Racecadotril"> </a><div style="display: inline-block; background-color: #d9e0e7; padding: 6px; margin: 4px; border: 1px solid #8da1b4; border-radius: 5px; line-height: 60%"><p style="margin-bottom: 0px"/><p style="margin-bottom: 0px">Profiles: <a href="StructureDefinition-fr-patient-medicationrequest.html">FrPatientMedicationRequest</a>, <code>https://hl7.fr/fhir/fr/medication/StructureDefinition/fr-patient-medicationrequest</code></p></div><p><b>status</b>: Active</p><p><b>intent</b>: Order</p><p><b>priority</b>: Routine</p><p><b>medication</b>: <span title="Codes:{http://BogusSystemMedicabase.com MV00000139}">RACECADOTRIL 100 mg gélule</span></p><p><b>subject</b>: <a href="Patient/14602">Patient/14602</a></p><p><b>requester</b>: <a href="Practitioner/smart-Practitioner-71482713">Practitioner/smart-Practitioner-71482713</a></p><p><b>note</b>: </p><blockquote><div><p>Prescription textuelle: RACECADOTRIL 100 mg gélule: 1 gélule 3 fois par jour au début de chaque repas. A poursuivre tant que la diarrhée persiste avec un maximum de 7 jours.</p>
</div></blockquote><blockquote><p><b>dosageInstruction</b></p><p><b>patientInstruction</b>: A poursuivre tant que la diarrhée persiste</p><p><b>timing</b>: 0min , before meals, 3 per 1 day</p><h3>DoseAndRates</h3><table class="grid"><tr><td style="display: none">-</td><td><b>Dose[x]</b></td></tr><tr><td style="display: none">*</td><td>1 gélule<span style="background: LightGoldenRodYellow"> (Details: standardterms.edqm.eu  code15012000 = 'Capsule')</span></td></tr></table></blockquote></div>
        </text>
        <status value="active"/>
        <intent value="order"/>
        <priority value="routine"/>
        <medicationCodeableConcept>
          <coding>
            <system value="http://BogusSystemMedicabase.com"/>
            <code value="MV00000139"/>
            <display value="RACECADOTRIL 100 mg gélule"/>
          </coding>
        </medicationCodeableConcept>
        <subject>
          <reference value="Patient/14602"/>
        </subject>
        <requester>
          <reference value="Practitioner/smart-Practitioner-71482713"/>
        </requester>
        <note>
          <extension url="https://hl7.fr/ig/fhir/medication/StructureDefinition/fr-medicationrequest-note-scope">
            <valueCode value="LIPRESCTXT"/>
          </extension>
          <text value="Prescription textuelle: RACECADOTRIL 100 mg gélule: 1 gélule 3 fois par jour au début de chaque repas. A poursuivre tant que la diarrhée persiste avec un maximum de 7 jours."/>
        </note>
        <dosageInstruction>
          <patientInstruction value="A poursuivre tant que la diarrhée persiste"/>
          <timing>
            <repeat>
              <countMax value="21"/>
              <frequency value="3"/>
              <period value="1"/>
              <periodUnit value="d"/>
              <when value="AC"/>
              <offset value="0"/>
            </repeat>
          </timing>
          <doseAndRate>
            <doseQuantity>
              <value value="1"/>
              <unit value="gélule"/>
              <system value="http://standardterms.edqm.eu"/>
              <code value="15012000"/>
            </doseQuantity>
          </doseAndRate>
        </dosageInstruction>
      </MedicationRequest>
    </resource>
  </entry>
</Bundle>