<?xml version="1.0" encoding="UTF-8"?>

<ValueSet xmlns="http://hl7.org/fhir">
  <id value="fr-mp-dose-form"/>
  <meta>
    <profile value="http://hl7.org/fhir/StructureDefinition/shareablevalueset"/>
  </meta>
  <text>
    <status value="generated"/><div xmlns="http://www.w3.org/1999/xhtml"><p class="res-header-id"><b>Generated Narrative: ValueSet fr-mp-dose-form</b></p><a name="fr-mp-dose-form"> </a><a name="hcfr-mp-dose-form"> </a><div style="display: inline-block; background-color: #d9e0e7; padding: 6px; margin: 4px; border: 1px solid #8da1b4; border-radius: 5px; line-height: 60%"><p style="margin-bottom: 0px"/><p style="margin-bottom: 0px">Profile: <a href="http://hl7.org/fhir/R4/shareablevalueset.html">Shareable ValueSet</a></p></div><ul><li>Include all codes defined in <code>http://standardterms.edqm.eu</code></li></ul></div>
  </text>
  <url value="https://hl7.fr/ig/fhir/medication/ValueSet/fr-mp-dose-form"/>
  <version value="0.1.0"/>
  <name value="FrMpDoseForm"/>
  <title value="French Medicinal product Dose form"/>
  <status value="draft"/>
  <experimental value="false"/>
  <date value="2025-07-21T11:50:34+00:00"/>
  <publisher value="Interop'Santé"/>
  <contact>
    <name value="Interop'Santé"/>
    <telecom>
      <system value="url"/>
      <value value="http://interopsante.org/"/>
    </telecom>
  </contact>
  <description value="Le jeu de valeurs à utiliser pour coder l'élément *doseForm* des ressources *FrMedicationUcd*, *FrMedicationUcdPart* ou *FrMedicationNonProprietaryName*."/>
  <immutable value="false"/>
  <compose>
    <include>
      <system value="http://standardterms.edqm.eu"/>
    </include>
  </compose>
</ValueSet>