{
  "resourceType" : "ValueSet",
  "id" : "FrMedicationReconciliationQualifiedDiscrepancy",
  "meta" : {
    "profile" : ["http://hl7.org/fhir/StructureDefinition/shareablevalueset"]
  },
  "text" : {
    "status" : "generated",
    "div" : "<div xmlns=\"http://www.w3.org/1999/xhtml\"><p class=\"res-header-id\"><b>Generated Narrative: ValueSet FrMedicationReconciliationQualifiedDiscrepancy</b></p><a name=\"FrMedicationReconciliationQualifiedDiscrepancy\"> </a><a name=\"hcFrMedicationReconciliationQualifiedDiscrepancy\"> </a><a name=\"FrMedicationReconciliationQualifiedDiscrepancy-en-US\"> </a><ul><li>Include codes from<a href=\"CodeSystem-FrMedicationReconciliationDiscrepancy.html\"><code>http://interopsante.org/fhir/CodeSystem/fr-medication-reconciliation-discrepancy</code></a> where isQualified  = true</li></ul></div>"
  },
  "url" : "https://hl7.fr/fhir/fr/medication/ValueSet/FrMedicationReconciliationQualifiedDiscrepancy",
  "version" : "0.1.0",
  "name" : "FrMedicationReconciliationQualifiedDiscrepancy",
  "title" : "value set InterOp'Santé - qualification de la divergence identifiée sur une ligne de traitement d'une FCT",
  "status" : "draft",
  "experimental" : false,
  "date" : "2024-09-18T15:06:02+00:00",
  "publisher" : "Interop'Santé",
  "contact" : [{
    "name" : "Interop'Santé",
    "telecom" : [{
      "system" : "url",
      "value" : "http://interopsante.org/"
    }]
  }],
  "description" : "Le jeu de valeurs à utiliser pour coder la qualification de la divergence identifiée sur une ligne de traitement d'une FCT (Fiche de Conciliation des Traitements médicamenteux).",
  "immutable" : false,
  "compose" : {
    "include" : [{
      "system" : "http://interopsante.org/fhir/CodeSystem/fr-medication-reconciliation-discrepancy",
      "version" : "0.2.0",
      "filter" : [{
        "property" : "isQualified",
        "op" : "=",
        "value" : "true"
      }]
    }]
  }
}