{
  "resourceType" : "ConceptMap",
  "id" : "PN13-FHIR-prescmed-practitioner-id-seul-conceptmap",
  "text" : {
    "status" : "generated",
    "div" : "<div xmlns=\"http://www.w3.org/1999/xhtml\"><p class=\"res-header-id\"><b>Generated Narrative: ConceptMap PN13-FHIR-prescmed-practitioner-id-seul-conceptmap</b></p><a name=\"PN13-FHIR-prescmed-practitioner-id-seul-conceptmap\"> </a><a name=\"hcPN13-FHIR-prescmed-practitioner-id-seul-conceptmap\"> </a><a name=\"PN13-FHIR-prescmed-practitioner-id-seul-conceptmap-en-US\"> </a><p>Mapping from https://interopsante.org/pn13/xsd to <a href=\"StructureDefinition-fr-inpatient-medicationrequest3.html\">French Inpatient MedicationRequest 3</a></p><br/><p><b>Group 1 </b>Mapping from <code>unspecified code system</code> to <code>unspecified code system</code></p><table class=\"grid\"><tr><td colspan=\"2\"><b>Source Concept Details</b></td><td><b>Relationship</b></td><td colspan=\"3\"><b>Target Concept Details</b></td><td colspan=\"3\"><b>Properties</b></td></tr><tr><td colspan=\"2\"><b>Codes</b> from </td><td/><td colspan=\"2\"><b>Codes</b> from </td><td><b>MedicationRequest.requester.type</b></td></tr><tr><td style=\"border-right-width: 0px\">Messages/M_prescription_médicaments/Prescription/Elément_prescr_médic/Id_prescripteur</td><td style=\"border-left-width: 0px\"></td><td><a href=\"http://hl7.org/fhir/extensions/5.1.0/CodeSystem-concept-map-equivalence.html#equal\" title=\"equal\">is equal to</a></td><td style=\"border-right-width: 0px\">MedicationRequest.requester.identifier.value</td><td style=\"border-left-width: 0px\"></td><td>Practitioner</td></tr></table></div>"
  },
  "url" : "https://hl7.fr/fhir/fr/medication/ConceptMap/PN13-FHIR-prescmed-practitioner-id-seul-conceptmap",
  "version" : "0.1.0",
  "name" : "FrPN13FHIRMedicationPrescriptionPractitionerIdSeulConceptMap",
  "title" : "Conversion PN13 vers FHIR pour le professionnel prescripteur d'une prescription de médicaments avec uniquement un identifiant fourni",
  "status" : "draft",
  "date" : "2025-02-05T13:40:24+00:00",
  "publisher" : "Interop'Santé",
  "contact" : [{
    "name" : "Interop'Santé",
    "telecom" : [{
      "system" : "url",
      "value" : "http://interopsante.org/"
    }]
  }],
  "description" : "ConceptMap pour la conversion PN13 vers FHIR du professionnel prescripteur d'une prescritpion de médicament avec uniquement un identifiant fourni",
  "sourceUri" : "https://interopsante.org/pn13/xsd",
  "targetUri" : "https://hl7.fr/fhir/fr/medication/StructureDefinition/fr-inpatient-medicationrequest3",
  "group" : [{
    "element" : [{
      "code" : "Messages/M_prescription_médicaments/Prescription/Elément_prescr_médic/Id_prescripteur",
      "target" : [{
        "code" : "MedicationRequest.requester.identifier.value",
        "equivalence" : "equal",
        "product" : [{
          "property" : "MedicationRequest.requester.type",
          "value" : "Practitioner"
        }]
      }]
    }]
  }]
}