{
  "resourceType" : "ImplementationGuide",
  "id" : "hl7.fhir.fr.medication",
  "text" : {
    "status" : "generated",
    "div" : "<div xmlns=\"http://www.w3.org/1999/xhtml\"><p class=\"res-header-id\"><b>Generated Narrative: ImplementationGuide hl7.fhir.fr.medication</b></p><a name=\"hl7.fhir.fr.medication\"> </a><a name=\"hchl7.fhir.fr.medication\"> </a><a name=\"hl7.fhir.fr.medication-en-US\"> </a><h2>MED</h2><p>The official URL for this implementation guide is: </p><pre>https://hl7.fr/fhir/fr/medication/ImplementationGuide/hl7.fhir.fr.medication</pre></div>"
  },
  "url" : "https://hl7.fr/fhir/fr/medication/ImplementationGuide/hl7.fhir.fr.medication",
  "version" : "0.1.0",
  "name" : "MED",
  "title" : "Guide d'implémentation du médicament",
  "status" : "draft",
  "date" : "2025-02-05T13:40:24+00:00",
  "publisher" : "Interop'Santé",
  "contact" : [{
    "name" : "Interop'Santé",
    "telecom" : [{
      "system" : "url",
      "value" : "http://interopsante.org/"
    }]
  }],
  "packageId" : "hl7.fhir.fr.medication",
  "license" : "CC0-1.0",
  "fhirVersion" : ["4.0.1"],
  "dependsOn" : [{
    "id" : "hl7tx",
    "extension" : [{
      "url" : "http://hl7.org/fhir/tools/StructureDefinition/implementationguide-dependency-comment",
      "valueMarkdown" : "Automatically added as a dependency - all IGs depend on HL7 Terminology"
    }],
    "uri" : "http://terminology.hl7.org/ImplementationGuide/hl7.terminology",
    "packageId" : "hl7.terminology.r4",
    "version" : "6.2.0"
  },
  {
    "id" : "hl7ext",
    "extension" : [{
      "url" : "http://hl7.org/fhir/tools/StructureDefinition/implementationguide-dependency-comment",
      "valueMarkdown" : "Automatically added as a dependency - all IGs depend on the HL7 Extension Pack"
    }],
    "uri" : "http://hl7.org/fhir/extensions/ImplementationGuide/hl7.fhir.uv.extensions",
    "packageId" : "hl7.fhir.uv.extensions.r4",
    "version" : "5.1.0"
  },
  {
    "id" : "hl7_fhir_fr_core",
    "uri" : "https://hl7.fr/ig/fhir/core/ImplementationGuide/hl7.fhir.fr.core",
    "packageId" : "hl7.fhir.fr.core",
    "version" : "2.1.0"
  }],
  "definition" : {
    "extension" : [{
      "extension" : [{
        "url" : "code",
        "valueString" : "copyrightyear"
      },
      {
        "url" : "value",
        "valueString" : "2020+"
      }],
      "url" : "http://hl7.org/fhir/tools/StructureDefinition/ig-parameter"
    },
    {
      "extension" : [{
        "url" : "code",
        "valueString" : "releaselabel"
      },
      {
        "url" : "value",
        "valueString" : "ci-build"
      }],
      "url" : "http://hl7.org/fhir/tools/StructureDefinition/ig-parameter"
    },
    {
      "extension" : [{
        "url" : "code",
        "valueString" : "autoload-resources"
      },
      {
        "url" : "value",
        "valueString" : "true"
      }],
      "url" : "http://hl7.org/fhir/tools/StructureDefinition/ig-parameter"
    },
    {
      "extension" : [{
        "url" : "code",
        "valueString" : "path-liquid"
      },
      {
        "url" : "value",
        "valueString" : "template/liquid"
      }],
      "url" : "http://hl7.org/fhir/tools/StructureDefinition/ig-parameter"
    },
    {
      "extension" : [{
        "url" : "code",
        "valueString" : "path-liquid"
      },
      {
        "url" : "value",
        "valueString" : "input/liquid"
      }],
      "url" : "http://hl7.org/fhir/tools/StructureDefinition/ig-parameter"
    },
    {
      "extension" : [{
        "url" : "code",
        "valueString" : "path-qa"
      },
      {
        "url" : "value",
        "valueString" : "temp/qa"
      }],
      "url" : "http://hl7.org/fhir/tools/StructureDefinition/ig-parameter"
    },
    {
      "extension" : [{
        "url" : "code",
        "valueString" : "path-temp"
      },
      {
        "url" : "value",
        "valueString" : "temp/pages"
      }],
      "url" : "http://hl7.org/fhir/tools/StructureDefinition/ig-parameter"
    },
    {
      "extension" : [{
        "url" : "code",
        "valueString" : "path-output"
      },
      {
        "url" : "value",
        "valueString" : "output"
      }],
      "url" : "http://hl7.org/fhir/tools/StructureDefinition/ig-parameter"
    },
    {
      "extension" : [{
        "url" : "code",
        "valueString" : "path-suppressed-warnings"
      },
      {
        "url" : "value",
        "valueString" : "input/ignoreWarnings.txt"
      }],
      "url" : "http://hl7.org/fhir/tools/StructureDefinition/ig-parameter"
    },
    {
      "extension" : [{
        "url" : "code",
        "valueString" : "path-history"
      },
      {
        "url" : "value",
        "valueString" : "https://hl7.fr/fhir/fr/medication/history.html"
      }],
      "url" : "http://hl7.org/fhir/tools/StructureDefinition/ig-parameter"
    },
    {
      "extension" : [{
        "url" : "code",
        "valueString" : "template-html"
      },
      {
        "url" : "value",
        "valueString" : "template-page.html"
      }],
      "url" : "http://hl7.org/fhir/tools/StructureDefinition/ig-parameter"
    },
    {
      "extension" : [{
        "url" : "code",
        "valueString" : "template-md"
      },
      {
        "url" : "value",
        "valueString" : "template-page-md.html"
      }],
      "url" : "http://hl7.org/fhir/tools/StructureDefinition/ig-parameter"
    },
    {
      "extension" : [{
        "url" : "code",
        "valueString" : "apply-contact"
      },
      {
        "url" : "value",
        "valueString" : "true"
      }],
      "url" : "http://hl7.org/fhir/tools/StructureDefinition/ig-parameter"
    },
    {
      "extension" : [{
        "url" : "code",
        "valueString" : "apply-context"
      },
      {
        "url" : "value",
        "valueString" : "true"
      }],
      "url" : "http://hl7.org/fhir/tools/StructureDefinition/ig-parameter"
    },
    {
      "extension" : [{
        "url" : "code",
        "valueString" : "apply-copyright"
      },
      {
        "url" : "value",
        "valueString" : "true"
      }],
      "url" : "http://hl7.org/fhir/tools/StructureDefinition/ig-parameter"
    },
    {
      "extension" : [{
        "url" : "code",
        "valueString" : "apply-jurisdiction"
      },
      {
        "url" : "value",
        "valueString" : "true"
      }],
      "url" : "http://hl7.org/fhir/tools/StructureDefinition/ig-parameter"
    },
    {
      "extension" : [{
        "url" : "code",
        "valueString" : "apply-license"
      },
      {
        "url" : "value",
        "valueString" : "true"
      }],
      "url" : "http://hl7.org/fhir/tools/StructureDefinition/ig-parameter"
    },
    {
      "extension" : [{
        "url" : "code",
        "valueString" : "apply-publisher"
      },
      {
        "url" : "value",
        "valueString" : "true"
      }],
      "url" : "http://hl7.org/fhir/tools/StructureDefinition/ig-parameter"
    },
    {
      "extension" : [{
        "url" : "code",
        "valueString" : "apply-version"
      },
      {
        "url" : "value",
        "valueString" : "true"
      }],
      "url" : "http://hl7.org/fhir/tools/StructureDefinition/ig-parameter"
    },
    {
      "extension" : [{
        "url" : "code",
        "valueString" : "apply-wg"
      },
      {
        "url" : "value",
        "valueString" : "true"
      }],
      "url" : "http://hl7.org/fhir/tools/StructureDefinition/ig-parameter"
    },
    {
      "extension" : [{
        "url" : "code",
        "valueString" : "active-tables"
      },
      {
        "url" : "value",
        "valueString" : "true"
      }],
      "url" : "http://hl7.org/fhir/tools/StructureDefinition/ig-parameter"
    },
    {
      "extension" : [{
        "url" : "code",
        "valueString" : "fmm-definition"
      },
      {
        "url" : "value",
        "valueString" : "http://hl7.org/fhir/versions.html#maturity"
      }],
      "url" : "http://hl7.org/fhir/tools/StructureDefinition/ig-parameter"
    },
    {
      "extension" : [{
        "url" : "code",
        "valueString" : "propagate-status"
      },
      {
        "url" : "value",
        "valueString" : "true"
      }],
      "url" : "http://hl7.org/fhir/tools/StructureDefinition/ig-parameter"
    },
    {
      "extension" : [{
        "url" : "code",
        "valueString" : "excludelogbinaryformat"
      },
      {
        "url" : "value",
        "valueString" : "true"
      }],
      "url" : "http://hl7.org/fhir/tools/StructureDefinition/ig-parameter"
    },
    {
      "extension" : [{
        "url" : "code",
        "valueString" : "tabbed-snapshots"
      },
      {
        "url" : "value",
        "valueString" : "true"
      }],
      "url" : "http://hl7.org/fhir/tools/StructureDefinition/ig-parameter"
    },
    {
      "url" : "http://hl7.org/fhir/tools/StructureDefinition/ig-internal-dependency",
      "valueCode" : "hl7.fhir.uv.tools.r4#0.3.0"
    },
    {
      "extension" : [{
        "url" : "code",
        "valueCode" : "copyrightyear"
      },
      {
        "url" : "value",
        "valueString" : "2020+"
      }],
      "url" : "http://hl7.org/fhir/tools/StructureDefinition/ig-parameter"
    },
    {
      "extension" : [{
        "url" : "code",
        "valueCode" : "releaselabel"
      },
      {
        "url" : "value",
        "valueString" : "ci-build"
      }],
      "url" : "http://hl7.org/fhir/tools/StructureDefinition/ig-parameter"
    },
    {
      "extension" : [{
        "url" : "code",
        "valueCode" : "autoload-resources"
      },
      {
        "url" : "value",
        "valueString" : "true"
      }],
      "url" : "http://hl7.org/fhir/tools/StructureDefinition/ig-parameter"
    },
    {
      "extension" : [{
        "url" : "code",
        "valueCode" : "path-liquid"
      },
      {
        "url" : "value",
        "valueString" : "template/liquid"
      }],
      "url" : "http://hl7.org/fhir/tools/StructureDefinition/ig-parameter"
    },
    {
      "extension" : [{
        "url" : "code",
        "valueCode" : "path-liquid"
      },
      {
        "url" : "value",
        "valueString" : "input/liquid"
      }],
      "url" : "http://hl7.org/fhir/tools/StructureDefinition/ig-parameter"
    },
    {
      "extension" : [{
        "url" : "code",
        "valueCode" : "path-qa"
      },
      {
        "url" : "value",
        "valueString" : "temp/qa"
      }],
      "url" : "http://hl7.org/fhir/tools/StructureDefinition/ig-parameter"
    },
    {
      "extension" : [{
        "url" : "code",
        "valueCode" : "path-temp"
      },
      {
        "url" : "value",
        "valueString" : "temp/pages"
      }],
      "url" : "http://hl7.org/fhir/tools/StructureDefinition/ig-parameter"
    },
    {
      "extension" : [{
        "url" : "code",
        "valueCode" : "path-output"
      },
      {
        "url" : "value",
        "valueString" : "output"
      }],
      "url" : "http://hl7.org/fhir/tools/StructureDefinition/ig-parameter"
    },
    {
      "extension" : [{
        "url" : "code",
        "valueCode" : "path-suppressed-warnings"
      },
      {
        "url" : "value",
        "valueString" : "input/ignoreWarnings.txt"
      }],
      "url" : "http://hl7.org/fhir/tools/StructureDefinition/ig-parameter"
    },
    {
      "extension" : [{
        "url" : "code",
        "valueCode" : "path-history"
      },
      {
        "url" : "value",
        "valueString" : "https://hl7.fr/fhir/fr/medication/history.html"
      }],
      "url" : "http://hl7.org/fhir/tools/StructureDefinition/ig-parameter"
    },
    {
      "extension" : [{
        "url" : "code",
        "valueCode" : "template-html"
      },
      {
        "url" : "value",
        "valueString" : "template-page.html"
      }],
      "url" : "http://hl7.org/fhir/tools/StructureDefinition/ig-parameter"
    },
    {
      "extension" : [{
        "url" : "code",
        "valueCode" : "template-md"
      },
      {
        "url" : "value",
        "valueString" : "template-page-md.html"
      }],
      "url" : "http://hl7.org/fhir/tools/StructureDefinition/ig-parameter"
    },
    {
      "extension" : [{
        "url" : "code",
        "valueCode" : "apply-contact"
      },
      {
        "url" : "value",
        "valueString" : "true"
      }],
      "url" : "http://hl7.org/fhir/tools/StructureDefinition/ig-parameter"
    },
    {
      "extension" : [{
        "url" : "code",
        "valueCode" : "apply-context"
      },
      {
        "url" : "value",
        "valueString" : "true"
      }],
      "url" : "http://hl7.org/fhir/tools/StructureDefinition/ig-parameter"
    },
    {
      "extension" : [{
        "url" : "code",
        "valueCode" : "apply-copyright"
      },
      {
        "url" : "value",
        "valueString" : "true"
      }],
      "url" : "http://hl7.org/fhir/tools/StructureDefinition/ig-parameter"
    },
    {
      "extension" : [{
        "url" : "code",
        "valueCode" : "apply-jurisdiction"
      },
      {
        "url" : "value",
        "valueString" : "true"
      }],
      "url" : "http://hl7.org/fhir/tools/StructureDefinition/ig-parameter"
    },
    {
      "extension" : [{
        "url" : "code",
        "valueCode" : "apply-license"
      },
      {
        "url" : "value",
        "valueString" : "true"
      }],
      "url" : "http://hl7.org/fhir/tools/StructureDefinition/ig-parameter"
    },
    {
      "extension" : [{
        "url" : "code",
        "valueCode" : "apply-publisher"
      },
      {
        "url" : "value",
        "valueString" : "true"
      }],
      "url" : "http://hl7.org/fhir/tools/StructureDefinition/ig-parameter"
    },
    {
      "extension" : [{
        "url" : "code",
        "valueCode" : "apply-version"
      },
      {
        "url" : "value",
        "valueString" : "true"
      }],
      "url" : "http://hl7.org/fhir/tools/StructureDefinition/ig-parameter"
    },
    {
      "extension" : [{
        "url" : "code",
        "valueCode" : "apply-wg"
      },
      {
        "url" : "value",
        "valueString" : "true"
      }],
      "url" : "http://hl7.org/fhir/tools/StructureDefinition/ig-parameter"
    },
    {
      "extension" : [{
        "url" : "code",
        "valueCode" : "active-tables"
      },
      {
        "url" : "value",
        "valueString" : "true"
      }],
      "url" : "http://hl7.org/fhir/tools/StructureDefinition/ig-parameter"
    },
    {
      "extension" : [{
        "url" : "code",
        "valueCode" : "fmm-definition"
      },
      {
        "url" : "value",
        "valueString" : "http://hl7.org/fhir/versions.html#maturity"
      }],
      "url" : "http://hl7.org/fhir/tools/StructureDefinition/ig-parameter"
    },
    {
      "extension" : [{
        "url" : "code",
        "valueCode" : "propagate-status"
      },
      {
        "url" : "value",
        "valueString" : "true"
      }],
      "url" : "http://hl7.org/fhir/tools/StructureDefinition/ig-parameter"
    },
    {
      "extension" : [{
        "url" : "code",
        "valueCode" : "excludelogbinaryformat"
      },
      {
        "url" : "value",
        "valueString" : "true"
      }],
      "url" : "http://hl7.org/fhir/tools/StructureDefinition/ig-parameter"
    },
    {
      "extension" : [{
        "url" : "code",
        "valueCode" : "tabbed-snapshots"
      },
      {
        "url" : "value",
        "valueString" : "true"
      }],
      "url" : "http://hl7.org/fhir/tools/StructureDefinition/ig-parameter"
    }],
    "resource" : [{
      "extension" : [{
        "url" : "http://hl7.org/fhir/tools/StructureDefinition/resource-information",
        "valueString" : "MedicationRequest"
      }],
      "reference" : {
        "reference" : "MedicationRequest/14618"
      },
      "name" : "14618",
      "exampleCanonical" : "https://hl7.fr/fhir/fr/medication/StructureDefinition/fr-inpatient-medicationrequest"
    },
    {
      "extension" : [{
        "url" : "http://hl7.org/fhir/tools/StructureDefinition/resource-information",
        "valueString" : "MedicationRequest"
      }],
      "reference" : {
        "reference" : "MedicationRequest/14619"
      },
      "name" : "14619",
      "exampleCanonical" : "https://hl7.fr/fhir/fr/medication/StructureDefinition/fr-inpatient-medicationrequest"
    },
    {
      "extension" : [{
        "url" : "http://hl7.org/fhir/tools/StructureDefinition/resource-information",
        "valueString" : "MedicationRequest"
      }],
      "reference" : {
        "reference" : "MedicationRequest/14620"
      },
      "name" : "14620",
      "exampleCanonical" : "https://hl7.fr/fhir/fr/medication/StructureDefinition/fr-inpatient-medicationrequest"
    },
    {
      "extension" : [{
        "url" : "http://hl7.org/fhir/tools/StructureDefinition/resource-information",
        "valueString" : "MedicationRequest"
      }],
      "reference" : {
        "reference" : "MedicationRequest/14621"
      },
      "name" : "14621",
      "exampleCanonical" : "https://hl7.fr/fhir/fr/medication/StructureDefinition/fr-inpatient-medicationrequest"
    },
    {
      "extension" : [{
        "url" : "http://hl7.org/fhir/tools/StructureDefinition/resource-information",
        "valueString" : "MedicationRequest"
      }],
      "reference" : {
        "reference" : "MedicationRequest/14622"
      },
      "name" : "14622",
      "exampleCanonical" : "https://hl7.fr/fhir/fr/medication/StructureDefinition/fr-inpatient-medicationrequest"
    },
    {
      "extension" : [{
        "url" : "http://hl7.org/fhir/tools/StructureDefinition/resource-information",
        "valueString" : "MedicationRequest"
      }],
      "reference" : {
        "reference" : "MedicationRequest/14624"
      },
      "name" : "14624",
      "exampleCanonical" : "https://hl7.fr/fhir/fr/medication/StructureDefinition/fr-inpatient-medicationrequest"
    },
    {
      "extension" : [{
        "url" : "http://hl7.org/fhir/tools/StructureDefinition/resource-information",
        "valueString" : "MedicationRequest"
      }],
      "reference" : {
        "reference" : "MedicationRequest/14625"
      },
      "name" : "14625",
      "exampleCanonical" : "https://hl7.fr/fhir/fr/medication/StructureDefinition/fr-inpatient-medicationrequest"
    },
    {
      "extension" : [{
        "url" : "http://hl7.org/fhir/tools/StructureDefinition/resource-information",
        "valueString" : "MedicationRequest"
      }],
      "reference" : {
        "reference" : "MedicationRequest/14626"
      },
      "name" : "14626",
      "exampleCanonical" : "https://hl7.fr/fhir/fr/medication/StructureDefinition/fr-inpatient-medicationrequest"
    },
    {
      "extension" : [{
        "url" : "http://hl7.org/fhir/tools/StructureDefinition/resource-information",
        "valueString" : "MedicationRequest"
      }],
      "reference" : {
        "reference" : "MedicationRequest/14627"
      },
      "name" : "14627",
      "exampleCanonical" : "https://hl7.fr/fhir/fr/medication/StructureDefinition/fr-inpatient-medicationrequest"
    },
    {
      "extension" : [{
        "url" : "http://hl7.org/fhir/tools/StructureDefinition/resource-information",
        "valueString" : "MedicationRequest"
      }],
      "reference" : {
        "reference" : "MedicationRequest/14628"
      },
      "name" : "14628",
      "exampleCanonical" : "https://hl7.fr/fhir/fr/medication/StructureDefinition/fr-inpatient-medicationrequest"
    },
    {
      "extension" : [{
        "url" : "http://hl7.org/fhir/tools/StructureDefinition/resource-information",
        "valueString" : "MedicationRequest"
      }],
      "reference" : {
        "reference" : "MedicationRequest/14629"
      },
      "name" : "14629",
      "exampleCanonical" : "https://hl7.fr/fhir/fr/medication/StructureDefinition/fr-inpatient-medicationrequest"
    },
    {
      "extension" : [{
        "url" : "http://hl7.org/fhir/tools/StructureDefinition/resource-information",
        "valueString" : "MedicationRequest"
      }],
      "reference" : {
        "reference" : "MedicationRequest/14630"
      },
      "name" : "14630",
      "exampleCanonical" : "https://hl7.fr/fhir/fr/medication/StructureDefinition/fr-inpatient-medicationrequest"
    },
    {
      "extension" : [{
        "url" : "http://hl7.org/fhir/tools/StructureDefinition/resource-information",
        "valueString" : "MedicationRequest"
      }],
      "reference" : {
        "reference" : "MedicationRequest/14631"
      },
      "name" : "14631",
      "exampleCanonical" : "https://hl7.fr/fhir/fr/medication/StructureDefinition/fr-inpatient-medicationrequest"
    },
    {
      "extension" : [{
        "url" : "http://hl7.org/fhir/tools/StructureDefinition/resource-information",
        "valueString" : "MedicationRequest"
      }],
      "reference" : {
        "reference" : "MedicationRequest/14637"
      },
      "name" : "14637",
      "exampleCanonical" : "https://hl7.fr/fhir/fr/medication/StructureDefinition/fr-inpatient-medicationrequest"
    },
    {
      "extension" : [{
        "url" : "http://hl7.org/fhir/tools/StructureDefinition/resource-information",
        "valueString" : "MedicationRequest"
      }],
      "reference" : {
        "reference" : "MedicationRequest/14637u"
      },
      "name" : "14637u",
      "exampleCanonical" : "https://hl7.fr/fhir/fr/medication/StructureDefinition/fr-inpatient-medicationrequest-2"
    },
    {
      "extension" : [{
        "url" : "http://hl7.org/fhir/tools/StructureDefinition/resource-information",
        "valueString" : "MedicationRequest"
      }],
      "reference" : {
        "reference" : "MedicationRequest/14638"
      },
      "name" : "14638",
      "exampleCanonical" : "https://hl7.fr/fhir/fr/medication/StructureDefinition/fr-inpatient-medicationrequest"
    },
    {
      "extension" : [{
        "url" : "http://hl7.org/fhir/tools/StructureDefinition/resource-information",
        "valueString" : "MedicationRequest"
      }],
      "reference" : {
        "reference" : "MedicationRequest/14639"
      },
      "name" : "14639",
      "exampleCanonical" : "https://hl7.fr/fhir/fr/medication/StructureDefinition/fr-inpatient-medicationrequest"
    },
    {
      "extension" : [{
        "url" : "http://hl7.org/fhir/tools/StructureDefinition/resource-information",
        "valueString" : "MedicationRequest"
      }],
      "reference" : {
        "reference" : "MedicationRequest/14640"
      },
      "name" : "14640",
      "exampleCanonical" : "https://hl7.fr/fhir/fr/medication/StructureDefinition/fr-inpatient-medicationrequest"
    },
    {
      "extension" : [{
        "url" : "http://hl7.org/fhir/tools/StructureDefinition/resource-information",
        "valueString" : "MedicationRequest"
      }],
      "reference" : {
        "reference" : "MedicationRequest/14641"
      },
      "name" : "14641",
      "exampleCanonical" : "https://hl7.fr/fhir/fr/medication/StructureDefinition/fr-inpatient-medicationrequest"
    },
    {
      "extension" : [{
        "url" : "http://hl7.org/fhir/tools/StructureDefinition/resource-information",
        "valueString" : "MedicationRequest"
      }],
      "reference" : {
        "reference" : "MedicationRequest/14642"
      },
      "name" : "14642",
      "exampleCanonical" : "https://hl7.fr/fhir/fr/medication/StructureDefinition/fr-inpatient-medicationrequest"
    },
    {
      "extension" : [{
        "url" : "http://hl7.org/fhir/tools/StructureDefinition/resource-information",
        "valueString" : "MedicationRequest"
      }],
      "reference" : {
        "reference" : "MedicationRequest/14643"
      },
      "name" : "14643",
      "exampleCanonical" : "https://hl7.fr/fhir/fr/medication/StructureDefinition/fr-inpatient-medicationrequest"
    },
    {
      "extension" : [{
        "url" : "http://hl7.org/fhir/tools/StructureDefinition/resource-information",
        "valueString" : "MedicationRequest"
      }],
      "reference" : {
        "reference" : "MedicationRequest/14644"
      },
      "name" : "14644",
      "exampleCanonical" : "https://hl7.fr/fhir/fr/medication/StructureDefinition/fr-inpatient-medicationrequest"
    },
    {
      "extension" : [{
        "url" : "http://hl7.org/fhir/tools/StructureDefinition/resource-information",
        "valueString" : "MedicationRequest"
      }],
      "reference" : {
        "reference" : "MedicationRequest/14645"
      },
      "name" : "14645",
      "exampleCanonical" : "https://hl7.fr/fhir/fr/medication/StructureDefinition/fr-inpatient-medicationrequest"
    },
    {
      "extension" : [{
        "url" : "http://hl7.org/fhir/tools/StructureDefinition/resource-information",
        "valueString" : "MedicationRequest"
      }],
      "reference" : {
        "reference" : "MedicationRequest/14646"
      },
      "name" : "14646",
      "exampleCanonical" : "https://hl7.fr/fhir/fr/medication/StructureDefinition/fr-inpatient-medicationrequest"
    },
    {
      "extension" : [{
        "url" : "http://hl7.org/fhir/tools/StructureDefinition/resource-information",
        "valueString" : "MedicationRequest"
      }],
      "reference" : {
        "reference" : "MedicationRequest/14647"
      },
      "name" : "14647",
      "exampleCanonical" : "https://hl7.fr/fhir/fr/medication/StructureDefinition/fr-inpatient-medicationrequest"
    },
    {
      "extension" : [{
        "url" : "http://hl7.org/fhir/tools/StructureDefinition/resource-information",
        "valueString" : "MedicationRequest"
      }],
      "reference" : {
        "reference" : "MedicationRequest/14648"
      },
      "name" : "14648",
      "exampleCanonical" : "https://hl7.fr/fhir/fr/medication/StructureDefinition/fr-inpatient-medicationrequest"
    },
    {
      "extension" : [{
        "url" : "http://hl7.org/fhir/tools/StructureDefinition/resource-information",
        "valueString" : "MedicationRequest"
      }],
      "reference" : {
        "reference" : "MedicationRequest/14649"
      },
      "name" : "14649",
      "exampleCanonical" : "https://hl7.fr/fhir/fr/medication/StructureDefinition/fr-inpatient-medicationrequest"
    },
    {
      "extension" : [{
        "url" : "http://hl7.org/fhir/tools/StructureDefinition/resource-information",
        "valueString" : "MedicationRequest"
      }],
      "reference" : {
        "reference" : "MedicationRequest/14650"
      },
      "name" : "14650",
      "exampleCanonical" : "https://hl7.fr/fhir/fr/medication/StructureDefinition/fr-inpatient-medicationrequest"
    },
    {
      "extension" : [{
        "url" : "http://hl7.org/fhir/tools/StructureDefinition/resource-information",
        "valueString" : "MedicationRequest"
      }],
      "reference" : {
        "reference" : "MedicationRequest/14651"
      },
      "name" : "14651",
      "exampleCanonical" : "https://hl7.fr/fhir/fr/medication/StructureDefinition/fr-inpatient-medicationrequest"
    },
    {
      "extension" : [{
        "url" : "http://hl7.org/fhir/tools/StructureDefinition/resource-information",
        "valueString" : "MedicationRequest"
      }],
      "reference" : {
        "reference" : "MedicationRequest/14651-30"
      },
      "name" : "14651-30",
      "exampleCanonical" : "https://hl7.fr/fhir/fr/medication/StructureDefinition/fr-inpatient-medicationrequest"
    },
    {
      "extension" : [{
        "url" : "http://hl7.org/fhir/tools/StructureDefinition/resource-information",
        "valueString" : "MedicationRequest"
      }],
      "reference" : {
        "reference" : "MedicationRequest/14652"
      },
      "name" : "14652",
      "exampleCanonical" : "https://hl7.fr/fhir/fr/medication/StructureDefinition/fr-inpatient-medicationrequest"
    },
    {
      "extension" : [{
        "url" : "http://hl7.org/fhir/tools/StructureDefinition/resource-information",
        "valueString" : "MedicationRequest"
      }],
      "reference" : {
        "reference" : "MedicationRequest/14654"
      },
      "name" : "14654",
      "exampleCanonical" : "https://hl7.fr/fhir/fr/medication/StructureDefinition/fr-inpatient-medicationrequest-2"
    },
    {
      "extension" : [{
        "url" : "http://hl7.org/fhir/tools/StructureDefinition/resource-information",
        "valueString" : "MedicationRequest"
      }],
      "reference" : {
        "reference" : "MedicationRequest/14656"
      },
      "name" : "14656",
      "exampleCanonical" : "https://hl7.fr/fhir/fr/medication/StructureDefinition/fr-inpatient-medicationrequest-2"
    },
    {
      "extension" : [{
        "url" : "http://hl7.org/fhir/tools/StructureDefinition/resource-information",
        "valueString" : "MedicationDispense"
      }],
      "reference" : {
        "reference" : "MedicationDispense/14657"
      },
      "name" : "14657",
      "exampleCanonical" : "https://hl7.fr/fhir/fr/medication/StructureDefinition/fr-inpatient-medication-dispense"
    },
    {
      "extension" : [{
        "url" : "http://hl7.org/fhir/tools/StructureDefinition/resource-information",
        "valueString" : "MedicationDispense"
      }],
      "reference" : {
        "reference" : "MedicationDispense/14658"
      },
      "name" : "14658",
      "exampleCanonical" : "https://hl7.fr/fhir/fr/medication/StructureDefinition/fr-inpatient-medication-dispense"
    },
    {
      "extension" : [{
        "url" : "http://hl7.org/fhir/tools/StructureDefinition/resource-information",
        "valueString" : "MedicationRequest"
      }],
      "reference" : {
        "reference" : "MedicationRequest/14659"
      },
      "name" : "14659",
      "exampleCanonical" : "https://hl7.fr/fhir/fr/medication/StructureDefinition/fr-inpatient-medicationrequest-2"
    },
    {
      "extension" : [{
        "url" : "http://hl7.org/fhir/tools/StructureDefinition/resource-information",
        "valueString" : "MedicationRequest"
      }],
      "reference" : {
        "reference" : "MedicationRequest/14660"
      },
      "name" : "14660",
      "exampleCanonical" : "https://hl7.fr/fhir/fr/medication/StructureDefinition/fr-inpatient-medicationrequest-2"
    },
    {
      "extension" : [{
        "url" : "http://hl7.org/fhir/tools/StructureDefinition/resource-information",
        "valueString" : "MedicationDispense"
      }],
      "reference" : {
        "reference" : "MedicationDispense/14661"
      },
      "name" : "14661",
      "exampleCanonical" : "https://hl7.fr/fhir/fr/medication/StructureDefinition/fr-inpatient-medication-dispense"
    },
    {
      "extension" : [{
        "url" : "http://hl7.org/fhir/tools/StructureDefinition/resource-information",
        "valueString" : "MedicationDispense"
      }],
      "reference" : {
        "reference" : "MedicationDispense/14662"
      },
      "name" : "14662",
      "exampleCanonical" : "https://hl7.fr/fhir/fr/medication/StructureDefinition/fr-inpatient-medication-dispense"
    },
    {
      "extension" : [{
        "url" : "http://hl7.org/fhir/tools/StructureDefinition/resource-information",
        "valueString" : "MedicationDispense"
      }],
      "reference" : {
        "reference" : "MedicationDispense/14663"
      },
      "name" : "14663",
      "exampleCanonical" : "https://hl7.fr/fhir/fr/medication/StructureDefinition/fr-inpatient-medication-dispense"
    },
    {
      "extension" : [{
        "url" : "http://hl7.org/fhir/tools/StructureDefinition/resource-information",
        "valueString" : "MedicationDispense"
      }],
      "reference" : {
        "reference" : "MedicationDispense/14664"
      },
      "name" : "14664",
      "exampleCanonical" : "https://hl7.fr/fhir/fr/medication/StructureDefinition/fr-inpatient-medication-dispense"
    },
    {
      "extension" : [{
        "url" : "http://hl7.org/fhir/tools/StructureDefinition/resource-information",
        "valueString" : "MedicationDispense"
      }],
      "reference" : {
        "reference" : "MedicationDispense/14665"
      },
      "name" : "14665",
      "exampleCanonical" : "https://hl7.fr/fhir/fr/medication/StructureDefinition/fr-inpatient-medication-dispense"
    },
    {
      "extension" : [{
        "url" : "http://hl7.org/fhir/tools/StructureDefinition/resource-information",
        "valueString" : "StructureDefinition:extension"
      }],
      "reference" : {
        "reference" : "StructureDefinition/fr-additional-when-values"
      },
      "name" : "Additional values for when element",
      "description" : "Additional values for Timing.repeat.when",
      "exampleBoolean" : false
    },
    {
      "extension" : [{
        "url" : "http://hl7.org/fhir/tools/StructureDefinition/resource-information",
        "valueString" : "Bundle"
      }],
      "reference" : {
        "reference" : "Bundle/bundle-Compound-6166"
      },
      "name" : "bundle-Compound-6166",
      "exampleCanonical" : "https://hl7.fr/fhir/fr/medication/StructureDefinition/fr-prescription-bundle-for-example"
    },
    {
      "extension" : [{
        "url" : "http://hl7.org/fhir/tools/StructureDefinition/resource-information",
        "valueString" : "Bundle"
      }],
      "reference" : {
        "reference" : "Bundle/bundle-DC-2"
      },
      "name" : "bundle-DC-2",
      "exampleCanonical" : "https://hl7.fr/fhir/fr/medication/StructureDefinition/fr-prescription-bundle-for-example"
    },
    {
      "extension" : [{
        "url" : "http://hl7.org/fhir/tools/StructureDefinition/resource-information",
        "valueString" : "Bundle"
      }],
      "reference" : {
        "reference" : "Bundle/Bundle-Exemple-01-34-01"
      },
      "name" : "Bundle-Exemple-01-34-01",
      "exampleCanonical" : "https://hl7.fr/fhir/fr/medication/StructureDefinition/fr-prescription-bundle-for-example"
    },
    {
      "extension" : [{
        "url" : "http://hl7.org/fhir/tools/StructureDefinition/resource-information",
        "valueString" : "Bundle"
      }],
      "reference" : {
        "reference" : "Bundle/Bundle-Exemple-01-34-01-Interpret"
      },
      "name" : "Bundle-Exemple-01-34-01-Interpret",
      "exampleCanonical" : "https://hl7.fr/fhir/fr/medication/StructureDefinition/fr-prescription-bundle-for-example"
    },
    {
      "extension" : [{
        "url" : "http://hl7.org/fhir/tools/StructureDefinition/resource-information",
        "valueString" : "Bundle"
      }],
      "reference" : {
        "reference" : "Bundle/bundle-UCD-2"
      },
      "name" : "bundle-UCD-2",
      "exampleCanonical" : "https://hl7.fr/fhir/fr/medication/StructureDefinition/fr-prescription-bundle-for-example"
    },
    {
      "extension" : [{
        "url" : "http://hl7.org/fhir/tools/StructureDefinition/resource-information",
        "valueString" : "Bundle"
      }],
      "reference" : {
        "reference" : "Bundle/bundle-UCD-2Bis"
      },
      "name" : "bundle-UCD-2Bis",
      "exampleCanonical" : "https://hl7.fr/fhir/fr/medication/StructureDefinition/fr-prescription-bundle-for-example"
    },
    {
      "extension" : [{
        "url" : "http://hl7.org/fhir/tools/StructureDefinition/resource-information",
        "valueString" : "CodeSystem"
      }],
      "reference" : {
        "reference" : "CodeSystem/fr-additional-when-codes"
      },
      "name" : "code system Interop'Santé - Codes additionnels pour l'élément when",
      "description" : "Le système de codage pour des périodes d'occurrence qui ne sont pas définies dans FHIR.",
      "exampleBoolean" : false
    },
    {
      "extension" : [{
        "url" : "http://hl7.org/fhir/tools/StructureDefinition/resource-information",
        "valueString" : "CodeSystem"
      }],
      "reference" : {
        "reference" : "CodeSystem/fr-note-scope-codes"
      },
      "name" : "code system Interop'Santé - Codes pour le périmètre des notes",
      "description" : "Le système de codage pour la qualification du périmètre des notes en FHIR.",
      "exampleBoolean" : false
    },
    {
      "extension" : [{
        "url" : "http://hl7.org/fhir/tools/StructureDefinition/resource-information",
        "valueString" : "CodeSystem"
      }],
      "reference" : {
        "reference" : "CodeSystem/fr-uf-role-codes"
      },
      "name" : "code system Interop'Santé - Codes pour typer le rôle des UF par rapport à un séjour patient",
      "description" : "Le système de codage pour les types de rôle qu'une UF peut avoir par rapport à un séjour patient.",
      "exampleBoolean" : false
    },
    {
      "extension" : [{
        "url" : "http://hl7.org/fhir/tools/StructureDefinition/resource-information",
        "valueString" : "CodeSystem"
      }],
      "reference" : {
        "reference" : "CodeSystem/fr-medication-reconciliation-discrepancy"
      },
      "name" : "code system Interop'Santé - divergence identifiée sur une ligne de traitement d'une FCT",
      "description" : "Le système de codage de la divergence identifiée sur une ligne de traitement d'une FCT (Fiche de Conciliation des Traitements médicamenteux).",
      "exampleBoolean" : false
    },
    {
      "extension" : [{
        "url" : "http://hl7.org/fhir/tools/StructureDefinition/resource-information",
        "valueString" : "CodeSystem"
      }],
      "reference" : {
        "reference" : "CodeSystem/fr-medication-reconciliation-outcome"
      },
      "name" : "code system Interop'Santé - Gravité de l'erreur sur une ligne de traitement d'une FCT",
      "description" : "Le système de codage de la gravité de l'erreur sur une ligne de traitement d'une FCT (Fiche de Conciliation des Traitements médicamenteux).",
      "exampleBoolean" : false
    },
    {
      "extension" : [{
        "url" : "http://hl7.org/fhir/tools/StructureDefinition/resource-information",
        "valueString" : "CodeSystem"
      }],
      "reference" : {
        "reference" : "CodeSystem/fr-medication-history-source-type"
      },
      "name" : "code system Interop'Santé - Nature des sources d'un Bilan Médicamenteux",
      "description" : "Le système de codage des sources d'un Bilan Médicamenteux.",
      "exampleBoolean" : false
    },
    {
      "extension" : [{
        "url" : "http://hl7.org/fhir/tools/StructureDefinition/resource-information",
        "valueString" : "CodeSystem"
      }],
      "reference" : {
        "reference" : "CodeSystem/fr-medication-reconciliation-resolution"
      },
      "name" : "code system Interop'Santé - Résolution d'une divergence sur une ligne de traitement d'une FCT",
      "description" : "Le système de codage de la résolution d'une divergence sur une ligne de traitement d'une FCT (Fiche de Conciliation des Traitements médicamenteux).",
      "exampleBoolean" : false
    },
    {
      "extension" : [{
        "url" : "http://hl7.org/fhir/tools/StructureDefinition/resource-information",
        "valueString" : "CodeSystem"
      }],
      "reference" : {
        "reference" : "CodeSystem/fr-medication-reconciliation-status"
      },
      "name" : "code system Interop'Santé - Statut d'une ligne de traitement d'une FCT",
      "description" : "Le système de codage du statut d'une ligne de traitement d'une FCT (Fiche de Conciliation des Traitements médicamenteux).",
      "exampleBoolean" : false
    },
    {
      "extension" : [{
        "url" : "http://hl7.org/fhir/tools/StructureDefinition/resource-information",
        "valueString" : "CodeSystem"
      }],
      "reference" : {
        "reference" : "CodeSystem/fr-editorial-status"
      },
      "name" : "code system Interop'Santé - Statut éditorial d'une valeur",
      "description" : "Le système de codage du statut éditorial d'une valeur.",
      "exampleBoolean" : false
    },
    {
      "extension" : [{
        "url" : "http://hl7.org/fhir/tools/StructureDefinition/resource-information",
        "valueString" : "CodeSystem"
      }],
      "reference" : {
        "reference" : "CodeSystem/fr-medication-reconciliation-type"
      },
      "name" : "code system Interop'Santé - Type d'écart/erreur sur une ligne de traitement d'une FCT",
      "description" : "Le système de codage du type d'écart/erreur sur une ligne de traitement d'une FCT (Fiche de Conciliation des Traitements médicamenteux).",
      "exampleBoolean" : false
    },
    {
      "extension" : [{
        "url" : "http://hl7.org/fhir/tools/StructureDefinition/resource-information",
        "valueString" : "CodeSystem"
      }],
      "reference" : {
        "reference" : "CodeSystem/fr-document-type"
      },
      "name" : "code system Interop'Santé - Type de document d'une ressource Composition du domaine Pharmacy",
      "description" : "Le système de codage SIPh du type de document d'une ressource *Composition* du domaine Pharmacy",
      "exampleBoolean" : false
    },
    {
      "extension" : [{
        "url" : "http://hl7.org/fhir/tools/StructureDefinition/resource-information",
        "valueString" : "ConceptMap"
      }],
      "reference" : {
        "reference" : "ConceptMap/PN13-FHIR-gender-conceptmap"
      },
      "name" : "Conversion PN13 FHIR des code de sexe administratif",
      "description" : "ConceptMap pour la conversion des codes de sexe administratif entre PN13 et FHIR",
      "exampleBoolean" : false
    },
    {
      "extension" : [{
        "url" : "http://hl7.org/fhir/tools/StructureDefinition/resource-information",
        "valueString" : "ConceptMap"
      }],
      "reference" : {
        "reference" : "ConceptMap/PN13-FHIR-prescmed-medicationrequest-conceptmap"
      },
      "name" : "Conversion PN13 vers FHIR pour la ligne de prescription d'une prescription de médicaments",
      "description" : "ConceptMap pour la conversion PN13 vers FHIR d'une ligne de prescription d'une prescritpion de médicament",
      "exampleBoolean" : false
    },
    {
      "extension" : [{
        "url" : "http://hl7.org/fhir/tools/StructureDefinition/resource-information",
        "valueString" : "ConceptMap"
      }],
      "reference" : {
        "reference" : "ConceptMap/PN13-FHIR-prescmed-dosageinstruction-conceptmap"
      },
      "name" : "Conversion PN13 vers FHIR pour la posologie d'une prescription de médicaments",
      "description" : "ConceptMap pour la conversion PN13 vers FHIR d'une posologie d'une prescritpion de médicament",
      "exampleBoolean" : false
    },
    {
      "extension" : [{
        "url" : "http://hl7.org/fhir/tools/StructureDefinition/resource-information",
        "valueString" : "ConceptMap"
      }],
      "reference" : {
        "reference" : "ConceptMap/PN13-FHIR-prescmed-patient-id-seul-conceptmap"
      },
      "name" : "Conversion PN13 vers FHIR pour le patient d'une prescription de médicaments avec uniquement un identifiant fourni",
      "description" : "ConceptMap pour la conversion PN13 vers FHIR du patient d'une prescritpion de médicament avec uniquement un identifiant fourni",
      "exampleBoolean" : false
    },
    {
      "extension" : [{
        "url" : "http://hl7.org/fhir/tools/StructureDefinition/resource-information",
        "valueString" : "ConceptMap"
      }],
      "reference" : {
        "reference" : "ConceptMap/PN13-FHIR-prescmed-practitioner-identite-conceptmap"
      },
      "name" : "Conversion PN13 vers FHIR pour le professionnel prescripteur d'une prescription de médicaments avec d'autres éléments qu'uniquement l'identifiant",
      "description" : "ConceptMap pour la conversion PN13 vers FHIR du professionnel prescripteur d'une prescritpion de médicament avec d'autres éléments qu'uniquement l'identifiant",
      "exampleBoolean" : false
    },
    {
      "extension" : [{
        "url" : "http://hl7.org/fhir/tools/StructureDefinition/resource-information",
        "valueString" : "ConceptMap"
      }],
      "reference" : {
        "reference" : "ConceptMap/PN13-FHIR-prescmed-practitioner-id-seul-conceptmap"
      },
      "name" : "Conversion PN13 vers FHIR pour le professionnel prescripteur d'une prescription de médicaments avec uniquement un identifiant fourni",
      "description" : "ConceptMap pour la conversion PN13 vers FHIR du professionnel prescripteur d'une prescritpion de médicament avec uniquement un identifiant fourni",
      "exampleBoolean" : false
    },
    {
      "extension" : [{
        "url" : "http://hl7.org/fhir/tools/StructureDefinition/resource-information",
        "valueString" : "ConceptMap"
      }],
      "reference" : {
        "reference" : "ConceptMap/PN13-FHIR-observation-conceptmap"
      },
      "name" : "Conversion PN13 vers FHIR pour les renseignements complémentaires d'une prescription de médicaments",
      "description" : "ConceptMap pour la conversion PN13 vers FHIR d'un renseignement complémentare d'une prescritpion de médicament",
      "exampleBoolean" : false
    },
    {
      "extension" : [{
        "url" : "http://hl7.org/fhir/tools/StructureDefinition/resource-information",
        "valueString" : "ConceptMap"
      }],
      "reference" : {
        "reference" : "ConceptMap/PN13-FHIR-prescmed-medicationComp-conceptmap"
      },
      "name" : "Conversion PN13 vers FHIR pour un médicament composé d'une prescription de médicaments",
      "description" : "ConceptMap pour la conversion PN13 vers FHIR d'un médicament composé d'une prescritpion de médicament",
      "exampleBoolean" : false
    },
    {
      "extension" : [{
        "url" : "http://hl7.org/fhir/tools/StructureDefinition/resource-information",
        "valueString" : "ConceptMap"
      }],
      "reference" : {
        "reference" : "ConceptMap/PN13-FHIR-prescmed-medicationnoncompound-conceptmap"
      },
      "name" : "Conversion PN13 vers FHIR pour un médicament non composé d'une prescription de médicaments",
      "description" : "ConceptMap pour la conversion PN13 vers FHIR d'un médicament non composé d'une prescritpion de médicament",
      "exampleBoolean" : false
    },
    {
      "extension" : [{
        "url" : "http://hl7.org/fhir/tools/StructureDefinition/resource-information",
        "valueString" : "ConceptMap"
      }],
      "reference" : {
        "reference" : "ConceptMap/PN13-FHIR-prescmed-patient-avec-INS-conceptmap"
      },
      "name" : "Conversion PN13 vers FHIR pour un patient avec INS qualifiée d'une prescription de médicaments",
      "description" : "ConceptMap pour la conversion PN13 vers FHIR d'un patient avec INS qualifiée d'une prescritpion de médicament",
      "exampleBoolean" : false
    },
    {
      "extension" : [{
        "url" : "http://hl7.org/fhir/tools/StructureDefinition/resource-information",
        "valueString" : "ConceptMap"
      }],
      "reference" : {
        "reference" : "ConceptMap/PN13-FHIR-prescmed-patient-sans-INS-conceptmap"
      },
      "name" : "Conversion PN13 vers FHIR pour un patient sans INS qualifiée d'une prescription de médicaments",
      "description" : "ConceptMap pour la conversion PN13 vers FHIR d'un patient sans INS qualifiée d'une prescritpion de médicament",
      "exampleBoolean" : false
    },
    {
      "extension" : [{
        "url" : "http://hl7.org/fhir/tools/StructureDefinition/resource-information",
        "valueString" : "ConceptMap"
      }],
      "reference" : {
        "reference" : "ConceptMap/PN13-FHIR-prescmed-encounter-conceptmap"
      },
      "name" : "Conversion PN13 vers FHIR pour un séjour d'une prescription de médicaments",
      "description" : "ConceptMap pour la conversion PN13 vers FHIR d'un séjour d'une prescritpion de médicament",
      "exampleBoolean" : false
    },
    {
      "extension" : [{
        "url" : "http://hl7.org/fhir/tools/StructureDefinition/resource-information",
        "valueString" : "StructureDefinition:resource"
      }],
      "reference" : {
        "reference" : "StructureDefinition/fr-current-medication-composition"
      },
      "name" : "FrCurrentMedicationComposition",
      "description" : "Profil de la ressource Composition du traitement médicamenteux courant.",
      "exampleBoolean" : false
    },
    {
      "extension" : [{
        "url" : "http://hl7.org/fhir/tools/StructureDefinition/resource-information",
        "valueString" : "StructureDefinition:resource"
      }],
      "reference" : {
        "reference" : "StructureDefinition/fr-current-medication-medicationstatement"
      },
      "name" : "FrCurrentMedicationMedicationStatement",
      "description" : "Profil de la ressource *MedicationStatement* du traitement médicamenteux courant.\nCurrent Medication MedicationStatement resource profile",
      "exampleBoolean" : false
    },
    {
      "extension" : [{
        "url" : "http://hl7.org/fhir/tools/StructureDefinition/resource-information",
        "valueString" : "StructureDefinition:complex-type"
      }],
      "reference" : {
        "reference" : "StructureDefinition/fr-mp-substance-active"
      },
      "name" : "French Active Substance of a Medicinal Product",
      "description" : "code for the medicinal product substance",
      "exampleBoolean" : false
    },
    {
      "extension" : [{
        "url" : "http://hl7.org/fhir/tools/StructureDefinition/resource-information",
        "valueString" : "StructureDefinition:resource"
      }],
      "reference" : {
        "reference" : "StructureDefinition/fr-medication-ucd"
      },
      "name" : "French branded name Medication",
      "description" : "French prescribed, dispensed or used medication expressed as branded medication composed of one to many substances. The code the french UCD (Unité Commune de Dispensation).",
      "exampleBoolean" : false
    },
    {
      "extension" : [{
        "url" : "http://hl7.org/fhir/tools/StructureDefinition/resource-information",
        "valueString" : "StructureDefinition:resource"
      }],
      "reference" : {
        "reference" : "StructureDefinition/fr-medication-compound"
      },
      "name" : "French compound Medication",
      "description" : "A complex medication composed of two to many simple médication. The simple medications component are described in as many ingredient.itemReference referencing a Medication resource profiled fr-medication-1.",
      "exampleBoolean" : false
    },
    {
      "extension" : [{
        "url" : "http://hl7.org/fhir/tools/StructureDefinition/resource-information",
        "valueString" : "StructureDefinition:resource"
      }],
      "reference" : {
        "reference" : "StructureDefinition/fr-medication-compound2"
      },
      "name" : "French compound Medication 2",
      "description" : "A complex medication composed of two to many simple medication. The simple medications component are described in as many ingredient.itemReference referencing a Medication resource profiled fr-medication-non-compound.",
      "exampleBoolean" : false
    },
    {
      "extension" : [{
        "url" : "http://hl7.org/fhir/tools/StructureDefinition/resource-information",
        "valueString" : "StructureDefinition:resource"
      }],
      "reference" : {
        "reference" : "StructureDefinition/fr-inpatient-medicationrequest"
      },
      "name" : "French Inpatient MedicationRequest",
      "description" : "French inpatient medication request profile",
      "exampleBoolean" : false
    },
    {
      "extension" : [{
        "url" : "http://hl7.org/fhir/tools/StructureDefinition/resource-information",
        "valueString" : "StructureDefinition:resource"
      }],
      "reference" : {
        "reference" : "StructureDefinition/fr-inpatient-medicationrequest3"
      },
      "name" : "French Inpatient MedicationRequest 3",
      "description" : "French inpatient medication request profile 3",
      "exampleBoolean" : false
    },
    {
      "extension" : [{
        "url" : "http://hl7.org/fhir/tools/StructureDefinition/resource-information",
        "valueString" : "ValueSet"
      }],
      "reference" : {
        "reference" : "ValueSet/fr-mp-substance-active"
      },
      "name" : "French Medicinal product Active substance",
      "description" : "Le jeu de valeurs à utiliser pour coder l'élément *ingredient.itemCodeableConcept* des ressources *FrMedicationUcd*, *FrMedicationUcdPart* et *FrMedicationNonproprietaryName*.",
      "exampleBoolean" : false
    },
    {
      "extension" : [{
        "url" : "http://hl7.org/fhir/tools/StructureDefinition/resource-information",
        "valueString" : "ValueSet"
      }],
      "reference" : {
        "reference" : "ValueSet/fr-mp-dose-form"
      },
      "name" : "French Medicinal product Dose form",
      "description" : "Le jeu de valeurs à utiliser pour coder l'élément *doseForm* des ressources *FrMedicationUcd*, *FrMedicationUcdPart* ou *FrMedicationNonProprietaryName*.",
      "exampleBoolean" : false
    },
    {
      "extension" : [{
        "url" : "http://hl7.org/fhir/tools/StructureDefinition/resource-information",
        "valueString" : "ValueSet"
      }],
      "reference" : {
        "reference" : "ValueSet/FrMedicinalProductOnly"
      },
      "name" : "French Medicinal Product only",
      "description" : "Le jeu de valeurs à utiliser pour coder l'élément *code* de la ressource *FrMedicationNonproprietaryName*.",
      "exampleBoolean" : false
    },
    {
      "extension" : [{
        "url" : "http://hl7.org/fhir/tools/StructureDefinition/resource-information",
        "valueString" : "ValueSet"
      }],
      "reference" : {
        "reference" : "ValueSet/fr-mp-unit-of-presentation"
      },
      "name" : "French Medicinal product Unit of Presentation",
      "description" : "Le jeu de valeurs à utiliser pour coder l'unité de présentation de la dose.",
      "exampleBoolean" : false
    },
    {
      "extension" : [{
        "url" : "http://hl7.org/fhir/tools/StructureDefinition/resource-information",
        "valueString" : "ValueSet"
      }],
      "reference" : {
        "reference" : "ValueSet/FrMethodOfAdministration"
      },
      "name" : "French Method Of Administration",
      "description" : "Le jeu de valeurs à utiliser pour coder l'élément *dosageInstruction.method* de la ressource *FrMedicationRequest*.",
      "exampleBoolean" : false
    },
    {
      "extension" : [{
        "url" : "http://hl7.org/fhir/tools/StructureDefinition/resource-information",
        "valueString" : "StructureDefinition:resource"
      }],
      "reference" : {
        "reference" : "StructureDefinition/fr-medication-noncompound"
      },
      "name" : "French Non Compound Medication",
      "description" : "Simple prescribed, dispensed, administered or used medication composed of one to many substances. If composed of many substance, the strengh SHALL be defined.",
      "exampleBoolean" : false
    },
    {
      "extension" : [{
        "url" : "http://hl7.org/fhir/tools/StructureDefinition/resource-information",
        "valueString" : "StructureDefinition:resource"
      }],
      "reference" : {
        "reference" : "StructureDefinition/fr-medication-nonproprietary-name"
      },
      "name" : "French non proprietary name Medication",
      "description" : "Simple prescribed, dispensed, administered or used medication expressed in non proprietary name composed of one to many substances. If composed of many substance, the strengh SHALL be defined.",
      "exampleBoolean" : false
    },
    {
      "extension" : [{
        "url" : "http://hl7.org/fhir/tools/StructureDefinition/resource-information",
        "valueString" : "ValueSet"
      }],
      "reference" : {
        "reference" : "ValueSet/fr-treatment-intent"
      },
      "name" : "French overall intention of the treatment",
      "description" : "Le jeu de valeurs à utiliser pour coder l'élément *treatmentIntent* de la ressource *FrInpatientMedicationRequest*.",
      "exampleBoolean" : false
    },
    {
      "extension" : [{
        "url" : "http://hl7.org/fhir/tools/StructureDefinition/resource-information",
        "valueString" : "ValueSet"
      }],
      "reference" : {
        "reference" : "ValueSet/fr-route-of-administration"
      },
      "name" : "French Route of Administration",
      "description" : "Le jeu de valeurs à utiliser pour coder l'élément *dosageInstruction.route* de la ressource *FrMedicationRequest*.",
      "exampleBoolean" : false
    },
    {
      "extension" : [{
        "url" : "http://hl7.org/fhir/tools/StructureDefinition/resource-information",
        "valueString" : "StructureDefinition:complex-type"
      }],
      "reference" : {
        "reference" : "StructureDefinition/fr-mp-substance"
      },
      "name" : "French Substance of a Medicinal Product",
      "description" : "code for the medicinal product substance",
      "exampleBoolean" : false
    },
    {
      "extension" : [{
        "url" : "http://hl7.org/fhir/tools/StructureDefinition/resource-information",
        "valueString" : "StructureDefinition:resource"
      }],
      "reference" : {
        "reference" : "StructureDefinition/fr-medication-ucd-part"
      },
      "name" : "French Ucd Part Medication",
      "description" : "Part of a multipart branded medication.",
      "exampleBoolean" : false
    },
    {
      "extension" : [{
        "url" : "http://hl7.org/fhir/tools/StructureDefinition/resource-information",
        "valueString" : "StructureDefinition:resource"
      }],
      "reference" : {
        "reference" : "StructureDefinition/fr-inpatient-medication-dispense"
      },
      "name" : "FrInpatientMedicationDispense",
      "exampleBoolean" : false
    },
    {
      "extension" : [{
        "url" : "http://hl7.org/fhir/tools/StructureDefinition/resource-information",
        "valueString" : "StructureDefinition:resource"
      }],
      "reference" : {
        "reference" : "StructureDefinition/fr-inpatient-medicationrequest-2"
      },
      "name" : "FrInpatientMedicationRequest2",
      "exampleBoolean" : false
    },
    {
      "extension" : [{
        "url" : "http://hl7.org/fhir/tools/StructureDefinition/resource-information",
        "valueString" : "StructureDefinition:resource"
      }],
      "reference" : {
        "reference" : "StructureDefinition/fr-medication"
      },
      "name" : "FrMedication",
      "description" : "Profil de la ressource Medication décrivant le médicament dans une ressource MedicationStatement (Bilan Médicamenteux, Conciliation) ou MedicationRequest (prescription).",
      "exampleBoolean" : false
    },
    {
      "extension" : [{
        "url" : "http://hl7.org/fhir/tools/StructureDefinition/resource-information",
        "valueString" : "StructureDefinition:resource"
      }],
      "reference" : {
        "reference" : "StructureDefinition/fr-medication-2-unique"
      },
      "name" : "FrMedication2unique",
      "description" : "ressource Medication unique regroupant les 4 profils en 1 (ucd, ucd-part, non-proprietary-name et compound)",
      "exampleBoolean" : false
    },
    {
      "extension" : [{
        "url" : "http://hl7.org/fhir/tools/StructureDefinition/resource-information",
        "valueString" : "StructureDefinition:resource"
      }],
      "reference" : {
        "reference" : "StructureDefinition/fr-medication-history-composition"
      },
      "name" : "FrMedicationHistoryComposition",
      "description" : "Profil de la ressource Composition représentant le Bilan Médicamenteux.",
      "exampleBoolean" : false
    },
    {
      "extension" : [{
        "url" : "http://hl7.org/fhir/tools/StructureDefinition/resource-information",
        "valueString" : "StructureDefinition:resource"
      }],
      "reference" : {
        "reference" : "StructureDefinition/fr-medication-history-medicationstatement"
      },
      "name" : "FrMedicationHistoryMedicationStatement",
      "description" : "Profil de la ressource *MedicationStatement* du Bilan médicamenteux.\nMedication History MedicationStatement resource profile",
      "exampleBoolean" : false
    },
    {
      "extension" : [{
        "url" : "http://hl7.org/fhir/tools/StructureDefinition/resource-information",
        "valueString" : "StructureDefinition:extension"
      }],
      "reference" : {
        "reference" : "StructureDefinition/fr-medication-history-sources"
      },
      "name" : "FrMedicationHistorySources",
      "description" : "Sources des lignes du Bilan Médicamenteux que représente la ressource *Composition* ou de chacune de ses lignes que représente la ressource *MedicationStatement* référencée par l'élément *entry* de la ressource *Composition* (nombre de sources ET le type de source, défini codé avec, si possible, son auteur, défini ès qualités et, si possible, nominativement)",
      "exampleBoolean" : false
    },
    {
      "extension" : [{
        "url" : "http://hl7.org/fhir/tools/StructureDefinition/resource-information",
        "valueString" : "StructureDefinition:resource"
      }],
      "reference" : {
        "reference" : "StructureDefinition/fr-medication-reconciliation-composition"
      },
      "name" : "FrMedicationReconciliationComposition",
      "description" : "Profil de la ressource *Composition* représentant la Fiche de Conciliation des Traitements médicamenteux (FCT).",
      "exampleBoolean" : false
    },
    {
      "extension" : [{
        "url" : "http://hl7.org/fhir/tools/StructureDefinition/resource-information",
        "valueString" : "StructureDefinition:resource"
      }],
      "reference" : {
        "reference" : "StructureDefinition/fr-medication-reconciliation-statement"
      },
      "name" : "FrMedicationReconciliationMedicationStatement",
      "description" : "Profil de la ressource *MedicationStatement* référencée dans la ressource *Composition* de la Fiche de Conciliation des Traitements médicamenteux (FCT).",
      "exampleBoolean" : false
    },
    {
      "extension" : [{
        "url" : "http://hl7.org/fhir/tools/StructureDefinition/resource-information",
        "valueString" : "StructureDefinition:extension"
      }],
      "reference" : {
        "reference" : "StructureDefinition/fr-medicationstatement-reconciliation-properties"
      },
      "name" : "FrMedicationStatementReconciliationProperties",
      "description" : "Propiétés spécifiques de la ligne de médicament, ajoutée à la ressource MedicationStatement dans la Fiche de Conciliation des Traitements médicamenteux (FCT)",
      "exampleBoolean" : false
    },
    {
      "extension" : [{
        "url" : "http://hl7.org/fhir/tools/StructureDefinition/resource-information",
        "valueString" : "StructureDefinition:complex-type"
      }],
      "reference" : {
        "reference" : "StructureDefinition/fr-mp-substance-2-active"
      },
      "name" : "FrMPSubstance2Active",
      "description" : "code for the medicinal product substance",
      "exampleBoolean" : false
    },
    {
      "extension" : [{
        "url" : "http://hl7.org/fhir/tools/StructureDefinition/resource-information",
        "valueString" : "StructureDefinition:resource"
      }],
      "reference" : {
        "reference" : "StructureDefinition/fr-on-admission-medication-composition"
      },
      "name" : "FrOnAdmissionMedicationComposition",
      "description" : "Profil de la ressource *Composition* du traitement médicamenteux prescrit à l'admmission.",
      "exampleBoolean" : false
    },
    {
      "extension" : [{
        "url" : "http://hl7.org/fhir/tools/StructureDefinition/resource-information",
        "valueString" : "StructureDefinition:resource"
      }],
      "reference" : {
        "reference" : "StructureDefinition/fr-on-admission-retroactive-reconciliation-composition"
      },
      "name" : "FrOnAdmissionRetroactiveReconciliationComposition",
      "description" : "Profil de la ressource *Composition* de la Fiche de Conciliation des Traitements médicamenteux (FCT) rétroactive d'admission.",
      "exampleBoolean" : false
    },
    {
      "extension" : [{
        "url" : "http://hl7.org/fhir/tools/StructureDefinition/resource-information",
        "valueString" : "StructureDefinition:resource"
      }],
      "reference" : {
        "reference" : "StructureDefinition/fr-prescription-bundle-for-example"
      },
      "name" : "FrPrescriptionBunbleForExample",
      "description" : "Profil de la ressource Bundle pour la constitution d'exemples de prescription.",
      "exampleBoolean" : false
    },
    {
      "extension" : [{
        "url" : "http://hl7.org/fhir/tools/StructureDefinition/resource-information",
        "valueString" : "StructureDefinition:extension"
      }],
      "reference" : {
        "reference" : "StructureDefinition/fr-basis-of-dose-component"
      },
      "name" : "Medication component Basis of dose",
      "description" : "When the medication element of the resource in which a dose applies is compound, this extension references the Medication resource component of the medication element which is the Basis of the dose quantity or volume.",
      "exampleBoolean" : false
    },
    {
      "extension" : [{
        "url" : "http://hl7.org/fhir/tools/StructureDefinition/resource-information",
        "valueString" : "StructureDefinition:extension"
      }],
      "reference" : {
        "reference" : "StructureDefinition/fr-is-vehicle"
      },
      "name" : "Medication component which is the vehicle of the compound Medication",
      "description" : "Medication component which is the vehicle of the compound Medication",
      "exampleBoolean" : false
    },
    {
      "extension" : [{
        "url" : "http://hl7.org/fhir/tools/StructureDefinition/resource-information",
        "valueString" : "StructureDefinition:extension"
      }],
      "reference" : {
        "reference" : "StructureDefinition/fr-drug-characteristic"
      },
      "name" : "Medication descriptive properties",
      "description" : "Specifies descriptive properties of the medicine",
      "exampleBoolean" : false
    },
    {
      "extension" : [{
        "url" : "http://hl7.org/fhir/tools/StructureDefinition/resource-information",
        "valueString" : "ValueSet"
      }],
      "reference" : {
        "reference" : "ValueSet/medication-ingredient-strength-codes"
      },
      "name" : "MedicationIngredientStrengthCodes",
      "description" : "Medication Ingredient Strength Codes",
      "exampleBoolean" : false
    },
    {
      "extension" : [{
        "url" : "http://hl7.org/fhir/tools/StructureDefinition/resource-information",
        "valueString" : "StructureDefinition:extension"
      }],
      "reference" : {
        "reference" : "StructureDefinition/fr-treatment-intent"
      },
      "name" : "MedicationRequest overall treatment intent",
      "description" : "The overall intention of the treatment",
      "exampleBoolean" : false
    },
    {
      "extension" : [{
        "url" : "http://hl7.org/fhir/tools/StructureDefinition/resource-information",
        "valueString" : "CodeSystem"
      }],
      "reference" : {
        "reference" : "CodeSystem/medication-ingredient-strength-codes"
      },
      "name" : "Medication_Ingredient_Strength_Codes",
      "exampleBoolean" : false
    },
    {
      "extension" : [{
        "url" : "http://hl7.org/fhir/tools/StructureDefinition/resource-information",
        "valueString" : "StructureDefinition:resource"
      }],
      "reference" : {
        "reference" : "StructureDefinition/fr-observation-for-prescription"
      },
      "name" : "Observation for prescription",
      "description" : "Observation provided as context of the prescription (ex. weight, height...)",
      "exampleBoolean" : false
    },
    {
      "extension" : [{
        "url" : "http://hl7.org/fhir/tools/StructureDefinition/resource-information",
        "valueString" : "StructureDefinition:complex-type"
      }],
      "reference" : {
        "reference" : "StructureDefinition/FrRangeUcum"
      },
      "name" : "Range with UCUM quantity units",
      "description" : "Range with low and high unit UCUM encoded",
      "exampleBoolean" : false
    },
    {
      "extension" : [{
        "url" : "http://hl7.org/fhir/tools/StructureDefinition/resource-information",
        "valueString" : "StructureDefinition:complex-type"
      }],
      "reference" : {
        "reference" : "StructureDefinition/FrRatioUcum"
      },
      "name" : "Ratio with UCUM quantity units",
      "description" : "Ratio with numerator and denominator unit UCUM encoded",
      "exampleBoolean" : false
    },
    {
      "extension" : [{
        "url" : "http://hl7.org/fhir/tools/StructureDefinition/resource-information",
        "valueString" : "StructureDefinition:resource"
      }],
      "reference" : {
        "reference" : "StructureDefinition/fr-requestgroup-for-prescription"
      },
      "name" : "RequestGroup for prescription",
      "description" : "RequestGroup for expressing links between lines of a prescription",
      "exampleBoolean" : false
    },
    {
      "extension" : [{
        "url" : "http://hl7.org/fhir/tools/StructureDefinition/resource-information",
        "valueString" : "StructureDefinition:extension"
      }],
      "reference" : {
        "reference" : "StructureDefinition/fr-medicationrequest-note-scope"
      },
      "name" : "Scope for note element in MedicationRequest",
      "description" : "Scope of a note associated in a MedicationRequest resource",
      "exampleBoolean" : false
    },
    {
      "extension" : [{
        "url" : "http://hl7.org/fhir/tools/StructureDefinition/resource-information",
        "valueString" : "StructureDefinition:complex-type"
      }],
      "reference" : {
        "reference" : "StructureDefinition/FrSimpleQuantityUcum"
      },
      "name" : "SimpleQuantity with UCUM quantity unit",
      "description" : "simple quantity datatype requiring a UCUM unit",
      "exampleBoolean" : false
    },
    {
      "extension" : [{
        "url" : "http://hl7.org/fhir/tools/StructureDefinition/resource-information",
        "valueString" : "StructureDefinition:extension"
      }],
      "reference" : {
        "reference" : "StructureDefinition/fr-strength-codeableconcept"
      },
      "name" : "Strength CodeableConcept",
      "exampleBoolean" : false
    },
    {
      "extension" : [{
        "url" : "http://hl7.org/fhir/tools/StructureDefinition/resource-information",
        "valueString" : "StructureDefinition:extension"
      }],
      "reference" : {
        "reference" : "StructureDefinition/fr-uf-role"
      },
      "name" : "UF Role",
      "description" : "Caracterization of the role of a functionnal unit for the patient encounter",
      "exampleBoolean" : false
    },
    {
      "extension" : [{
        "url" : "http://hl7.org/fhir/tools/StructureDefinition/resource-information",
        "valueString" : "ValueSet"
      }],
      "reference" : {
        "reference" : "ValueSet/fr-additional-when-codes"
      },
      "name" : "value set Interop'Santé - Codes additionnels pour l'élément when",
      "description" : "Le jeu de valeurs à utiliser pour coder des périodes d'occurrence qui ne sont pas dans le jeu de valeurs http://hl7.org/fhir/ValueSet/event-timing.",
      "exampleBoolean" : false
    },
    {
      "extension" : [{
        "url" : "http://hl7.org/fhir/tools/StructureDefinition/resource-information",
        "valueString" : "ValueSet"
      }],
      "reference" : {
        "reference" : "ValueSet/fr-medication-code"
      },
      "name" : "value set Interop'Santé - Codes identifiant les médicaments",
      "description" : "Le jeu de valeurs à utiliser pour indiquer le médicament dans Medication.code.coding.code",
      "exampleBoolean" : false
    },
    {
      "extension" : [{
        "url" : "http://hl7.org/fhir/tools/StructureDefinition/resource-information",
        "valueString" : "ValueSet"
      }],
      "reference" : {
        "reference" : "ValueSet/fr-substance-code"
      },
      "name" : "value set Interop'Santé - Codes identifiant les substances",
      "description" : "Le jeu de valeurs à utiliser pour indiquer un ingrédient composant un médicament dans Medication.ingredient.itemCodeableConcept.coding.code",
      "exampleBoolean" : false
    },
    {
      "extension" : [{
        "url" : "http://hl7.org/fhir/tools/StructureDefinition/resource-information",
        "valueString" : "ValueSet"
      }],
      "reference" : {
        "reference" : "ValueSet/fr-note-scope-codes-vs"
      },
      "name" : "value set Interop'Santé - Codes pour le périmètre des notes",
      "description" : "Le jeu de valeurs à utiliser pour coder le périmètre des notes par exemple lors de la transformation de message PN13 en ressources FHIR",
      "exampleBoolean" : false
    },
    {
      "extension" : [{
        "url" : "http://hl7.org/fhir/tools/StructureDefinition/resource-information",
        "valueString" : "ValueSet"
      }],
      "reference" : {
        "reference" : "ValueSet/fr-medication-reconciliation-outcome"
      },
      "name" : "value set Interop'Santé - Gravité de l'erreur sur une ligne de traitement d'une FCT",
      "description" : "Le jeu de valeurs à utiliser pour coder la gravité de l'erreur sur une ligne de traitement d'une FCT (Fiche de Conciliation des Traitements médicamenteux).",
      "exampleBoolean" : false
    },
    {
      "extension" : [{
        "url" : "http://hl7.org/fhir/tools/StructureDefinition/resource-information",
        "valueString" : "ValueSet"
      }],
      "reference" : {
        "reference" : "ValueSet/fr-medication-reconciliation-qualified-discrepancy"
      },
      "name" : "value set Interop'Santé - qualification de la divergence identifiée sur une ligne de traitement d'une FCT",
      "description" : "Le jeu de valeurs à utiliser pour coder la qualification de la divergence identifiée sur une ligne de traitement d'une FCT (Fiche de Conciliation des Traitements médicamenteux).",
      "exampleBoolean" : false
    },
    {
      "extension" : [{
        "url" : "http://hl7.org/fhir/tools/StructureDefinition/resource-information",
        "valueString" : "ValueSet"
      }],
      "reference" : {
        "reference" : "ValueSet/fr-medication-reconciliation-resolution"
      },
      "name" : "value set Interop'Santé - Résolution d'une divergence sur une ligne de traitement d'une FCT",
      "description" : "Un jeu de valeurs à utiliser pour coder la résolution d'une divergence sur une ligne de traitement d'une FCT (Fiche de Conciliation des Traitements médicamenteux).",
      "exampleBoolean" : false
    },
    {
      "extension" : [{
        "url" : "http://hl7.org/fhir/tools/StructureDefinition/resource-information",
        "valueString" : "ValueSet"
      }],
      "reference" : {
        "reference" : "ValueSet/fr-medication-reconciliation-status"
      },
      "name" : "value set Interop'Santé - Statut d'une ligne de traitement d'une FCT",
      "description" : "Le jeu de valeurs à utiliser pour coder le statut d'une ligne de traitement d'une FCT (Fiche de Conciliation des Traitements médicamenteux).",
      "exampleBoolean" : false
    },
    {
      "extension" : [{
        "url" : "http://hl7.org/fhir/tools/StructureDefinition/resource-information",
        "valueString" : "ValueSet"
      }],
      "reference" : {
        "reference" : "ValueSet/fr-editorial-status"
      },
      "name" : "value set Interop'Santé - Statut éditorial d'une valeur",
      "description" : "Le jeu de valeurs à utiliser pour coder le statut éditorial d'une valeur.",
      "exampleBoolean" : false
    },
    {
      "extension" : [{
        "url" : "http://hl7.org/fhir/tools/StructureDefinition/resource-information",
        "valueString" : "ValueSet"
      }],
      "reference" : {
        "reference" : "ValueSet/fr-medication-reconciliation-type"
      },
      "name" : "value set Interop'Santé - Type d'écart/erreur sur une ligne de traitement d'une FCT",
      "description" : "Le jeu de valeurs à utiliser pour coder le type d'écart/erreur sur une ligne de traitement d'une FCT (Fiche de Conciliation des Traitements médicamenteux).",
      "exampleBoolean" : false
    },
    {
      "extension" : [{
        "url" : "http://hl7.org/fhir/tools/StructureDefinition/resource-information",
        "valueString" : "ValueSet"
      }],
      "reference" : {
        "reference" : "ValueSet/fr-current-medication-document-type"
      },
      "name" : "value set Interop'Santé - type de document de la ressource Composition d'une FCT",
      "description" : "Le jeu de valeurs à utiliser pour coder le type de document de la ressource *Composition* d'une liste des Traitements Médicamenteux Courants.",
      "exampleBoolean" : false
    },
    {
      "extension" : [{
        "url" : "http://hl7.org/fhir/tools/StructureDefinition/resource-information",
        "valueString" : "ValueSet"
      }],
      "reference" : {
        "reference" : "ValueSet/fr-medication-reconciliation-document-type"
      },
      "name" : "value set Interop'Santé - type de document de la ressource Composition d'une FCT",
      "description" : "Le jeu de valeurs à utiliser pour coder le type de document de la ressource *Composition* d'une FCT (Fiche de Conciliation des Traitements médicamenteux).",
      "exampleBoolean" : false
    },
    {
      "extension" : [{
        "url" : "http://hl7.org/fhir/tools/StructureDefinition/resource-information",
        "valueString" : "ValueSet"
      }],
      "reference" : {
        "reference" : "ValueSet/fr-uf-role-code-for-prescription"
      },
      "name" : "value set Interop'Santé - Types de rôle d’une UF par rapport à un séjour patient dans une prescription",
      "description" : "Le jeu de valeurs à utiliser dans l'extension pour indiquer le type d'UF référencée dans Medication.supportingInfo",
      "exampleBoolean" : false
    },
    {
      "extension" : [{
        "url" : "http://hl7.org/fhir/tools/StructureDefinition/resource-information",
        "valueString" : "ValueSet"
      }],
      "reference" : {
        "reference" : "ValueSet/fr-medication-history-source-type"
      },
      "name" : "value set SIPh - Nature des sources d'un Bilan Médicamenteux",
      "description" : "Un jeu de valeurs à utiliser pour coder les sources d'un Bilan Médicamenteux.",
      "exampleBoolean" : false
    }],
    "page" : {
      "extension" : [{
        "url" : "http://hl7.org/fhir/tools/StructureDefinition/ig-page-name",
        "valueUrl" : "toc.html"
      }],
      "nameUrl" : "toc.html",
      "title" : "Table of Contents",
      "generation" : "html",
      "page" : [{
        "extension" : [{
          "url" : "http://hl7.org/fhir/tools/StructureDefinition/ig-page-name",
          "valueUrl" : "index.html"
        }],
        "nameUrl" : "index.html",
        "title" : "Accueil",
        "generation" : "markdown"
      },
      {
        "extension" : [{
          "url" : "http://hl7.org/fhir/tools/StructureDefinition/ig-page-name",
          "valueUrl" : "conciliation-Intro.html"
        }],
        "nameUrl" : "conciliation-Intro.html",
        "title" : "La conciliation - Introduction",
        "generation" : "markdown"
      },
      {
        "extension" : [{
          "url" : "http://hl7.org/fhir/tools/StructureDefinition/ig-page-name",
          "valueUrl" : "conciliation-VueEnsemble.html"
        }],
        "nameUrl" : "conciliation-VueEnsemble.html",
        "title" : "La conciliation - Vue d'ensemble",
        "generation" : "markdown"
      },
      {
        "extension" : [{
          "url" : "http://hl7.org/fhir/tools/StructureDefinition/ig-page-name",
          "valueUrl" : "conciliation-CasUsage.html"
        }],
        "nameUrl" : "conciliation-CasUsage.html",
        "title" : "La conciliation - Cas d'usage",
        "generation" : "markdown"
      },
      {
        "extension" : [{
          "url" : "http://hl7.org/fhir/tools/StructureDefinition/ig-page-name",
          "valueUrl" : "conciliation-Ressources.html"
        }],
        "nameUrl" : "conciliation-Ressources.html",
        "title" : "La conciliation - Ressources",
        "generation" : "markdown"
      },
      {
        "extension" : [{
          "url" : "http://hl7.org/fhir/tools/StructureDefinition/ig-page-name",
          "valueUrl" : "conciliation-Implementation.html"
        }],
        "nameUrl" : "conciliation-Implementation.html",
        "title" : "La conciliation - Implémentation",
        "generation" : "markdown"
      },
      {
        "extension" : [{
          "url" : "http://hl7.org/fhir/tools/StructureDefinition/ig-page-name",
          "valueUrl" : "conciliation-Exemples.html"
        }],
        "nameUrl" : "conciliation-Exemples.html",
        "title" : "La conciliation - Exemples",
        "generation" : "markdown"
      },
      {
        "extension" : [{
          "url" : "http://hl7.org/fhir/tools/StructureDefinition/ig-page-name",
          "valueUrl" : "prescription-Intro.html"
        }],
        "nameUrl" : "prescription-Intro.html",
        "title" : "La prescription - Introduction",
        "generation" : "markdown"
      },
      {
        "extension" : [{
          "url" : "http://hl7.org/fhir/tools/StructureDefinition/ig-page-name",
          "valueUrl" : "prescription-VueEnsemble.html"
        }],
        "nameUrl" : "prescription-VueEnsemble.html",
        "title" : "La prescription - Vue d'ensemble",
        "generation" : "markdown"
      },
      {
        "extension" : [{
          "url" : "http://hl7.org/fhir/tools/StructureDefinition/ig-page-name",
          "valueUrl" : "prescription-CasUsage.html"
        }],
        "nameUrl" : "prescription-CasUsage.html",
        "title" : "La prescription - Cas d'usage",
        "generation" : "markdown"
      },
      {
        "extension" : [{
          "url" : "http://hl7.org/fhir/tools/StructureDefinition/ig-page-name",
          "valueUrl" : "prescription-Ressources.html"
        }],
        "nameUrl" : "prescription-Ressources.html",
        "title" : "La prescription - Ressources",
        "generation" : "markdown"
      },
      {
        "extension" : [{
          "url" : "http://hl7.org/fhir/tools/StructureDefinition/ig-page-name",
          "valueUrl" : "prescription-Implementation.html"
        }],
        "nameUrl" : "prescription-Implementation.html",
        "title" : "La prescription - Implémentation",
        "generation" : "markdown"
      },
      {
        "extension" : [{
          "url" : "http://hl7.org/fhir/tools/StructureDefinition/ig-page-name",
          "valueUrl" : "prescription-Exemples.html"
        }],
        "nameUrl" : "prescription-Exemples.html",
        "title" : "La prescription - Exemples",
        "generation" : "markdown"
      },
      {
        "extension" : [{
          "url" : "http://hl7.org/fhir/tools/StructureDefinition/ig-page-name",
          "valueUrl" : "prescription-EtudeComplementaire.html"
        }],
        "nameUrl" : "prescription-EtudeComplementaire.html",
        "title" : "La prescription - Etude complémentaire",
        "generation" : "markdown"
      },
      {
        "extension" : [{
          "url" : "http://hl7.org/fhir/tools/StructureDefinition/ig-page-name",
          "valueUrl" : "dispensation-Intro.html"
        }],
        "nameUrl" : "dispensation-Intro.html",
        "title" : "La dispensation - Introduction",
        "generation" : "markdown"
      },
      {
        "extension" : [{
          "url" : "http://hl7.org/fhir/tools/StructureDefinition/ig-page-name",
          "valueUrl" : "dispensation-RessourceMedicationDispense.html"
        }],
        "nameUrl" : "dispensation-RessourceMedicationDispense.html",
        "title" : "La dispensation - Ressource MedicationDispense",
        "generation" : "markdown"
      },
      {
        "extension" : [{
          "url" : "http://hl7.org/fhir/tools/StructureDefinition/ig-page-name",
          "valueUrl" : "dispensation-DelivrancePlusSimple.html"
        }],
        "nameUrl" : "dispensation-DelivrancePlusSimple.html",
        "title" : "La dispensation - La délivrance la plus simple",
        "generation" : "markdown"
      },
      {
        "extension" : [{
          "url" : "http://hl7.org/fhir/tools/StructureDefinition/ig-page-name",
          "valueUrl" : "dispensation-DispensationNominativeDelivranceReglobalisee.html"
        }],
        "nameUrl" : "dispensation-DispensationNominativeDelivranceReglobalisee.html",
        "title" : "La dispensation - La dispensation nominative à délivrance reglobalisée",
        "generation" : "markdown"
      },
      {
        "extension" : [{
          "url" : "http://hl7.org/fhir/tools/StructureDefinition/ig-page-name",
          "valueUrl" : "dispensation-Discussion.html"
        }],
        "nameUrl" : "dispensation-Discussion.html",
        "title" : "La disensation - Discussion",
        "generation" : "markdown"
      },
      {
        "extension" : [{
          "url" : "http://hl7.org/fhir/tools/StructureDefinition/ig-page-name",
          "valueUrl" : "transformationPN13-FHIR-Intro.html"
        }],
        "nameUrl" : "transformationPN13-FHIR-Intro.html",
        "title" : "Transformation de PN13 en FHIR",
        "generation" : "markdown"
      },
      {
        "extension" : [{
          "url" : "http://hl7.org/fhir/tools/StructureDefinition/ig-page-name",
          "valueUrl" : "transformation-PN13-vers-FHIR.html"
        }],
        "nameUrl" : "transformation-PN13-vers-FHIR.html",
        "title" : "Transformation de PN13 vers FHIR",
        "generation" : "markdown"
      },
      {
        "extension" : [{
          "url" : "http://hl7.org/fhir/tools/StructureDefinition/ig-page-name",
          "valueUrl" : "transformation-FHIR-vers-PN13.html"
        }],
        "nameUrl" : "transformation-FHIR-vers-PN13.html",
        "title" : "Transformation de FHIR vers PN13",
        "generation" : "markdown"
      },
      {
        "extension" : [{
          "url" : "http://hl7.org/fhir/tools/StructureDefinition/ig-page-name",
          "valueUrl" : "PN13-exemples-intro.html"
        }],
        "nameUrl" : "PN13-exemples-intro.html",
        "title" : "Exemples PN13 - Introduction",
        "generation" : "markdown"
      },
      {
        "extension" : [{
          "url" : "http://hl7.org/fhir/tools/StructureDefinition/ig-page-name",
          "valueUrl" : "PN13-prescription-DC.html"
        }],
        "nameUrl" : "PN13-prescription-DC.html",
        "title" : "Prescription PN13 médicament simple en DC",
        "generation" : "markdown"
      },
      {
        "extension" : [{
          "url" : "http://hl7.org/fhir/tools/StructureDefinition/ig-page-name",
          "valueUrl" : "PN13-prescription-specialite.html"
        }],
        "nameUrl" : "PN13-prescription-specialite.html",
        "title" : "Prescription PN13 médicament simple en spécialité",
        "generation" : "markdown"
      },
      {
        "extension" : [{
          "url" : "http://hl7.org/fhir/tools/StructureDefinition/ig-page-name",
          "valueUrl" : "PN13-prescription-compound.html"
        }],
        "nameUrl" : "PN13-prescription-compound.html",
        "title" : "Prescription PN13 médicament composite",
        "generation" : "markdown"
      },
      {
        "extension" : [{
          "url" : "http://hl7.org/fhir/tools/StructureDefinition/ig-page-name",
          "valueUrl" : "PN13-prescription-MV.html"
        }],
        "nameUrl" : "PN13-prescription-MV.html",
        "title" : "Prescritpion PN13 médicament virtuel",
        "generation" : "markdown"
      },
      {
        "extension" : [{
          "url" : "http://hl7.org/fhir/tools/StructureDefinition/ig-page-name",
          "valueUrl" : "downloads.html"
        }],
        "nameUrl" : "downloads.html",
        "title" : "Téléchargements et usages",
        "generation" : "markdown"
      },
      {
        "extension" : [{
          "url" : "http://hl7.org/fhir/tools/StructureDefinition/ig-page-name",
          "valueUrl" : "suivitravaux.html"
        }],
        "nameUrl" : "suivitravaux.html",
        "title" : "Historique des travaux",
        "generation" : "markdown"
      }]
    },
    "parameter" : [{
      "code" : "path-resource",
      "value" : "input/capabilities"
    },
    {
      "code" : "path-resource",
      "value" : "input/examples"
    },
    {
      "code" : "path-resource",
      "value" : "input/extensions"
    },
    {
      "code" : "path-resource",
      "value" : "input/models"
    },
    {
      "code" : "path-resource",
      "value" : "input/operations"
    },
    {
      "code" : "path-resource",
      "value" : "input/profiles"
    },
    {
      "code" : "path-resource",
      "value" : "input/resources"
    },
    {
      "code" : "path-resource",
      "value" : "input/vocabulary"
    },
    {
      "code" : "path-resource",
      "value" : "input/maps"
    },
    {
      "code" : "path-resource",
      "value" : "input/testing"
    },
    {
      "code" : "path-resource",
      "value" : "input/history"
    },
    {
      "code" : "path-resource",
      "value" : "fsh-generated/resources"
    },
    {
      "code" : "path-pages",
      "value" : "template/config"
    },
    {
      "code" : "path-pages",
      "value" : "input/images"
    },
    {
      "code" : "path-tx-cache",
      "value" : "input-cache/txcache"
    }]
  }
}