{
  "resourceType" : "ValueSet",
  "id" : "fr-mp-unit-of-presentation",
  "meta" : {
    "profile" : ["http://hl7.org/fhir/StructureDefinition/shareablevalueset"]
  },
  "text" : {
    "status" : "generated",
    "div" : "<div xmlns=\"http://www.w3.org/1999/xhtml\"><p class=\"res-header-id\"><b>Generated Narrative: ValueSet fr-mp-unit-of-presentation</b></p><a name=\"fr-mp-unit-of-presentation\"> </a><a name=\"hcfr-mp-unit-of-presentation\"> </a><a name=\"fr-mp-unit-of-presentation-en-US\"> </a><ul><li>Include codes from<a href=\"http://www.snomed.org/\"><code>http://snomed.info/sct</code></a> where constraint  = (&lt; 763158003 |Medicinal product (product)|) . 763032000 |Has unit of presentation (attribute)|</li></ul></div>"
  },
  "url" : "https://hl7.fr/fhir/fr/medication/ValueSet/fr-mp-unit-of-presentation",
  "version" : "0.1.0",
  "name" : "FrMpUnitOfPresentation",
  "title" : "French Medicinal product Unit of Presentation",
  "status" : "draft",
  "experimental" : false,
  "date" : "2025-02-05T14:51:15+00:00",
  "publisher" : "Interop'Santé",
  "contact" : [{
    "name" : "Interop'Santé",
    "telecom" : [{
      "system" : "url",
      "value" : "http://interopsante.org/"
    }]
  }],
  "description" : "Le jeu de valeurs à utiliser pour coder l'unité de présentation de la dose.",
  "immutable" : false,
  "compose" : {
    "include" : [{
      "system" : "http://snomed.info/sct",
      "filter" : [{
        "property" : "constraint",
        "op" : "=",
        "value" : "(< 763158003 |Medicinal product (product)|) . 763032000 |Has unit of presentation (attribute)|"
      }]
    }]
  }
}