{
  "resourceType" : "MedicationRequest",
  "id" : "14631",
  "meta" : {
    "profile" : ["https://hl7.fr/fhir/fr/medication/StructureDefinition/fr-inpatient-medicationrequest"]
  },
  "text" : {
    "status" : "generated",
    "div" : "<div xmlns=\"http://www.w3.org/1999/xhtml\"><p class=\"res-header-id\"><b>Generated Narrative: MedicationRequest 14631</b></p><a name=\"14631\"> </a><a name=\"hc14631\"> </a><a name=\"14631-en-US\"> </a><div style=\"display: inline-block; background-color: #d9e0e7; padding: 6px; margin: 4px; border: 1px solid #8da1b4; border-radius: 5px; line-height: 60%\"><p style=\"margin-bottom: 0px\"/><p style=\"margin-bottom: 0px\">Profile: <a href=\"StructureDefinition-fr-inpatient-medicationrequest.html\">French Inpatient MedicationRequest</a></p></div><p><b>status</b>: Active</p><p><b>intent</b>: Order</p><p><b>medication</b>: <a href=\"#hc14631/med-161\">Medication médicament contenant seulement glucose et chlorure de potassium et chlorure de sodium</a></p><p><b>subject</b>: <a href=\"Patient/14602\">Patient/14602</a></p><p><b>authoredOn</b>: 2021-07-30 11:42:16+0000</p><p><b>requester</b>: <a href=\"Practitioner/smart-Practitioner-71482713\">Practitioner/smart-Practitioner-71482713</a></p><blockquote><p><b>dosageInstruction</b></p><p><b>sequence</b>: 1</p><p><b>timing</b>: Once</p><p><b>route</b>: <span title=\"Codes:{http://snomed.info/sct 47625008}\">Voie intraveineuse</span></p><h3>DoseAndRates</h3><table class=\"grid\"><tr><td style=\"display: none\">-</td><td><b>Type</b></td><td><b>Rate[x]</b></td></tr><tr><td style=\"display: none\">*</td><td><span title=\"Codes:{http://terminology.hl7.org/CodeSystem/dose-rate-type ordered}\">Ordered</span></td><td>1 1<span style=\"background: LightGoldenRodYellow\"> (Details: UCUM  code1 = '1')</span>/12 h<span style=\"background: LightGoldenRodYellow\"> (Details: UCUM  codeh = 'h')</span></td></tr></table></blockquote><hr/><blockquote><p class=\"res-header-id\"><b>Generated Narrative: Medication #med-161</b></p><a name=\"14631/med-161\"> </a><a name=\"hc14631/med-161\"> </a><a name=\"14631/med-161-en-US\"> </a><div style=\"display: inline-block; background-color: #d9e0e7; padding: 6px; margin: 4px; border: 1px solid #8da1b4; border-radius: 5px; line-height: 60%\"><p style=\"margin-bottom: 0px\"/><p style=\"margin-bottom: 0px\">Profile: <a href=\"StructureDefinition-fr-medication-nonproprietary-name.html\">French non proprietary name Medication</a></p></div><p><b>code</b>: <span title=\"Codes:{http://unitsofmeasure.org 776123006}\">GLUCOSE + SODIUM CHLORURE + POTASSIUM CHLORURE</span></p><p><b>form</b>: <span title=\"Codes:{http://snomed.info/sct 385229008}\">solution pour perfusion</span></p><p><b>amount</b>: 500 mL<span style=\"background: LightGoldenRodYellow\"> (Details: UCUM  codemL = 'mL')</span>/1 1<span style=\"background: LightGoldenRodYellow\"> (Details: UCUM  code1 = '1')</span></p><blockquote><p><b>ingredient</b></p><p><b>item</b>: <span title=\"Codes:{http://snomed.info/sct 67079006}\">GLUCOSE</span></p><p><b>isActive</b>: true</p><p><b>strength</b>: 50 mg<span style=\"background: LightGoldenRodYellow\"> (Details: UCUM  codemg = 'mg')</span>/ mL<span style=\"background: LightGoldenRodYellow\"> (Details: UCUM  codemL = 'mL')</span></p></blockquote><blockquote><p><b>ingredient</b></p><p><b>item</b>: <span title=\"Codes:{http://snomed.info/sct 387390002}\">SODIUM CHLORURE</span></p><p><b>isActive</b>: true</p><p><b>strength</b>: 2 g<span style=\"background: LightGoldenRodYellow\"> (Details: UCUM  codeg = 'g')</span>/1 1<span style=\"background: LightGoldenRodYellow\"> (Details: UCUM  code1 = '1')</span></p></blockquote><blockquote><p><b>ingredient</b></p><p><b>item</b>: <span title=\"Codes:{http://snomed.info/sct 8631001}\">POTASSIUM CHLORURE</span></p><p><b>isActive</b>: true</p><p><b>strength</b>: 1 g<span style=\"background: LightGoldenRodYellow\"> (Details: UCUM  codeg = 'g')</span>/1 1<span style=\"background: LightGoldenRodYellow\"> (Details: UCUM  code1 = '1')</span></p></blockquote></blockquote></div>"
  },
  "contained" : [{
    "resourceType" : "Medication",
    "id" : "med-161",
    "meta" : {
      "profile" : ["https://hl7.fr/fhir/fr/medication/StructureDefinition/fr-medication-nonproprietary-name"]
    },
    "code" : {
      "coding" : [{
        "system" : "http://unitsofmeasure.org",
        "code" : "776123006",
        "display" : "médicament contenant seulement glucose et chlorure de potassium et chlorure de sodium"
      }],
      "text" : "GLUCOSE + SODIUM CHLORURE + POTASSIUM CHLORURE"
    },
    "form" : {
      "coding" : [{
        "system" : "http://snomed.info/sct",
        "code" : "385229008",
        "display" : "solution pour perfusion"
      }],
      "text" : "solution pour perfusion"
    },
    "amount" : {
      "numerator" : {
        "value" : 500,
        "unit" : "mL",
        "system" : "http://unitsofmeasure.org",
        "code" : "mL"
      },
      "denominator" : {
        "value" : 1,
        "system" : "http://unitsofmeasure.org",
        "code" : "1"
      }
    },
    "ingredient" : [{
      "itemCodeableConcept" : {
        "coding" : [{
          "system" : "http://snomed.info/sct",
          "code" : "67079006",
          "display" : "glucose"
        }],
        "text" : "GLUCOSE"
      },
      "isActive" : true,
      "strength" : {
        "numerator" : {
          "value" : 50,
          "unit" : "mg",
          "system" : "http://unitsofmeasure.org",
          "code" : "mg"
        },
        "denominator" : {
          "unit" : "mL",
          "system" : "http://unitsofmeasure.org",
          "code" : "mL"
        }
      }
    },
    {
      "itemCodeableConcept" : {
        "coding" : [{
          "system" : "http://snomed.info/sct",
          "code" : "387390002",
          "display" : "clhorure de sodium"
        }],
        "text" : "SODIUM CHLORURE"
      },
      "isActive" : true,
      "strength" : {
        "numerator" : {
          "value" : 2,
          "unit" : "g",
          "system" : "http://unitsofmeasure.org",
          "code" : "g"
        },
        "denominator" : {
          "value" : 1,
          "system" : "http://unitsofmeasure.org",
          "code" : "1"
        }
      }
    },
    {
      "itemCodeableConcept" : {
        "coding" : [{
          "system" : "http://snomed.info/sct",
          "code" : "8631001",
          "display" : "chlorure de potassium"
        }],
        "text" : "POTASSIUM CHLORURE"
      },
      "isActive" : true,
      "strength" : {
        "numerator" : {
          "value" : 1,
          "unit" : "g",
          "system" : "http://unitsofmeasure.org",
          "code" : "g"
        },
        "denominator" : {
          "value" : 1,
          "system" : "http://unitsofmeasure.org",
          "code" : "1"
        }
      }
    }]
  }],
  "status" : "active",
  "intent" : "order",
  "medicationReference" : {
    "reference" : "#med-161"
  },
  "subject" : {
    "reference" : "Patient/14602"
  },
  "authoredOn" : "2021-07-30T11:42:16.592Z",
  "requester" : {
    "reference" : "Practitioner/smart-Practitioner-71482713"
  },
  "dosageInstruction" : [{
    "sequence" : 1,
    "timing" : {
      "repeat" : {
        "boundsPeriod" : {
          "start" : "2021-07-30T11:42:00Z",
          "end" : "2021-08-04T11:41:59Z"
        },
        "timeOfDay" : ["10:00:00",
        "22:00:00"]
      }
    },
    "route" : {
      "coding" : [{
        "system" : "http://snomed.info/sct",
        "code" : "47625008",
        "display" : "Voie intraveineuse"
      }],
      "text" : "Voie intraveineuse"
    },
    "doseAndRate" : [{
      "type" : {
        "coding" : [{
          "system" : "http://terminology.hl7.org/CodeSystem/dose-rate-type",
          "code" : "ordered",
          "display" : "Ordered"
        }],
        "text" : "Ordered"
      },
      "rateRatio" : {
        "numerator" : {
          "value" : 1,
          "system" : "http://unitsofmeasure.org",
          "code" : "1"
        },
        "denominator" : {
          "value" : 12,
          "unit" : "h",
          "system" : "http://unitsofmeasure.org",
          "code" : "h"
        }
      }
    }]
  }]
}