URL,Version,Status,OIDs,Name,Title,Descriptino,Uses,Used,Sources
http://hl7.org/fhir/ValueSet/medication-ingredientstrength,0.1.0,draft,"2.16.840.1.113883.4.642.3.1426",MedicationIngredientStrengthCodes,,"Medication Ingredient Strength Codes","StructureDefinition/fr-strength-codeableconcept","Internal"
http://hl7.org/fhir/ValueSet/medicationknowledge-characteristic,4.0.1,draft,"2.16.840.1.113883.4.642.3.1337",medicationKnowledge Characteristic Codes,Medication knowledge  characteristic  codes,"MedicationKnowledge Characteristic Codes","StructureDefinition/fr-drug-characteristic","THO"
https://hl7.fr/ig/fhir/medication/ValueSet/FrMethodOfAdministration,0.1.0,draft,,FrMethodOfAdministration,French Method Of Administration,"Le jeu de valeurs à utiliser pour coder l'élément *dosageInstruction.method* de la ressource *FRMedicationRequest*.","StructureDefinition/fr-medicationrequest,StructureDefinition/fr-inpatient-medicationrequest","Other"
https://hl7.fr/ig/fhir/medication/ValueSet/fr-additional-action-relationship-type-value-set,0.1.0,draft,,FrAdditionalRequestGroupRelationshipValueSet,Interop'Santé value set - Additional codes for relationship between action,"Codes to specify relationship between action in a RequestGroup that are not in the valueSet http://hl7.org/fhir/ValueSet/action-relationship-type.","StructureDefinition/fr-additional-action-relationship","Internal"
https://hl7.fr/ig/fhir/medication/ValueSet/fr-additional-when-codes,0.1.0,draft,,FrAdditionalWhenCodes,value set Interop'Santé - Codes additionnels pour l'élément when,"Le jeu de valeurs à utiliser pour coder des périodes d'occurrence qui ne sont pas dans le jeu de valeurs http://hl7.org/fhir/ValueSet/event-timing.","StructureDefinition/fr-additional-when-values","Internal"
https://hl7.fr/ig/fhir/medication/ValueSet/fr-current-medication-document-type,0.1.0,draft,,FrCurrentMedicationDocumentType,value set Interop'Santé - type de document de la ressource Composition d'une FCT,"Le jeu de valeurs à utiliser pour coder le type de document de la ressource *Composition* d'une liste des Traitements Médicamenteux Courants.","StructureDefinition/fr-current-medication-composition","Internal"
https://hl7.fr/ig/fhir/medication/ValueSet/fr-editorial-status,0.1.0,draft,,FrEditorialStatus,value set Interop'Santé - Statut éditorial d'une valeur,"Le jeu de valeurs à utiliser pour coder le statut éditorial d'une valeur.","StructureDefinition/fr-medicationstatement-reconciliation-properties","Internal"
https://hl7.fr/ig/fhir/medication/ValueSet/fr-medication-code,0.1.0,draft,,FRMedicationCodes,value set Interop'Santé - Codes identifiant les médicaments,"Le jeu de valeurs à utiliser pour indiquer le médicament dans Medication.code.coding.code","StructureDefinition/fr-medication-noncompound,StructureDefinition/fr-medicationrequest,StructureDefinition/fr-inpatient-medicationrequest","Other"
https://hl7.fr/ig/fhir/medication/ValueSet/fr-medication-history-source-type,0.1.0,draft,,FRMedicationHistorySourceType,value set SIPh - Nature des sources d'un Bilan Médicamenteux,"Un jeu de valeurs à utiliser pour coder les sources d'un Bilan Médicamenteux.","StructureDefinition/fr-medication-history-sources","Internal"
https://hl7.fr/ig/fhir/medication/ValueSet/fr-medication-reconciliation-document-type,0.1.0,draft,,FRMedicationReconciliationDocumentType,value set Interop'Santé - type de document de la ressource Composition d'une FCT,"Le jeu de valeurs à utiliser pour coder le type de document de la ressource *Composition* d'une FCT (Fiche de Conciliation des Traitements médicamenteux).","StructureDefinition/fr-medication-reconciliation-composition","Internal"
https://hl7.fr/ig/fhir/medication/ValueSet/fr-medication-reconciliation-outcome,0.1.0,draft,,FRMedicationReconciliationOutcome,value set Interop'Santé - Gravité de l'erreur sur une ligne de traitement d'une FCT,"Le jeu de valeurs à utiliser pour coder la gravité de l'erreur sur une ligne de traitement d'une FCT (Fiche de Conciliation des Traitements médicamenteux).","StructureDefinition/fr-medicationstatement-reconciliation-properties","Internal"
https://hl7.fr/ig/fhir/medication/ValueSet/fr-medication-reconciliation-qualified-discrepancy,0.1.0,draft,,FRMedicationReconciliationQualifiedDiscrepancy,value set Interop'Santé - qualification de la divergence identifiée sur une ligne de traitement d'une FCT,"Le jeu de valeurs à utiliser pour coder la qualification de la divergence identifiée sur une ligne de traitement d'une FCT (Fiche de Conciliation des Traitements médicamenteux).","StructureDefinition/fr-medicationstatement-reconciliation-properties","Internal"
https://hl7.fr/ig/fhir/medication/ValueSet/fr-medication-reconciliation-resolution,0.1.0,draft,,FRMedicationReconciliationResolution,value set Interop'Santé - Résolution d'une divergence sur une ligne de traitement d'une FCT,"Un jeu de valeurs à utiliser pour coder la résolution d'une divergence sur une ligne de traitement d'une FCT (Fiche de Conciliation des Traitements médicamenteux).","StructureDefinition/fr-medicationstatement-reconciliation-properties","Internal"
https://hl7.fr/ig/fhir/medication/ValueSet/fr-medication-reconciliation-status,0.1.0,draft,,FRMedicationReconciliationStatus,value set Interop'Santé - Statut d'une ligne de traitement d'une FCT,"Le jeu de valeurs à utiliser pour coder le statut d'une ligne de traitement d'une FCT (Fiche de Conciliation des Traitements médicamenteux).","StructureDefinition/fr-medicationstatement-reconciliation-properties","Internal"
https://hl7.fr/ig/fhir/medication/ValueSet/fr-medication-reconciliation-type,0.1.0,draft,,FRMedicationReconciliationType,value set Interop'Santé - Type d'écart/erreur sur une ligne de traitement d'une FCT,"Le jeu de valeurs à utiliser pour coder le type d'écart/erreur sur une ligne de traitement d'une FCT (Fiche de Conciliation des Traitements médicamenteux).","StructureDefinition/fr-medicationstatement-reconciliation-properties","Internal"
https://hl7.fr/ig/fhir/medication/ValueSet/fr-mp-dose-form,0.1.0,draft,,FrMpDoseForm,French Medicinal product Dose form,"Le jeu de valeurs à utiliser pour coder l'élément *doseForm* des ressources *FRMedicationUcd*, *FRMedicationUcdPart* ou *FRMedicationNonProprietaryName*.","StructureDefinition/fr-medication-compound,StructureDefinition/fr-medication-virtual,StructureDefinition/fr-medication-noncompound","Other"
https://hl7.fr/ig/fhir/medication/ValueSet/fr-note-scope-codes-vs,0.1.0,draft,,FrNoteScopeCodeValueSet,value set Interop'Santé - Codes pour le périmètre des notes,"Le jeu de valeurs à utiliser pour coder le périmètre des notes par exemple lors de la transformation de message PN13 en ressources FHIR","StructureDefinition/fr-medicationrequest-note-scope","Internal"
https://hl7.fr/ig/fhir/medication/ValueSet/fr-route-of-administration,0.1.0,draft,,FrRouteOfAdministration,French Route of Administration,"Le jeu de valeurs à utiliser pour coder l'élément *dosageInstruction.route* de la ressource *FRMedicationRequest*.","StructureDefinition/fr-medicationrequest,StructureDefinition/fr-inpatient-medicationrequest","Other"
https://hl7.fr/ig/fhir/medication/ValueSet/fr-substance-code,0.1.0,draft,,FrSubstanceCode,value set Interop'Santé - Codes identifiant les substances,"Le jeu de valeurs à utiliser pour indiquer un ingrédient composant un médicament dans Medication.ingredient.itemCodeableConcept.coding.code","StructureDefinition/fr-mp-substance","Other"
https://hl7.fr/ig/fhir/medication/ValueSet/fr-treatment-intent,0.1.0,draft,,FrTreatmentIntent,French overall intention of the treatment,"Le jeu de valeurs à utiliser pour coder l'élément *treatmentIntent* de la ressource *FRInpatientMedicationRequest*.","StructureDefinition/fr-treatment-intent","SCT"
https://hl7.fr/ig/fhir/medication/ValueSet/fr-uf-role-code-for-prescription,0.1.0,draft,,FrUfRoleCodesForPrescriptionValueSet,value set Interop'Santé - Types de rôle d’une UF par rapport à un séjour patient dans une prescription,"Le jeu de valeurs à utiliser dans l'extension pour indiquer le type d'UF référencée dans Medication.supportingInfo","StructureDefinition/fr-uf-role","Internal"
