URL,Version,Status,OIDs,Name,Title,Description,Used
http://hl7.org/fhir/CodeSystem/medication-ingredientstrength,0.1.0,draft,"2.16.840.1.113883.4.642.1.1427",Medication_Ingredient_Strength_Codes,,"",
https://hl7.fr/fhir/fr/medication/CodeSystem/fr-additional-when-codes,0.1.0,draft,,FrAdditionalWhenCodes,code system Interop'Santé - Codes additionnels pour l'élément when,"Le système de codage pour des périodes d'occurrence qui ne sont pas définies dans FHIR.",
https://hl7.fr/fhir/fr/medication/CodeSystem/fr-document-type,0.1.0,draft,,FrDocumentType,code system Interop'Santé - Type de document d'une ressource Composition du domaine Pharmacy,"Le système de codage SIPh du type de document d'une ressource *Composition* du domaine Pharmacy",
https://hl7.fr/fhir/fr/medication/CodeSystem/fr-editorial-status,0.1.0,draft,,FrEditorialStatus,code system Interop'Santé - Statut éditorial d'une valeur,"Le système de codage du statut éditorial d'une valeur.",
https://hl7.fr/fhir/fr/medication/CodeSystem/fr-medication-history-source-type,0.1.0,draft,,FrMedicationHistorySourceType,code system Interop'Santé - Nature des sources d'un Bilan Médicamenteux,"Le système de codage des sources d'un Bilan Médicamenteux.",
https://hl7.fr/fhir/fr/medication/CodeSystem/fr-medication-reconciliation-discrepancy,0.1.0,draft,,FrMedicationReconciliationDiscrepancy,code system Interop'Santé - divergence identifiée sur une ligne de traitement d'une FCT,"Le système de codage de la divergence identifiée sur une ligne de traitement d'une FCT (Fiche de Conciliation des Traitements médicamenteux).",
https://hl7.fr/fhir/fr/medication/CodeSystem/fr-medication-reconciliation-outcome,0.1.0,draft,,FrMedicationReconciliationOutcome,code system Interop'Santé - Gravité de l'erreur sur une ligne de traitement d'une FCT,"Le système de codage de la gravité de l'erreur sur une ligne de traitement d'une FCT (Fiche de Conciliation des Traitements médicamenteux).",
https://hl7.fr/fhir/fr/medication/CodeSystem/fr-medication-reconciliation-resolution,0.1.0,draft,,FrMedicationReconciliationResolution,code system Interop'Santé - Résolution d'une divergence sur une ligne de traitement d'une FCT,"Le système de codage de la résolution d'une divergence sur une ligne de traitement d'une FCT (Fiche de Conciliation des Traitements médicamenteux).",
https://hl7.fr/fhir/fr/medication/CodeSystem/fr-medication-reconciliation-status,0.1.0,draft,,FrMedicationReconciliationStatus,code system Interop'Santé - Statut d'une ligne de traitement d'une FCT,"Le système de codage du statut d'une ligne de traitement d'une FCT (Fiche de Conciliation des Traitements médicamenteux).",
https://hl7.fr/fhir/fr/medication/CodeSystem/fr-medication-reconciliation-type,0.1.0,draft,,FrMedicationReconciliationType,code system Interop'Santé - Type d'écart/erreur sur une ligne de traitement d'une FCT,"Le système de codage du type d'écart/erreur sur une ligne de traitement d'une FCT (Fiche de Conciliation des Traitements médicamenteux).",
https://hl7.fr/fhir/fr/medication/CodeSystem/fr-note-scope-codes,0.1.0,draft,,FrNoteScopeCodes,code system Interop'Santé - Codes pour le périmètre des notes,"Le système de codage pour la qualification du périmètre des notes en FHIR.",
https://hl7.fr/fhir/fr/medication/CodeSystem/fr-uf-role-codes,0.1.0,draft,,FrUFRoleCodes,code system Interop'Santé - Codes pour typer le rôle des UF par rapport à un séjour patient,"Le système de codage pour les types de rôle qu'une UF peut avoir par rapport à un séjour patient.",
