{
  "resourceType" : "Bundle",
  "id" : "HAS-05-1-Presc-Fluindione",
  "meta" : {
    "profile" : ["https://hl7.fr/ig/fhir/medication/StructureDefinition/fr-prescription-bundle-for-example"]
  },
  "type" : "searchset",
  "entry" : [{
    "resource" : {
      "resourceType" : "MedicationRequest",
      "id" : "medicationrequest-HAS-5-1-Presc-Fluindione",
      "meta" : {
        "profile" : ["https://hl7.fr/ig/fhir/medication/StructureDefinition/fr-inpatient-medicationrequest",
        "https://hl7.fr/fhir/fr/medication/StructureDefinition/fr-inpatient-medicationrequest"]
      },
      "text" : {
        "status" : "extensions",
        "div" : "<div xmlns=\"http://www.w3.org/1999/xhtml\"><a name=\"MedicationRequest_medicationrequest-HAS-5-1-Presc-Fluindione\"> </a><p class=\"res-header-id\"><b>Narratif généré : PrescriptionMédicamenteuseTODO medicationrequest-HAS-5-1-Presc-Fluindione</b></p><a name=\"medicationrequest-HAS-5-1-Presc-Fluindione\"> </a><a name=\"hcmedicationrequest-HAS-5-1-Presc-Fluindione\"> </a><div style=\"display: inline-block; background-color: #d9e0e7; padding: 6px; margin: 4px; border: 1px solid #8da1b4; border-radius: 5px; line-height: 60%\"><p style=\"margin-bottom: 0px\"/><p style=\"margin-bottom: 0px\">Profils: <a href=\"StructureDefinition-fr-inpatient-medicationrequest.html\">FR Inpatient MedicationRequest</a>, <code>https://hl7.fr/fhir/fr/medication/StructureDefinition/fr-inpatient-medicationrequest</code></p></div><p><b>Extension Definition for MedicationRequest.renderedDosageInstruction for Version 5.0</b>: </p><div><p>3/4 cpr par jour (trois-quart de comprimé)</p>\n</div><p><b>status</b>: Active</p><p><b>intent</b>: Order</p><p><b>priority</b>: Routine</p><p><b>medication</b>: <span title=\"Codes:{http://BogusSystemMedicabase.com MV00001070}\">FLUINDIONE 20 mg comprimé quadrisécable</span></p><p><b>subject</b>: <a href=\"Patient/14602\">Patient/14602</a></p><p><b>requester</b>: <a href=\"Practitioner/smart-Practitioner-71482713\">Practitioner/smart-Practitioner-71482713</a></p><p><b>note</b>: </p><blockquote><div><p>Prescription textuelle: FLUINDIONE 20 mg comprimé quadrisécable : 3/4 cpr par jour (trois-quart de comprimé)</p>\n</div></blockquote><blockquote><p><b>dosageInstruction</b></p><p><b>text</b>: 3/4 cpr par jour (trois-quart de comprimé)</p><p><b>timing</b>: Once per 1 day</p><h3>DoseAndRates</h3><table class=\"grid\"><tr><td style=\"display: none\">-</td><td><b>Dose[x]</b></td></tr><tr><td style=\"display: none\">*</td><td>0.75 Comprimé<span style=\"background: LightGoldenRodYellow\"> (Details: standardterms.edqm.eu  code15054000 = 'Tablet')</span></td></tr></table></blockquote></div>"
      },
      "extension" : [{
        "url" : "http://hl7.org/fhir/5.0/StructureDefinition/extension-MedicationRequest.renderedDosageInstruction",
        "valueMarkdown" : "3/4 cpr par jour (trois-quart de comprimé)"
      }],
      "status" : "active",
      "intent" : "order",
      "priority" : "routine",
      "medicationCodeableConcept" : {
        "coding" : [{
          "system" : "http://BogusSystemMedicabase.com",
          "code" : "MV00001070",
          "display" : "FLUINDIONE 20 mg comprimé quadrisécable"
        }]
      },
      "subject" : {
        "reference" : "Patient/14602"
      },
      "requester" : {
        "reference" : "Practitioner/smart-Practitioner-71482713"
      },
      "note" : [{
        "text" : "Prescription textuelle: FLUINDIONE 20 mg comprimé quadrisécable : 3/4 cpr par jour (trois-quart de comprimé)"
      }],
      "dosageInstruction" : [{
        "text" : "3/4 cpr par jour (trois-quart de comprimé)",
        "timing" : {
          "repeat" : {
            "frequency" : 1,
            "period" : 1,
            "periodUnit" : "d"
          }
        },
        "doseAndRate" : [{
          "doseQuantity" : {
            "value" : 0.75,
            "unit" : "Comprimé",
            "system" : "http://standardterms.edqm.eu",
            "code" : "15054000"
          }
        }]
      }]
    }
  }]
}