{"resourceType":"ValueSet","id":"fr-mp-dose-form","meta":{"profile":["http://hl7.org/fhir/StructureDefinition/shareablevalueset"]},"text":{"status":"generated","div":"<div xmlns=\"http://www.w3.org/1999/xhtml\"><p class=\"res-header-id\"><b>Generated Narrative: ValueSet fr-mp-dose-form</b></p><a name=\"fr-mp-dose-form\"> </a><a name=\"hcfr-mp-dose-form\"> </a><div style=\"display: inline-block; background-color: #d9e0e7; padding: 6px; margin: 4px; border: 1px solid #8da1b4; border-radius: 5px; line-height: 60%\"><p style=\"margin-bottom: 0px\"/><p style=\"margin-bottom: 0px\">Profile: <a href=\"http://hl7.org/fhir/R4/shareablevalueset.html\">Shareable ValueSet</a></p></div><ul><li>Include all codes defined in <code>http://standardterms.edqm.eu</code></li></ul></div>"},"url":"https://hl7.fr/ig/fhir/medication/ValueSet/fr-mp-dose-form","version":"0.1.0","name":"FrMpDoseForm","title":"French Medicinal product Dose form","status":"draft","experimental":false,"date":"2025-07-21T07:29:55+00:00","publisher":"Interop'Santé","contact":[{"name":"Interop'Santé","telecom":[{"system":"url","value":"http://interopsante.org/"}]}],"description":"Le jeu de valeurs à utiliser pour coder l'élément *doseForm* des ressources *FrMedicationUcd*, *FrMedicationUcdPart* ou *FrMedicationNonProprietaryName*.","immutable":false,"compose":{"include":[{"system":"http://standardterms.edqm.eu"}]}}