{"resourceType":"ValueSet","id":"fr-route-of-administration","meta":{"profile":["http://hl7.org/fhir/StructureDefinition/shareablevalueset"]},"text":{"status":"generated","div":"<div xmlns=\"http://www.w3.org/1999/xhtml\"><p class=\"res-header-id\"><b>Generated Narrative: ValueSet fr-route-of-administration</b></p><a name=\"fr-route-of-administration\"> </a><a name=\"hcfr-route-of-administration\"> </a><a name=\"fr-route-of-administration-en-US\"> </a><div style=\"display: inline-block; background-color: #d9e0e7; padding: 6px; margin: 4px; border: 1px solid #8da1b4; border-radius: 5px; line-height: 60%\"><p style=\"margin-bottom: 0px\"/><p style=\"margin-bottom: 0px\">Profile: <a href=\"http://hl7.org/fhir/R4/shareablevalueset.html\">Shareable ValueSet</a></p></div><ul><li>Include all codes defined in <code>http://standardterms.edqm.eu</code></li></ul></div>"},"url":"https://hl7.fr/fhir/fr/medication/ValueSet/fr-route-of-administration","version":"0.1.0","name":"FrRouteOfAdministration","title":"French Route of Administration","status":"draft","experimental":false,"date":"2025-05-02T14:23:12+00:00","publisher":"Interop'Santé","contact":[{"name":"Interop'Santé","telecom":[{"system":"url","value":"http://interopsante.org/"}]}],"description":"Le jeu de valeurs à utiliser pour coder l'élément *dosageInstruction.route* de la ressource *FrMedicationRequest*.","immutable":false,"compose":{"include":[{"system":"http://standardterms.edqm.eu"}]}}