{"resourceType":"ValueSet","id":"fr-medication-history-source-type","meta":{"profile":["http://hl7.org/fhir/StructureDefinition/shareablevalueset"]},"text":{"status":"generated","div":"<div xmlns=\"http://www.w3.org/1999/xhtml\"><p class=\"res-header-id\"><b>Generated Narrative: ValueSet fr-medication-history-source-type</b></p><a name=\"fr-medication-history-source-type\"> </a><a name=\"hcfr-medication-history-source-type\"> </a><div style=\"display: inline-block; background-color: #d9e0e7; padding: 6px; margin: 4px; border: 1px solid #8da1b4; border-radius: 5px; line-height: 60%\"><p style=\"margin-bottom: 0px\"/><p style=\"margin-bottom: 0px\">Profile: <a href=\"http://hl7.org/fhir/R4/shareablevalueset.html\">Shareable ValueSet</a></p></div><ul><li>Include all codes defined in <a href=\"CodeSystem-fr-medication-history-source-type.html\"><code>https://hl7.fr/fhir/fr/medication/CodeSystem/fr-medication-history-source-type</code></a></li></ul></div>"},"url":"https://hl7.fr/fhir/fr/medication/ValueSet/fr-medication-history-source-type","version":"0.1.0","name":"FrMedicationHistorySourceType","title":"value set SIPh - Nature des sources d'un Bilan Médicamenteux","status":"draft","experimental":false,"date":"2025-07-08T15:57:28+00:00","publisher":"Interop'Santé","contact":[{"name":"Interop'Santé","telecom":[{"system":"url","value":"http://interopsante.org/"}]}],"description":"Un jeu de valeurs à utiliser pour coder les sources d'un Bilan Médicamenteux.","immutable":false,"compose":{"include":[{"system":"https://hl7.fr/fhir/fr/medication/CodeSystem/fr-medication-history-source-type"}]}}