{"resourceType":"ConceptMap","id":"PN13-FHIR-prescmed-medicationUCD-conceptmap","text":{"status":"generated","div":"<div xmlns=\"http://www.w3.org/1999/xhtml\"><p class=\"res-header-id\"><b>Generated Narrative: ConceptMap PN13-FHIR-prescmed-medicationUCD-conceptmap</b></p><a name=\"PN13-FHIR-prescmed-medicationUCD-conceptmap\"> </a><a name=\"hcPN13-FHIR-prescmed-medicationUCD-conceptmap\"> </a><a name=\"PN13-FHIR-prescmed-medicationUCD-conceptmap-en-US\"> </a><p>Mapping from https://interopsante.org/pn13/xsd to https://hl7.fr/ig/fhir/medication/StructureDefinition/FrMecicationUcd</p><br/><p><b>Group 1 </b>Mapping from <code>unspecified code system</code> to <code>unspecified code system</code></p><table class=\"grid\"><tr><td><b>Source Code</b></td><td><b>Relationship</b></td><td><b>Target Code</b></td><td><b>Comment</b></td></tr><tr><td>Messages/M_prescription_médicaments/Prescription/Elément_prescr_médic/Forme</td><td colspan=\"3\" style=\"background-color: #efefef\">(not mapped)</td></tr></table></div>"},"url":"https://hl7.fr/fhir/fr/medication/ConceptMap/PN13-FHIR-prescmed-medicationUCD-conceptmap","version":"0.1.0","name":"FrPN13FHIRMedicationPrescriptionMedicationUCDConceptMap","title":"Conversion PN13 vers FHIR pour un médicament UCD d'une prescription de médicaments","status":"draft","date":"2024-11-13T16:49:25+00:00","publisher":"Interop'Santé","contact":[{"name":"Interop'Santé","telecom":[{"system":"url","value":"http://interopsante.org/"}]}],"description":"ConceptMap pour la conversion PN13 vers FHIR d'un médicament UCD d'une prescritpion de médicament","sourceUri":"https://interopsante.org/pn13/xsd","targetUri":"https://hl7.fr/ig/fhir/medication/StructureDefinition/FrMecicationUcd","group":[{"element":[{"code":"Messages/M_prescription_médicaments/Prescription/Elément_prescr_médic/Forme","target":[{"equivalence":"unmatched"}]}]}]}