{"resourceType":"ConceptMap","id":"PN13-FHIR-prescmed-medicationrequest-conceptmap","text":{"status":"generated","div":"<div xmlns=\"http://www.w3.org/1999/xhtml\"><p class=\"res-header-id\"><b>Generated Narrative: ConceptMap PN13-FHIR-prescmed-medicationrequest-conceptmap</b></p><a name=\"PN13-FHIR-prescmed-medicationrequest-conceptmap\"> </a><a name=\"hcPN13-FHIR-prescmed-medicationrequest-conceptmap\"> </a><a name=\"PN13-FHIR-prescmed-medicationrequest-conceptmap-en-US\"> </a><p>Mapping from https://interopsante.org/pn13/xsd to https://hl7.fr/ig/fhir/medication/StructureDefinition/FrInpatientMedicationRequest</p><br/><p><b>Group 1 </b>Mapping from <code>unspecified code system</code> to <code>unspecified code system</code></p><table class=\"grid\"><tr><td><b>Source Code</b></td><td><b>Relationship</b></td><td><b>Target Code</b></td><td><b>Comment</b></td></tr><tr><td>Messages/M_prescription_médicaments/Prescription/Elément_prescr_médic/Id_élément_prescr</td><td><a href=\"http://hl7.org/fhir/extensions/5.1.0/CodeSystem-concept-map-equivalence.html#equal\" title=\"equal\">is equal to</a></td><td>MedicationRequest.identifier.value</td><td/></tr><tr><td>Messages@Phast-id_message</td><td><a href=\"http://hl7.org/fhir/extensions/5.1.0/CodeSystem-concept-map-equivalence.html#equivalent\" title=\"equivalent\">is equivalent to</a></td><td>MedicationRequest.identifier.system</td><td>S'il existe, l'identifiant de message PN13 est à transformer en un uri respectant les contraintes FHIR (par exemple constituant une url unique à partir de l'identifiant). S'il n'est pas renseigné, une autre manière de produire un uri pour le message PN13 traduit est à mettre en oeuvre</td></tr></table><hr/><p><b>Group 2 </b>Mapping from <code>unspecified code system</code> to <code>unspecified code system</code></p><table class=\"grid\"><tr><td><b>Source Code</b></td><td><b>Relationship</b></td><td><b>Target Code</b></td><td><b>Comment</b></td></tr><tr><td>Messages/M_prescription_médicaments/Prescription/Elément_prescr_médic/Type_élément_prescr</td><td><a href=\"http://hl7.org/fhir/extensions/5.1.0/CodeSystem-concept-map-equivalence.html#inexact\" title=\"inexact\">maps loosely to</a></td><td>MedicationRequest.medicationReference.reference</td><td>Type_élément_precsr permet de déterminer le profil de la ressource Medication référencée par MedicationRequest.medicationReference.reference. La conceptMap fr-PN13-FHIR-TypeComposant-ConceptMap</td></tr></table></div>"},"url":"https://hl7.fr/fhir/fr/medication/ConceptMap/PN13-FHIR-prescmed-medicationrequest-conceptmap","version":"0.1.0","name":"FrPN13FHIRMedicationPrescriptionMedicationRequestConceptMap","title":"Conversion PN13 vers FHIR pour la ligne de prescrption d'une prescription de médicaments","status":"draft","date":"2024-09-16T13:17:54+00:00","publisher":"Interop'Santé","contact":[{"name":"Interop'Santé","telecom":[{"system":"url","value":"http://interopsante.org/"}]}],"description":"ConceptMap pour la conversion PN13 vers FHIR d'une ligne de prescription d'une prescritpion de médicament","sourceUri":"https://interopsante.org/pn13/xsd","targetUri":"https://hl7.fr/ig/fhir/medication/StructureDefinition/FrInpatientMedicationRequest","group":[{"element":[{"code":"Messages/M_prescription_médicaments/Prescription/Elément_prescr_médic/Id_élément_prescr","target":[{"code":"MedicationRequest.identifier.value","equivalence":"equal"}]},{"code":"Messages@Phast-id_message","target":[{"code":"MedicationRequest.identifier.system","equivalence":"equivalent","comment":"S'il existe, l'identifiant de message PN13 est à transformer en un uri respectant les contraintes FHIR (par exemple constituant une url unique à partir de l'identifiant). S'il n'est pas renseigné, une autre manière de produire un uri pour le message PN13 traduit est à mettre en oeuvre"}]}]},{"element":[{"code":"Messages/M_prescription_médicaments/Prescription/Elément_prescr_médic/Type_élément_prescr","target":[{"code":"MedicationRequest.medicationReference.reference","equivalence":"inexact","comment":"Type_élément_precsr permet de déterminer le profil de la ressource Medication référencée par MedicationRequest.medicationReference.reference. La conceptMap fr-PN13-FHIR-TypeComposant-ConceptMap"}]}]}]}