{
  "resourceType" : "CodeSystem",
  "id" : "fr-medication-reconciliation-resolution",
  "meta" : {
    "profile" : ["http://hl7.org/fhir/StructureDefinition/shareablecodesystem"]
  },
  "text" : {
    "status" : "generated",
    "div" : "<div xmlns=\"http://www.w3.org/1999/xhtml\"><p class=\"res-header-id\"><b>Narratif généré : CodeSystem fr-medication-reconciliation-resolution</b></p><a name=\"fr-medication-reconciliation-resolution\"> </a><a name=\"hcfr-medication-reconciliation-resolution\"> </a><div style=\"display: inline-block; background-color: #d9e0e7; padding: 6px; margin: 4px; border: 1px solid #8da1b4; border-radius: 5px; line-height: 60%\"><p style=\"margin-bottom: 0px\"/><p style=\"margin-bottom: 0px\">Profil: <a href=\"http://hl7.org/fhir/R4/shareablecodesystem.html\">Shareable CodeSystem</a></p></div><p>This  code system <code>https://hl7.fr/ig/fhir/medication/CodeSystem/fr-medication-reconciliation-resolution</code> defines the following codes:</p><table class=\"codes\"><tr><td style=\"white-space:nowrap\"><b>Code</b></td><td><b>Display</b></td><td><b>Définition</b></td></tr><tr><td style=\"white-space:nowrap\">10000001<a name=\"fr-medication-reconciliation-resolution-10000001\"> </a></td><td>Dose corrigée</td><td>La dose initialement prescrite a été corrigée.</td></tr><tr><td style=\"white-space:nowrap\">10000002<a name=\"fr-medication-reconciliation-resolution-10000002\"> </a></td><td>Repris</td><td>La prescription interrompue a été reprise.</td></tr><tr><td style=\"white-space:nowrap\">10000003<a name=\"fr-medication-reconciliation-resolution-10000003\"> </a></td><td>Spécialité corrigée</td><td>Le choix de la spécialité prescrite a été corrigé.</td></tr><tr><td style=\"white-space:nowrap\">10000004<a name=\"fr-medication-reconciliation-resolution-10000004\"> </a></td><td>Forme corrigée</td><td>La forme galénique prescrite a été corrigée.</td></tr><tr><td style=\"white-space:nowrap\">10000005<a name=\"fr-medication-reconciliation-resolution-10000005\"> </a></td><td>Arrêt</td><td>La prescription a été arrêtée.</td></tr></table></div>"
  },
  "url" : "https://hl7.fr/ig/fhir/medication/CodeSystem/fr-medication-reconciliation-resolution",
  "version" : "0.1.0",
  "name" : "FRMedicationReconciliationResolution",
  "title" : "code system Interop'Santé - Résolution d'une divergence sur une ligne de traitement d'une FCT",
  "status" : "draft",
  "experimental" : false,
  "date" : "2025-08-08T09:43:11+00:00",
  "publisher" : "Interop'Santé",
  "contact" : [{
    "name" : "Interop'Santé",
    "telecom" : [{
      "system" : "url",
      "value" : "http://interopsante.org/"
    }]
  }],
  "description" : "Le système de codage de la résolution d'une divergence sur une ligne de traitement d'une FCT (Fiche de Conciliation des Traitements médicamenteux).",
  "jurisdiction" : [{
    "coding" : [{
      "system" : "urn:iso:std:iso:3166",
      "code" : "FR",
      "display" : "FRANCE"
    }]
  }],
  "content" : "complete",
  "count" : 5,
  "concept" : [{
    "code" : "10000001",
    "display" : "Dose corrigée",
    "definition" : "La dose initialement prescrite a été corrigée."
  },
  {
    "code" : "10000002",
    "display" : "Repris",
    "definition" : "La prescription interrompue a été reprise."
  },
  {
    "code" : "10000003",
    "display" : "Spécialité corrigée",
    "definition" : "Le choix de la spécialité prescrite a été corrigé."
  },
  {
    "code" : "10000004",
    "display" : "Forme corrigée",
    "definition" : "La forme galénique prescrite a été corrigée."
  },
  {
    "code" : "10000005",
    "display" : "Arrêt",
    "definition" : "La prescription a été arrêtée."
  }]
}