{
  "resourceType" : "CodeSystem",
  "id" : "fr-medication-reconciliation-status",
  "meta" : {
    "profile" : ["http://hl7.org/fhir/StructureDefinition/shareablecodesystem"]
  },
  "text" : {
    "status" : "generated",
    "div" : "<div xmlns=\"http://www.w3.org/1999/xhtml\"><p class=\"res-header-id\"><b>Generated Narrative: CodeSystem fr-medication-reconciliation-status</b></p><a name=\"fr-medication-reconciliation-status\"> </a><a name=\"hcfr-medication-reconciliation-status\"> </a><a name=\"fr-medication-reconciliation-status-en-US\"> </a><div style=\"display: inline-block; background-color: #d9e0e7; padding: 6px; margin: 4px; border: 1px solid #8da1b4; border-radius: 5px; line-height: 60%\"><p style=\"margin-bottom: 0px\"/><p style=\"margin-bottom: 0px\">Profile: <a href=\"http://hl7.org/fhir/R4/shareablecodesystem.html\">Shareable CodeSystem</a></p></div><p>This  code system <code>https://hl7.fr/ig/fhir/medication/CodeSystem/fr-medication-reconciliation-status</code> defines the following codes:</p><table class=\"codes\"><tr><td style=\"white-space:nowrap\"><b>Code</b></td><td><b>Display</b></td><td><b>Definition</b></td></tr><tr><td style=\"white-space:nowrap\">10000001<a name=\"fr-medication-reconciliation-status-10000001\"> </a></td><td>Continué</td><td>La spécialité et la posologie de la ligne du Traitement Courant sont identiques à celles de la ligne du traitement antérieur (Bilan Médicamenteux).</td></tr><tr><td style=\"white-space:nowrap\">10000002<a name=\"fr-medication-reconciliation-status-10000002\"> </a></td><td>Équivalence</td><td>La ligne du traitement antérieur (Bilan Médicamenteux) est poursuivie dans le Traitement Courant, mais avec un médicament équivalent. Il s'agit souvent de substituer la spécialité du traitement antérieur par la spécialité au Livret de l'établissement.</td></tr><tr><td style=\"white-space:nowrap\">10000003<a name=\"fr-medication-reconciliation-status-10000003\"> </a></td><td>Arrêté</td><td>La ligne de traitement antérieur (Bilan Médicamenteux) ne figure pas dans le Traitement Courant. Cette ligne de traitement a donc été arrêtée.</td></tr><tr><td style=\"white-space:nowrap\">10000004<a name=\"fr-medication-reconciliation-status-10000004\"> </a></td><td>Modifié</td><td>L'intention thérapeutique de la ligne du traitement antérieur (Bilan Médicamenteux) est poursuivie mais avec modification du principe actif et/ou de la forme galénique et/ou de la voie d'adminisitration et/ou des modialités d'administration et/ou de la posologie.</td></tr><tr><td style=\"white-space:nowrap\">10000005<a name=\"fr-medication-reconciliation-status-10000005\"> </a></td><td>Initié</td><td>La ligne du traitement courant ne figure pas dans le traitement antérieur (Bilan Médicamenteux). Cette ligne de traitement a donc été initiée/démarrée.</td></tr></table></div>"
  },
  "url" : "https://hl7.fr/ig/fhir/medication/CodeSystem/fr-medication-reconciliation-status",
  "version" : "0.1.0",
  "name" : "FrMedicationReconciliationStatus",
  "title" : "code system Interop'Santé - Statut d'une ligne de traitement d'une FCT",
  "status" : "draft",
  "experimental" : false,
  "date" : "2025-05-05T10:03:44+00:00",
  "publisher" : "Interop'Santé",
  "contact" : [{
    "name" : "Interop'Santé",
    "telecom" : [{
      "system" : "url",
      "value" : "http://interopsante.org/"
    }]
  }],
  "description" : "Le système de codage du statut d'une ligne de traitement d'une FCT (Fiche de Conciliation des Traitements médicamenteux).",
  "content" : "complete",
  "count" : 5,
  "concept" : [{
    "code" : "10000001",
    "display" : "Continué",
    "definition" : "La spécialité et la posologie de la ligne du Traitement Courant sont identiques à celles de la ligne du traitement antérieur (Bilan Médicamenteux)."
  },
  {
    "code" : "10000002",
    "display" : "Équivalence",
    "definition" : "La ligne du traitement antérieur (Bilan Médicamenteux) est poursuivie dans le Traitement Courant, mais avec un médicament équivalent. Il s'agit souvent de substituer la spécialité du traitement antérieur par la spécialité au Livret de l'établissement."
  },
  {
    "code" : "10000003",
    "display" : "Arrêté",
    "definition" : "La ligne de traitement antérieur (Bilan Médicamenteux) ne figure pas dans le Traitement Courant. Cette ligne de traitement a donc été arrêtée."
  },
  {
    "code" : "10000004",
    "display" : "Modifié",
    "definition" : "L'intention thérapeutique de la ligne du traitement antérieur (Bilan Médicamenteux) est poursuivie mais avec modification du principe actif et/ou de la forme galénique et/ou de la voie d'adminisitration et/ou des modialités d'administration et/ou de la posologie."
  },
  {
    "code" : "10000005",
    "display" : "Initié",
    "definition" : "La ligne du traitement courant ne figure pas dans le traitement antérieur (Bilan Médicamenteux). Cette ligne de traitement a donc été initiée/démarrée."
  }]
}