{
  "codeSystems" : [
    {
      "url" : "http://hl7.org/fhir/ValueSet/medication-ingredientstrength",
      "version" : "0.1.0",
      "status" : "draft",
      "name" : "MedicationIngredientStrengthCodes",
      "title" : null,
      "description" : "Medication Ingredient Strength Codes",
      "systems" : [
        "http://hl7.org/fhir/CodeSystem/medication-ingredientstrength"
      ],
      "oids" : ["2.16.840.1.113883.4.642.3.1426"],
      "sources" : ["2.16.840.1.113883.4.642.3.1426"],
      "uses" : {
      },
      "StructureDefinition-fr-strength-codeableconcept.html" : "Strength CodeableConcept"
    },
    {
      "url" : "http://hl7.org/fhir/ValueSet/medicationknowledge-characteristic",
      "version" : "4.0.1",
      "status" : "draft",
      "name" : "medicationKnowledge Characteristic Codes",
      "title" : "Medication knowledge  characteristic  codes",
      "description" : "MedicationKnowledge Characteristic Codes",
      "systems" : [
        "http://terminology.hl7.org/CodeSystem/medicationknowledge-characteristic"
      ],
      "oids" : ["2.16.840.1.113883.4.642.3.1337"],
      "sources" : ["2.16.840.1.113883.4.642.3.1337"],
      "uses" : {
      },
      "StructureDefinition-fr-drug-characteristic.html" : "Medication descriptive properties"
    },
    {
      "url" : "https://hl7.fr/fhir/fr/medication/ValueSet/FrMedicinalProductOnly",
      "version" : "0.1.0",
      "status" : "draft",
      "name" : "FrMedicinalProductOnly",
      "title" : "French Medicinal Product only",
      "description" : "Le jeu de valeurs à utiliser pour coder l'élément *code* de la ressource *FrMedicationNonproprietaryName*.",
      "systems" : ["http://snomed.info/sct"],
      "uses" : {
      },
      "StructureDefinition-fr-medication-2-unique.html" : "FrMedication2unique",
      "StructureDefinition-fr-medication-nonproprietary-name.html" : "French non proprietary name Medication"
    },
    {
      "url" : "https://hl7.fr/fhir/fr/medication/ValueSet/FrMethodOfAdministration",
      "version" : "0.1.0",
      "status" : "draft",
      "name" : "FrMethodOfAdministration",
      "title" : "French Method Of Administration",
      "description" : "Le jeu de valeurs à utiliser pour coder l'élément *dosageInstruction.method* de la ressource *FrMedicationRequest*.",
      "systems" : ["http://snomed.info/sct"],
      "uses" : {
      },
      "StructureDefinition-fr-inpatient-medicationrequest.html" : "French Inpatient MedicationRequest"
    },
    {
      "url" : "https://hl7.fr/fhir/fr/medication/ValueSet/fr-current-medication-document-type",
      "version" : "0.1.0",
      "status" : "draft",
      "name" : "FrCurrentMedicationDocumentType",
      "title" : "value set InterOp'Santé - type de document de la ressource Composition d'une FCT",
      "description" : "Le jeu de valeurs à utiliser pour coder le type de document de la ressource *Composition* d'une liste des Traitements Médicamenteux Courants.",
      "systems" : [
        "https://hl7.fr/fhir/fr/medication/CodeSystem/fr-document-type"
      ],
      "uses" : {
      },
      "StructureDefinition-fr-current-medication-composition.html" : "FrCurrentMedicationComposition"
    },
    {
      "url" : "https://hl7.fr/fhir/fr/medication/ValueSet/fr-editorial-status",
      "version" : "0.1.0",
      "status" : "draft",
      "name" : "FrEditorialStatus",
      "title" : "value set InterOp'Santé - Statut éditorial d'une valeur",
      "description" : "Le jeu de valeurs à utiliser pour coder le statut éditorial d'une valeur.",
      "systems" : [
        "https://hl7.fr/fhir/fr/medication/CodeSystem/fr-editorial-status"
      ],
      "uses" : {
      },
      "StructureDefinition-fr-medicationstatement-reconciliation-properties.html" : "FrMedicationStatementReconciliationProperties"
    },
    {
      "url" : "https://hl7.fr/fhir/fr/medication/ValueSet/fr-medication-history-source-type",
      "version" : "0.1.0",
      "status" : "draft",
      "name" : "FrMedicationHistorySourceType",
      "title" : "value set SIPh - Nature des sources d'un Bilan Médicamenteux",
      "description" : "Un jeu de valeurs à utiliser pour coder les sources d'un Bilan Médicamenteux.",
      "systems" : [
        "https://hl7.fr/fhir/fr/medication/CodeSystem/fr-medication-history-source-type"
      ],
      "uses" : {
      },
      "StructureDefinition-fr-medication-history-sources.html" : "FrMedicationHistorySources"
    },
    {
      "url" : "https://hl7.fr/fhir/fr/medication/ValueSet/fr-medication-reconciliation-document-type",
      "version" : "0.1.0",
      "status" : "draft",
      "name" : "FrMedicationReconciliationDocumentType",
      "title" : "value set InterOp'Santé - type de document de la ressource Composition d'une FCT",
      "description" : "Le jeu de valeurs à utiliser pour coder le type de document de la ressource *Composition* d'une FCT (Fiche de Conciliation des Traitements médicamenteux).",
      "systems" : [
        "https://hl7.fr/fhir/fr/medication/CodeSystem/fr-document-type"
      ],
      "uses" : {
      },
      "StructureDefinition-fr-medication-reconciliation-composition.html" : "FrMedicationReconciliationComposition"
    },
    {
      "url" : "https://hl7.fr/fhir/fr/medication/ValueSet/fr-medication-reconciliation-outcome",
      "version" : "0.1.0",
      "status" : "draft",
      "name" : "FrMedicationReconciliationOutcome",
      "title" : "value set Interop'Santé - Gravité de l'erreur sur une ligne de traitement d'une FCT",
      "description" : "Le jeu de valeurs à utiliser pour coder la gravité de l'erreur sur une ligne de traitement d'une FCT (Fiche de Conciliation des Traitements médicamenteux).",
      "systems" : [
        "https://hl7.fr/fhir/fr/medication/CodeSystem/fr-medication-reconciliation-outcome"
      ],
      "uses" : {
      },
      "StructureDefinition-fr-medicationstatement-reconciliation-properties.html" : "FrMedicationStatementReconciliationProperties"
    },
    {
      "url" : "https://hl7.fr/fhir/fr/medication/ValueSet/fr-medication-reconciliation-qualified-discrepancy",
      "version" : "0.1.0",
      "status" : "draft",
      "name" : "FrMedicationReconciliationQualifiedDiscrepancy",
      "title" : "value set InterOp'Santé - qualification de la divergence identifiée sur une ligne de traitement d'une FCT",
      "description" : "Le jeu de valeurs à utiliser pour coder la qualification de la divergence identifiée sur une ligne de traitement d'une FCT (Fiche de Conciliation des Traitements médicamenteux).",
      "systems" : [
        "https://hl7.fr/fhir/fr/medication/CodeSystem/fr-medication-reconciliation-discrepancy"
      ],
      "uses" : {
      },
      "StructureDefinition-fr-medicationstatement-reconciliation-properties.html" : "FrMedicationStatementReconciliationProperties"
    },
    {
      "url" : "https://hl7.fr/fhir/fr/medication/ValueSet/fr-medication-reconciliation-resolution",
      "version" : "0.1.0",
      "status" : "draft",
      "name" : "FrMedicationReconciliationResolution",
      "title" : "value set InterOp'Santé - Résolution d'une divergence sur une ligne de traitement d'une FCT",
      "description" : "Un jeu de valeurs à utiliser pour coder la résolution d'une divergence sur une ligne de traitement d'une FCT (Fiche de Conciliation des Traitements médicamenteux).",
      "systems" : [
        "https://hl7.fr/fhir/fr/medication/CodeSystem/fr-medication-reconciliation-resolution"
      ],
      "uses" : {
      },
      "StructureDefinition-fr-medicationstatement-reconciliation-properties.html" : "FrMedicationStatementReconciliationProperties"
    },
    {
      "url" : "https://hl7.fr/fhir/fr/medication/ValueSet/fr-medication-reconciliation-status",
      "version" : "0.1.0",
      "status" : "draft",
      "name" : "FrMedicationReconciliationStatus",
      "title" : "value set InterOp'Santé - Statut d'une ligne de traitement d'une FCT",
      "description" : "Le jeu de valeurs à utiliser pour coder le statut d'une ligne de traitement d'une FCT (Fiche de Conciliation des Traitements médicamenteux).",
      "systems" : [
        "https://hl7.fr/fhir/fr/medication/CodeSystem/fr-medication-reconciliation-status"
      ],
      "uses" : {
      },
      "StructureDefinition-fr-medicationstatement-reconciliation-properties.html" : "FrMedicationStatementReconciliationProperties"
    },
    {
      "url" : "https://hl7.fr/fhir/fr/medication/ValueSet/fr-medication-reconciliation-type",
      "version" : "0.1.0",
      "status" : "draft",
      "name" : "FrMedicationReconciliationType",
      "title" : "value set InterOp'Santé - Type d'écart/erreur sur une ligne de traitement d'une FCT",
      "description" : "Le jeu de valeurs à utiliser pour coder le type d'écart/erreur sur une ligne de traitement d'une FCT (Fiche de Conciliation des Traitements médicamenteux).",
      "systems" : [
        "https://hl7.fr/fhir/fr/medication/CodeSystem/fr-medication-reconciliation-type"
      ],
      "uses" : {
      },
      "StructureDefinition-fr-medicationstatement-reconciliation-properties.html" : "FrMedicationStatementReconciliationProperties"
    },
    {
      "url" : "https://hl7.fr/fhir/fr/medication/ValueSet/fr-mp-dose-form",
      "version" : "0.1.0",
      "status" : "draft",
      "name" : "FrMpDoseForm",
      "title" : "French Medicinal product Dose form",
      "description" : "Le jeu de valeurs à utiliser pour coder l'élément *doseForm* des ressources *FrMedicationUcd*, *FrMedicationUcdPart* ou *FrMedicationNonProprietaryName*.",
      "systems" : ["http://snomed.info/sct"],
      "uses" : {
      },
      "StructureDefinition-fr-medication-nonproprietary-name.html" : "French non proprietary name Medication",
      "StructureDefinition-fr-medication-ucd.html" : "French branded name Medication",
      "StructureDefinition-fr-medication-compound.html" : "French compound Medication",
      "StructureDefinition-fr-medication-ucd-part.html" : "French Ucd Part Medication"
    },
    {
      "url" : "https://hl7.fr/fhir/fr/medication/ValueSet/fr-mp-substance-active",
      "version" : "0.1.0",
      "status" : "draft",
      "name" : "FrMpSubstanceActive",
      "title" : "French Medicinal product Active substance",
      "description" : "Le jeu de valeurs à utiliser pour coder l'élément *ingredient.itemCodeableConcept* des ressources *FrMedicationUcd*, *FrMedicationUcdPart* et *FrMedicationNonproprietaryName*.",
      "systems" : ["http://snomed.info/sct"],
      "uses" : {
      },
      "StructureDefinition-fr-mp-substance-active.html" : "French Active Substance of a Medicinal Product",
      "StructureDefinition-fr-mp-substance-2-active.html" : "FrMPSubstance2Active"
    },
    {
      "url" : "https://hl7.fr/fhir/fr/medication/ValueSet/fr-mp-unit-of-presentation",
      "version" : "0.1.0",
      "status" : "draft",
      "name" : "FrMpUnitOfPresentation",
      "title" : "French Medicinal product Unit of Presentation",
      "description" : "Le jeu de valeurs à utiliser pour coder l'unité de présentation de la dose.",
      "systems" : ["http://snomed.info/sct"]
    },
    {
      "url" : "https://hl7.fr/fhir/fr/medication/ValueSet/fr-route-of-administration",
      "version" : "0.1.0",
      "status" : "draft",
      "name" : "FrRouteOfAdministration",
      "title" : "French Route of Administration",
      "description" : "Le jeu de valeurs à utiliser pour coder l'élément *dosageInstruction.route* de la ressource *FrMedicationRequest*.",
      "systems" : ["http://snomed.info/sct"],
      "uses" : {
      },
      "StructureDefinition-fr-inpatient-medicationrequest.html" : "French Inpatient MedicationRequest"
    },
    {
      "url" : "https://hl7.fr/fhir/fr/medication/ValueSet/fr-treatment-intent",
      "version" : "0.1.0",
      "status" : "draft",
      "name" : "FrTreatmentIntent",
      "title" : "French overall intention of the treatment",
      "description" : "Le jeu de valeurs à utiliser pour coder l'élément *treatmentIntent* de la ressource *FrInpatientMedicationRequest*.",
      "systems" : ["http://snomed.info/sct"],
      "uses" : {
      },
      "StructureDefinition-fr-treatment-intent.html" : "MedicationRequest overall treatment intent"
    }
  ]
}
