<?xml version="1.0" encoding="UTF-8"?>

<Bundle xmlns="http://hl7.org/fhir">
  <id value="HAS-13-Presc-Desloratadine"/>
  <meta>
    <profile value="https://hl7.fr/ig/fhir/medication/StructureDefinition/fr-prescription-bundle-for-example"/>
  </meta>
  <type value="searchset"/>
  <entry>
    <resource>
      <MedicationRequest>
        <id value="medicationrequest-HAS-13-Presc-Desloratadine"/>
        <meta>
          <profile value="https://hl7.fr/ig/fhir/medication/StructureDefinition/fr-medicationrequest"/>
        </meta>
        <text>
          <status value="extensions"/><div xmlns="http://www.w3.org/1999/xhtml"><a name="MedicationRequest_medicationrequest-HAS-13-Presc-Desloratadine"> </a><p class="res-header-id"><b>Narratif généré : PrescriptionMédicamenteuseTODO medicationrequest-HAS-13-Presc-Desloratadine</b></p><a name="medicationrequest-HAS-13-Presc-Desloratadine"> </a><a name="hcmedicationrequest-HAS-13-Presc-Desloratadine"> </a><div style="display: inline-block; background-color: #d9e0e7; padding: 6px; margin: 4px; border: 1px solid #8da1b4; border-radius: 5px; line-height: 60%"><p style="margin-bottom: 0px"/><p style="margin-bottom: 0px">Profil: <a href="StructureDefinition-fr-medicationrequest.html">FR Medication Request</a></p></div><p><b>Extension Definition for MedicationRequest.renderedDosageInstruction for Version 5.0</b>: </p><div><p>1 comprimé « 1 à  2 fois par jour » en fonction de la gêne allergique</p>
</div><p><b>status</b>: Active</p><p><b>intent</b>: Order</p><p><b>priority</b>: Routine</p><p><b>medication</b>: <span title="Codes:{http://BogusSystemMedicabase.com MV00000161}">DESLORATADINE 5 mg comprimé</span></p><p><b>subject</b>: <a href="Patient/14602">Patient/14602</a></p><p><b>requester</b>: <a href="Practitioner/smart-Practitioner-71482713">Practitioner/smart-Practitioner-71482713</a></p><p><b>note</b>: </p><blockquote><div><p>Prescription textuelle: DESLORATADINE 5 mg comprimé 1 comprimé « 1 à  2 fois par jour » en fonction de la gêne allergique</p>
</div></blockquote><blockquote><p><b>dosageInstruction</b></p><p><b>additionalInstruction</b>: <span title="Codes:">en fonction de la gêne allergique</span></p><p><b>timing</b>: 1-2 per 1 day</p><h3>DoseAndRates</h3><table class="grid"><tr><td style="display: none">-</td><td><b>Dose[x]</b></td></tr><tr><td style="display: none">*</td><td>1 comprimé<span style="background: LightGoldenRodYellow"> (Details: standardterms.edqm.eu  code15054000 = 'Tablet')</span></td></tr></table></blockquote></div>
        </text>
        <extension url="http://hl7.org/fhir/5.0/StructureDefinition/extension-MedicationRequest.renderedDosageInstruction">
          <valueMarkdown value="1 comprimé « 1 à  2 fois par jour » en fonction de la gêne allergique"/>
        </extension>
        <status value="active"/>
        <intent value="order"/>
        <priority value="routine"/>
        <medicationCodeableConcept>
          <coding>
            <system value="http://BogusSystemMedicabase.com"/>
            <code value="MV00000161"/>
            <display value="DESLORATADINE 5 mg comprimé"/>
          </coding>
        </medicationCodeableConcept>
        <subject>
          <reference value="Patient/14602"/>
        </subject>
        <requester>
          <reference value="Practitioner/smart-Practitioner-71482713"/>
        </requester>
        <note>
          <text value="Prescription textuelle: DESLORATADINE 5 mg comprimé 1 comprimé « 1 à  2 fois par jour » en fonction de la gêne allergique"/>
        </note>
        <dosageInstruction>
          <additionalInstruction>
            <text value="en fonction de la gêne allergique"/>
          </additionalInstruction>
          <timing>
            <repeat>
              <frequency value="1"/>
              <frequencyMax value="2"/>
              <period value="1"/>
              <periodUnit value="d"/>
            </repeat>
          </timing>
          <doseAndRate>
            <doseQuantity>
              <value value="1"/>
              <unit value="comprimé"/>
              <system value="http://standardterms.edqm.eu"/>
              <code value="15054000"/>
            </doseQuantity>
          </doseAndRate>
        </dosageInstruction>
      </MedicationRequest>
    </resource>
  </entry>
</Bundle>