{
  "resourceType" : "Bundle",
  "id" : "Presc-CODOLIPRANE-MedCodeableConcept",
  "meta" : {
    "profile" : ["https://hl7.fr/ig/fhir/medication/StructureDefinition/fr-prescription-bundle-for-example"]
  },
  "type" : "searchset",
  "entry" : [{
    "resource" : {
      "resourceType" : "MedicationRequest",
      "id" : "medicationrequest-Presc-CODOLIPRANE-MedCodeableConcept",
      "meta" : {
        "profile" : ["https://hl7.fr/ig/fhir/medication/StructureDefinition/fr-inpatient-medicationrequest"]
      },
      "text" : {
        "status" : "generated",
        "div" : "<div xmlns=\"http://www.w3.org/1999/xhtml\"><a name=\"MedicationRequest_medicationrequest-Presc-CODOLIPRANE-MedCodeableConcept\"> </a><p class=\"res-header-id\"><b>Narratif généré : PrescriptionMédicamenteuseTODO medicationrequest-Presc-CODOLIPRANE-MedCodeableConcept</b></p><a name=\"medicationrequest-Presc-CODOLIPRANE-MedCodeableConcept\"> </a><a name=\"hcmedicationrequest-Presc-CODOLIPRANE-MedCodeableConcept\"> </a><div style=\"display: inline-block; background-color: #d9e0e7; padding: 6px; margin: 4px; border: 1px solid #8da1b4; border-radius: 5px; line-height: 60%\"><p style=\"margin-bottom: 0px\"/><p style=\"margin-bottom: 0px\">Profil: <a href=\"StructureDefinition-fr-inpatient-medicationrequest.html\">FR Inpatient MedicationRequest</a></p></div><p><b>status</b>: Active</p><p><b>intent</b>: Order</p><p><b>priority</b>: Routine</p><p><b>medication</b>: <span title=\"Codes:{http://data.esante.gouv.fr/ansm/medicament/UCD 3400893936047}\">CODOLIPRANE® 500 mg/30 mg, cpr</span></p><p><b>subject</b>: <a href=\"Patient/14602\">Patient/14602</a></p><p><b>authoredOn</b>: 2021-07-28 15:12:37+0000</p><p><b>requester</b>: <a href=\"Practitioner/smart-Practitioner-71482713\">Practitioner/smart-Practitioner-71482713</a></p><p><b>groupIdentifier</b>: <code>https://somehospital.fr/Prescrption-ID</code>/Presc-14625</p><blockquote><p><b>dosageInstruction</b></p><p><b>sequence</b>: 1</p><p><b>timing</b>: Once</p><p><b>route</b>: <span title=\"Codes:{http://standardterms.edqm.eu 20053000}\">Voie orale</span></p><h3>DoseAndRates</h3><table class=\"grid\"><tr><td style=\"display: none\">-</td><td><b>Type</b></td><td><b>Dose[x]</b></td></tr><tr><td style=\"display: none\">*</td><td><span title=\"Codes:{http://terminology.hl7.org/CodeSystem/dose-rate-type ordered}\">Ordered</span></td><td>1 Comprimé<span style=\"background: LightGoldenRodYellow\"> (Details: EDQM Standard Terms  code15054000 = 'Tablet')</span></td></tr></table></blockquote></div>"
      },
      "status" : "active",
      "intent" : "order",
      "priority" : "routine",
      "medicationCodeableConcept" : {
        "coding" : [{
          "system" : "http://data.esante.gouv.fr/ansm/medicament/UCD",
          "code" : "3400893936047",
          "display" : "CODOLIPRANE 500/30MG CPR"
        }],
        "text" : "CODOLIPRANE® 500 mg/30 mg, cpr"
      },
      "subject" : {
        "reference" : "Patient/14602"
      },
      "authoredOn" : "2021-07-28T15:12:37.603Z",
      "requester" : {
        "reference" : "Practitioner/smart-Practitioner-71482713"
      },
      "groupIdentifier" : {
        "system" : "https://somehospital.fr/Prescrption-ID",
        "value" : "Presc-14625"
      },
      "dosageInstruction" : [{
        "sequence" : 1,
        "timing" : {
          "repeat" : {
            "boundsPeriod" : {
              "start" : "2021-07-28T15:12:00Z",
              "end" : "2021-08-02T15:11:59Z"
            },
            "timeOfDay" : ["07:00:00",
            "18:00:00"]
          }
        },
        "route" : {
          "coding" : [{
            "system" : "http://standardterms.edqm.eu",
            "code" : "20053000",
            "display" : "Voie orale"
          }],
          "text" : "Voie orale"
        },
        "doseAndRate" : [{
          "type" : {
            "coding" : [{
              "system" : "http://terminology.hl7.org/CodeSystem/dose-rate-type",
              "code" : "ordered",
              "display" : "Ordered"
            }],
            "text" : "Ordered"
          },
          "doseQuantity" : {
            "value" : 1,
            "unit" : "Comprimé",
            "system" : "http://standardterms.edqm.eu",
            "code" : "15054000"
          }
        }]
      }]
    }
  }]
}