{
  "codeSystems" : [
    {
      "url" : "http://hl7.org/fhir/CodeSystem/medication-ingredientstrength",
      "version" : "0.1.0",
      "status" : "draft",
      "name" : "Medication_Ingredient_Strength_Codes",
      "title" : null,
      "description" : null,
      "oids" : ["2.16.840.1.113883.4.642.1.1427"],
      "uses" : {
      },
      "ValueSet-medication-ingredient-strength-codes.html" : "MedicationIngredientStrengthCodes"
    },
    {
      "url" : "http://snomed.info/sct",
      "version" : null,
      "status" : "active",
      "name" : "SNOMED_CT",
      "title" : "SNOMED CT (all versions)",
      "description" : "SNOMED CT is the most comprehensive and precise clinical health terminology product in the world, owned and distributed around the world by The International Health Terminology Standards Development Organisation (IHTSDO).",
      "oids" : ["2.16.840.1.113883.6.96"],
      "uses" : {
      },
      "ValueSet-fr-mp-unit-of-presentation.html" : "French Medicinal product Unit of Presentation",
      "ValueSet-fr-route-of-administration.html" : "French Route of Administration",
      "ValueSet-fr-treatment-intent.html" : "French overall intention of the treatment",
      "ValueSet-fr-mp-substance-active.html" : "French Medicinal product Active substance",
      "ValueSet-FrMedicinalProductOnly.html" : "French Medicinal Product only",
      "ValueSet-FrMethodOfAdministration.html" : "French Method Of Administration",
      "ValueSet-fr-mp-dose-form.html" : "French Medicinal product Dose form"
    },
    {
      "url" : "http://terminology.hl7.org/CodeSystem/medicationknowledge-characteristic",
      "version" : "1.0.1",
      "status" : "active",
      "name" : "MedicationKnowledgeCharacteristicCodes",
      "title" : "MedicationKnowledge Characteristic Codes",
      "description" : "MedicationKnowledge Characteristic Codes",
      "oids" : ["2.16.840.1.113883.4.642.1.1338"],
      "uses" : {
      },
      "http://hl7.org/fhir/R4/valueset-medicationknowledge-characteristic.html" : "Medication knowledge  characteristic  codes"
    },
    {
      "url" : "https://hl7.fr/fhir/fr/medication/CodeSystem/fr-document-type",
      "version" : "0.1.0",
      "status" : "draft",
      "name" : "FrDocumentType",
      "title" : "code system Interop'Santé - Type de document d'une ressource Composition du domaine Pharmacy",
      "description" : "Le système de codage SIPh du type de document d'une ressource *Composition* du domaine Pharmacy",
      "uses" : {
      },
      "ValueSet-fr-current-medication-document-type.html" : "value set InterOp'Santé - type de document de la ressource Composition d'une FCT",
      "ValueSet-fr-medication-reconciliation-document-type.html" : "value set InterOp'Santé - type de document de la ressource Composition d'une FCT"
    },
    {
      "url" : "https://hl7.fr/fhir/fr/medication/CodeSystem/fr-editorial-status",
      "version" : "0.1.0",
      "status" : "draft",
      "name" : "FrEditorialStatus",
      "title" : "code system Interop'Santé - Statut éditorial d'une valeur",
      "description" : "Le système de codage du statut éditorial d'une valeur.",
      "uses" : {
      },
      "ValueSet-fr-editorial-status.html" : "value set InterOp'Santé - Statut éditorial d'une valeur"
    },
    {
      "url" : "https://hl7.fr/fhir/fr/medication/CodeSystem/fr-medication-history-source-type",
      "version" : "0.1.0",
      "status" : "draft",
      "name" : "FrMedicationHistorySourceType",
      "title" : "code system Interop'Santé - Nature des sources d'un Bilan Médicamenteux",
      "description" : "Le système de codage des sources d'un Bilan Médicamenteux.",
      "uses" : {
      },
      "ValueSet-fr-medication-history-source-type.html" : "value set SIPh - Nature des sources d'un Bilan Médicamenteux"
    },
    {
      "url" : "https://hl7.fr/fhir/fr/medication/CodeSystem/fr-medication-reconciliation-discrepancy",
      "version" : "0.1.0",
      "status" : "draft",
      "name" : "FrMedicationReconciliationDiscrepancy",
      "title" : "code system Interop'Santé - divergence identifiée sur une ligne de traitement d'une FCT",
      "description" : "Le système de codage de la divergence identifiée sur une ligne de traitement d'une FCT (Fiche de Conciliation des Traitements médicamenteux).",
      "uses" : {
      },
      "ValueSet-fr-medication-reconciliation-qualified-discrepancy.html" : "value set InterOp'Santé - qualification de la divergence identifiée sur une ligne de traitement d'une FCT"
    },
    {
      "url" : "https://hl7.fr/fhir/fr/medication/CodeSystem/fr-medication-reconciliation-outcome",
      "version" : "0.1.0",
      "status" : "draft",
      "name" : "FrMedicationReconciliationOutcome",
      "title" : "code system InterOp'Santé - Gravité de l'erreur sur une ligne de traitement d'une FCT",
      "description" : "Le système de codage de la gravité de l'erreur sur une ligne de traitement d'une FCT (Fiche de Conciliation des Traitements médicamenteux).",
      "uses" : {
      },
      "ValueSet-fr-medication-reconciliation-outcome.html" : "value set Interop'Santé - Gravité de l'erreur sur une ligne de traitement d'une FCT"
    },
    {
      "url" : "https://hl7.fr/fhir/fr/medication/CodeSystem/fr-medication-reconciliation-resolution",
      "version" : "0.1.0",
      "status" : "draft",
      "name" : "FrMedicationReconciliationResolution",
      "title" : "code system InterOp'Santé - Résolution d'une divergence sur une ligne de traitement d'une FCT",
      "description" : "Le système de codage de la résolution d'une divergence sur une ligne de traitement d'une FCT (Fiche de Conciliation des Traitements médicamenteux).",
      "uses" : {
      },
      "ValueSet-fr-medication-reconciliation-resolution.html" : "value set InterOp'Santé - Résolution d'une divergence sur une ligne de traitement d'une FCT"
    },
    {
      "url" : "https://hl7.fr/fhir/fr/medication/CodeSystem/fr-medication-reconciliation-status",
      "version" : "0.1.0",
      "status" : "draft",
      "name" : "FrMedicationReconciliationStatus",
      "title" : "code system InterOp'Santé - Statut d'une ligne de traitement d'une FCT",
      "description" : "Le système de codage du statut d'une ligne de traitement d'une FCT (Fiche de Conciliation des Traitements médicamenteux).",
      "uses" : {
      },
      "ValueSet-fr-medication-reconciliation-status.html" : "value set InterOp'Santé - Statut d'une ligne de traitement d'une FCT"
    },
    {
      "url" : "https://hl7.fr/fhir/fr/medication/CodeSystem/fr-medication-reconciliation-type",
      "version" : "0.1.0",
      "status" : "draft",
      "name" : "FrMedicationReconciliationType",
      "title" : "code system InterOp'Santé - Type d'écart/erreur sur une ligne de traitement d'une FCT",
      "description" : "Le système de codage du type d'écart/erreur sur une ligne de traitement d'une FCT (Fiche de Conciliation des Traitements médicamenteux).",
      "uses" : {
      },
      "ValueSet-fr-medication-reconciliation-type.html" : "value set InterOp'Santé - Type d'écart/erreur sur une ligne de traitement d'une FCT"
    }
  ]
}
