{
  "resourceType" : "ConceptMap",
  "id" : "PN13-FHIR-observation-conceptmap",
  "text" : {
    "status" : "generated",
    "div" : "<div xmlns=\"http://www.w3.org/1999/xhtml\"><p class=\"res-header-id\"><b>Generated Narrative: ConceptMap PN13-FHIR-observation-conceptmap</b></p><a name=\"PN13-FHIR-observation-conceptmap\"> </a><a name=\"hcPN13-FHIR-observation-conceptmap\"> </a><a name=\"PN13-FHIR-observation-conceptmap-en-US\"> </a><p>Mapping from https://interopsante.org/pn13/xsd to https://hl7.org/fhir/R4/observation</p><br/><p><b>Group 1 </b>Mapping from <code>unspecified code system</code> to <code>unspecified code system</code></p><table class=\"grid\"><tr><td colspan=\"2\"><b>Source Concept Details</b></td><td><b>Relationship</b></td><td colspan=\"4\"><b>Target Concept Details</b></td><td><b>Comment</b></td><td colspan=\"4\"><b>Properties</b></td></tr><tr><td colspan=\"2\"><b>Codes</b> from </td><td/><td colspan=\"2\"><b>Codes</b> from </td><td><b>Observation.status</b></td><td><b>Observation.subject.reference</b></td><td/></tr><tr><td style=\"border-right-width: 0px\">Messages/M_prescription_médicaments/Prescription/Rens_compl/</td><td style=\"border-left-width: 0px\"></td><td><a href=\"http://hl7.org/fhir/R5/codesystem-concept-map-relationship.html#relatedto\" title=\"relatedto\">is related to</a></td><td style=\"border-right-width: 0px\">Observation</td><td style=\"border-left-width: 0px\"></td><td>final</td><td>{Référence vers la ressource Patient sujet de la prescription}</td><td>Groupe pour initialiser les éléments nécessaires à la ressource Observation qui ne viennent pas de PN13</td></tr></table><hr/><p><b>Group 2 </b>Mapping from <code>unspecified code system</code> to <code>unspecified code system</code></p><table class=\"grid\"><tr><td colspan=\"2\"><b>Source Concept Details</b></td><td><b>Relationship</b></td><td colspan=\"7\"><b>Target Concept Details</b></td><td><b>Comment</b></td><td colspan=\"7\"><b>Properties</b></td></tr><tr><td colspan=\"2\"><b>Codes</b> from </td><td/><td colspan=\"2\"><b>Codes</b> from </td><td><b>Observation.meta.profile</b></td><td><b>Observation.category.coding.system</b></td><td><b>Observation.code.coding.code</b></td><td><b>Observation.category.coding.code</b></td><td><b>Observation.code.coding.system</b></td><td/></tr><tr><td style=\"border-right-width: 0px\">Messages/M_prescription_médicaments/Prescription/Rens_compl/Code_rens_compl_1</td><td style=\"border-left-width: 0px\"></td><td><a href=\"http://hl7.org/fhir/R5/codesystem-concept-map-relationship.html#equivalent\" title=\"equivalent\">is equivalent to</a></td><td style=\"border-right-width: 0px\">Observation.code.coding.code</td><td style=\"border-left-width: 0px\"></td><td>https://hl7.fr/ig/fhir/core/StructureDefinition/fr-core-observation-body-weight</td><td>http://terminology.hl7.org/CodeSystem/observation-category</td><td>29463-7</td><td>vital-signs</td><td>http://loinc.org</td><td/></tr><tr><td style=\"border-right-width: 0px\">Messages/M_prescription_médicaments/Prescription/Rens_compl/Code_rens_compl_2</td><td style=\"border-left-width: 0px\"></td><td><a href=\"http://hl7.org/fhir/R5/codesystem-concept-map-relationship.html#equivalent\" title=\"equivalent\">is equivalent to</a></td><td style=\"border-right-width: 0px\">Observation.code.coding.code</td><td style=\"border-left-width: 0px\"></td><td>https://hl7.fr/ig/fhir/core/StructureDefinition/fr-core-observation-body-height</td><td>http://terminology.hl7.org/CodeSystem/observation-category</td><td>8302-2</td><td>vital-signs</td><td>http://loinc.org</td><td/></tr><tr><td style=\"border-right-width: 0px\">Messages/M_prescription_médicaments/Prescription/Rens_compl/Code_rens_compl_3</td><td style=\"border-left-width: 0px\"></td><td><a href=\"http://hl7.org/fhir/R5/codesystem-concept-map-relationship.html#equivalent\" title=\"equivalent\">is equivalent to</a></td><td style=\"border-right-width: 0px\">Observation.code.coding.code</td><td style=\"border-left-width: 0px\"></td><td/><td/><td>8277-6</td><td/><td>http://loinc.org</td><td/></tr><tr><td style=\"border-right-width: 0px\">Messages/M_prescription_médicaments/Prescription/Rens_compl/Code_rens_compl_4</td><td style=\"border-left-width: 0px\"></td><td><a href=\"http://hl7.org/fhir/R5/codesystem-concept-map-relationship.html#disjoint\" title=\"disjoint\">is not related to</a></td><td style=\"border-right-width: 0px\">Observation.code.coding.code</td><td style=\"border-left-width: 0px\"></td><td/><td/><td/><td/><td/><td>Cet élément n'est pas mappé pour l'instant</td></tr><tr><td style=\"border-right-width: 0px\">Messages/M_prescription_médicaments/Prescription/Rens_compl/Code_rens_compl_5</td><td style=\"border-left-width: 0px\"></td><td><a href=\"http://hl7.org/fhir/R5/codesystem-concept-map-relationship.html#equivalent\" title=\"equivalent\">is equivalent to</a></td><td style=\"border-right-width: 0px\">Observation.code.coding.code</td><td style=\"border-left-width: 0px\"></td><td/><td/><td>33558-8</td><td/><td>http://loinc.org</td><td/></tr><tr><td style=\"border-right-width: 0px\">Messages/M_prescription_médicaments/Prescription/Rens_compl/Code_rens_compl_6</td><td style=\"border-left-width: 0px\"></td><td><a href=\"http://hl7.org/fhir/R5/codesystem-concept-map-relationship.html#disjoint\" title=\"disjoint\">is not related to</a></td><td style=\"border-right-width: 0px\">Observation.code.coding.code</td><td style=\"border-left-width: 0px\"></td><td/><td/><td/><td/><td/><td>Cet élément n'est pas mappé pour l'instant</td></tr><tr><td style=\"border-right-width: 0px\">Messages/M_prescription_médicaments/Prescription/Rens_compl/Code_rens_compl_7</td><td style=\"border-left-width: 0px\"></td><td><a href=\"http://hl7.org/fhir/R5/codesystem-concept-map-relationship.html#disjoint\" title=\"disjoint\">is not related to</a></td><td style=\"border-right-width: 0px\">Observation.code.coding.code</td><td style=\"border-left-width: 0px\"></td><td/><td/><td/><td/><td/><td>Cet élément n'est pas mappé pour l'instant</td></tr><tr><td style=\"border-right-width: 0px\">Messages/M_prescription_médicaments/Prescription/Rens_compl/Code_rens_compl_8</td><td style=\"border-left-width: 0px\"></td><td><a href=\"http://hl7.org/fhir/R5/codesystem-concept-map-relationship.html#disjoint\" title=\"disjoint\">is not related to</a></td><td style=\"border-right-width: 0px\">Observation.code.coding.code</td><td style=\"border-left-width: 0px\"></td><td/><td/><td/><td/><td/><td>Cet élément n'est pas mappé pour l'instant</td></tr><tr><td style=\"border-right-width: 0px\">Messages/M_prescription_médicaments/Prescription/Rens_compl/Code_rens_compl_9</td><td style=\"border-left-width: 0px\"></td><td><a href=\"http://hl7.org/fhir/R5/codesystem-concept-map-relationship.html#disjoint\" title=\"disjoint\">is not related to</a></td><td style=\"border-right-width: 0px\">Observation.code.coding.code</td><td style=\"border-left-width: 0px\"></td><td/><td/><td/><td/><td/><td>Cet élément n'est pas mappé pour l'instant</td></tr><tr><td style=\"border-right-width: 0px\">Messages/M_prescription_médicaments/Prescription/Rens_compl/Code_rens_compl_10</td><td style=\"border-left-width: 0px\"></td><td><a href=\"http://hl7.org/fhir/R5/codesystem-concept-map-relationship.html#disjoint\" title=\"disjoint\">is not related to</a></td><td style=\"border-right-width: 0px\">Observation.code.coding.code</td><td style=\"border-left-width: 0px\"></td><td/><td/><td/><td/><td/><td>Cet élément n'est pas mappé pour l'instant</td></tr></table><hr/><p><b>Group 3 </b>Mapping from <code>unspecified code system</code> to <code>unspecified code system</code></p><table class=\"grid\"><tr><td><b>Source Code</b></td><td><b>Relationship</b></td><td><b>Target Code</b></td><td><b>Comment</b></td></tr><tr><td>Messages/M_prescription_médicaments/Prescription/Rens_compl/Dh_enreg_rens_compl</td><td><a href=\"http://hl7.org/fhir/R5/codesystem-concept-map-relationship.html#equivalent\" title=\"equivalent\">is equivalent to</a></td><td>Observation.issued</td><td>La date et l'heure sont à mettre au format FHIR avec offset</td></tr></table><hr/><p><b>Group 4 </b>Mapping from <code>unspecified code system</code> to <code>unspecified code system</code></p><table class=\"grid\"><tr><td><b>Source Code</b></td><td><b>Relationship</b></td><td><b>Target Code</b></td><td><b>Comment</b></td></tr><tr><td>Messages/M_prescription_médicaments/Prescription/Rens_compl/Dh_rens_compl</td><td><a href=\"http://hl7.org/fhir/R5/codesystem-concept-map-relationship.html#equivalent\" title=\"equivalent\">is equivalent to</a></td><td>Observation.effectiveDateTime</td><td>La date et l'heure sont à mettre au format FHIR avec offset</td></tr></table><hr/><p><b>Group 5 </b>Mapping from <code>unspecified code system</code> to <code>unspecified code system</code></p><table class=\"grid\"><tr><td colspan=\"4\"><b>Source Concept Details</b></td><td><b>Relationship</b></td><td colspan=\"3\"><b>Target Concept Details</b></td><td><b>Comment</b></td><td colspan=\"3\"><b>Properties</b></td></tr><tr><td colspan=\"2\"><b>Codes</b> from </td><td><b>Unité</b></td><td><b>Unité@Phastnomenclature</b></td><td/><td colspan=\"2\"><b>Codes</b> from </td><td><b>Observation.valueQuantity.system</b></td><td/></tr><tr><td style=\"border-right-width: 0px\">Messages/M_prescription_médicaments/Prescription/Rens_compl/Valeur_rens_compl_1/Nombre</td><td style=\"border-left-width: 0px\"></td><td/><td/><td><a href=\"http://hl7.org/fhir/R5/codesystem-concept-map-relationship.html#equal\" title=\"equal\">is equal to</a></td><td style=\"border-right-width: 0px\">Observation.valueQuantity.value</td><td style=\"border-left-width: 0px\"></td><td/><td/></tr><tr><td style=\"border-right-width: 0px\">Messages/M_prescription_médicaments/Prescription/Rens_compl/Valeur_rens_compl_1/Unité</td><td style=\"border-left-width: 0px\"></td><td>UCUM</td><td/><td><a href=\"http://hl7.org/fhir/R5/codesystem-concept-map-relationship.html#equal\" title=\"equal\">is equal to</a></td><td style=\"border-right-width: 0px\">Observation.valueQuantity.code</td><td style=\"border-left-width: 0px\"></td><td>http://unitsofmeasure.org</td><td/></tr><tr><td style=\"border-right-width: 0px\">Messages/M_prescription_médicaments/Prescription/Rens_compl/Valeur_rens_compl_1/Unité</td><td style=\"border-left-width: 0px\"></td><td/><td>{Absent}/{Différent de UCUM}</td><td><a href=\"http://hl7.org/fhir/R5/codesystem-concept-map-relationship.html#equivalent\" title=\"equivalent\">is equivalent to</a></td><td style=\"border-right-width: 0px\">Observation.valueQuantity.unit</td><td style=\"border-left-width: 0px\"></td><td/><td>Traduire Rens_compl/Valeur_rens_compl_1/Unité en UCUM si possible soit en utilisant le mapping SIPh_CIO si applicable, soit par mapping de la terminologie locale utilisée et utiliser le code dans Observation.valueQuantity.code avec Observation.valueQuantity.system renseigné à http://unitsofmeasure.org. Si ce n'est pas possible Observation.valueQuantity.unit peut être renseigné avec la valeur dans PN13</td></tr></table><hr/><p><b>Group 6 </b>Mapping from <code>unspecified code system</code> to <code>unspecified code system</code></p><table class=\"grid\"><tr><td colspan=\"4\"><b>Source Concept Details</b></td><td><b>Relationship</b></td><td colspan=\"3\"><b>Target Concept Details</b></td><td><b>Comment</b></td><td colspan=\"3\"><b>Properties</b></td></tr><tr><td colspan=\"2\"><b>Codes</b> from </td><td><b>Unité@Phastnomenclature1</b></td><td><b>Unité1</b></td><td/><td colspan=\"2\"><b>Codes</b> from </td><td><b>Observation.valueQuantity.system</b></td><td/></tr><tr><td style=\"border-right-width: 0px\">Messages/M_prescription_médicaments/Prescription/Rens_compl/Valeur_rens_compl_2/Nombre</td><td style=\"border-left-width: 0px\"></td><td/><td/><td><a href=\"http://hl7.org/fhir/R5/codesystem-concept-map-relationship.html#equal\" title=\"equal\">is equal to</a></td><td style=\"border-right-width: 0px\">Observation.valueQuantity.value</td><td style=\"border-left-width: 0px\"></td><td/><td/></tr><tr><td style=\"border-right-width: 0px\">Messages/M_prescription_médicaments/Prescription/Rens_compl/Valeur_rens_compl_2/Unité</td><td style=\"border-left-width: 0px\"></td><td/><td>UCUM</td><td><a href=\"http://hl7.org/fhir/R5/codesystem-concept-map-relationship.html#equal\" title=\"equal\">is equal to</a></td><td style=\"border-right-width: 0px\">Observation.valueQuantity.code</td><td style=\"border-left-width: 0px\"></td><td>http://unitsofmeasure.org</td><td/></tr><tr><td style=\"border-right-width: 0px\">Messages/M_prescription_médicaments/Prescription/Rens_compl/Valeur_rens_compl_2/Unité</td><td style=\"border-left-width: 0px\"></td><td>{Absent}/{Différent de UCUM}</td><td/><td><a href=\"http://hl7.org/fhir/R5/codesystem-concept-map-relationship.html#equivalent\" title=\"equivalent\">is equivalent to</a></td><td style=\"border-right-width: 0px\">Observation.valueQuantity.unit</td><td style=\"border-left-width: 0px\"></td><td/><td>Traduire Rens_compl/Valeur_rens_compl_2/Unité en UCUM si possible soit en utilisant le mapping SIPh_CIO si applicable, soit par mapping de la terminologie locale utilisée et utiliser le code dans Observation.valueQuantity.code avec Observation.valueQuantity.system renseigné à http://unitsofmeasure.org. Si ce n'est pas possible Observation.valueQuantity.unit peut être renseigné avec la valeur dans PN13</td></tr></table><hr/><p><b>Group 7 </b>Mapping from <code>unspecified code system</code> to <code>unspecified code system</code></p><table class=\"grid\"><tr><td colspan=\"4\"><b>Source Concept Details</b></td><td><b>Relationship</b></td><td colspan=\"3\"><b>Target Concept Details</b></td><td><b>Comment</b></td><td colspan=\"3\"><b>Properties</b></td></tr><tr><td colspan=\"2\"><b>Codes</b> from </td><td><b>Unité@Phastnomenclature2</b></td><td><b>Unité2</b></td><td/><td colspan=\"2\"><b>Codes</b> from </td><td><b>Observation.valueQuantity.system</b></td><td/></tr><tr><td style=\"border-right-width: 0px\">Messages/M_prescription_médicaments/Prescription/Rens_compl/Valeur_rens_compl_3/Nombre</td><td style=\"border-left-width: 0px\"></td><td/><td/><td><a href=\"http://hl7.org/fhir/R5/codesystem-concept-map-relationship.html#equal\" title=\"equal\">is equal to</a></td><td style=\"border-right-width: 0px\">Observation.valueQuantity.value</td><td style=\"border-left-width: 0px\"></td><td/><td/></tr><tr><td style=\"border-right-width: 0px\">Messages/M_prescription_médicaments/Prescription/Rens_compl/Valeur_rens_compl_3/Unité</td><td style=\"border-left-width: 0px\"></td><td/><td>UCUM</td><td><a href=\"http://hl7.org/fhir/R5/codesystem-concept-map-relationship.html#equal\" title=\"equal\">is equal to</a></td><td style=\"border-right-width: 0px\">Observation.valueQuantity.code</td><td style=\"border-left-width: 0px\"></td><td>http://unitsofmeasure.org</td><td/></tr><tr><td style=\"border-right-width: 0px\">Messages/M_prescription_médicaments/Prescription/Rens_compl/Valeur_rens_compl_3/Unité</td><td style=\"border-left-width: 0px\"></td><td>{Absent}/{Différent de UCUM}</td><td/><td><a href=\"http://hl7.org/fhir/R5/codesystem-concept-map-relationship.html#equivalent\" title=\"equivalent\">is equivalent to</a></td><td style=\"border-right-width: 0px\">Observation.valueQuantity.unit</td><td style=\"border-left-width: 0px\"></td><td/><td>Traduire Rens_compl/Valeur_rens_compl_3/Unité en UCUM si possible soit en utilisant le mapping SIPh_CIO si applicable, soit par mapping de la terminologie locale utilisée et utiliser le code dans Observation.valueQuantity.code avec Observation.valueQuantity.system renseigné à http://unitsofmeasure.org. Si ce n'est pas possible Observation.valueQuantity.unit peut être renseigné avec la valeur dans PN13</td></tr></table><hr/><p><b>Group 8 </b>Mapping from <code>unspecified code system</code> to <code>unspecified code system</code></p><table class=\"grid\"><tr><td><b>Source Code</b></td><td><b>Relationship</b></td><td><b>Target Code</b></td><td><b>Comment</b></td></tr><tr><td>Messages/M_prescription_médicaments/Prescription/Rens_compl/Valeur_rens_compl_4/Nombre</td><td><a href=\"http://hl7.org/fhir/R5/codesystem-concept-map-relationship.html#disjoint\" title=\"disjoint\">is not related to</a></td><td/><td>Cet élément n'est pas mappé pour l'instant</td></tr></table><hr/><p><b>Group 9 </b>Mapping from <code>unspecified code system</code> to <code>unspecified code system</code></p><table class=\"grid\"><tr><td colspan=\"4\"><b>Source Concept Details</b></td><td><b>Relationship</b></td><td colspan=\"3\"><b>Target Concept Details</b></td><td><b>Comment</b></td><td colspan=\"3\"><b>Properties</b></td></tr><tr><td colspan=\"2\"><b>Codes</b> from </td><td><b>Unité@Phastnomenclature3</b></td><td><b>Unité3</b></td><td/><td colspan=\"2\"><b>Codes</b> from </td><td><b>Observation.valueQuantity.system</b></td><td/></tr><tr><td style=\"border-right-width: 0px\">Messages/M_prescription_médicaments/Prescription/Rens_compl/Valeur_rens_compl_5/Nombre</td><td style=\"border-left-width: 0px\"></td><td/><td/><td><a href=\"http://hl7.org/fhir/R5/codesystem-concept-map-relationship.html#equal\" title=\"equal\">is equal to</a></td><td style=\"border-right-width: 0px\">Observation.valueQuantity.value</td><td style=\"border-left-width: 0px\"></td><td/><td/></tr><tr><td style=\"border-right-width: 0px\">Messages/M_prescription_médicaments/Prescription/Rens_compl/Valeur_rens_compl_5/Unité</td><td style=\"border-left-width: 0px\"></td><td/><td>UCUM</td><td><a href=\"http://hl7.org/fhir/R5/codesystem-concept-map-relationship.html#equal\" title=\"equal\">is equal to</a></td><td style=\"border-right-width: 0px\">Observation.valueQuantity.code</td><td style=\"border-left-width: 0px\"></td><td>http://unitsofmeasure.org</td><td/></tr><tr><td style=\"border-right-width: 0px\">Messages/M_prescription_médicaments/Prescription/Rens_compl/Valeur_rens_compl_5/Unité</td><td style=\"border-left-width: 0px\"></td><td>{Absent}/{Différent de UCUM}</td><td/><td><a href=\"http://hl7.org/fhir/R5/codesystem-concept-map-relationship.html#equivalent\" title=\"equivalent\">is equivalent to</a></td><td style=\"border-right-width: 0px\">Observation.valueQuantity.unit</td><td style=\"border-left-width: 0px\"></td><td/><td>Traduire Rens_compl/Valeur_rens_compl_5/Unité en UCUM si possible soit en utilisant le mapping SIPh_CIO si applicable, soit par mapping de la terminologie locale utilisée et utiliser le code dans Observation.valueQuantity.code avec Observation.valueQuantity.system renseigné à http://unitsofmeasure.org. Si ce n'est pas possible Observation.valueQuantity.unit peut être renseigné avec la valeur dans PN13</td></tr></table><hr/><p><b>Group 10 </b>Mapping from <code>unspecified code system</code> to <code>unspecified code system</code></p><table class=\"grid\"><tr><td><b>Source Code</b></td><td><b>Relationship</b></td><td><b>Target Code</b></td><td><b>Comment</b></td></tr><tr><td>Messages/M_prescription_médicaments/Prescription/Rens_compl/Valeur_rens_compl_6/Nombre</td><td><a href=\"http://hl7.org/fhir/R5/codesystem-concept-map-relationship.html#disjoint\" title=\"disjoint\">is not related to</a></td><td/><td>Cet élément n'est pas mappé pour l'instant</td></tr></table><hr/><p><b>Group 11 </b>Mapping from <code>unspecified code system</code> to <code>unspecified code system</code></p><table class=\"grid\"><tr><td><b>Source Code</b></td><td><b>Relationship</b></td><td><b>Target Code</b></td><td><b>Comment</b></td></tr><tr><td>Messages/M_prescription_médicaments/Prescription/Rens_compl/Valeur_rens_compl_7/Nombre</td><td><a href=\"http://hl7.org/fhir/R5/codesystem-concept-map-relationship.html#disjoint\" title=\"disjoint\">is not related to</a></td><td/><td>Cet élément n'est pas mappé pour l'instant</td></tr></table><hr/><p><b>Group 12 </b>Mapping from <code>unspecified code system</code> to <code>unspecified code system</code></p><table class=\"grid\"><tr><td><b>Source Code</b></td><td><b>Relationship</b></td><td><b>Target Code</b></td><td><b>Comment</b></td></tr><tr><td>Messages/M_prescription_médicaments/Prescription/Rens_compl/Valeur_rens_compl_8/Nombre</td><td><a href=\"http://hl7.org/fhir/R5/codesystem-concept-map-relationship.html#disjoint\" title=\"disjoint\">is not related to</a></td><td/><td>Cet élément n'est pas mappé pour l'instant</td></tr></table><hr/><p><b>Group 13 </b>Mapping from <code>unspecified code system</code> to <code>unspecified code system</code></p><table class=\"grid\"><tr><td><b>Source Code</b></td><td><b>Relationship</b></td><td><b>Target Code</b></td><td><b>Comment</b></td></tr><tr><td>Messages/M_prescription_médicaments/Prescription/Rens_compl/Valeur_rens_compl_9/Nombre</td><td><a href=\"http://hl7.org/fhir/R5/codesystem-concept-map-relationship.html#disjoint\" title=\"disjoint\">is not related to</a></td><td/><td>Cet élément n'est pas mappé pour l'instant</td></tr></table><hr/><p><b>Group 14 </b>Mapping from <code>unspecified code system</code> to <code>unspecified code system</code></p><table class=\"grid\"><tr><td><b>Source Code</b></td><td><b>Relationship</b></td><td><b>Target Code</b></td><td><b>Comment</b></td></tr><tr><td>Messages/M_prescription_médicaments/Prescription/Rens_compl/Valeur_rens_compl_10/Nombre</td><td><a href=\"http://hl7.org/fhir/R5/codesystem-concept-map-relationship.html#disjoint\" title=\"disjoint\">is not related to</a></td><td/><td>Cet élément n'est pas mappé pour l'instant</td></tr></table></div>"
  },
  "url" : "https://hl7.fr/fhir/fr/medication/ConceptMap/PN13-FHIR-observation-conceptmap",
  "version" : "0.1.0",
  "name" : "FrPN13FHIRObservationConceptMap",
  "title" : "Conversion PN13 vers FHIR pour les renseignements complémentaires d'une prescription de médicaments",
  "status" : "draft",
  "date" : "2025-04-15T06:58:45+00:00",
  "publisher" : "Interop'Santé",
  "contact" : [{
    "name" : "Interop'Santé",
    "telecom" : [{
      "system" : "url",
      "value" : "http://interopsante.org/"
    }]
  }],
  "description" : "ConceptMap pour la conversion PN13 vers FHIR d'un renseignement complémentare d'une prescritpion de médicament",
  "sourceUri" : "https://interopsante.org/pn13/xsd",
  "targetUri" : "https://hl7.org/fhir/R4/observation",
  "group" : [{
    "element" : [{
      "code" : "Messages/M_prescription_médicaments/Prescription/Rens_compl/",
      "target" : [{
        "code" : "Observation",
        "equivalence" : "relatedto",
        "comment" : "Groupe pour initialiser les éléments nécessaires à la ressource Observation qui ne viennent pas de PN13",
        "product" : [{
          "property" : "Observation.status",
          "value" : "final"
        },
        {
          "property" : "Observation.subject.reference",
          "value" : "{Référence vers la ressource Patient sujet de la prescription}"
        }]
      }]
    }]
  },
  {
    "element" : [{
      "code" : "Messages/M_prescription_médicaments/Prescription/Rens_compl/Code_rens_compl_1",
      "target" : [{
        "code" : "Observation.code.coding.code",
        "equivalence" : "equivalent",
        "product" : [{
          "property" : "Observation.meta.profile",
          "value" : "https://hl7.fr/ig/fhir/core/StructureDefinition/fr-core-observation-body-weight"
        },
        {
          "property" : "Observation.code.coding.code",
          "value" : "29463-7"
        },
        {
          "property" : "Observation.code.coding.system",
          "value" : "http://loinc.org"
        },
        {
          "property" : "Observation.category.coding.code",
          "value" : "vital-signs"
        },
        {
          "property" : "Observation.category.coding.system",
          "value" : "http://terminology.hl7.org/CodeSystem/observation-category"
        }]
      }]
    },
    {
      "code" : "Messages/M_prescription_médicaments/Prescription/Rens_compl/Code_rens_compl_2",
      "target" : [{
        "code" : "Observation.code.coding.code",
        "equivalence" : "equivalent",
        "product" : [{
          "property" : "Observation.meta.profile",
          "value" : "https://hl7.fr/ig/fhir/core/StructureDefinition/fr-core-observation-body-height"
        },
        {
          "property" : "Observation.code.coding.code",
          "value" : "8302-2"
        },
        {
          "property" : "Observation.code.coding.system",
          "value" : "http://loinc.org"
        },
        {
          "property" : "Observation.category.coding.code",
          "value" : "vital-signs"
        },
        {
          "property" : "Observation.category.coding.system",
          "value" : "http://terminology.hl7.org/CodeSystem/observation-category"
        }]
      }]
    },
    {
      "code" : "Messages/M_prescription_médicaments/Prescription/Rens_compl/Code_rens_compl_3",
      "target" : [{
        "code" : "Observation.code.coding.code",
        "equivalence" : "equivalent",
        "product" : [{
          "property" : "Observation.code.coding.code",
          "value" : "8277-6"
        },
        {
          "property" : "Observation.code.coding.system",
          "value" : "http://loinc.org"
        }]
      }]
    },
    {
      "code" : "Messages/M_prescription_médicaments/Prescription/Rens_compl/Code_rens_compl_4",
      "target" : [{
        "code" : "Observation.code.coding.code",
        "equivalence" : "disjoint",
        "comment" : "Cet élément n'est pas mappé pour l'instant"
      }]
    },
    {
      "code" : "Messages/M_prescription_médicaments/Prescription/Rens_compl/Code_rens_compl_5",
      "target" : [{
        "code" : "Observation.code.coding.code",
        "equivalence" : "equivalent",
        "product" : [{
          "property" : "Observation.code.coding.code",
          "value" : "33558-8"
        },
        {
          "property" : "Observation.code.coding.system",
          "value" : "http://loinc.org"
        }]
      }]
    },
    {
      "code" : "Messages/M_prescription_médicaments/Prescription/Rens_compl/Code_rens_compl_6",
      "target" : [{
        "code" : "Observation.code.coding.code",
        "equivalence" : "disjoint",
        "comment" : "Cet élément n'est pas mappé pour l'instant"
      }]
    },
    {
      "code" : "Messages/M_prescription_médicaments/Prescription/Rens_compl/Code_rens_compl_7",
      "target" : [{
        "code" : "Observation.code.coding.code",
        "equivalence" : "disjoint",
        "comment" : "Cet élément n'est pas mappé pour l'instant"
      }]
    },
    {
      "code" : "Messages/M_prescription_médicaments/Prescription/Rens_compl/Code_rens_compl_8",
      "target" : [{
        "code" : "Observation.code.coding.code",
        "equivalence" : "disjoint",
        "comment" : "Cet élément n'est pas mappé pour l'instant"
      }]
    },
    {
      "code" : "Messages/M_prescription_médicaments/Prescription/Rens_compl/Code_rens_compl_9",
      "target" : [{
        "code" : "Observation.code.coding.code",
        "equivalence" : "disjoint",
        "comment" : "Cet élément n'est pas mappé pour l'instant"
      }]
    },
    {
      "code" : "Messages/M_prescription_médicaments/Prescription/Rens_compl/Code_rens_compl_10",
      "target" : [{
        "code" : "Observation.code.coding.code",
        "equivalence" : "disjoint",
        "comment" : "Cet élément n'est pas mappé pour l'instant"
      }]
    }]
  },
  {
    "element" : [{
      "code" : "Messages/M_prescription_médicaments/Prescription/Rens_compl/Dh_enreg_rens_compl",
      "target" : [{
        "code" : "Observation.issued",
        "equivalence" : "equivalent",
        "comment" : "La date et l'heure sont à mettre au format FHIR avec offset"
      }]
    }]
  },
  {
    "element" : [{
      "code" : "Messages/M_prescription_médicaments/Prescription/Rens_compl/Dh_rens_compl",
      "target" : [{
        "code" : "Observation.effectiveDateTime",
        "equivalence" : "equivalent",
        "comment" : "La date et l'heure sont à mettre au format FHIR avec offset"
      }]
    }]
  },
  {
    "element" : [{
      "code" : "Messages/M_prescription_médicaments/Prescription/Rens_compl/Valeur_rens_compl_1/Nombre",
      "target" : [{
        "code" : "Observation.valueQuantity.value",
        "equivalence" : "equal"
      }]
    },
    {
      "code" : "Messages/M_prescription_médicaments/Prescription/Rens_compl/Valeur_rens_compl_1/Unité",
      "target" : [{
        "code" : "Observation.valueQuantity.code",
        "equivalence" : "equal",
        "dependsOn" : [{
          "property" : "Messages/M_prescription_médicaments/Prescription/Rens_compl/Valeur_rens_compl_1/Unité",
          "value" : "UCUM"
        }],
        "product" : [{
          "property" : "Observation.valueQuantity.system",
          "value" : "http://unitsofmeasure.org"
        }]
      }]
    },
    {
      "code" : "Messages/M_prescription_médicaments/Prescription/Rens_compl/Valeur_rens_compl_1/Unité",
      "target" : [{
        "code" : "Observation.valueQuantity.unit",
        "equivalence" : "equivalent",
        "comment" : "Traduire Rens_compl/Valeur_rens_compl_1/Unité en UCUM si possible soit en utilisant le mapping SIPh_CIO si applicable, soit par mapping de la terminologie locale utilisée et utiliser le code dans Observation.valueQuantity.code avec Observation.valueQuantity.system renseigné à http://unitsofmeasure.org. Si ce n'est pas possible Observation.valueQuantity.unit peut être renseigné avec la valeur dans PN13",
        "dependsOn" : [{
          "property" : "Messages/M_prescription_médicaments/Prescription/Rens_compl/Valeur_rens_compl_1/Unité@Phast-nomenclature",
          "value" : "{Absent}/{Différent de UCUM}"
        }]
      }]
    }]
  },
  {
    "element" : [{
      "code" : "Messages/M_prescription_médicaments/Prescription/Rens_compl/Valeur_rens_compl_2/Nombre",
      "target" : [{
        "code" : "Observation.valueQuantity.value",
        "equivalence" : "equal"
      }]
    },
    {
      "code" : "Messages/M_prescription_médicaments/Prescription/Rens_compl/Valeur_rens_compl_2/Unité",
      "target" : [{
        "code" : "Observation.valueQuantity.code",
        "equivalence" : "equal",
        "dependsOn" : [{
          "property" : "Messages/M_prescription_médicaments/Prescription/Rens_compl/Valeur_rens_compl_2/Unité",
          "value" : "UCUM"
        }],
        "product" : [{
          "property" : "Observation.valueQuantity.system",
          "value" : "http://unitsofmeasure.org"
        }]
      }]
    },
    {
      "code" : "Messages/M_prescription_médicaments/Prescription/Rens_compl/Valeur_rens_compl_2/Unité",
      "target" : [{
        "code" : "Observation.valueQuantity.unit",
        "equivalence" : "equivalent",
        "comment" : "Traduire Rens_compl/Valeur_rens_compl_2/Unité en UCUM si possible soit en utilisant le mapping SIPh_CIO si applicable, soit par mapping de la terminologie locale utilisée et utiliser le code dans Observation.valueQuantity.code avec Observation.valueQuantity.system renseigné à http://unitsofmeasure.org. Si ce n'est pas possible Observation.valueQuantity.unit peut être renseigné avec la valeur dans PN13",
        "dependsOn" : [{
          "property" : "Messages/M_prescription_médicaments/Prescription/Rens_compl/Valeur_rens_compl_2/Unité@Phast-nomenclature",
          "value" : "{Absent}/{Différent de UCUM}"
        }]
      }]
    }]
  },
  {
    "element" : [{
      "code" : "Messages/M_prescription_médicaments/Prescription/Rens_compl/Valeur_rens_compl_3/Nombre",
      "target" : [{
        "code" : "Observation.valueQuantity.value",
        "equivalence" : "equal"
      }]
    },
    {
      "code" : "Messages/M_prescription_médicaments/Prescription/Rens_compl/Valeur_rens_compl_3/Unité",
      "target" : [{
        "code" : "Observation.valueQuantity.code",
        "equivalence" : "equal",
        "dependsOn" : [{
          "property" : "Messages/M_prescription_médicaments/Prescription/Rens_compl/Valeur_rens_compl_3/Unité",
          "value" : "UCUM"
        }],
        "product" : [{
          "property" : "Observation.valueQuantity.system",
          "value" : "http://unitsofmeasure.org"
        }]
      }]
    },
    {
      "code" : "Messages/M_prescription_médicaments/Prescription/Rens_compl/Valeur_rens_compl_3/Unité",
      "target" : [{
        "code" : "Observation.valueQuantity.unit",
        "equivalence" : "equivalent",
        "comment" : "Traduire Rens_compl/Valeur_rens_compl_3/Unité en UCUM si possible soit en utilisant le mapping SIPh_CIO si applicable, soit par mapping de la terminologie locale utilisée et utiliser le code dans Observation.valueQuantity.code avec Observation.valueQuantity.system renseigné à http://unitsofmeasure.org. Si ce n'est pas possible Observation.valueQuantity.unit peut être renseigné avec la valeur dans PN13",
        "dependsOn" : [{
          "property" : "Messages/M_prescription_médicaments/Prescription/Rens_compl/Valeur_rens_compl_3/Unité@Phast-nomenclature",
          "value" : "{Absent}/{Différent de UCUM}"
        }]
      }]
    }]
  },
  {
    "element" : [{
      "code" : "Messages/M_prescription_médicaments/Prescription/Rens_compl/Valeur_rens_compl_4/Nombre",
      "target" : [{
        "equivalence" : "disjoint",
        "comment" : "Cet élément n'est pas mappé pour l'instant"
      }]
    }]
  },
  {
    "element" : [{
      "code" : "Messages/M_prescription_médicaments/Prescription/Rens_compl/Valeur_rens_compl_5/Nombre",
      "target" : [{
        "code" : "Observation.valueQuantity.value",
        "equivalence" : "equal"
      }]
    },
    {
      "code" : "Messages/M_prescription_médicaments/Prescription/Rens_compl/Valeur_rens_compl_5/Unité",
      "target" : [{
        "code" : "Observation.valueQuantity.code",
        "equivalence" : "equal",
        "dependsOn" : [{
          "property" : "Messages/M_prescription_médicaments/Prescription/Rens_compl/Valeur_rens_compl_5/Unité",
          "value" : "UCUM"
        }],
        "product" : [{
          "property" : "Observation.valueQuantity.system",
          "value" : "http://unitsofmeasure.org"
        }]
      }]
    },
    {
      "code" : "Messages/M_prescription_médicaments/Prescription/Rens_compl/Valeur_rens_compl_5/Unité",
      "target" : [{
        "code" : "Observation.valueQuantity.unit",
        "equivalence" : "equivalent",
        "comment" : "Traduire Rens_compl/Valeur_rens_compl_5/Unité en UCUM si possible soit en utilisant le mapping SIPh_CIO si applicable, soit par mapping de la terminologie locale utilisée et utiliser le code dans Observation.valueQuantity.code avec Observation.valueQuantity.system renseigné à http://unitsofmeasure.org. Si ce n'est pas possible Observation.valueQuantity.unit peut être renseigné avec la valeur dans PN13",
        "dependsOn" : [{
          "property" : "Messages/M_prescription_médicaments/Prescription/Rens_compl/Valeur_rens_compl_5/Unité@Phast-nomenclature",
          "value" : "{Absent}/{Différent de UCUM}"
        }]
      }]
    }]
  },
  {
    "element" : [{
      "code" : "Messages/M_prescription_médicaments/Prescription/Rens_compl/Valeur_rens_compl_6/Nombre",
      "target" : [{
        "equivalence" : "disjoint",
        "comment" : "Cet élément n'est pas mappé pour l'instant"
      }]
    }]
  },
  {
    "element" : [{
      "code" : "Messages/M_prescription_médicaments/Prescription/Rens_compl/Valeur_rens_compl_7/Nombre",
      "target" : [{
        "equivalence" : "disjoint",
        "comment" : "Cet élément n'est pas mappé pour l'instant"
      }]
    }]
  },
  {
    "element" : [{
      "code" : "Messages/M_prescription_médicaments/Prescription/Rens_compl/Valeur_rens_compl_8/Nombre",
      "target" : [{
        "equivalence" : "disjoint",
        "comment" : "Cet élément n'est pas mappé pour l'instant"
      }]
    }]
  },
  {
    "element" : [{
      "code" : "Messages/M_prescription_médicaments/Prescription/Rens_compl/Valeur_rens_compl_9/Nombre",
      "target" : [{
        "equivalence" : "disjoint",
        "comment" : "Cet élément n'est pas mappé pour l'instant"
      }]
    }]
  },
  {
    "element" : [{
      "code" : "Messages/M_prescription_médicaments/Prescription/Rens_compl/Valeur_rens_compl_10/Nombre",
      "target" : [{
        "equivalence" : "disjoint",
        "comment" : "Cet élément n'est pas mappé pour l'instant"
      }]
    }]
  }]
}