<?xml version="1.0" encoding="UTF-8"?>

<Bundle xmlns="http://hl7.org/fhir">
  <id value="b03d9742-2cc3-46ee-8249-8bd9413357b2"/>
  <meta>
    <lastUpdated value="2025-02-19T14:28:15.514+00:00"/>
  </meta>
  <type value="collection"/>
  <entry>
    <fullUrl value="https://hl7.fr/fhir/fr/medication/ValueSet/fr-additional-when-codes"/>
    <resource>
      <ValueSet>
        <meta>
          <profile value="http://hl7.org/fhir/StructureDefinition/shareablevalueset"/>
        </meta>
        <text>
          <status value="generated"/>
          <div xmlns="http://www.w3.org/1999/xhtml">
            <p class="res-header-id">
              <b>Generated Narrative: ValueSet </b>
            </p>
            <p style="border: black 1px dotted; background-color: #EEEEEE; padding: 8px; margin-bottom: 8px">Expansion performed internally based on 
              <a href="CodeSystem-fr-additional-when-codes.html">codesystem code system Interop'Santé - Codes additionnels pour l'élément when v0.1.0 (CodeSystem)</a>
            </p>
            <p>This value set contains 16 concepts</p>
            <table class="codes">
              <tr>
                <td style="white-space:nowrap">
                  <b>Code</b>
                </td>
                <td>
                  <b>System</b>
                </td>
                <td>
                  <b>Display (en-US)</b>
                </td>
              </tr>
              <tr>
                <td style="white-space:nowrap">
                  <a name="x-https://hl7.fr/fhir/fr/medication/CodeSystem/fr-additional-when-codes-AGU"> </a>  
                  <a href="CodeSystem-fr-additional-when-codes.html#fr-additional-when-codes-AGU">AGU</a>
                </td>
                <td>https://hl7.fr/fhir/fr/medication/CodeSystem/fr-additional-when-codes</td>
                <td/>
              </tr>
              <tr>
                <td style="white-space:nowrap">
                  <a name="x-https://hl7.fr/fhir/fr/medication/CodeSystem/fr-additional-when-codes-PGU"> </a>  
                  <a href="CodeSystem-fr-additional-when-codes.html#fr-additional-when-codes-PGU">PGU</a>
                </td>
                <td>https://hl7.fr/fhir/fr/medication/CodeSystem/fr-additional-when-codes</td>
                <td/>
              </tr>
              <tr>
                <td style="white-space:nowrap">
                  <a name="x-https://hl7.fr/fhir/fr/medication/CodeSystem/fr-additional-when-codes-AT"> </a>  
                  <a href="CodeSystem-fr-additional-when-codes.html#fr-additional-when-codes-AT">AT</a>
                </td>
                <td>https://hl7.fr/fhir/fr/medication/CodeSystem/fr-additional-when-codes</td>
                <td/>
              </tr>
              <tr>
                <td style="white-space:nowrap">
                  <a name="x-https://hl7.fr/fhir/fr/medication/CodeSystem/fr-additional-when-codes-T"> </a>  
                  <a href="CodeSystem-fr-additional-when-codes.html#fr-additional-when-codes-T">T</a>
                </td>
                <td>https://hl7.fr/fhir/fr/medication/CodeSystem/fr-additional-when-codes</td>
                <td/>
              </tr>
              <tr>
                <td style="white-space:nowrap">
                  <a name="x-https://hl7.fr/fhir/fr/medication/CodeSystem/fr-additional-when-codes-PT"> </a>  
                  <a href="CodeSystem-fr-additional-when-codes.html#fr-additional-when-codes-PT">PT</a>
                </td>
                <td>https://hl7.fr/fhir/fr/medication/CodeSystem/fr-additional-when-codes</td>
                <td/>
              </tr>
              <tr>
                <td style="white-space:nowrap">
                  <a name="x-https://hl7.fr/fhir/fr/medication/CodeSystem/fr-additional-when-codes-ASK"> </a>  
                  <a href="CodeSystem-fr-additional-when-codes.html#fr-additional-when-codes-ASK">ASK</a>
                </td>
                <td>https://hl7.fr/fhir/fr/medication/CodeSystem/fr-additional-when-codes</td>
                <td/>
              </tr>
              <tr>
                <td style="white-space:nowrap">
                  <a name="x-https://hl7.fr/fhir/fr/medication/CodeSystem/fr-additional-when-codes-SK"> </a>  
                  <a href="CodeSystem-fr-additional-when-codes.html#fr-additional-when-codes-SK">SK</a>
                </td>
                <td>https://hl7.fr/fhir/fr/medication/CodeSystem/fr-additional-when-codes</td>
                <td/>
              </tr>
              <tr>
                <td style="white-space:nowrap">
                  <a name="x-https://hl7.fr/fhir/fr/medication/CodeSystem/fr-additional-when-codes-PSK"> </a>  
                  <a href="CodeSystem-fr-additional-when-codes.html#fr-additional-when-codes-PSK">PSK</a>
                </td>
                <td>https://hl7.fr/fhir/fr/medication/CodeSystem/fr-additional-when-codes</td>
                <td/>
              </tr>
              <tr>
                <td style="white-space:nowrap">
                  <a name="x-https://hl7.fr/fhir/fr/medication/CodeSystem/fr-additional-when-codes-AMS"> </a>  
                  <a href="CodeSystem-fr-additional-when-codes.html#fr-additional-when-codes-AMS">AMS</a>
                </td>
                <td>https://hl7.fr/fhir/fr/medication/CodeSystem/fr-additional-when-codes</td>
                <td/>
              </tr>
              <tr>
                <td style="white-space:nowrap">
                  <a name="x-https://hl7.fr/fhir/fr/medication/CodeSystem/fr-additional-when-codes-MS"> </a>  
                  <a href="CodeSystem-fr-additional-when-codes.html#fr-additional-when-codes-MS">MS</a>
                </td>
                <td>https://hl7.fr/fhir/fr/medication/CodeSystem/fr-additional-when-codes</td>
                <td/>
              </tr>
              <tr>
                <td style="white-space:nowrap">
                  <a name="x-https://hl7.fr/fhir/fr/medication/CodeSystem/fr-additional-when-codes-PMS"> </a>  
                  <a href="CodeSystem-fr-additional-when-codes.html#fr-additional-when-codes-PMS">PMS</a>
                </td>
                <td>https://hl7.fr/fhir/fr/medication/CodeSystem/fr-additional-when-codes</td>
                <td/>
              </tr>
              <tr>
                <td style="white-space:nowrap">
                  <a name="x-https://hl7.fr/fhir/fr/medication/CodeSystem/fr-additional-when-codes-AAS"> </a>  
                  <a href="CodeSystem-fr-additional-when-codes.html#fr-additional-when-codes-AAS">AAS</a>
                </td>
                <td>https://hl7.fr/fhir/fr/medication/CodeSystem/fr-additional-when-codes</td>
                <td/>
              </tr>
              <tr>
                <td style="white-space:nowrap">
                  <a name="x-https://hl7.fr/fhir/fr/medication/CodeSystem/fr-additional-when-codes-AS"> </a>  
                  <a href="CodeSystem-fr-additional-when-codes.html#fr-additional-when-codes-AS">AS</a>
                </td>
                <td>https://hl7.fr/fhir/fr/medication/CodeSystem/fr-additional-when-codes</td>
                <td/>
              </tr>
              <tr>
                <td style="white-space:nowrap">
                  <a name="x-https://hl7.fr/fhir/fr/medication/CodeSystem/fr-additional-when-codes-PAS"> </a>  
                  <a href="CodeSystem-fr-additional-when-codes.html#fr-additional-when-codes-PAS">PAS</a>
                </td>
                <td>https://hl7.fr/fhir/fr/medication/CodeSystem/fr-additional-when-codes</td>
                <td/>
              </tr>
              <tr>
                <td style="white-space:nowrap">
                  <a name="x-https://hl7.fr/fhir/fr/medication/CodeSystem/fr-additional-when-codes-ABT"> </a>  
                  <a href="CodeSystem-fr-additional-when-codes.html#fr-additional-when-codes-ABT">ABT</a>
                </td>
                <td>https://hl7.fr/fhir/fr/medication/CodeSystem/fr-additional-when-codes</td>
                <td/>
              </tr>
              <tr>
                <td style="white-space:nowrap">
                  <a name="x-https://hl7.fr/fhir/fr/medication/CodeSystem/fr-additional-when-codes-PBT"> </a>  
                  <a href="CodeSystem-fr-additional-when-codes.html#fr-additional-when-codes-PBT">PBT</a>
                </td>
                <td>https://hl7.fr/fhir/fr/medication/CodeSystem/fr-additional-when-codes</td>
                <td/>
              </tr>
            </table>
          </div>
        </text>
        <url value="https://hl7.fr/fhir/fr/medication/ValueSet/fr-additional-when-codes"/>
        <version value="0.1.0"/>
        <name value="FrAdditionalWhenCodes"/>
        <title value="value set Interop'Santé - Codes additionnels pour l'élément when"/>
        <status value="draft"/>
        <experimental value="false"/>
        <date value="2025-02-19T14:27:03+00:00"/>
        <immutable value="false"/>
        <expansion>
          <identifier value="urn:uuid:5ef1319d-bc14-405a-8b0d-1f1599583017"/>
          <timestamp value="2025-02-19T14:30:03+00:00"/>
          <total value="16"/>
          <offset value="0"/>
          <parameter>
            <name value="displayLanguage"/>
            <valueCode value="en-US"/>
          </parameter>
          <parameter>
            <name value="count"/>
            <valueInteger value="1000"/>
          </parameter>
          <parameter>
            <name value="offset"/>
            <valueInteger value="0"/>
          </parameter>
          <parameter>
            <name value="excludeNested"/>
            <valueBoolean value="false"/>
          </parameter>
          <parameter>
            <name value="used-codesystem"/>
            <valueUri value="https://hl7.fr/fhir/fr/medication/CodeSystem/fr-additional-when-codes|0.1.0"/>
          </parameter>
          <contains>
            <system value="https://hl7.fr/fhir/fr/medication/CodeSystem/fr-additional-when-codes"/>
            <code value="AGU"/>
          </contains>
          <contains>
            <system value="https://hl7.fr/fhir/fr/medication/CodeSystem/fr-additional-when-codes"/>
            <code value="PGU"/>
          </contains>
          <contains>
            <system value="https://hl7.fr/fhir/fr/medication/CodeSystem/fr-additional-when-codes"/>
            <code value="AT"/>
          </contains>
          <contains>
            <system value="https://hl7.fr/fhir/fr/medication/CodeSystem/fr-additional-when-codes"/>
            <code value="T"/>
          </contains>
          <contains>
            <system value="https://hl7.fr/fhir/fr/medication/CodeSystem/fr-additional-when-codes"/>
            <code value="PT"/>
          </contains>
          <contains>
            <system value="https://hl7.fr/fhir/fr/medication/CodeSystem/fr-additional-when-codes"/>
            <code value="ASK"/>
          </contains>
          <contains>
            <system value="https://hl7.fr/fhir/fr/medication/CodeSystem/fr-additional-when-codes"/>
            <code value="SK"/>
          </contains>
          <contains>
            <system value="https://hl7.fr/fhir/fr/medication/CodeSystem/fr-additional-when-codes"/>
            <code value="PSK"/>
          </contains>
          <contains>
            <system value="https://hl7.fr/fhir/fr/medication/CodeSystem/fr-additional-when-codes"/>
            <code value="AMS"/>
          </contains>
          <contains>
            <system value="https://hl7.fr/fhir/fr/medication/CodeSystem/fr-additional-when-codes"/>
            <code value="MS"/>
          </contains>
          <contains>
            <system value="https://hl7.fr/fhir/fr/medication/CodeSystem/fr-additional-when-codes"/>
            <code value="PMS"/>
          </contains>
          <contains>
            <system value="https://hl7.fr/fhir/fr/medication/CodeSystem/fr-additional-when-codes"/>
            <code value="AAS"/>
          </contains>
          <contains>
            <system value="https://hl7.fr/fhir/fr/medication/CodeSystem/fr-additional-when-codes"/>
            <code value="AS"/>
          </contains>
          <contains>
            <system value="https://hl7.fr/fhir/fr/medication/CodeSystem/fr-additional-when-codes"/>
            <code value="PAS"/>
          </contains>
          <contains>
            <system value="https://hl7.fr/fhir/fr/medication/CodeSystem/fr-additional-when-codes"/>
            <code value="ABT"/>
          </contains>
          <contains>
            <system value="https://hl7.fr/fhir/fr/medication/CodeSystem/fr-additional-when-codes"/>
            <code value="PBT"/>
          </contains>
        </expansion>
      </ValueSet>
    </resource>
  </entry>
  <entry>
    <fullUrl value="https://hl7.fr/fhir/fr/medication/ValueSet/fr-current-medication-document-type"/>
    <resource>
      <ValueSet>
        <meta>
          <profile value="http://hl7.org/fhir/StructureDefinition/shareablevalueset"/>
        </meta>
        <text>
          <status value="generated"/>
          <div xmlns="http://www.w3.org/1999/xhtml">
            <p class="res-header-id">
              <b>Generated Narrative: ValueSet </b>
            </p>
            <p style="border: black 1px dotted; background-color: #EEEEEE; padding: 8px; margin-bottom: 8px">Expansion performed internally based on 
              <a href="CodeSystem-fr-document-type.html">codesystem code system Interop'Santé - Type de document d'une ressource Composition du domaine Pharmacy v0.1.0 (CodeSystem)</a>
            </p>
            <p>This value set contains 3 concepts</p>
            <table class="codes">
              <tr>
                <td style="white-space:nowrap">
                  <b>Code</b>
                </td>
                <td>
                  <b>System</b>
                </td>
                <td>
                  <b>Display (en-US)</b>
                </td>
                <td>
                  <b>Definition</b>
                </td>
              </tr>
              <tr>
                <td style="white-space:nowrap">
                  <a name="x-https://hl7.fr/fhir/fr/medication/CodeSystem/fr-document-type-10000012"> </a>  
                  <a href="CodeSystem-fr-document-type.html#fr-document-type-10000012">10000012</a>
                </td>
                <td>https://hl7.fr/fhir/fr/medication/CodeSystem/fr-document-type</td>
                <td/>
                <td>
                  <div>
                    <p>Traitement Médicamenteux Courant (sans autre précision)</p>

                  </div>
                </td>
              </tr>
              <tr>
                <td style="white-space:nowrap">
                  <a name="x-https://hl7.fr/fhir/fr/medication/CodeSystem/fr-document-type-10000013"> </a>  
                  <a href="CodeSystem-fr-document-type.html#fr-document-type-10000013">10000013</a>
                </td>
                <td>https://hl7.fr/fhir/fr/medication/CodeSystem/fr-document-type</td>
                <td/>
                <td>
                  <div>
                    <p>OMA (Ordonnance Médicale d'Admission)</p>

                  </div>
                </td>
              </tr>
              <tr>
                <td style="white-space:nowrap">
                  <a name="x-https://hl7.fr/fhir/fr/medication/CodeSystem/fr-document-type-10000014"> </a>  
                  <a href="CodeSystem-fr-document-type.html#fr-document-type-10000014">10000014</a>
                </td>
                <td>https://hl7.fr/fhir/fr/medication/CodeSystem/fr-document-type</td>
                <td/>
                <td>
                  <div>
                    <p>Traitement Médicamenteux de sortie/transfert/mutation</p>

                  </div>
                </td>
              </tr>
            </table>
          </div>
        </text>
        <url value="https://hl7.fr/fhir/fr/medication/ValueSet/fr-current-medication-document-type"/>
        <version value="0.1.0"/>
        <name value="FrCurrentMedicationDocumentType"/>
        <title value="value set Interop'Santé - type de document de la ressource Composition d'une FCT"/>
        <status value="draft"/>
        <experimental value="false"/>
        <date value="2025-02-19T14:27:03+00:00"/>
        <immutable value="false"/>
        <expansion>
          <identifier value="urn:uuid:dad2d5bd-0abf-46f4-a599-4e172fa423a3"/>
          <timestamp value="2025-02-19T14:30:03+00:00"/>
          <total value="3"/>
          <offset value="0"/>
          <parameter>
            <name value="displayLanguage"/>
            <valueCode value="en-US"/>
          </parameter>
          <parameter>
            <name value="count"/>
            <valueInteger value="1000"/>
          </parameter>
          <parameter>
            <name value="offset"/>
            <valueInteger value="0"/>
          </parameter>
          <parameter>
            <name value="excludeNested"/>
            <valueBoolean value="false"/>
          </parameter>
          <parameter>
            <name value="used-codesystem"/>
            <valueUri value="https://hl7.fr/fhir/fr/medication/CodeSystem/fr-document-type|0.1.0"/>
          </parameter>
          <contains>
            <system value="https://hl7.fr/fhir/fr/medication/CodeSystem/fr-document-type"/>
            <code value="10000012"/>
          </contains>
          <contains>
            <system value="https://hl7.fr/fhir/fr/medication/CodeSystem/fr-document-type"/>
            <code value="10000013"/>
          </contains>
          <contains>
            <system value="https://hl7.fr/fhir/fr/medication/CodeSystem/fr-document-type"/>
            <code value="10000014"/>
          </contains>
        </expansion>
      </ValueSet>
    </resource>
  </entry>
  <entry>
    <fullUrl value="https://hl7.fr/fhir/fr/medication/ValueSet/fr-editorial-status"/>
    <resource>
      <ValueSet>
        <meta>
          <profile value="http://hl7.org/fhir/StructureDefinition/shareablevalueset"/>
        </meta>
        <text>
          <status value="generated"/>
          <div xmlns="http://www.w3.org/1999/xhtml">
            <p class="res-header-id">
              <b>Generated Narrative: ValueSet </b>
            </p>
            <p style="border: black 1px dotted; background-color: #EEEEEE; padding: 8px; margin-bottom: 8px">Expansion performed internally based on 
              <a href="CodeSystem-fr-editorial-status.html">codesystem code system Interop'Santé - Statut éditorial d'une valeur v0.1.0 (CodeSystem)</a>
            </p>
            <p>This value set contains 4 concepts</p>
            <table class="codes">
              <tr>
                <td style="white-space:nowrap">
                  <b>Code</b>
                </td>
                <td>
                  <b>System</b>
                </td>
                <td>
                  <b>Display (en-US)</b>
                </td>
              </tr>
              <tr>
                <td style="white-space:nowrap">
                  <a name="x-https://hl7.fr/fhir/fr/medication/CodeSystem/fr-editorial-status-10000001"> </a>  
                  <a href="CodeSystem-fr-editorial-status.html#fr-editorial-status-10000001">10000001</a>
                </td>
                <td>https://hl7.fr/fhir/fr/medication/CodeSystem/fr-editorial-status</td>
                <td/>
              </tr>
              <tr>
                <td style="white-space:nowrap">
                  <a name="x-https://hl7.fr/fhir/fr/medication/CodeSystem/fr-editorial-status-10000002"> </a>  
                  <a href="CodeSystem-fr-editorial-status.html#fr-editorial-status-10000002">10000002</a>
                </td>
                <td>https://hl7.fr/fhir/fr/medication/CodeSystem/fr-editorial-status</td>
                <td/>
              </tr>
              <tr>
                <td style="white-space:nowrap">
                  <a name="x-https://hl7.fr/fhir/fr/medication/CodeSystem/fr-editorial-status-10000003"> </a>  
                  <a href="CodeSystem-fr-editorial-status.html#fr-editorial-status-10000003">10000003</a>
                </td>
                <td>https://hl7.fr/fhir/fr/medication/CodeSystem/fr-editorial-status</td>
                <td/>
              </tr>
              <tr>
                <td style="white-space:nowrap">
                  <a name="x-https://hl7.fr/fhir/fr/medication/CodeSystem/fr-editorial-status-10000004"> </a>  
                  <a href="CodeSystem-fr-editorial-status.html#fr-editorial-status-10000004">10000004</a>
                </td>
                <td>https://hl7.fr/fhir/fr/medication/CodeSystem/fr-editorial-status</td>
                <td/>
              </tr>
            </table>
          </div>
        </text>
        <url value="https://hl7.fr/fhir/fr/medication/ValueSet/fr-editorial-status"/>
        <version value="0.1.0"/>
        <name value="FrEditorialStatus"/>
        <title value="value set Interop'Santé - Statut éditorial d'une valeur"/>
        <status value="draft"/>
        <experimental value="false"/>
        <date value="2025-02-19T14:27:03+00:00"/>
        <immutable value="false"/>
        <expansion>
          <identifier value="urn:uuid:319656aa-f25c-4add-8114-118ae2d01ab3"/>
          <timestamp value="2025-02-19T14:30:03+00:00"/>
          <total value="4"/>
          <offset value="0"/>
          <parameter>
            <name value="displayLanguage"/>
            <valueCode value="en-US"/>
          </parameter>
          <parameter>
            <name value="count"/>
            <valueInteger value="1000"/>
          </parameter>
          <parameter>
            <name value="offset"/>
            <valueInteger value="0"/>
          </parameter>
          <parameter>
            <name value="excludeNested"/>
            <valueBoolean value="false"/>
          </parameter>
          <parameter>
            <name value="used-codesystem"/>
            <valueUri value="https://hl7.fr/fhir/fr/medication/CodeSystem/fr-editorial-status|0.1.0"/>
          </parameter>
          <contains>
            <system value="https://hl7.fr/fhir/fr/medication/CodeSystem/fr-editorial-status"/>
            <code value="10000001"/>
          </contains>
          <contains>
            <system value="https://hl7.fr/fhir/fr/medication/CodeSystem/fr-editorial-status"/>
            <code value="10000002"/>
          </contains>
          <contains>
            <system value="https://hl7.fr/fhir/fr/medication/CodeSystem/fr-editorial-status"/>
            <code value="10000003"/>
          </contains>
          <contains>
            <system value="https://hl7.fr/fhir/fr/medication/CodeSystem/fr-editorial-status"/>
            <code value="10000004"/>
          </contains>
        </expansion>
      </ValueSet>
    </resource>
  </entry>
  <entry>
    <fullUrl value="https://hl7.fr/fhir/fr/medication/ValueSet/fr-medication-history-source-type"/>
    <resource>
      <ValueSet>
        <meta>
          <profile value="http://hl7.org/fhir/StructureDefinition/shareablevalueset"/>
        </meta>
        <text>
          <status value="generated"/>
          <div xmlns="http://www.w3.org/1999/xhtml">
            <p class="res-header-id">
              <b>Generated Narrative: ValueSet </b>
            </p>
            <p style="border: black 1px dotted; background-color: #EEEEEE; padding: 8px; margin-bottom: 8px">Expansion performed internally based on 
              <a href="CodeSystem-fr-medication-history-source-type.html">codesystem code system Interop'Santé - Nature des sources d'un Bilan Médicamenteux v0.1.0 (CodeSystem)</a>
            </p>
            <p>This value set contains 18 concepts</p>
            <table class="codes">
              <tr>
                <td style="white-space:nowrap">
                  <b>Code</b>
                </td>
                <td>
                  <b>System</b>
                </td>
                <td>
                  <b>Display (en-US)</b>
                </td>
              </tr>
              <tr>
                <td style="white-space:nowrap">
                  <a name="x-https://hl7.fr/fhir/fr/medication/CodeSystem/fr-medication-history-source-type-10000001"> </a>  
                  <a href="CodeSystem-fr-medication-history-source-type.html#fr-medication-history-source-type-10000001">10000001</a>
                </td>
                <td>https://hl7.fr/fhir/fr/medication/CodeSystem/fr-medication-history-source-type</td>
                <td/>
              </tr>
              <tr>
                <td style="white-space:nowrap">
                  <a name="x-https://hl7.fr/fhir/fr/medication/CodeSystem/fr-medication-history-source-type-10000002"> </a>  
                  <a href="CodeSystem-fr-medication-history-source-type.html#fr-medication-history-source-type-10000002">10000002</a>
                </td>
                <td>https://hl7.fr/fhir/fr/medication/CodeSystem/fr-medication-history-source-type</td>
                <td/>
              </tr>
              <tr>
                <td style="white-space:nowrap">
                  <a name="x-https://hl7.fr/fhir/fr/medication/CodeSystem/fr-medication-history-source-type-10000003"> </a>  
                  <a href="CodeSystem-fr-medication-history-source-type.html#fr-medication-history-source-type-10000003">10000003</a>
                </td>
                <td>https://hl7.fr/fhir/fr/medication/CodeSystem/fr-medication-history-source-type</td>
                <td/>
              </tr>
              <tr>
                <td style="white-space:nowrap">
                  <a name="x-https://hl7.fr/fhir/fr/medication/CodeSystem/fr-medication-history-source-type-10000004"> </a>  
                  <a href="CodeSystem-fr-medication-history-source-type.html#fr-medication-history-source-type-10000004">10000004</a>
                </td>
                <td>https://hl7.fr/fhir/fr/medication/CodeSystem/fr-medication-history-source-type</td>
                <td/>
              </tr>
              <tr>
                <td style="white-space:nowrap">
                  <a name="x-https://hl7.fr/fhir/fr/medication/CodeSystem/fr-medication-history-source-type-10000005"> </a>  
                  <a href="CodeSystem-fr-medication-history-source-type.html#fr-medication-history-source-type-10000005">10000005</a>
                </td>
                <td>https://hl7.fr/fhir/fr/medication/CodeSystem/fr-medication-history-source-type</td>
                <td/>
              </tr>
              <tr>
                <td style="white-space:nowrap">
                  <a name="x-https://hl7.fr/fhir/fr/medication/CodeSystem/fr-medication-history-source-type-10000006"> </a>  
                  <a href="CodeSystem-fr-medication-history-source-type.html#fr-medication-history-source-type-10000006">10000006</a>
                </td>
                <td>https://hl7.fr/fhir/fr/medication/CodeSystem/fr-medication-history-source-type</td>
                <td/>
              </tr>
              <tr>
                <td style="white-space:nowrap">
                  <a name="x-https://hl7.fr/fhir/fr/medication/CodeSystem/fr-medication-history-source-type-10000007"> </a>  
                  <a href="CodeSystem-fr-medication-history-source-type.html#fr-medication-history-source-type-10000007">10000007</a>
                </td>
                <td>https://hl7.fr/fhir/fr/medication/CodeSystem/fr-medication-history-source-type</td>
                <td/>
              </tr>
              <tr>
                <td style="white-space:nowrap">
                  <a name="x-https://hl7.fr/fhir/fr/medication/CodeSystem/fr-medication-history-source-type-10000008"> </a>  
                  <a href="CodeSystem-fr-medication-history-source-type.html#fr-medication-history-source-type-10000008">10000008</a>
                </td>
                <td>https://hl7.fr/fhir/fr/medication/CodeSystem/fr-medication-history-source-type</td>
                <td/>
              </tr>
              <tr>
                <td style="white-space:nowrap">
                  <a name="x-https://hl7.fr/fhir/fr/medication/CodeSystem/fr-medication-history-source-type-10000009"> </a>  
                  <a href="CodeSystem-fr-medication-history-source-type.html#fr-medication-history-source-type-10000009">10000009</a>
                </td>
                <td>https://hl7.fr/fhir/fr/medication/CodeSystem/fr-medication-history-source-type</td>
                <td/>
              </tr>
              <tr>
                <td style="white-space:nowrap">
                  <a name="x-https://hl7.fr/fhir/fr/medication/CodeSystem/fr-medication-history-source-type-10000010"> </a>  
                  <a href="CodeSystem-fr-medication-history-source-type.html#fr-medication-history-source-type-10000010">10000010</a>
                </td>
                <td>https://hl7.fr/fhir/fr/medication/CodeSystem/fr-medication-history-source-type</td>
                <td/>
              </tr>
              <tr>
                <td style="white-space:nowrap">
                  <a name="x-https://hl7.fr/fhir/fr/medication/CodeSystem/fr-medication-history-source-type-10000011"> </a>  
                  <a href="CodeSystem-fr-medication-history-source-type.html#fr-medication-history-source-type-10000011">10000011</a>
                </td>
                <td>https://hl7.fr/fhir/fr/medication/CodeSystem/fr-medication-history-source-type</td>
                <td/>
              </tr>
              <tr>
                <td style="white-space:nowrap">
                  <a name="x-https://hl7.fr/fhir/fr/medication/CodeSystem/fr-medication-history-source-type-10000012"> </a>  
                  <a href="CodeSystem-fr-medication-history-source-type.html#fr-medication-history-source-type-10000012">10000012</a>
                </td>
                <td>https://hl7.fr/fhir/fr/medication/CodeSystem/fr-medication-history-source-type</td>
                <td/>
              </tr>
              <tr>
                <td style="white-space:nowrap">
                  <a name="x-https://hl7.fr/fhir/fr/medication/CodeSystem/fr-medication-history-source-type-10000013"> </a>  
                  <a href="CodeSystem-fr-medication-history-source-type.html#fr-medication-history-source-type-10000013">10000013</a>
                </td>
                <td>https://hl7.fr/fhir/fr/medication/CodeSystem/fr-medication-history-source-type</td>
                <td/>
              </tr>
              <tr>
                <td style="white-space:nowrap">
                  <a name="x-https://hl7.fr/fhir/fr/medication/CodeSystem/fr-medication-history-source-type-10000014"> </a>  
                  <a href="CodeSystem-fr-medication-history-source-type.html#fr-medication-history-source-type-10000014">10000014</a>
                </td>
                <td>https://hl7.fr/fhir/fr/medication/CodeSystem/fr-medication-history-source-type</td>
                <td/>
              </tr>
              <tr>
                <td style="white-space:nowrap">
                  <a name="x-https://hl7.fr/fhir/fr/medication/CodeSystem/fr-medication-history-source-type-10000015"> </a>  
                  <a href="CodeSystem-fr-medication-history-source-type.html#fr-medication-history-source-type-10000015">10000015</a>
                </td>
                <td>https://hl7.fr/fhir/fr/medication/CodeSystem/fr-medication-history-source-type</td>
                <td/>
              </tr>
              <tr>
                <td style="white-space:nowrap">
                  <a name="x-https://hl7.fr/fhir/fr/medication/CodeSystem/fr-medication-history-source-type-10000016"> </a>  
                  <a href="CodeSystem-fr-medication-history-source-type.html#fr-medication-history-source-type-10000016">10000016</a>
                </td>
                <td>https://hl7.fr/fhir/fr/medication/CodeSystem/fr-medication-history-source-type</td>
                <td/>
              </tr>
              <tr>
                <td style="white-space:nowrap">
                  <a name="x-https://hl7.fr/fhir/fr/medication/CodeSystem/fr-medication-history-source-type-10000017"> </a>  
                  <a href="CodeSystem-fr-medication-history-source-type.html#fr-medication-history-source-type-10000017">10000017</a>
                </td>
                <td>https://hl7.fr/fhir/fr/medication/CodeSystem/fr-medication-history-source-type</td>
                <td/>
              </tr>
              <tr>
                <td style="white-space:nowrap">
                  <a name="x-https://hl7.fr/fhir/fr/medication/CodeSystem/fr-medication-history-source-type-10000018"> </a>  
                  <a href="CodeSystem-fr-medication-history-source-type.html#fr-medication-history-source-type-10000018">10000018</a>
                </td>
                <td>https://hl7.fr/fhir/fr/medication/CodeSystem/fr-medication-history-source-type</td>
                <td/>
              </tr>
            </table>
          </div>
        </text>
        <url value="https://hl7.fr/fhir/fr/medication/ValueSet/fr-medication-history-source-type"/>
        <version value="0.1.0"/>
        <name value="FrMedicationHistorySourceType"/>
        <title value="value set SIPh - Nature des sources d'un Bilan Médicamenteux"/>
        <status value="draft"/>
        <experimental value="false"/>
        <date value="2025-02-19T14:27:03+00:00"/>
        <immutable value="false"/>
        <expansion>
          <identifier value="urn:uuid:2ef6dc1e-1ba6-47cd-bbda-79020c305599"/>
          <timestamp value="2025-02-19T14:30:03+00:00"/>
          <total value="18"/>
          <offset value="0"/>
          <parameter>
            <name value="displayLanguage"/>
            <valueCode value="en-US"/>
          </parameter>
          <parameter>
            <name value="count"/>
            <valueInteger value="1000"/>
          </parameter>
          <parameter>
            <name value="offset"/>
            <valueInteger value="0"/>
          </parameter>
          <parameter>
            <name value="excludeNested"/>
            <valueBoolean value="false"/>
          </parameter>
          <parameter>
            <name value="used-codesystem"/>
            <valueUri value="https://hl7.fr/fhir/fr/medication/CodeSystem/fr-medication-history-source-type|0.1.0"/>
          </parameter>
          <contains>
            <system value="https://hl7.fr/fhir/fr/medication/CodeSystem/fr-medication-history-source-type"/>
            <code value="10000001"/>
          </contains>
          <contains>
            <system value="https://hl7.fr/fhir/fr/medication/CodeSystem/fr-medication-history-source-type"/>
            <code value="10000002"/>
          </contains>
          <contains>
            <system value="https://hl7.fr/fhir/fr/medication/CodeSystem/fr-medication-history-source-type"/>
            <code value="10000003"/>
          </contains>
          <contains>
            <system value="https://hl7.fr/fhir/fr/medication/CodeSystem/fr-medication-history-source-type"/>
            <code value="10000004"/>
          </contains>
          <contains>
            <system value="https://hl7.fr/fhir/fr/medication/CodeSystem/fr-medication-history-source-type"/>
            <code value="10000005"/>
          </contains>
          <contains>
            <system value="https://hl7.fr/fhir/fr/medication/CodeSystem/fr-medication-history-source-type"/>
            <code value="10000006"/>
          </contains>
          <contains>
            <system value="https://hl7.fr/fhir/fr/medication/CodeSystem/fr-medication-history-source-type"/>
            <code value="10000007"/>
          </contains>
          <contains>
            <system value="https://hl7.fr/fhir/fr/medication/CodeSystem/fr-medication-history-source-type"/>
            <code value="10000008"/>
          </contains>
          <contains>
            <system value="https://hl7.fr/fhir/fr/medication/CodeSystem/fr-medication-history-source-type"/>
            <code value="10000009"/>
          </contains>
          <contains>
            <system value="https://hl7.fr/fhir/fr/medication/CodeSystem/fr-medication-history-source-type"/>
            <code value="10000010"/>
          </contains>
          <contains>
            <system value="https://hl7.fr/fhir/fr/medication/CodeSystem/fr-medication-history-source-type"/>
            <code value="10000011"/>
          </contains>
          <contains>
            <system value="https://hl7.fr/fhir/fr/medication/CodeSystem/fr-medication-history-source-type"/>
            <code value="10000012"/>
          </contains>
          <contains>
            <system value="https://hl7.fr/fhir/fr/medication/CodeSystem/fr-medication-history-source-type"/>
            <code value="10000013"/>
          </contains>
          <contains>
            <system value="https://hl7.fr/fhir/fr/medication/CodeSystem/fr-medication-history-source-type"/>
            <code value="10000014"/>
          </contains>
          <contains>
            <system value="https://hl7.fr/fhir/fr/medication/CodeSystem/fr-medication-history-source-type"/>
            <code value="10000015"/>
          </contains>
          <contains>
            <system value="https://hl7.fr/fhir/fr/medication/CodeSystem/fr-medication-history-source-type"/>
            <code value="10000016"/>
          </contains>
          <contains>
            <system value="https://hl7.fr/fhir/fr/medication/CodeSystem/fr-medication-history-source-type"/>
            <code value="10000017"/>
          </contains>
          <contains>
            <system value="https://hl7.fr/fhir/fr/medication/CodeSystem/fr-medication-history-source-type"/>
            <code value="10000018"/>
          </contains>
        </expansion>
      </ValueSet>
    </resource>
  </entry>
  <entry>
    <fullUrl value="https://hl7.fr/fhir/fr/medication/ValueSet/fr-medication-reconciliation-document-type"/>
    <resource>
      <ValueSet>
        <meta>
          <profile value="http://hl7.org/fhir/StructureDefinition/shareablevalueset"/>
        </meta>
        <text>
          <status value="generated"/>
          <div xmlns="http://www.w3.org/1999/xhtml">
            <p class="res-header-id">
              <b>Generated Narrative: ValueSet </b>
            </p>
            <p style="border: black 1px dotted; background-color: #EEEEEE; padding: 8px; margin-bottom: 8px">Expansion performed internally based on 
              <a href="CodeSystem-fr-document-type.html">codesystem code system Interop'Santé - Type de document d'une ressource Composition du domaine Pharmacy v0.1.0 (CodeSystem)</a>
            </p>
            <p>This value set contains 11 concepts</p>
            <table class="codes">
              <tr>
                <td style="white-space:nowrap">
                  <b>Code</b>
                </td>
                <td>
                  <b>System</b>
                </td>
                <td>
                  <b>Display (en-US)</b>
                </td>
                <td>
                  <b>Definition</b>
                </td>
              </tr>
              <tr>
                <td style="white-space:nowrap">
                  <a name="x-https://hl7.fr/fhir/fr/medication/CodeSystem/fr-document-type-10000001"> </a>  
                  <a href="CodeSystem-fr-document-type.html#fr-document-type-10000001">10000001</a>
                </td>
                <td>https://hl7.fr/fhir/fr/medication/CodeSystem/fr-document-type</td>
                <td/>
                <td>
                  <div>
                    <p>Fiche de Conciliation des Traitements médicamenteux (sans autre précision)</p>

                  </div>
                </td>
              </tr>
              <tr>
                <td style="white-space:nowrap">
                  <a name="x-https://hl7.fr/fhir/fr/medication/CodeSystem/fr-document-type-10000002"> </a>  
                  <a href="CodeSystem-fr-document-type.html#fr-document-type-10000002">10000002</a>
                </td>
                <td>https://hl7.fr/fhir/fr/medication/CodeSystem/fr-document-type</td>
                <td/>
                <td>
                  <div>
                    <p>Fiche de Conciliation des Traitements médicamenteux rétroactive d'admission</p>

                  </div>
                </td>
              </tr>
              <tr>
                <td style="white-space:nowrap">
                  <a name="x-https://hl7.fr/fhir/fr/medication/CodeSystem/fr-document-type-10000003"> </a>  
                  <a href="CodeSystem-fr-document-type.html#fr-document-type-10000003">10000003</a>
                </td>
                <td>https://hl7.fr/fhir/fr/medication/CodeSystem/fr-document-type</td>
                <td/>
                <td>
                  <div>
                    <p>Fiche de Conciliation des Traitements médicamenteux proactive d'admission</p>

                  </div>
                </td>
              </tr>
              <tr>
                <td style="white-space:nowrap">
                  <a name="x-https://hl7.fr/fhir/fr/medication/CodeSystem/fr-document-type-10000004"> </a>  
                  <a href="CodeSystem-fr-document-type.html#fr-document-type-10000004">10000004</a>
                </td>
                <td>https://hl7.fr/fhir/fr/medication/CodeSystem/fr-document-type</td>
                <td/>
                <td>
                  <div>
                    <p>Fiche de Conciliation des Traitements médicamenteux proactive de sortie (retour à domicile)</p>

                  </div>
                </td>
              </tr>
              <tr>
                <td style="white-space:nowrap">
                  <a name="x-https://hl7.fr/fhir/fr/medication/CodeSystem/fr-document-type-10000005"> </a>  
                  <a href="CodeSystem-fr-document-type.html#fr-document-type-10000005">10000005</a>
                </td>
                <td>https://hl7.fr/fhir/fr/medication/CodeSystem/fr-document-type</td>
                <td/>
                <td>
                  <div>
                    <p>Fiche de Conciliation des Traitements médicamenteux rétroactive de sortie (retour à domicile)</p>

                  </div>
                </td>
              </tr>
              <tr>
                <td style="white-space:nowrap">
                  <a name="x-https://hl7.fr/fhir/fr/medication/CodeSystem/fr-document-type-10000006"> </a>  
                  <a href="CodeSystem-fr-document-type.html#fr-document-type-10000006">10000006</a>
                </td>
                <td>https://hl7.fr/fhir/fr/medication/CodeSystem/fr-document-type</td>
                <td/>
                <td>
                  <div>
                    <p>Fiche de Conciliation des Traitements médicamenteux proactive de transfert (dans une autre structure de soins)</p>

                  </div>
                </td>
              </tr>
              <tr>
                <td style="white-space:nowrap">
                  <a name="x-https://hl7.fr/fhir/fr/medication/CodeSystem/fr-document-type-10000007"> </a>  
                  <a href="CodeSystem-fr-document-type.html#fr-document-type-10000007">10000007</a>
                </td>
                <td>https://hl7.fr/fhir/fr/medication/CodeSystem/fr-document-type</td>
                <td/>
                <td>
                  <div>
                    <p>Fiche de Conciliation des Traitements médicamenteux rétroactive de transfert (dans une autre structure de soins)</p>

                  </div>
                </td>
              </tr>
              <tr>
                <td style="white-space:nowrap">
                  <a name="x-https://hl7.fr/fhir/fr/medication/CodeSystem/fr-document-type-10000008"> </a>  
                  <a href="CodeSystem-fr-document-type.html#fr-document-type-10000008">10000008</a>
                </td>
                <td>https://hl7.fr/fhir/fr/medication/CodeSystem/fr-document-type</td>
                <td/>
                <td>
                  <div>
                    <p>Fiche de Conciliation des Traitements médicamenteux proactive de mutation (dans une autre unité fonctionnelle ou médicale)</p>

                  </div>
                </td>
              </tr>
              <tr>
                <td style="white-space:nowrap">
                  <a name="x-https://hl7.fr/fhir/fr/medication/CodeSystem/fr-document-type-10000009"> </a>  
                  <a href="CodeSystem-fr-document-type.html#fr-document-type-10000009">10000009</a>
                </td>
                <td>https://hl7.fr/fhir/fr/medication/CodeSystem/fr-document-type</td>
                <td/>
                <td>
                  <div>
                    <p>Fiche de Conciliation des Traitements médicamenteux rétroactive de mutation (dans une autre unité fonctionnelle ou médicale)</p>

                  </div>
                </td>
              </tr>
              <tr>
                <td style="white-space:nowrap">
                  <a name="x-https://hl7.fr/fhir/fr/medication/CodeSystem/fr-document-type-10000010"> </a>  
                  <a href="CodeSystem-fr-document-type.html#fr-document-type-10000010">10000010</a>
                </td>
                <td>https://hl7.fr/fhir/fr/medication/CodeSystem/fr-document-type</td>
                <td/>
                <td>
                  <div>
                    <p>Fiche de Conciliation des Traitements médicamenteux proactive de sortie du service (tout mode de sortie administratif confondu)</p>

                  </div>
                </td>
              </tr>
              <tr>
                <td style="white-space:nowrap">
                  <a name="x-https://hl7.fr/fhir/fr/medication/CodeSystem/fr-document-type-10000011"> </a>  
                  <a href="CodeSystem-fr-document-type.html#fr-document-type-10000011">10000011</a>
                </td>
                <td>https://hl7.fr/fhir/fr/medication/CodeSystem/fr-document-type</td>
                <td/>
                <td>
                  <div>
                    <p>Fiche de Conciliation des Traitements médicamenteux rétroactive de sortie du service (tout mode de sortie administratif confondu)</p>

                  </div>
                </td>
              </tr>
            </table>
          </div>
        </text>
        <url value="https://hl7.fr/fhir/fr/medication/ValueSet/fr-medication-reconciliation-document-type"/>
        <version value="0.1.0"/>
        <name value="FrMedicationReconciliationDocumentType"/>
        <title value="value set Interop'Santé - type de document de la ressource Composition d'une FCT"/>
        <status value="draft"/>
        <experimental value="false"/>
        <date value="2025-02-19T14:27:03+00:00"/>
        <immutable value="false"/>
        <expansion>
          <identifier value="urn:uuid:484961c5-c1ae-4b55-bb88-3d60dbd9f80f"/>
          <timestamp value="2025-02-19T14:30:03+00:00"/>
          <total value="11"/>
          <offset value="0"/>
          <parameter>
            <name value="displayLanguage"/>
            <valueCode value="en-US"/>
          </parameter>
          <parameter>
            <name value="count"/>
            <valueInteger value="1000"/>
          </parameter>
          <parameter>
            <name value="offset"/>
            <valueInteger value="0"/>
          </parameter>
          <parameter>
            <name value="excludeNested"/>
            <valueBoolean value="false"/>
          </parameter>
          <parameter>
            <name value="used-codesystem"/>
            <valueUri value="https://hl7.fr/fhir/fr/medication/CodeSystem/fr-document-type|0.1.0"/>
          </parameter>
          <contains>
            <system value="https://hl7.fr/fhir/fr/medication/CodeSystem/fr-document-type"/>
            <code value="10000001"/>
          </contains>
          <contains>
            <system value="https://hl7.fr/fhir/fr/medication/CodeSystem/fr-document-type"/>
            <code value="10000002"/>
          </contains>
          <contains>
            <system value="https://hl7.fr/fhir/fr/medication/CodeSystem/fr-document-type"/>
            <code value="10000003"/>
          </contains>
          <contains>
            <system value="https://hl7.fr/fhir/fr/medication/CodeSystem/fr-document-type"/>
            <code value="10000004"/>
          </contains>
          <contains>
            <system value="https://hl7.fr/fhir/fr/medication/CodeSystem/fr-document-type"/>
            <code value="10000005"/>
          </contains>
          <contains>
            <system value="https://hl7.fr/fhir/fr/medication/CodeSystem/fr-document-type"/>
            <code value="10000006"/>
          </contains>
          <contains>
            <system value="https://hl7.fr/fhir/fr/medication/CodeSystem/fr-document-type"/>
            <code value="10000007"/>
          </contains>
          <contains>
            <system value="https://hl7.fr/fhir/fr/medication/CodeSystem/fr-document-type"/>
            <code value="10000008"/>
          </contains>
          <contains>
            <system value="https://hl7.fr/fhir/fr/medication/CodeSystem/fr-document-type"/>
            <code value="10000009"/>
          </contains>
          <contains>
            <system value="https://hl7.fr/fhir/fr/medication/CodeSystem/fr-document-type"/>
            <code value="10000010"/>
          </contains>
          <contains>
            <system value="https://hl7.fr/fhir/fr/medication/CodeSystem/fr-document-type"/>
            <code value="10000011"/>
          </contains>
        </expansion>
      </ValueSet>
    </resource>
  </entry>
  <entry>
    <fullUrl value="https://hl7.fr/fhir/fr/medication/ValueSet/fr-medication-reconciliation-outcome"/>
    <resource>
      <ValueSet>
        <meta>
          <profile value="http://hl7.org/fhir/StructureDefinition/shareablevalueset"/>
        </meta>
        <text>
          <status value="generated"/>
          <div xmlns="http://www.w3.org/1999/xhtml">
            <p class="res-header-id">
              <b>Generated Narrative: ValueSet </b>
            </p>
            <p style="border: black 1px dotted; background-color: #EEEEEE; padding: 8px; margin-bottom: 8px">Expansion performed internally based on 
              <a href="CodeSystem-fr-medication-reconciliation-outcome.html">codesystem code system Interop'Santé - Gravité de l'erreur sur une ligne de traitement d'une FCT v0.1.0 (CodeSystem)</a>
            </p>
            <p>This value set contains 5 concepts</p>
            <table class="codes">
              <tr>
                <td style="white-space:nowrap">
                  <b>Code</b>
                </td>
                <td>
                  <b>System</b>
                </td>
                <td>
                  <b>Display (en-US)</b>
                </td>
                <td>
                  <b>Definition</b>
                </td>
              </tr>
              <tr>
                <td style="white-space:nowrap">
                  <a name="x-https://hl7.fr/fhir/fr/medication/CodeSystem/fr-medication-reconciliation-outcome-10000001"> </a>  
                  <a href="CodeSystem-fr-medication-reconciliation-outcome.html#fr-medication-reconciliation-outcome-10000001">10000001</a>
                </td>
                <td>https://hl7.fr/fhir/fr/medication/CodeSystem/fr-medication-reconciliation-outcome</td>
                <td/>
                <td>
                  <div>
                    <p>Erreur médicamenteuse sans conséquence pour le patient.</p>

                  </div>
                </td>
              </tr>
              <tr>
                <td style="white-space:nowrap">
                  <a name="x-https://hl7.fr/fhir/fr/medication/CodeSystem/fr-medication-reconciliation-outcome-10000002"> </a>  
                  <a href="CodeSystem-fr-medication-reconciliation-outcome.html#fr-medication-reconciliation-outcome-10000002">10000002</a>
                </td>
                <td>https://hl7.fr/fhir/fr/medication/CodeSystem/fr-medication-reconciliation-outcome</td>
                <td/>
                <td>
                  <div>
                    <p>Erreur médicamenteuse avec surveillance indispensable pour le patient mais sans conséquence clinique pour lui.</p>

                  </div>
                </td>
              </tr>
              <tr>
                <td style="white-space:nowrap">
                  <a name="x-https://hl7.fr/fhir/fr/medication/CodeSystem/fr-medication-reconciliation-outcome-10000003"> </a>  
                  <a href="CodeSystem-fr-medication-reconciliation-outcome.html#fr-medication-reconciliation-outcome-10000003">10000003</a>
                </td>
                <td>https://hl7.fr/fhir/fr/medication/CodeSystem/fr-medication-reconciliation-outcome</td>
                <td/>
                <td>
                  <div>
                    <p>Erreur médicamenteuse avec conséquences cliniques temporaires pour le patient : à l’origine d’une atteinte physique ou psychologique réversible qui nécessite un traitement ou une intervention ou un transfert vers un (autre) établissement, induction ou allongement du séjour hospitalier.</p>

                  </div>
                </td>
              </tr>
              <tr>
                <td style="white-space:nowrap">
                  <a name="x-https://hl7.fr/fhir/fr/medication/CodeSystem/fr-medication-reconciliation-outcome-10000004"> </a>  
                  <a href="CodeSystem-fr-medication-reconciliation-outcome.html#fr-medication-reconciliation-outcome-10000004">10000004</a>
                </td>
                <td>https://hl7.fr/fhir/fr/medication/CodeSystem/fr-medication-reconciliation-outcome</td>
                <td/>
                <td>
                  <div>
                    <p>Erreur médicamenteuse avec conséquences cliniques permanentes pour le patient : à l’origine d’une atteinte physique ou psychologique permanente irréversible.</p>

                  </div>
                </td>
              </tr>
              <tr>
                <td style="white-space:nowrap">
                  <a name="x-https://hl7.fr/fhir/fr/medication/CodeSystem/fr-medication-reconciliation-outcome-10000005"> </a>  
                  <a href="CodeSystem-fr-medication-reconciliation-outcome.html#fr-medication-reconciliation-outcome-10000005">10000005</a>
                </td>
                <td>https://hl7.fr/fhir/fr/medication/CodeSystem/fr-medication-reconciliation-outcome</td>
                <td/>
                <td>
                  <div>
                    <p>Erreur médicamenteuse avec mise en jeu du pronostic vital ou décès du patient.</p>

                  </div>
                </td>
              </tr>
            </table>
          </div>
        </text>
        <url value="https://hl7.fr/fhir/fr/medication/ValueSet/fr-medication-reconciliation-outcome"/>
        <version value="0.1.0"/>
        <name value="FrMedicationReconciliationOutcome"/>
        <title value="value set Interop'Santé - Gravité de l'erreur sur une ligne de traitement d'une FCT"/>
        <status value="draft"/>
        <experimental value="false"/>
        <date value="2025-02-19T14:27:03+00:00"/>
        <immutable value="false"/>
        <expansion>
          <identifier value="urn:uuid:3e881e55-12f6-4774-9283-f15dfc09f601"/>
          <timestamp value="2025-02-19T14:30:03+00:00"/>
          <total value="5"/>
          <offset value="0"/>
          <parameter>
            <name value="displayLanguage"/>
            <valueCode value="en-US"/>
          </parameter>
          <parameter>
            <name value="count"/>
            <valueInteger value="1000"/>
          </parameter>
          <parameter>
            <name value="offset"/>
            <valueInteger value="0"/>
          </parameter>
          <parameter>
            <name value="excludeNested"/>
            <valueBoolean value="false"/>
          </parameter>
          <parameter>
            <name value="used-codesystem"/>
            <valueUri value="https://hl7.fr/fhir/fr/medication/CodeSystem/fr-medication-reconciliation-outcome|0.1.0"/>
          </parameter>
          <contains>
            <system value="https://hl7.fr/fhir/fr/medication/CodeSystem/fr-medication-reconciliation-outcome"/>
            <code value="10000001"/>
          </contains>
          <contains>
            <system value="https://hl7.fr/fhir/fr/medication/CodeSystem/fr-medication-reconciliation-outcome"/>
            <code value="10000002"/>
          </contains>
          <contains>
            <system value="https://hl7.fr/fhir/fr/medication/CodeSystem/fr-medication-reconciliation-outcome"/>
            <code value="10000003"/>
          </contains>
          <contains>
            <system value="https://hl7.fr/fhir/fr/medication/CodeSystem/fr-medication-reconciliation-outcome"/>
            <code value="10000004"/>
          </contains>
          <contains>
            <system value="https://hl7.fr/fhir/fr/medication/CodeSystem/fr-medication-reconciliation-outcome"/>
            <code value="10000005"/>
          </contains>
        </expansion>
      </ValueSet>
    </resource>
  </entry>
  <entry>
    <fullUrl value="https://hl7.fr/fhir/fr/medication/ValueSet/fr-medication-reconciliation-qualified-discrepancy"/>
    <resource>
      <ValueSet>
        <meta>
          <profile value="http://hl7.org/fhir/StructureDefinition/shareablevalueset"/>
        </meta>
        <text>
          <status value="generated"/>
          <div xmlns="http://www.w3.org/1999/xhtml">
            <p class="res-header-id">
              <b>Generated Narrative: ValueSet </b>
            </p>
            <p style="border: black 1px dotted; background-color: #EEEEEE; padding: 8px; margin-bottom: 8px">Expansion performed internally based on 
              <a href="CodeSystem-fr-medication-reconciliation-discrepancy.html">codesystem code system Interop'Santé - divergence identifiée sur une ligne de traitement d'une FCT v0.1.0 (CodeSystem)</a>
            </p>
            <p>This value set contains 2 concepts</p>
            <table class="codes">
              <tr>
                <td style="white-space:nowrap">
                  <b>Code</b>
                </td>
                <td>
                  <b>System</b>
                </td>
                <td>
                  <b>Display (en-US)</b>
                </td>
                <td>
                  <b>Definition</b>
                </td>
              </tr>
              <tr>
                <td style="white-space:nowrap">
                  <a name="x-https://hl7.fr/fhir/fr/medication/CodeSystem/fr-medication-reconciliation-discrepancy-10000003"> </a>  
                  <a href="CodeSystem-fr-medication-reconciliation-discrepancy.html#fr-medication-reconciliation-discrepancy-10000003">10000003</a>
                </td>
                <td>https://hl7.fr/fhir/fr/medication/CodeSystem/fr-medication-reconciliation-discrepancy</td>
                <td/>
                <td>
                  <div>
                    <p>Divergence identifiée et qualifiée, entre la ligne de traitement du Bilan Médicamenteux et celle du Traitement Courant. Le Bilan Médicamenteux a été pris en compte par le prescripteur dans le Traitement Courant.</p>

                  </div>
                </td>
              </tr>
              <tr>
                <td style="white-space:nowrap">
                  <a name="x-https://hl7.fr/fhir/fr/medication/CodeSystem/fr-medication-reconciliation-discrepancy-10000004"> </a>  
                  <a href="CodeSystem-fr-medication-reconciliation-discrepancy.html#fr-medication-reconciliation-discrepancy-10000004">10000004</a>
                </td>
                <td>https://hl7.fr/fhir/fr/medication/CodeSystem/fr-medication-reconciliation-discrepancy</td>
                <td/>
                <td>
                  <div>
                    <p>Divergence identifiée et qualifiée, entre la ligne de traitement du Bilan Médicamenteux et celle du Traitement Courant. Méconnaissance, par le prescripteur, du Bilan Médicamenteux dans le Traitement Courant.</p>

                  </div>
                </td>
              </tr>
            </table>
          </div>
        </text>
        <url value="https://hl7.fr/fhir/fr/medication/ValueSet/fr-medication-reconciliation-qualified-discrepancy"/>
        <version value="0.1.0"/>
        <name value="FrMedicationReconciliationQualifiedDiscrepancy"/>
        <title value="value set Interop'Santé - qualification de la divergence identifiée sur une ligne de traitement d'une FCT"/>
        <status value="draft"/>
        <experimental value="false"/>
        <date value="2025-02-19T14:27:03+00:00"/>
        <immutable value="false"/>
        <expansion>
          <identifier value="urn:uuid:a60d4c3a-f17a-4159-85f0-b34236397e4d"/>
          <timestamp value="2025-02-19T14:30:03+00:00"/>
          <total value="2"/>
          <offset value="0"/>
          <parameter>
            <name value="displayLanguage"/>
            <valueCode value="en-US"/>
          </parameter>
          <parameter>
            <name value="count"/>
            <valueInteger value="1000"/>
          </parameter>
          <parameter>
            <name value="offset"/>
            <valueInteger value="0"/>
          </parameter>
          <parameter>
            <name value="excludeNested"/>
            <valueBoolean value="false"/>
          </parameter>
          <parameter>
            <name value="used-codesystem"/>
            <valueUri value="https://hl7.fr/fhir/fr/medication/CodeSystem/fr-medication-reconciliation-discrepancy|0.1.0"/>
          </parameter>
          <contains>
            <system value="https://hl7.fr/fhir/fr/medication/CodeSystem/fr-medication-reconciliation-discrepancy"/>
            <code value="10000003"/>
          </contains>
          <contains>
            <system value="https://hl7.fr/fhir/fr/medication/CodeSystem/fr-medication-reconciliation-discrepancy"/>
            <code value="10000004"/>
          </contains>
        </expansion>
      </ValueSet>
    </resource>
  </entry>
  <entry>
    <fullUrl value="https://hl7.fr/fhir/fr/medication/ValueSet/fr-medication-reconciliation-resolution"/>
    <resource>
      <ValueSet>
        <meta>
          <profile value="http://hl7.org/fhir/StructureDefinition/shareablevalueset"/>
        </meta>
        <text>
          <status value="generated"/>
          <div xmlns="http://www.w3.org/1999/xhtml">
            <p class="res-header-id">
              <b>Generated Narrative: ValueSet </b>
            </p>
            <p style="border: black 1px dotted; background-color: #EEEEEE; padding: 8px; margin-bottom: 8px">Expansion performed internally based on 
              <a href="CodeSystem-fr-medication-reconciliation-resolution.html">codesystem code system Interop'Santé - Résolution d'une divergence sur une ligne de traitement d'une FCT v0.1.0 (CodeSystem)</a>
            </p>
            <p>This value set contains 5 concepts</p>
            <table class="codes">
              <tr>
                <td style="white-space:nowrap">
                  <b>Code</b>
                </td>
                <td>
                  <b>System</b>
                </td>
                <td>
                  <b>Display (en-US)</b>
                </td>
                <td>
                  <b>Definition</b>
                </td>
              </tr>
              <tr>
                <td style="white-space:nowrap">
                  <a name="x-https://hl7.fr/fhir/fr/medication/CodeSystem/fr-medication-reconciliation-resolution-10000001"> </a>  
                  <a href="CodeSystem-fr-medication-reconciliation-resolution.html#fr-medication-reconciliation-resolution-10000001">10000001</a>
                </td>
                <td>https://hl7.fr/fhir/fr/medication/CodeSystem/fr-medication-reconciliation-resolution</td>
                <td/>
                <td>
                  <div>
                    <p>La dose initialement prescrite a été corrigée.</p>

                  </div>
                </td>
              </tr>
              <tr>
                <td style="white-space:nowrap">
                  <a name="x-https://hl7.fr/fhir/fr/medication/CodeSystem/fr-medication-reconciliation-resolution-10000002"> </a>  
                  <a href="CodeSystem-fr-medication-reconciliation-resolution.html#fr-medication-reconciliation-resolution-10000002">10000002</a>
                </td>
                <td>https://hl7.fr/fhir/fr/medication/CodeSystem/fr-medication-reconciliation-resolution</td>
                <td/>
                <td>
                  <div>
                    <p>La prescription interrompue a été reprise.</p>

                  </div>
                </td>
              </tr>
              <tr>
                <td style="white-space:nowrap">
                  <a name="x-https://hl7.fr/fhir/fr/medication/CodeSystem/fr-medication-reconciliation-resolution-10000003"> </a>  
                  <a href="CodeSystem-fr-medication-reconciliation-resolution.html#fr-medication-reconciliation-resolution-10000003">10000003</a>
                </td>
                <td>https://hl7.fr/fhir/fr/medication/CodeSystem/fr-medication-reconciliation-resolution</td>
                <td/>
                <td>
                  <div>
                    <p>Le choix de la spécialité prescrite a été corrigé.</p>

                  </div>
                </td>
              </tr>
              <tr>
                <td style="white-space:nowrap">
                  <a name="x-https://hl7.fr/fhir/fr/medication/CodeSystem/fr-medication-reconciliation-resolution-10000004"> </a>  
                  <a href="CodeSystem-fr-medication-reconciliation-resolution.html#fr-medication-reconciliation-resolution-10000004">10000004</a>
                </td>
                <td>https://hl7.fr/fhir/fr/medication/CodeSystem/fr-medication-reconciliation-resolution</td>
                <td/>
                <td>
                  <div>
                    <p>La forme galénique prescrite a été corrigée.</p>

                  </div>
                </td>
              </tr>
              <tr>
                <td style="white-space:nowrap">
                  <a name="x-https://hl7.fr/fhir/fr/medication/CodeSystem/fr-medication-reconciliation-resolution-10000005"> </a>  
                  <a href="CodeSystem-fr-medication-reconciliation-resolution.html#fr-medication-reconciliation-resolution-10000005">10000005</a>
                </td>
                <td>https://hl7.fr/fhir/fr/medication/CodeSystem/fr-medication-reconciliation-resolution</td>
                <td/>
                <td>
                  <div>
                    <p>La prescription a été arrêtée.</p>

                  </div>
                </td>
              </tr>
            </table>
          </div>
        </text>
        <url value="https://hl7.fr/fhir/fr/medication/ValueSet/fr-medication-reconciliation-resolution"/>
        <version value="0.1.0"/>
        <name value="FrMedicationReconciliationResolution"/>
        <title value="value set Interop'Santé - Résolution d'une divergence sur une ligne de traitement d'une FCT"/>
        <status value="draft"/>
        <experimental value="false"/>
        <date value="2025-02-19T14:27:03+00:00"/>
        <immutable value="false"/>
        <expansion>
          <identifier value="urn:uuid:8fb36a40-bac3-4b30-a5b6-c2c8523d1a39"/>
          <timestamp value="2025-02-19T14:30:03+00:00"/>
          <total value="5"/>
          <offset value="0"/>
          <parameter>
            <name value="displayLanguage"/>
            <valueCode value="en-US"/>
          </parameter>
          <parameter>
            <name value="count"/>
            <valueInteger value="1000"/>
          </parameter>
          <parameter>
            <name value="offset"/>
            <valueInteger value="0"/>
          </parameter>
          <parameter>
            <name value="excludeNested"/>
            <valueBoolean value="false"/>
          </parameter>
          <parameter>
            <name value="used-codesystem"/>
            <valueUri value="https://hl7.fr/fhir/fr/medication/CodeSystem/fr-medication-reconciliation-resolution|0.1.0"/>
          </parameter>
          <contains>
            <system value="https://hl7.fr/fhir/fr/medication/CodeSystem/fr-medication-reconciliation-resolution"/>
            <code value="10000001"/>
          </contains>
          <contains>
            <system value="https://hl7.fr/fhir/fr/medication/CodeSystem/fr-medication-reconciliation-resolution"/>
            <code value="10000002"/>
          </contains>
          <contains>
            <system value="https://hl7.fr/fhir/fr/medication/CodeSystem/fr-medication-reconciliation-resolution"/>
            <code value="10000003"/>
          </contains>
          <contains>
            <system value="https://hl7.fr/fhir/fr/medication/CodeSystem/fr-medication-reconciliation-resolution"/>
            <code value="10000004"/>
          </contains>
          <contains>
            <system value="https://hl7.fr/fhir/fr/medication/CodeSystem/fr-medication-reconciliation-resolution"/>
            <code value="10000005"/>
          </contains>
        </expansion>
      </ValueSet>
    </resource>
  </entry>
  <entry>
    <fullUrl value="https://hl7.fr/fhir/fr/medication/ValueSet/fr-medication-reconciliation-status"/>
    <resource>
      <ValueSet>
        <meta>
          <profile value="http://hl7.org/fhir/StructureDefinition/shareablevalueset"/>
        </meta>
        <text>
          <status value="generated"/>
          <div xmlns="http://www.w3.org/1999/xhtml">
            <p class="res-header-id">
              <b>Generated Narrative: ValueSet </b>
            </p>
            <p style="border: black 1px dotted; background-color: #EEEEEE; padding: 8px; margin-bottom: 8px">Expansion performed internally based on 
              <a href="CodeSystem-fr-medication-reconciliation-status.html">codesystem code system Interop'Santé - Statut d'une ligne de traitement d'une FCT v0.1.0 (CodeSystem)</a>
            </p>
            <p>This value set contains 5 concepts</p>
            <table class="codes">
              <tr>
                <td style="white-space:nowrap">
                  <b>Code</b>
                </td>
                <td>
                  <b>System</b>
                </td>
                <td>
                  <b>Display (en-US)</b>
                </td>
                <td>
                  <b>Definition</b>
                </td>
              </tr>
              <tr>
                <td style="white-space:nowrap">
                  <a name="x-https://hl7.fr/fhir/fr/medication/CodeSystem/fr-medication-reconciliation-status-10000001"> </a>  
                  <a href="CodeSystem-fr-medication-reconciliation-status.html#fr-medication-reconciliation-status-10000001">10000001</a>
                </td>
                <td>https://hl7.fr/fhir/fr/medication/CodeSystem/fr-medication-reconciliation-status</td>
                <td/>
                <td>
                  <div>
                    <p>La spécialité et la posologie de la ligne du Traitement Courant sont identiques à celles de la ligne du traitement antérieur (Bilan Médicamenteux).</p>

                  </div>
                </td>
              </tr>
              <tr>
                <td style="white-space:nowrap">
                  <a name="x-https://hl7.fr/fhir/fr/medication/CodeSystem/fr-medication-reconciliation-status-10000002"> </a>  
                  <a href="CodeSystem-fr-medication-reconciliation-status.html#fr-medication-reconciliation-status-10000002">10000002</a>
                </td>
                <td>https://hl7.fr/fhir/fr/medication/CodeSystem/fr-medication-reconciliation-status</td>
                <td/>
                <td>
                  <div>
                    <p>La ligne du traitement antérieur (Bilan Médicamenteux) est poursuivie dans le Traitement Courant, mais avec un médicament équivalent. Il s'agit souvent de substituer la spécialité du traitement antérieur par la spécialité au Livret de l'établissement.</p>

                  </div>
                </td>
              </tr>
              <tr>
                <td style="white-space:nowrap">
                  <a name="x-https://hl7.fr/fhir/fr/medication/CodeSystem/fr-medication-reconciliation-status-10000003"> </a>  
                  <a href="CodeSystem-fr-medication-reconciliation-status.html#fr-medication-reconciliation-status-10000003">10000003</a>
                </td>
                <td>https://hl7.fr/fhir/fr/medication/CodeSystem/fr-medication-reconciliation-status</td>
                <td/>
                <td>
                  <div>
                    <p>La ligne de traitement antérieur (Bilan Médicamenteux) ne figure pas dans le Traitement Courant. Cette ligne de traitement a donc été arrêtée.</p>

                  </div>
                </td>
              </tr>
              <tr>
                <td style="white-space:nowrap">
                  <a name="x-https://hl7.fr/fhir/fr/medication/CodeSystem/fr-medication-reconciliation-status-10000004"> </a>  
                  <a href="CodeSystem-fr-medication-reconciliation-status.html#fr-medication-reconciliation-status-10000004">10000004</a>
                </td>
                <td>https://hl7.fr/fhir/fr/medication/CodeSystem/fr-medication-reconciliation-status</td>
                <td/>
                <td>
                  <div>
                    <p>L'intention thérapeutique de la ligne du traitement antérieur (Bilan Médicamenteux) est poursuivie mais avec modification du principe actif et/ou de la forme galénique et/ou de la voie d'adminisitration et/ou des modialités d'administration et/ou de la posologie.</p>

                  </div>
                </td>
              </tr>
              <tr>
                <td style="white-space:nowrap">
                  <a name="x-https://hl7.fr/fhir/fr/medication/CodeSystem/fr-medication-reconciliation-status-10000005"> </a>  
                  <a href="CodeSystem-fr-medication-reconciliation-status.html#fr-medication-reconciliation-status-10000005">10000005</a>
                </td>
                <td>https://hl7.fr/fhir/fr/medication/CodeSystem/fr-medication-reconciliation-status</td>
                <td/>
                <td>
                  <div>
                    <p>La ligne du traitement courant ne figure pas dans le traitement antérieur (Bilan Médicamenteux). Cette ligne de traitement a donc été initiée/démarrée.</p>

                  </div>
                </td>
              </tr>
            </table>
          </div>
        </text>
        <url value="https://hl7.fr/fhir/fr/medication/ValueSet/fr-medication-reconciliation-status"/>
        <version value="0.1.0"/>
        <name value="FrMedicationReconciliationStatus"/>
        <title value="value set Interop'Santé - Statut d'une ligne de traitement d'une FCT"/>
        <status value="draft"/>
        <experimental value="false"/>
        <date value="2025-02-19T14:27:03+00:00"/>
        <immutable value="false"/>
        <expansion>
          <identifier value="urn:uuid:f14f43ab-08be-4465-bd68-58efd7184500"/>
          <timestamp value="2025-02-19T14:30:03+00:00"/>
          <total value="5"/>
          <offset value="0"/>
          <parameter>
            <name value="displayLanguage"/>
            <valueCode value="en-US"/>
          </parameter>
          <parameter>
            <name value="count"/>
            <valueInteger value="1000"/>
          </parameter>
          <parameter>
            <name value="offset"/>
            <valueInteger value="0"/>
          </parameter>
          <parameter>
            <name value="excludeNested"/>
            <valueBoolean value="false"/>
          </parameter>
          <parameter>
            <name value="used-codesystem"/>
            <valueUri value="https://hl7.fr/fhir/fr/medication/CodeSystem/fr-medication-reconciliation-status|0.1.0"/>
          </parameter>
          <contains>
            <system value="https://hl7.fr/fhir/fr/medication/CodeSystem/fr-medication-reconciliation-status"/>
            <code value="10000001"/>
          </contains>
          <contains>
            <system value="https://hl7.fr/fhir/fr/medication/CodeSystem/fr-medication-reconciliation-status"/>
            <code value="10000002"/>
          </contains>
          <contains>
            <system value="https://hl7.fr/fhir/fr/medication/CodeSystem/fr-medication-reconciliation-status"/>
            <code value="10000003"/>
          </contains>
          <contains>
            <system value="https://hl7.fr/fhir/fr/medication/CodeSystem/fr-medication-reconciliation-status"/>
            <code value="10000004"/>
          </contains>
          <contains>
            <system value="https://hl7.fr/fhir/fr/medication/CodeSystem/fr-medication-reconciliation-status"/>
            <code value="10000005"/>
          </contains>
        </expansion>
      </ValueSet>
    </resource>
  </entry>
  <entry>
    <fullUrl value="https://hl7.fr/fhir/fr/medication/ValueSet/fr-medication-reconciliation-type"/>
    <resource>
      <ValueSet>
        <meta>
          <profile value="http://hl7.org/fhir/StructureDefinition/shareablevalueset"/>
        </meta>
        <text>
          <status value="generated"/>
          <div xmlns="http://www.w3.org/1999/xhtml">
            <p class="res-header-id">
              <b>Generated Narrative: ValueSet </b>
            </p>
            <p style="border: black 1px dotted; background-color: #EEEEEE; padding: 8px; margin-bottom: 8px">Expansion performed internally based on 
              <a href="CodeSystem-fr-medication-reconciliation-type.html">codesystem code system Interop'Santé - Type d'écart/erreur sur une ligne de traitement d'une FCT v0.1.0 (CodeSystem)</a>
            </p>
            <p>This value set contains 7 concepts</p>
            <table class="codes">
              <tr>
                <td style="white-space:nowrap">
                  <b>Code</b>
                </td>
                <td>
                  <b>System</b>
                </td>
                <td>
                  <b>Display (en-US)</b>
                </td>
              </tr>
              <tr>
                <td style="white-space:nowrap">
                  <a name="x-https://hl7.fr/fhir/fr/medication/CodeSystem/fr-medication-reconciliation-type-10000001"> </a>  
                  <a href="CodeSystem-fr-medication-reconciliation-type.html#fr-medication-reconciliation-type-10000001">10000001</a>
                </td>
                <td>https://hl7.fr/fhir/fr/medication/CodeSystem/fr-medication-reconciliation-type</td>
                <td/>
              </tr>
              <tr>
                <td style="white-space:nowrap">
                  <a name="x-https://hl7.fr/fhir/fr/medication/CodeSystem/fr-medication-reconciliation-type-10000002"> </a>  
                  <a href="CodeSystem-fr-medication-reconciliation-type.html#fr-medication-reconciliation-type-10000002">10000002</a>
                </td>
                <td>https://hl7.fr/fhir/fr/medication/CodeSystem/fr-medication-reconciliation-type</td>
                <td/>
              </tr>
              <tr>
                <td style="white-space:nowrap">
                  <a name="x-https://hl7.fr/fhir/fr/medication/CodeSystem/fr-medication-reconciliation-type-10000003"> </a>  
                  <a href="CodeSystem-fr-medication-reconciliation-type.html#fr-medication-reconciliation-type-10000003">10000003</a>
                </td>
                <td>https://hl7.fr/fhir/fr/medication/CodeSystem/fr-medication-reconciliation-type</td>
                <td/>
              </tr>
              <tr>
                <td style="white-space:nowrap">
                  <a name="x-https://hl7.fr/fhir/fr/medication/CodeSystem/fr-medication-reconciliation-type-10000004"> </a>  
                  <a href="CodeSystem-fr-medication-reconciliation-type.html#fr-medication-reconciliation-type-10000004">10000004</a>
                </td>
                <td>https://hl7.fr/fhir/fr/medication/CodeSystem/fr-medication-reconciliation-type</td>
                <td/>
              </tr>
              <tr>
                <td style="white-space:nowrap">
                  <a name="x-https://hl7.fr/fhir/fr/medication/CodeSystem/fr-medication-reconciliation-type-10000005"> </a>  
                  <a href="CodeSystem-fr-medication-reconciliation-type.html#fr-medication-reconciliation-type-10000005">10000005</a>
                </td>
                <td>https://hl7.fr/fhir/fr/medication/CodeSystem/fr-medication-reconciliation-type</td>
                <td/>
              </tr>
              <tr>
                <td style="white-space:nowrap">
                  <a name="x-https://hl7.fr/fhir/fr/medication/CodeSystem/fr-medication-reconciliation-type-10000006"> </a>  
                  <a href="CodeSystem-fr-medication-reconciliation-type.html#fr-medication-reconciliation-type-10000006">10000006</a>
                </td>
                <td>https://hl7.fr/fhir/fr/medication/CodeSystem/fr-medication-reconciliation-type</td>
                <td/>
              </tr>
              <tr>
                <td style="white-space:nowrap">
                  <a name="x-https://hl7.fr/fhir/fr/medication/CodeSystem/fr-medication-reconciliation-type-10000007"> </a>  
                  <a href="CodeSystem-fr-medication-reconciliation-type.html#fr-medication-reconciliation-type-10000007">10000007</a>
                </td>
                <td>https://hl7.fr/fhir/fr/medication/CodeSystem/fr-medication-reconciliation-type</td>
                <td/>
              </tr>
            </table>
          </div>
        </text>
        <url value="https://hl7.fr/fhir/fr/medication/ValueSet/fr-medication-reconciliation-type"/>
        <version value="0.1.0"/>
        <name value="FrMedicationReconciliationType"/>
        <title value="value set Interop'Santé - Type d'écart/erreur sur une ligne de traitement d'une FCT"/>
        <status value="draft"/>
        <experimental value="false"/>
        <date value="2025-02-19T14:27:03+00:00"/>
        <immutable value="false"/>
        <expansion>
          <identifier value="urn:uuid:eb9f1c4d-6f52-47da-b2ad-f792b65b40e7"/>
          <timestamp value="2025-02-19T14:30:03+00:00"/>
          <total value="7"/>
          <offset value="0"/>
          <parameter>
            <name value="displayLanguage"/>
            <valueCode value="en-US"/>
          </parameter>
          <parameter>
            <name value="count"/>
            <valueInteger value="1000"/>
          </parameter>
          <parameter>
            <name value="offset"/>
            <valueInteger value="0"/>
          </parameter>
          <parameter>
            <name value="excludeNested"/>
            <valueBoolean value="false"/>
          </parameter>
          <parameter>
            <name value="used-codesystem"/>
            <valueUri value="https://hl7.fr/fhir/fr/medication/CodeSystem/fr-medication-reconciliation-type|0.1.0"/>
          </parameter>
          <contains>
            <system value="https://hl7.fr/fhir/fr/medication/CodeSystem/fr-medication-reconciliation-type"/>
            <code value="10000001"/>
          </contains>
          <contains>
            <system value="https://hl7.fr/fhir/fr/medication/CodeSystem/fr-medication-reconciliation-type"/>
            <code value="10000002"/>
          </contains>
          <contains>
            <system value="https://hl7.fr/fhir/fr/medication/CodeSystem/fr-medication-reconciliation-type"/>
            <code value="10000003"/>
          </contains>
          <contains>
            <system value="https://hl7.fr/fhir/fr/medication/CodeSystem/fr-medication-reconciliation-type"/>
            <code value="10000004"/>
          </contains>
          <contains>
            <system value="https://hl7.fr/fhir/fr/medication/CodeSystem/fr-medication-reconciliation-type"/>
            <code value="10000005"/>
          </contains>
          <contains>
            <system value="https://hl7.fr/fhir/fr/medication/CodeSystem/fr-medication-reconciliation-type"/>
            <code value="10000006"/>
          </contains>
          <contains>
            <system value="https://hl7.fr/fhir/fr/medication/CodeSystem/fr-medication-reconciliation-type"/>
            <code value="10000007"/>
          </contains>
        </expansion>
      </ValueSet>
    </resource>
  </entry>
  <entry>
    <fullUrl value="https://hl7.fr/fhir/fr/medication/ValueSet/fr-note-scope-codes-vs"/>
    <resource>
      <ValueSet>
        <meta>
          <profile value="http://hl7.org/fhir/StructureDefinition/shareablevalueset"/>
        </meta>
        <text>
          <status value="generated"/>
          <div xmlns="http://www.w3.org/1999/xhtml">
            <p class="res-header-id">
              <b>Generated Narrative: ValueSet </b>
            </p>
            <p style="border: black 1px dotted; background-color: #EEEEEE; padding: 8px; margin-bottom: 8px">Expansion performed internally based on 
              <a href="CodeSystem-fr-note-scope-codes.html">codesystem code system Interop'Santé - Codes pour le périmètre des notes v0.1.0 (CodeSystem)</a>
            </p>
            <p>This value set contains 6 concepts</p>
            <table class="codes">
              <tr>
                <td style="white-space:nowrap">
                  <b>Code</b>
                </td>
                <td>
                  <b>System</b>
                </td>
                <td>
                  <b>Display (en-US)</b>
                </td>
              </tr>
              <tr>
                <td style="white-space:nowrap">
                  <a name="x-https://hl7.fr/fhir/fr/medication/CodeSystem/fr-note-scope-codes-PRESCCOM"> </a>  
                  <a href="CodeSystem-fr-note-scope-codes.html#fr-note-scope-codes-PRESCCOM">PRESCCOM</a>
                </td>
                <td>https://hl7.fr/fhir/fr/medication/CodeSystem/fr-note-scope-codes</td>
                <td/>
              </tr>
              <tr>
                <td style="white-space:nowrap">
                  <a name="x-https://hl7.fr/fhir/fr/medication/CodeSystem/fr-note-scope-codes-LIPRESCTXT"> </a>  
                  <a href="CodeSystem-fr-note-scope-codes.html#fr-note-scope-codes-LIPRESCTXT">LIPRESCTXT</a>
                </td>
                <td>https://hl7.fr/fhir/fr/medication/CodeSystem/fr-note-scope-codes</td>
                <td/>
              </tr>
              <tr>
                <td style="white-space:nowrap">
                  <a name="x-https://hl7.fr/fhir/fr/medication/CodeSystem/fr-note-scope-codes-LIPRESCIND"> </a>  
                  <a href="CodeSystem-fr-note-scope-codes.html#fr-note-scope-codes-LIPRESCIND">LIPRESCIND</a>
                </td>
                <td>https://hl7.fr/fhir/fr/medication/CodeSystem/fr-note-scope-codes</td>
                <td/>
              </tr>
              <tr>
                <td style="white-space:nowrap">
                  <a name="x-https://hl7.fr/fhir/fr/medication/CodeSystem/fr-note-scope-codes-LIPRESCCOMM"> </a>  
                  <a href="CodeSystem-fr-note-scope-codes.html#fr-note-scope-codes-LIPRESCCOMM">LIPRESCCOMM</a>
                </td>
                <td>https://hl7.fr/fhir/fr/medication/CodeSystem/fr-note-scope-codes</td>
                <td/>
              </tr>
              <tr>
                <td style="white-space:nowrap">
                  <a name="x-https://hl7.fr/fhir/fr/medication/CodeSystem/fr-note-scope-codes-MEDIND"> </a>  
                  <a href="CodeSystem-fr-note-scope-codes.html#fr-note-scope-codes-MEDIND">MEDIND</a>
                </td>
                <td>https://hl7.fr/fhir/fr/medication/CodeSystem/fr-note-scope-codes</td>
                <td/>
              </tr>
              <tr>
                <td style="white-space:nowrap">
                  <a name="x-https://hl7.fr/fhir/fr/medication/CodeSystem/fr-note-scope-codes-MEDCOM"> </a>  
                  <a href="CodeSystem-fr-note-scope-codes.html#fr-note-scope-codes-MEDCOM">MEDCOM</a>
                </td>
                <td>https://hl7.fr/fhir/fr/medication/CodeSystem/fr-note-scope-codes</td>
                <td/>
              </tr>
            </table>
          </div>
        </text>
        <url value="https://hl7.fr/fhir/fr/medication/ValueSet/fr-note-scope-codes-vs"/>
        <version value="0.1.0"/>
        <name value="FrNoteScopeCodeValueSet"/>
        <title value="value set Interop'Santé - Codes pour le périmètre des notes"/>
        <status value="draft"/>
        <experimental value="false"/>
        <date value="2025-02-19T14:27:03+00:00"/>
        <immutable value="false"/>
        <expansion>
          <identifier value="urn:uuid:f13e1988-0472-4f9c-ba78-52477884dd12"/>
          <timestamp value="2025-02-19T14:30:05+00:00"/>
          <total value="6"/>
          <offset value="0"/>
          <parameter>
            <name value="displayLanguage"/>
            <valueCode value="en-US"/>
          </parameter>
          <parameter>
            <name value="count"/>
            <valueInteger value="1000"/>
          </parameter>
          <parameter>
            <name value="offset"/>
            <valueInteger value="0"/>
          </parameter>
          <parameter>
            <name value="excludeNested"/>
            <valueBoolean value="false"/>
          </parameter>
          <parameter>
            <name value="used-codesystem"/>
            <valueUri value="https://hl7.fr/fhir/fr/medication/CodeSystem/fr-note-scope-codes|0.1.0"/>
          </parameter>
          <contains>
            <system value="https://hl7.fr/fhir/fr/medication/CodeSystem/fr-note-scope-codes"/>
            <code value="PRESCCOM"/>
          </contains>
          <contains>
            <system value="https://hl7.fr/fhir/fr/medication/CodeSystem/fr-note-scope-codes"/>
            <code value="LIPRESCTXT"/>
          </contains>
          <contains>
            <system value="https://hl7.fr/fhir/fr/medication/CodeSystem/fr-note-scope-codes"/>
            <code value="LIPRESCIND"/>
          </contains>
          <contains>
            <system value="https://hl7.fr/fhir/fr/medication/CodeSystem/fr-note-scope-codes"/>
            <code value="LIPRESCCOMM"/>
          </contains>
          <contains>
            <system value="https://hl7.fr/fhir/fr/medication/CodeSystem/fr-note-scope-codes"/>
            <code value="MEDIND"/>
          </contains>
          <contains>
            <system value="https://hl7.fr/fhir/fr/medication/CodeSystem/fr-note-scope-codes"/>
            <code value="MEDCOM"/>
          </contains>
        </expansion>
      </ValueSet>
    </resource>
  </entry>
  <entry>
    <fullUrl value="https://hl7.fr/fhir/fr/medication/ValueSet/fr-uf-role-code-for-prescription"/>
    <resource>
      <ValueSet>
        <text>
          <status value="generated"/>
          <div xmlns="http://www.w3.org/1999/xhtml">
            <p class="res-header-id">
              <b>Generated Narrative: ValueSet </b>
            </p>
            <p style="border: black 1px dotted; background-color: #EEEEEE; padding: 8px; margin-bottom: 8px">Expansion performed internally based on 
              <a href="CodeSystem-fr-uf-role-codes.html">codesystem code system Interop'Santé - Codes pour typer le rôle des UF par rapport à un séjour patient v0.1.0 (CodeSystem)</a>
            </p>
            <p>This value set contains 3 concepts</p>
            <table class="codes">
              <tr>
                <td style="white-space:nowrap">
                  <b>Code</b>
                </td>
                <td>
                  <b>System</b>
                </td>
                <td>
                  <b>Display (en-US)</b>
                </td>
              </tr>
              <tr>
                <td style="white-space:nowrap">
                  <a name="x-https://hl7.fr/fhir/fr/medication/CodeSystem/fr-uf-role-codes-UFSOIN"> </a>  
                  <a href="CodeSystem-fr-uf-role-codes.html#fr-uf-role-codes-UFSOIN">UFSOIN</a>
                </td>
                <td>https://hl7.fr/fhir/fr/medication/CodeSystem/fr-uf-role-codes</td>
                <td/>
              </tr>
              <tr>
                <td style="white-space:nowrap">
                  <a name="x-https://hl7.fr/fhir/fr/medication/CodeSystem/fr-uf-role-codes-UFMED"> </a>  
                  <a href="CodeSystem-fr-uf-role-codes.html#fr-uf-role-codes-UFMED">UFMED</a>
                </td>
                <td>https://hl7.fr/fhir/fr/medication/CodeSystem/fr-uf-role-codes</td>
                <td/>
              </tr>
              <tr>
                <td style="white-space:nowrap">
                  <a name="x-https://hl7.fr/fhir/fr/medication/CodeSystem/fr-uf-role-codes-UFHEB"> </a>  
                  <a href="CodeSystem-fr-uf-role-codes.html#fr-uf-role-codes-UFHEB">UFHEB</a>
                </td>
                <td>https://hl7.fr/fhir/fr/medication/CodeSystem/fr-uf-role-codes</td>
                <td/>
              </tr>
            </table>
          </div>
        </text>
        <url value="https://hl7.fr/fhir/fr/medication/ValueSet/fr-uf-role-code-for-prescription"/>
        <version value="0.1.0"/>
        <name value="FrUfRoleCodesForPrescriptionValueSet"/>
        <title value="value set Interop'Santé - Types de rôle d’une UF par rapport à un séjour patient dans une prescription"/>
        <status value="draft"/>
        <experimental value="false"/>
        <date value="2025-02-19T14:27:03+00:00"/>
        <immutable value="false"/>
        <expansion>
          <identifier value="urn:uuid:9e14312c-5aa4-43ce-8061-2167eb0f1683"/>
          <timestamp value="2025-02-19T14:30:06+00:00"/>
          <total value="3"/>
          <offset value="0"/>
          <parameter>
            <name value="displayLanguage"/>
            <valueCode value="en-US"/>
          </parameter>
          <parameter>
            <name value="count"/>
            <valueInteger value="1000"/>
          </parameter>
          <parameter>
            <name value="offset"/>
            <valueInteger value="0"/>
          </parameter>
          <parameter>
            <name value="excludeNested"/>
            <valueBoolean value="false"/>
          </parameter>
          <parameter>
            <name value="used-codesystem"/>
            <valueUri value="https://hl7.fr/fhir/fr/medication/CodeSystem/fr-uf-role-codes|0.1.0"/>
          </parameter>
          <contains>
            <system value="https://hl7.fr/fhir/fr/medication/CodeSystem/fr-uf-role-codes"/>
            <code value="UFSOIN"/>
          </contains>
          <contains>
            <system value="https://hl7.fr/fhir/fr/medication/CodeSystem/fr-uf-role-codes"/>
            <code value="UFMED"/>
          </contains>
          <contains>
            <system value="https://hl7.fr/fhir/fr/medication/CodeSystem/fr-uf-role-codes"/>
            <code value="UFHEB"/>
          </contains>
        </expansion>
      </ValueSet>
    </resource>
  </entry>
  <entry>
    <fullUrl value="http://hl7.org/fhir/ValueSet/medication-ingredientstrength"/>
    <resource>
      <ValueSet>
        <meta>
          <profile value="http://hl7.org/fhir/StructureDefinition/shareablevalueset"/>
        </meta>
        <text>
          <status value="generated"/>
          <div xmlns="http://www.w3.org/1999/xhtml">
            <p class="res-header-id">
              <b>Generated Narrative: ValueSet </b>
            </p>
            <p style="border: black 1px dotted; background-color: #EEEEEE; padding: 8px; margin-bottom: 8px">Expansion performed internally based on 
              <a href="CodeSystem-medication-ingredient-strength-codes.html">codesystem Medication_Ingredient_Strength_Codes v0.1.0 (CodeSystem)</a>
            </p>
            <p>This value set contains 2 concepts</p>
            <table class="codes">
              <tr>
                <td style="white-space:nowrap">
                  <b>Code</b>
                </td>
                <td>
                  <b>System</b>
                </td>
                <td>
                  <b>Display (en-US)</b>
                </td>
                <td>
                  <b>Definition</b>
                </td>
              </tr>
              <tr>
                <td style="white-space:nowrap">
                  <a name="x-http://hl7.org/fhir/CodeSystem/medication-ingredientstrength-qs"> </a>  
                  <a href="CodeSystem-medication-ingredient-strength-codes.html#medication-ingredient-strength-codes-qs">qs</a>
                </td>
                <td>http://hl7.org/fhir/CodeSystem/medication-ingredientstrength</td>
                <td/>
                <td>
                  <div>
                    <p>As much as is sufficient.</p>

                  </div>
                </td>
              </tr>
              <tr>
                <td style="white-space:nowrap">
                  <a name="x-http://hl7.org/fhir/CodeSystem/medication-ingredientstrength-trace"> </a>  
                  <a href="CodeSystem-medication-ingredient-strength-codes.html#medication-ingredient-strength-codes-trace">trace</a>
                </td>
                <td>http://hl7.org/fhir/CodeSystem/medication-ingredientstrength</td>
                <td/>
                <td>
                  <div>
                    <p>Very small amount.</p>

                  </div>
                </td>
              </tr>
            </table>
          </div>
        </text>
        <url value="http://hl7.org/fhir/ValueSet/medication-ingredientstrength"/>
        <identifier>
          <system value="urn:ietf:rfc:3986"/>
          <value value="urn:oid:2.16.840.1.113883.4.642.3.1426"/>
        </identifier>
        <version value="0.1.0"/>
        <name value="MedicationIngredientStrengthCodes"/>
        <status value="draft"/>
        <date value="2025-02-19T14:27:03+00:00"/>
        <expansion>
          <identifier value="urn:uuid:6b5b6422-fe0e-401f-8ad3-5867d86e080d"/>
          <timestamp value="2025-02-19T14:30:06+00:00"/>
          <total value="2"/>
          <offset value="0"/>
          <parameter>
            <name value="displayLanguage"/>
            <valueCode value="en-US"/>
          </parameter>
          <parameter>
            <name value="count"/>
            <valueInteger value="1000"/>
          </parameter>
          <parameter>
            <name value="offset"/>
            <valueInteger value="0"/>
          </parameter>
          <parameter>
            <name value="excludeNested"/>
            <valueBoolean value="false"/>
          </parameter>
          <parameter>
            <name value="used-codesystem"/>
            <valueUri value="http://hl7.org/fhir/CodeSystem/medication-ingredientstrength|0.1.0"/>
          </parameter>
          <contains>
            <system value="http://hl7.org/fhir/CodeSystem/medication-ingredientstrength"/>
            <code value="qs"/>
          </contains>
          <contains>
            <system value="http://hl7.org/fhir/CodeSystem/medication-ingredientstrength"/>
            <code value="trace"/>
          </contains>
        </expansion>
      </ValueSet>
    </resource>
  </entry>
</Bundle>