<?xml version="1.0" encoding="UTF-8"?>

<ValueSet xmlns="http://hl7.org/fhir">
  <id value="FrMedicinalProductOnly"/>
  <meta>
    <profile value="http://hl7.org/fhir/StructureDefinition/shareablevalueset"/>
  </meta>
  <text>
    <status value="generated"/><div xmlns="http://www.w3.org/1999/xhtml"><p class="res-header-id"><b>Generated Narrative: ValueSet FrMedicinalProductOnly</b></p><a name="FrMedicinalProductOnly"> </a><a name="hcFrMedicinalProductOnly"> </a><a name="FrMedicinalProductOnly-en-US"> </a><ul><li>Include codes from<a href="http://www.snomed.org/"><code>http://snomed.info/sct</code></a> where constraint  = &lt; 763158003 |Medicinal product (product)| : 766952006 |Count of base of active ingredient (attribute)| = * ,  [0..0] 411116001 |Has manufactured dose form (attribute)| = *</li></ul></div>
  </text>
  <url value="https://hl7.fr/fhir/fr/medication/ValueSet/FrMedicinalProductOnly"/>
  <version value="0.1.0"/>
  <name value="FrMedicinalProductOnly"/>
  <title value="French Medicinal Product only"/>
  <status value="draft"/>
  <experimental value="false"/>
  <date value="2025-01-09T16:21:14+00:00"/>
  <publisher value="Interop'Santé"/>
  <contact>
    <name value="Interop'Santé"/>
    <telecom>
      <system value="url"/>
      <value value="http://interopsante.org/"/>
    </telecom>
  </contact>
  <description value="Le jeu de valeurs à utiliser pour coder l'élément *code* de la ressource *FrMedicationNonproprietaryName*."/>
  <immutable value="false"/>
  <compose>
    <include>
      <system value="http://snomed.info/sct"/>
      <filter>
        <property value="constraint"/>
        <op value="="/>
        <value value="&lt; 763158003 |Medicinal product (product)| : 766952006 |Count of base of active ingredient (attribute)| = * ,  [0..0] 411116001 |Has manufactured dose form (attribute)| = *"/>
      </filter>
    </include>
  </compose>
</ValueSet>