{
  "resourceType" : "ValueSet",
  "id" : "fr-medication-code",
  "text" : {
    "status" : "generated",
    "div" : "<div xmlns=\"http://www.w3.org/1999/xhtml\"><p class=\"res-header-id\"><b>Generated Narrative: ValueSet fr-medication-code</b></p><a name=\"fr-medication-code\"> </a><a name=\"hcfr-medication-code\"> </a><a name=\"fr-medication-code-en-US\"> </a><p>This value set includes codes based on the following rules:</p><ul><li>Include all codes defined in <code>http://data.esante.gouv.fr/ansm/medicament/UCD</code></li><li>Include all codes defined in <code>http://data.esante.gouv.fr/ansm/medicament/codeSMS</code></li><li>Include all codes defined in <code>http://data.esante.gouv.fr/ansm/medicament/substance</code></li></ul></div>"
  },
  "url" : "https://hl7.fr/fhir/fr/medication/ValueSet/fr-medication-code",
  "version" : "0.1.0",
  "name" : "FrMedicationCodes",
  "title" : "value set Interop'Santé - Codes identifiant les médicaments",
  "status" : "draft",
  "experimental" : false,
  "date" : "2025-04-10T12:28:22+00:00",
  "publisher" : "Interop'Santé",
  "contact" : [{
    "name" : "Interop'Santé",
    "telecom" : [{
      "system" : "url",
      "value" : "http://interopsante.org/"
    }]
  }],
  "description" : "Le jeu de valeurs à utiliser pour indiquer le médicament dans Medication.code.coding.code",
  "immutable" : false,
  "compose" : {
    "include" : [{
      "system" : "http://data.esante.gouv.fr/ansm/medicament/UCD"
    },
    {
      "system" : "http://data.esante.gouv.fr/ansm/medicament/codeSMS"
    },
    {
      "system" : "http://data.esante.gouv.fr/ansm/medicament/substance"
    }]
  }
}