URL,Version,Status,OIDs,Name,Title,Descriptino,Uses,Used,Sources
http://hl7.org/fhir/ValueSet/medication-ingredientstrength,0.1.0,draft,"2.16.840.1.113883.4.642.3.1426",MedicationIngredientStrengthCodes,,"Medication Ingredient Strength Codes",,"Internal"
https://hl7.fr/fhir/fr/medication/ValueSet/FrMedicinalProductOnly,0.1.0,draft,,FrMedicinalProductOnly,French Medicinal Product only,"Le jeu de valeurs à utiliser pour coder l'élément *code* de la ressource *FrMedicationNonproprietaryName*.",,"SCT"
https://hl7.fr/fhir/fr/medication/ValueSet/FrMethodOfAdministration,0.1.0,draft,,FrMethodOfAdministration,French Method Of Administration,"Le jeu de valeurs à utiliser pour coder l'élément *dosageInstruction.method* de la ressource *FrMedicationRequest*.",,"SCT"
https://hl7.fr/fhir/fr/medication/ValueSet/fr-additional-when-codes,0.1.0,draft,,FrAdditionalWhenCodes,value set Interop'Santé - Codes additionnels pour l'élément when,"Le jeu de valeurs à utiliser pour coder des périodes d'occurrence qui ne sont pas dans le jeu de valeurs http://hl7.org/fhir/ValueSet/event-timing.",,"Internal"
https://hl7.fr/fhir/fr/medication/ValueSet/fr-current-medication-document-type,0.1.0,draft,,FrCurrentMedicationDocumentType,value set Interop'Santé - type de document de la ressource Composition d'une FCT,"Le jeu de valeurs à utiliser pour coder le type de document de la ressource *Composition* d'une liste des Traitements Médicamenteux Courants.",,"Internal"
https://hl7.fr/fhir/fr/medication/ValueSet/fr-editorial-status,0.1.0,draft,,FrEditorialStatus,value set Interop'Santé - Statut éditorial d'une valeur,"Le jeu de valeurs à utiliser pour coder le statut éditorial d'une valeur.",,"Internal"
https://hl7.fr/fhir/fr/medication/ValueSet/fr-medication-code,0.1.0,draft,,FrMedicationCodes,value set Interop'Santé - Codes identifiant les médicaments,"Le jeu de valeurs à utiliser pour indiquer le médicament dans Medication.code.coding.code",,"Other"
https://hl7.fr/fhir/fr/medication/ValueSet/fr-medication-history-source-type,0.1.0,draft,,FrMedicationHistorySourceType,value set SIPh - Nature des sources d'un Bilan Médicamenteux,"Un jeu de valeurs à utiliser pour coder les sources d'un Bilan Médicamenteux.",,"Internal"
https://hl7.fr/fhir/fr/medication/ValueSet/fr-medication-reconciliation-document-type,0.1.0,draft,,FrMedicationReconciliationDocumentType,value set Interop'Santé - type de document de la ressource Composition d'une FCT,"Le jeu de valeurs à utiliser pour coder le type de document de la ressource *Composition* d'une FCT (Fiche de Conciliation des Traitements médicamenteux).",,"Internal"
https://hl7.fr/fhir/fr/medication/ValueSet/fr-medication-reconciliation-outcome,0.1.0,draft,,FrMedicationReconciliationOutcome,value set Interop'Santé - Gravité de l'erreur sur une ligne de traitement d'une FCT,"Le jeu de valeurs à utiliser pour coder la gravité de l'erreur sur une ligne de traitement d'une FCT (Fiche de Conciliation des Traitements médicamenteux).",,"Internal"
https://hl7.fr/fhir/fr/medication/ValueSet/fr-medication-reconciliation-qualified-discrepancy,0.1.0,draft,,FrMedicationReconciliationQualifiedDiscrepancy,value set Interop'Santé - qualification de la divergence identifiée sur une ligne de traitement d'une FCT,"Le jeu de valeurs à utiliser pour coder la qualification de la divergence identifiée sur une ligne de traitement d'une FCT (Fiche de Conciliation des Traitements médicamenteux).",,"Internal"
https://hl7.fr/fhir/fr/medication/ValueSet/fr-medication-reconciliation-resolution,0.1.0,draft,,FrMedicationReconciliationResolution,value set Interop'Santé - Résolution d'une divergence sur une ligne de traitement d'une FCT,"Un jeu de valeurs à utiliser pour coder la résolution d'une divergence sur une ligne de traitement d'une FCT (Fiche de Conciliation des Traitements médicamenteux).",,"Internal"
https://hl7.fr/fhir/fr/medication/ValueSet/fr-medication-reconciliation-status,0.1.0,draft,,FrMedicationReconciliationStatus,value set Interop'Santé - Statut d'une ligne de traitement d'une FCT,"Le jeu de valeurs à utiliser pour coder le statut d'une ligne de traitement d'une FCT (Fiche de Conciliation des Traitements médicamenteux).",,"Internal"
https://hl7.fr/fhir/fr/medication/ValueSet/fr-medication-reconciliation-type,0.1.0,draft,,FrMedicationReconciliationType,value set Interop'Santé - Type d'écart/erreur sur une ligne de traitement d'une FCT,"Le jeu de valeurs à utiliser pour coder le type d'écart/erreur sur une ligne de traitement d'une FCT (Fiche de Conciliation des Traitements médicamenteux).",,"Internal"
https://hl7.fr/fhir/fr/medication/ValueSet/fr-mp-dose-form,0.1.0,draft,,FrMpDoseForm,French Medicinal product Dose form,"Le jeu de valeurs à utiliser pour coder l'élément *doseForm* des ressources *FrMedicationUcd*, *FrMedicationUcdPart* ou *FrMedicationNonProprietaryName*.",,"SCT"
https://hl7.fr/fhir/fr/medication/ValueSet/fr-mp-substance-active,0.1.0,draft,,FrMpSubstanceActive,French Medicinal product Active substance,"Le jeu de valeurs à utiliser pour coder l'élément *ingredient.itemCodeableConcept* des ressources *FrMedicationUcd*, *FrMedicationUcdPart* et *FrMedicationNonproprietaryName*.",,"SCT"
https://hl7.fr/fhir/fr/medication/ValueSet/fr-mp-unit-of-presentation,0.1.0,draft,,FrMpUnitOfPresentation,French Medicinal product Unit of Presentation,"Le jeu de valeurs à utiliser pour coder l'unité de présentation de la dose.",,"SCT"
https://hl7.fr/fhir/fr/medication/ValueSet/fr-note-scope-codes-vs,0.1.0,draft,,FrNoteScopeCodeValueSet,value set Interop'Santé - Codes pour le périmètre des notes,"Le jeu de valeurs à utiliser pour coder le périmètre des notes par exemple lors de la transformation de message PN13 en ressources FHIR",,"Internal"
https://hl7.fr/fhir/fr/medication/ValueSet/fr-route-of-administration,0.1.0,draft,,FrRouteOfAdministration,French Route of Administration,"Le jeu de valeurs à utiliser pour coder l'élément *dosageInstruction.route* de la ressource *FrMedicationRequest*.",,"SCT"
https://hl7.fr/fhir/fr/medication/ValueSet/fr-substance-code,0.1.0,draft,,FrSubstanceCode,value set Interop'Santé - Codes identifiant les substances,"Le jeu de valeurs à utiliser pour indiquer un ingrédient composant un médicament dans Medication.ingredient.itemCodeableConcept.coding.code",,"Other"
https://hl7.fr/fhir/fr/medication/ValueSet/fr-treatment-intent,0.1.0,draft,,FrTreatmentIntent,French overall intention of the treatment,"Le jeu de valeurs à utiliser pour coder l'élément *treatmentIntent* de la ressource *FrInpatientMedicationRequest*.",,"SCT"
https://hl7.fr/fhir/fr/medication/ValueSet/fr-uf-role-code-for-prescription,0.1.0,draft,,FrUfRoleCodesForPrescriptionValueSet,value set Interop'Santé - Types de rôle d’une UF par rapport à un séjour patient dans une prescription,"Le jeu de valeurs à utiliser dans l'extension pour indiquer le type d'UF référencée dans Medication.supportingInfo",,"Internal"
