{
  "resourceType" : "ValueSet",
  "id" : "fr-medication-reconciliation-document-type",
  "meta" : {
    "profile" : ["http://hl7.org/fhir/StructureDefinition/shareablevalueset"]
  },
  "text" : {
    "status" : "generated",
    "div" : "<div xmlns=\"http://www.w3.org/1999/xhtml\"><p class=\"res-header-id\"><b>Generated Narrative: ValueSet fr-medication-reconciliation-document-type</b></p><a name=\"fr-medication-reconciliation-document-type\"> </a><a name=\"hcfr-medication-reconciliation-document-type\"> </a><a name=\"fr-medication-reconciliation-document-type-en-US\"> </a><div style=\"display: inline-block; background-color: #d9e0e7; padding: 6px; margin: 4px; border: 1px solid #8da1b4; border-radius: 5px; line-height: 60%\"><p style=\"margin-bottom: 0px\"/><p style=\"margin-bottom: 0px\">Profile: <a href=\"http://hl7.org/fhir/R4/shareablevalueset.html\">Shareable ValueSet</a></p></div><ul><li>Include codes from<a href=\"CodeSystem-fr-document-type.html\"><code>https://hl7.fr/fhir/fr/medication/CodeSystem/fr-document-type</code></a> where isMedicationReconciliation  = true</li></ul></div>"
  },
  "url" : "https://hl7.fr/fhir/fr/medication/ValueSet/fr-medication-reconciliation-document-type",
  "version" : "0.1.0",
  "name" : "FrMedicationReconciliationDocumentType",
  "title" : "value set Interop'Santé - type de document de la ressource Composition d'une FCT",
  "status" : "draft",
  "experimental" : false,
  "date" : "2025-04-12T14:29:05+00:00",
  "publisher" : "Interop'Santé",
  "contact" : [{
    "name" : "Interop'Santé",
    "telecom" : [{
      "system" : "url",
      "value" : "http://interopsante.org/"
    }]
  }],
  "description" : "Le jeu de valeurs à utiliser pour coder le type de document de la ressource *Composition* d'une FCT (Fiche de Conciliation des Traitements médicamenteux).",
  "immutable" : false,
  "compose" : {
    "include" : [{
      "system" : "https://hl7.fr/fhir/fr/medication/CodeSystem/fr-document-type",
      "filter" : [{
        "property" : "isMedicationReconciliation",
        "op" : "=",
        "value" : "true"
      }]
    }]
  }
}