{
  "resourceType" : "MedicationRequest",
  "id" : "14618",
  "meta" : {
    "profile" : ["https://hl7.fr/fhir/fr/medication/StructureDefinition/FrInpatientMedicationRequest"]
  },
  "text" : {
    "status" : "generated",
    "div" : "<div xmlns=\"http://www.w3.org/1999/xhtml\"><p><b>Generated Narrative: MedicationRequest</b><a name=\"14618\"> </a><a name=\"hc14618\"> </a></p><div style=\"display: inline-block; background-color: #d9e0e7; padding: 6px; margin: 4px; border: 1px solid #8da1b4; border-radius: 5px; line-height: 60%\"><p style=\"margin-bottom: 0px\">ResourceMedicationRequest &quot;14618&quot; </p><p style=\"margin-bottom: 0px\">Profile: <a href=\"StructureDefinition-FrInpatientMedicationRequest.html\">French Inpatient MedicationRequest</a></p></div><p><b>status</b>: active</p><p><b>intent</b>: order</p><p><b>medication</b>: <a name=\"hcmed-11\"> </a></p><blockquote><p/><p><a name=\"med-11\"> </a></p><p><a name=\"hcmed-11\"> </a></p><p><b>code</b>: PARACETAMOL <span style=\"background: LightGoldenRodYellow; margin: 4px; border: 1px solid khaki\"> (<a href=\"https://browser.ihtsdotools.org/\">SNOWMED CT</a>#777067000 &quot;médicament contenant seulement paracétamol&quot;)</span></p><h3>Ingredients</h3><table class=\"grid\"><tr><td style=\"display: none\">-</td><td><b>Item[x]</b></td><td><b>IsActive</b></td></tr><tr><td style=\"display: none\">*</td><td>PARACETAMOL <span style=\"background: LightGoldenRodYellow; margin: 4px; border: 1px solid khaki\"> (<a href=\"https://browser.ihtsdotools.org/\">SNOWMED CT</a>#387517004 &quot;paracétamol&quot;)</span></td><td>true</td></tr></table></blockquote><p><b>subject</b>: <a href=\"Patient/phast-14602\">Patient/phast-14602</a></p><p><b>authoredOn</b>: 2021-07-13 08:48:39+0000</p><p><b>requester</b>: <a href=\"Practitioner/smart-Practitioner-71482713\">Practitioner/smart-Practitioner-71482713</a></p><blockquote><p><b>dosageInstruction</b></p><p><b>sequence</b>: 1</p><p><b>timing</b>: Starting 2021-07-13 08:48:00+0000 , Once, Until 2021-07-18 08:47:59+0000 </p><p><b>route</b>: Voie orale <span style=\"background: LightGoldenRodYellow; margin: 4px; border: 1px solid khaki\"> (<a href=\"https://browser.ihtsdotools.org/\">SNOWMED CT</a>#26643006)</span></p><blockquote><p><b>doseAndRate</b></p></blockquote></blockquote><hr/><blockquote><p><b>Generated Narrative: Medication #med-11</b><a name=\"med-11\"> </a><a name=\"hcmed-11\"> </a></p><p><b>code</b>: PARACETAMOL <span style=\"background: LightGoldenRodYellow; margin: 4px; border: 1px solid khaki\"> (<a href=\"https://browser.ihtsdotools.org/\">SNOWMED CT</a>#777067000 &quot;médicament contenant seulement paracétamol&quot;)</span></p><h3>Ingredients</h3><table class=\"grid\"><tr><td style=\"display: none\">-</td><td><b>Item[x]</b></td><td><b>IsActive</b></td></tr><tr><td style=\"display: none\">*</td><td>PARACETAMOL <span style=\"background: LightGoldenRodYellow; margin: 4px; border: 1px solid khaki\"> (<a href=\"https://browser.ihtsdotools.org/\">SNOWMED CT</a>#387517004 &quot;paracétamol&quot;)</span></td><td>true</td></tr></table></blockquote></div>"
  },
  "contained" : [{
    "resourceType" : "Medication",
    "id" : "med-11",
    "meta" : {
      "profile" : ["http://interopsante.org/fhir/StructureDefinition/FrMedicationNonproprietaryName"]
    },
    "code" : {
      "coding" : [{
        "system" : "http://snomed.info/sct",
        "code" : "777067000",
        "display" : "médicament contenant seulement paracétamol"
      }],
      "text" : "PARACETAMOL"
    },
    "ingredient" : [{
      "itemCodeableConcept" : {
        "coding" : [{
          "system" : "http://snomed.info/sct",
          "code" : "387517004",
          "display" : "paracétamol"
        }],
        "text" : "PARACETAMOL"
      },
      "isActive" : true
    }]
  }],
  "status" : "active",
  "intent" : "order",
  "medicationReference" : {
    "reference" : "#med-11"
  },
  "subject" : {
    "reference" : "Patient/phast-14602"
  },
  "authoredOn" : "2021-07-13T08:48:39.825Z",
  "requester" : {
    "reference" : "Practitioner/smart-Practitioner-71482713"
  },
  "dosageInstruction" : [{
    "sequence" : 1,
    "timing" : {
      "repeat" : {
        "boundsPeriod" : {
          "start" : "2021-07-13T08:48:00Z",
          "end" : "2021-07-18T08:47:59Z"
        },
        "timeOfDay" : ["07:00:00",
        "12:00:00",
        "18:00:00"]
      }
    },
    "route" : {
      "coding" : [{
        "system" : "http://snomed.info/sct",
        "code" : "26643006",
        "display" : "Voie orale"
      }],
      "text" : "Voie orale"
    },
    "doseAndRate" : [{
      "type" : {
        "coding" : [{
          "system" : "http://terminology.hl7.org/CodeSystem/dose-rate-type",
          "code" : "ordered",
          "display" : "Ordered"
        }],
        "text" : "Ordered"
      },
      "doseQuantity" : {
        "value" : 1,
        "unit" : "g",
        "system" : "http://unitsofmeasure.org",
        "code" : "g"
      }
    }]
  }]
}