{
  "resourceType" : "MedicationRequest",
  "id" : "14624",
  "meta" : {
    "profile" : ["https://hl7.fr/fhir/fr/medication/StructureDefinition/FrInpatientMedicationRequest"]
  },
  "text" : {
    "status" : "generated",
    "div" : "<div xmlns=\"http://www.w3.org/1999/xhtml\"><p class=\"res-header-id\"><b>Generated Narrative: MedicationRequest 14624</b></p><a name=\"14624\"> </a><a name=\"hc14624\"> </a><a name=\"14624-en-US\"> </a><p><b>status</b>: Active</p><p><b>intent</b>: Order</p><p><b>medication</b>: <a href=\"#hc14624/med-21\">Medication EFFERALGAN 1 000 mg, cpr</a></p><p><b>subject</b>: <a href=\"Patient/phast-14602\">Patient/phast-14602</a></p><p><b>authoredOn</b>: 2021-07-28 14:52:40+0000</p><p><b>requester</b>: <a href=\"Practitioner/smart-Practitioner-71482713\">Practitioner/smart-Practitioner-71482713</a></p><blockquote><p><b>dosageInstruction</b></p><p><b>sequence</b>: 1</p><p><b>timing</b>: Once</p><p><b>route</b>: <span title=\"Codes:{http://snomed.info/sct 26643006}\">Voie orale</span></p><h3>DoseAndRates</h3><table class=\"grid\"><tr><td style=\"display: none\">-</td><td><b>Type</b></td><td><b>Dose[x]</b></td></tr><tr><td style=\"display: none\">*</td><td><span title=\"Codes:{http://terminology.hl7.org/CodeSystem/dose-rate-type ordered}\">Ordered</span></td><td>1 1<span style=\"background: LightGoldenRodYellow\"> (Details: UCUM  code1 = '1')</span></td></tr></table></blockquote><hr/><blockquote><p class=\"res-header-id\"><b>Generated Narrative: Medication #med-21</b></p><a name=\"14624/med-21\"> </a><a name=\"hc14624/med-21\"> </a><a name=\"14624/med-21-en-US\"> </a><p><b>code</b>: <span title=\"Codes:{http://phast.fr/fhir/ValueSet/Pharmacy/CIOdc/SIPh-CIO_UCD 3400893766521}\">EFFERALGAN 1 000 mg, cpr</span></p><p><b>form</b>: <span title=\"Codes:{http://snomed.info/sct 421026006}\">comprimé</span></p><h3>Ingredients</h3><table class=\"grid\"><tr><td style=\"display: none\">-</td><td><b>Item[x]</b></td><td><b>IsActive</b></td><td><b>Strength</b></td></tr><tr><td style=\"display: none\">*</td><td><span title=\"Codes:{http://snomed.info/sct 387517004}\">PARACETAMOL</span></td><td>true</td><td>1000 mg<span style=\"background: LightGoldenRodYellow\"> (Details: UCUM  codemg = 'mg')</span>/1 1<span style=\"background: LightGoldenRodYellow\"> (Details: UCUM  code1 = '1')</span></td></tr></table></blockquote></div>"
  },
  "contained" : [{
    "resourceType" : "Medication",
    "id" : "med-21",
    "meta" : {
      "profile" : ["http://interopsante.org/fhir/StructureDefinition/FrMedicationUcd"]
    },
    "code" : {
      "coding" : [{
        "system" : "http://phast.fr/fhir/ValueSet/Pharmacy/CIOdc/SIPh-CIO_UCD",
        "code" : "3400893766521",
        "display" : "EFFERALGAN 1 000 mg, cpr"
      }],
      "text" : "EFFERALGAN 1 000 mg, cpr"
    },
    "form" : {
      "coding" : [{
        "system" : "http://snomed.info/sct",
        "code" : "421026006",
        "display" : "comprimé oral"
      }],
      "text" : "comprimé"
    },
    "ingredient" : [{
      "itemCodeableConcept" : {
        "coding" : [{
          "system" : "http://snomed.info/sct",
          "code" : "387517004",
          "display" : "paracétamol"
        }],
        "text" : "PARACETAMOL"
      },
      "isActive" : true,
      "strength" : {
        "numerator" : {
          "value" : 1000,
          "unit" : "mg",
          "system" : "http://unitsofmeasure.org",
          "code" : "mg"
        },
        "denominator" : {
          "value" : 1,
          "system" : "http://unitsofmeasure.org",
          "code" : "1"
        }
      }
    }]
  }],
  "status" : "active",
  "intent" : "order",
  "medicationReference" : {
    "reference" : "#med-21"
  },
  "subject" : {
    "reference" : "Patient/phast-14602"
  },
  "authoredOn" : "2021-07-28T14:52:40.936Z",
  "requester" : {
    "reference" : "Practitioner/smart-Practitioner-71482713"
  },
  "dosageInstruction" : [{
    "sequence" : 1,
    "timing" : {
      "repeat" : {
        "boundsPeriod" : {
          "start" : "2021-07-28T14:52:00Z",
          "end" : "2021-08-02T14:51:59Z"
        },
        "timeOfDay" : ["07:00:00",
        "12:00:00",
        "18:00:00"]
      }
    },
    "route" : {
      "coding" : [{
        "system" : "http://snomed.info/sct",
        "code" : "26643006",
        "display" : "Voie orale"
      }],
      "text" : "Voie orale"
    },
    "doseAndRate" : [{
      "type" : {
        "coding" : [{
          "system" : "http://terminology.hl7.org/CodeSystem/dose-rate-type",
          "code" : "ordered",
          "display" : "Ordered"
        }],
        "text" : "Ordered"
      },
      "doseQuantity" : {
        "value" : 1,
        "system" : "http://unitsofmeasure.org",
        "code" : "1"
      }
    }]
  }]
}