<?xml version="1.0" encoding="UTF-8"?><ValueSet xmlns="http://hl7.org/fhir"><id value="medication-ingredient-strength-codes"/><meta><profile value="http://hl7.org/fhir/StructureDefinition/shareablevalueset"/></meta><text><status value="generated"/><div xmlns="http://www.w3.org/1999/xhtml"><p class="res-header-id"><b>Generated Narrative: ValueSet medication-ingredient-strength-codes</b></p><a name="medication-ingredient-strength-codes"> </a><a name="hcmedication-ingredient-strength-codes"> </a><a name="medication-ingredient-strength-codes-en-US"> </a><ul><li>Include all codes defined in <a href="CodeSystem-medication-ingredient-strength-codes.html"><code>http://hl7.org/fhir/CodeSystem/medication-ingredientstrength</code></a></li></ul></div></text><extension url="http://hl7.org/fhir/StructureDefinition/structuredefinition-wg"><valueCode value="phx"/></extension><extension url="http://hl7.org/fhir/StructureDefinition/structuredefinition-standards-status"><valueCode value="draft"/></extension><extension url="http://hl7.org/fhir/StructureDefinition/structuredefinition-fmm"><valueInteger value="1"/></extension><url value="http://hl7.org/fhir/ValueSet/medication-ingredientstrength"/><identifier><system value="urn:ietf:rfc:3986"/><value value="urn:oid:2.16.840.1.113883.4.642.3.1426"/></identifier><version value="0.1.0"/><name value="MedicationIngredientStrengthCodes"/><status value="draft"/><date value="2024-08-02T08:10:46+00:00"/><publisher value="Interop'Santé"/><contact><name value="Interop'Santé"/><telecom><system value="url"/><value value="http://interopsante.org/"/></telecom></contact><description value="Medication Ingredient Strength Codes"/><compose><include><system value="http://hl7.org/fhir/CodeSystem/medication-ingredientstrength"/></include></compose></ValueSet>