<?xml version="1.0" encoding="UTF-8"?><ValueSet xmlns="http://hl7.org/fhir"><id value="FrMethodOfAdministration"/><meta><lastUpdated value="2021-10-18T07:45:00Z"/><profile value="http://hl7.org/fhir/StructureDefinition/shareablevalueset"/></meta><text><status value="generated"/><div xmlns="http://www.w3.org/1999/xhtml"><p class="res-header-id"><b>Generated Narrative: ValueSet FrMethodOfAdministration</b></p><a name="FrMethodOfAdministration"> </a><a name="hcFrMethodOfAdministration"> </a><a name="FrMethodOfAdministration-en-US"> </a><div style="display: inline-block; background-color: #d9e0e7; padding: 6px; margin: 4px; border: 1px solid #8da1b4; border-radius: 5px; line-height: 60%"><p style="margin-bottom: 0px">Last updated: 2021-10-18 07:45:00+0000</p><p style="margin-bottom: 0px">Profile: <a href="http://hl7.org/fhir/R4/shareablevalueset.html">Shareable ValueSet</a></p></div><ul><li>Include codes from<a href="http://www.snomed.org/"><code>http://snomed.info/sct</code></a> where constraint  = &lt; 736665006 |Dose form administration method (administration method)| minus &gt; (&lt; 736665006 |Dose form administration method (administration method)|)</li></ul></div></text><url value="http://interopsante.org/fhir/ValueSet/fr-method-of-administration"/><version value="0.1.0"/><name value="FrMethodOfAdministration"/><title value="French Method Of Administration"/><status value="draft"/><experimental value="false"/><date value="2021-10-18T07:45:00Z"/><publisher value="Interop'Santé"/><contact><name value="Interop'Santé"/><telecom><system value="url"/><value value="http://interopsante.org/"/></telecom></contact><description value="Le jeu de valeurs à utiliser pour coder l'élément *dosageInstruction.method* de la ressource *FrMedicationRequest*."/><immutable value="false"/><copyright value="InterOp'Santé 2021. This value set includes content from SNOMED CT, which is copyright © 2002 International Health Terminology Standards Development Organisation (IHTSDO), and distributed by agreement between IHTSDO and HL7. Implementer use of SNOMED CT is not covered by this agreement."/><compose><include><system value="http://snomed.info/sct"/><filter><property value="constraint"/><op value="="/><value value="&lt; 736665006 |Dose form administration method (administration method)| minus &gt; (&lt; 736665006 |Dose form administration method (administration method)|)"/></filter></include></compose></ValueSet>