{
  "resourceType" : "ValueSet",
  "id" : "fr-note-scope-codes-vs",
  "meta" : {
    "profile" : ["http://hl7.org/fhir/StructureDefinition/shareablevalueset"]
  },
  "text" : {
    "status" : "generated",
    "div" : "<div xmlns=\"http://www.w3.org/1999/xhtml\"><p class=\"res-header-id\"><b>Generated Narrative: ValueSet fr-note-scope-codes-vs</b></p><a name=\"fr-note-scope-codes-vs\"> </a><a name=\"hcfr-note-scope-codes-vs\"> </a><a name=\"fr-note-scope-codes-vs-en-US\"> </a><ul><li>Include all codes defined in <a href=\"CodeSystem-fr-note-scope-codes.html\"><code>https://hl7.fr/fhir/fr/medication/CodeSystem/fr-note-scope-codes</code></a></li></ul></div>"
  },
  "url" : "https://hl7.fr/fhir/fr/medication/ValueSet/fr-note-scope-codes-vs",
  "version" : "0.1.0",
  "name" : "FrNoteScopeCodeValueSet",
  "title" : "value set Interop'Santé - Codes pour le périmètre des notes",
  "status" : "draft",
  "experimental" : false,
  "date" : "2025-02-05T14:43:21+00:00",
  "publisher" : "Interop'Santé",
  "contact" : [{
    "name" : "Interop'Santé",
    "telecom" : [{
      "system" : "url",
      "value" : "http://interopsante.org/"
    }]
  }],
  "description" : "Le jeu de valeurs à utiliser pour coder le périmètre des notes par exemple lors de la transformation de message PN13 en ressources FHIR",
  "immutable" : false,
  "compose" : {
    "include" : [{
      "system" : "https://hl7.fr/fhir/fr/medication/CodeSystem/fr-note-scope-codes"
    }]
  }
}