<?xml version="1.0" encoding="UTF-8"?>

<MedicationDispense xmlns="http://hl7.org/fhir">
  <id value="14657"/>
  <meta>
    <profile value="https://hl7.fr/fhir/fr/medication/StructureDefinition/FrInpatientMedicationDispense"/>
  </meta>
  <text>
    <status value="generated"/><div xmlns="http://www.w3.org/1999/xhtml"><p class="res-header-id"><b>Generated Narrative: MedicationDispense 14657</b></p><a name="14657"> </a><a name="hc14657"> </a><a name="hc14657-en-US"> </a><p><b>status</b>: Completed</p><p><b>medication</b>: <a href="#hc14657/med-21">Medication EFFERALGAN 1 000 mg, cpr</a></p><p><b>subject</b>: <a href="Patient/phast-14602">Patient/phast-14602</a></p><h3>Performers</h3><table class="grid"><tr><td style="display: none">-</td><td><b>Actor</b></td></tr><tr><td style="display: none">*</td><td><a href="Practitioner/smart-Practitioner-7148xxxx">Practitioner/smart-Practitioner-7148xxxx</a></td></tr></table><p><b>authorizingPrescription</b>: <a href="MedicationRequest-14624.html">MedicationRequest: status = active; intent = order; medication[x] = -&gt;Medication EFFERALGAN 1 000 mg, cpr; authoredOn = 2021-07-28 14:52:40+0000</a></p><p><b>type</b>: <span title="Codes:{http://terminology.hl7.org/CodeSystem/v3-ActCode FFC}">First Fill - Complete</span></p><p><b>quantity</b>: 15 1<span style="background: LightGoldenRodYellow"> (Details: UCUM  code1 = '1')</span></p><p><b>daysSupply</b>: 5 jours<span style="background: LightGoldenRodYellow"> (Details: UCUM  coded = 'd')</span></p><p><b>whenPrepared</b>: 2021-07-28 15:25:00+0000</p><p><b>whenHandedOver</b>: 2021-07-28 16:41:00+0000</p><blockquote><p><b>dosageInstruction</b></p></blockquote><hr/><blockquote><p class="res-header-id"><b>Generated Narrative: Medication  #med-21</b></p><a name="14657/med-21"> </a><a name="hc14657/med-21"> </a><a name="hc14657/med-21-en-US"> </a><p><b>code</b>: <span title="Codes:{http://phast.fr/fhir/ValueSet/Pharmacy/CIOdc/SIPh-CIO_UCD 3400893766521}">EFFERALGAN 1 000 mg, cpr</span></p><p><b>form</b>: <span title="Codes:{http://snomed.info/sct 421026006}">comprimé</span></p><h3>Ingredients</h3><table class="grid"><tr><td style="display: none">-</td><td><b>Item[x]</b></td><td><b>IsActive</b></td><td><b>Strength</b></td></tr><tr><td style="display: none">*</td><td><span title="Codes:{http://snomed.info/sct 387517004}">PARACETAMOL</span></td><td>true</td><td>1000 mg<span style="background: LightGoldenRodYellow"> (Details: UCUM  codemg = 'mg')</span>/1 1<span style="background: LightGoldenRodYellow"> (Details: UCUM  code1 = '1')</span></td></tr></table></blockquote></div>
  </text>
  <contained>
    <Medication>
      <id value="med-21"/>
      <meta>
        <profile value="http://interopsante.org/fhir/StructureDefinition/FrMedicationUcd"/>
      </meta>
      <code>
        <coding>
          <system value="http://phast.fr/fhir/ValueSet/Pharmacy/CIOdc/SIPh-CIO_UCD"/>
          <code value="3400893766521"/>
          <display value="EFFERALGAN 1 000 mg, cpr"/>
        </coding>
        <text value="EFFERALGAN 1 000 mg, cpr"/>
      </code>
      <form>
        <coding>
          <system value="http://snomed.info/sct"/>
          <code value="421026006"/>
          <display value="comprimé oral"/>
        </coding>
        <text value="comprimé"/>
      </form>
      <ingredient>
        <itemCodeableConcept>
          <coding>
            <system value="http://snomed.info/sct"/>
            <code value="387517004"/>
            <display value="paracétamol"/>
          </coding>
          <text value="PARACETAMOL"/>
        </itemCodeableConcept>
        <isActive value="true"/>
        <strength>
          <numerator>
            <value value="1000"/>
            <unit value="mg"/>
            <system value="http://unitsofmeasure.org"/>
            <code value="mg"/>
          </numerator>
          <denominator>
            <value value="1"/>
            <system value="http://unitsofmeasure.org"/>
            <code value="1"/>
          </denominator>
        </strength>
      </ingredient>
    </Medication>
  </contained>
  <status value="completed"/>
  <medicationReference>
    <reference value="#med-21"/>
  </medicationReference>
  <subject>
    <reference value="Patient/phast-14602"/>
  </subject>
  <performer>
    <actor>
      <reference value="Practitioner/smart-Practitioner-7148xxxx"/>
    </actor>
  </performer>
  <authorizingPrescription>
    <reference value="MedicationRequest/14624"/>
  </authorizingPrescription>
  <type>
    <coding>
      <system value="http://terminology.hl7.org/CodeSystem/v3-ActCode"/>
      <code value="FFC"/>
      <display value="First Fill - Complete"/>
    </coding>
  </type>
  <quantity>
    <value value="15"/>
    <system value="http://unitsofmeasure.org"/>
    <code value="1"/>
  </quantity>
  <daysSupply>
    <value value="5"/>
    <unit value="jours"/>
    <system value="http://unitsofmeasure.org"/>
    <code value="d"/>
  </daysSupply>
  <whenPrepared value="2021-07-28T15:25:00Z"/>
  <whenHandedOver value="2021-07-28T16:41:00Z"/>
  <dosageInstruction>
    <sequence value="1"/>
    <timing>
      <repeat>
        <boundsPeriod>
          <start value="2021-07-28T16:41:00Z"/>
          <end value="2021-08-02T16:40:59Z"/>
        </boundsPeriod>
        <timeOfDay value="07:00:00"/>
        <timeOfDay value="12:00:00"/>
        <timeOfDay value="18:00:00"/>
      </repeat>
    </timing>
    <route>
      <coding>
        <system value="http://snomed.info/sct"/>
        <code value="26643006"/>
        <display value="Voie orale"/>
      </coding>
      <text value="Voie orale"/>
    </route>
    <doseAndRate>
      <type>
        <coding>
          <system value="http://terminology.hl7.org/CodeSystem/dose-rate-type"/>
          <code value="ordered"/>
          <display value="Ordered"/>
        </coding>
        <text value="Ordered"/>
      </type>
      <doseQuantity>
        <value value="1"/>
        <system value="http://unitsofmeasure.org"/>
        <code value="1"/>
      </doseQuantity>
    </doseAndRate>
  </dosageInstruction>
</MedicationDispense>