URL,Version,Status,OIDs,Name,Title,Descriptino,Used
http://hl7.org/fhir/CodeSystem/medication-ingredientstrength,0.1.0,draft,"2.16.840.1.113883.4.642.1.1427",Medication_Ingredient_Strength_Codes,null,"","ValueSet/medication-ingredient-strength-codes"
http://interopsante.org/fhir/CodeSystem/fr-editorial-status,0.1.0,draft,,FrEditorialStatus,code system Interop'Santé - Statut éditorial d'une valeur,"Le système de codage du statut éditorial d'une valeur.","ValueSet/FrEditorialStatus"
http://interopsante.org/fhir/CodeSystem/fr-medication-history-source-type,0.1.0,draft,,FrMedicationHistorySourceType,code system Interop'Santé - Nature des sources d'un Bilan Médicamenteux,"Le système de codage des sources d'un Bilan Médicamenteux.","ValueSet/FrMedicationHistorySourceType"
http://interopsante.org/fhir/CodeSystem/fr-medication-reconciliation-discrepancy,0.1.0,draft,,FrMedicationReconciliationDiscrepancy,code system Interop'Santé - divergence identifiée sur une ligne de traitement d'une FCT,"Le système de codage de la divergence identifiée sur une ligne de traitement d'une FCT (Fiche de Conciliation des Traitements médicamenteux).","ValueSet/FrMedicationReconciliationQualifiedDiscrepancy"
http://interopsante.org/fhir/CodeSystem/fr-medication-reconciliation-resolution,0.1.0,draft,,FrMedicationReconciliationResolution,code system InterOp'Santé - Résolution d'une divergence sur une ligne de traitement d'une FCT,"Le système de codage de la résolution d'une divergence sur une ligne de traitement d'une FCT (Fiche de Conciliation des Traitements médicamenteux).","ValueSet/FrMedicationReconciliationResolution"
http://interopsante.org/fhir/CodeSystem/fr-medication-reconciliation-type,0.1.0,draft,,FrMedicationReconciliationType,code system InterOp'Santé - Type d'écart/erreur sur une ligne de traitement d'une FCT,"Le système de codage du type d'écart/erreur sur une ligne de traitement d'une FCT (Fiche de Conciliation des Traitements médicamenteux).","ValueSet/FrMedicationReconciliationType"
http://snomed.info/sct,null,active,"2.16.840.1.113883.6.96",SNOMED_CT,SNOMED CT (all versions),"SNOMED CT is the most comprehensive and precise clinical health terminology product in the world, owned and distributed around the world by The International Health Terminology Standards Development Organisation (IHTSDO).","ValueSet/FrTreatmentIntent,ValueSet/FrRouteOfAdministration,ValueSet/FrMpDoseForm,ValueSet/FrMpSubstanceActive,ValueSet/FrMethodOfAdministration,ValueSet/FrMedicinalProductOnly,ValueSet/FrMpUnitOfPresentation"
http://terminology.hl7.org/CodeSystem/medicationknowledge-characteristic,1.0.1,active,"2.16.840.1.113883.4.642.1.1338",MedicationKnowledgeCharacteristicCodes,MedicationKnowledge Characteristic Codes,"MedicationKnowledge Characteristic Codes","ValueSet/medicationknowledge-characteristic"
