{
  "resourceType" : "ImplementationGuide",
  "id" : "hl7.fhir.fr.medication",
  "text" : {
    "status" : "generated",
    "div" : "<div xmlns=\"http://www.w3.org/1999/xhtml\"><p class=\"res-header-id\"><b>Generated Narrative: ImplementationGuide hl7.fhir.fr.medication</b></p><a name=\"hl7.fhir.fr.medication\"> </a><a name=\"hchl7.fhir.fr.medication\"> </a><a name=\"hl7.fhir.fr.medication-en-US\"> </a><h2>MED</h2><p>The official URL for this implementation guide is: </p><pre>https://hl7.fr/fhir/fr/medication/ImplementationGuide/hl7.fhir.fr.medication</pre></div>"
  },
  "url" : "https://hl7.fr/fhir/fr/medication/ImplementationGuide/hl7.fhir.fr.medication",
  "version" : "0.1.0",
  "name" : "MED",
  "title" : "Guide d'implémentation du médicament",
  "status" : "draft",
  "date" : "2024-08-13T14:41:31+00:00",
  "publisher" : "Interop'Santé",
  "contact" : [{
    "name" : "Interop'Santé",
    "telecom" : [{
      "system" : "url",
      "value" : "http://interopsante.org/"
    }]
  }],
  "packageId" : "hl7.fhir.fr.medication",
  "license" : "CC0-1.0",
  "fhirVersion" : ["4.0.1"],
  "dependsOn" : [{
    "id" : "hl7tx",
    "extension" : [{
      "url" : "http://hl7.org/fhir/tools/StructureDefinition/implementationguide-dependency-comment",
      "valueMarkdown" : "Automatically added as a dependency - all IGs depend on HL7 Terminology"
    }],
    "uri" : "http://terminology.hl7.org/ImplementationGuide/hl7.terminology",
    "packageId" : "hl7.terminology.r4",
    "version" : "6.0.2"
  },
  {
    "id" : "hl7ext",
    "extension" : [{
      "url" : "http://hl7.org/fhir/tools/StructureDefinition/implementationguide-dependency-comment",
      "valueMarkdown" : "Automatically added as a dependency - all IGs depend on the HL7 Extension Pack"
    }],
    "uri" : "http://hl7.org/fhir/extensions/ImplementationGuide/hl7.fhir.uv.extensions",
    "packageId" : "hl7.fhir.uv.extensions.r4",
    "version" : "5.1.0"
  },
  {
    "id" : "hl7_fhir_fr_core",
    "uri" : "https://hl7.fr/ig/fhir/core/ImplementationGuide/hl7.fhir.fr.core",
    "packageId" : "hl7.fhir.fr.core",
    "version" : "2.0.1"
  }],
  "definition" : {
    "extension" : [{
      "extension" : [{
        "url" : "code",
        "valueString" : "copyrightyear"
      },
      {
        "url" : "value",
        "valueString" : "2020+"
      }],
      "url" : "http://hl7.org/fhir/tools/StructureDefinition/ig-parameter"
    },
    {
      "extension" : [{
        "url" : "code",
        "valueString" : "releaselabel"
      },
      {
        "url" : "value",
        "valueString" : "ci-build"
      }],
      "url" : "http://hl7.org/fhir/tools/StructureDefinition/ig-parameter"
    },
    {
      "extension" : [{
        "url" : "code",
        "valueString" : "autoload-resources"
      },
      {
        "url" : "value",
        "valueString" : "true"
      }],
      "url" : "http://hl7.org/fhir/tools/StructureDefinition/ig-parameter"
    },
    {
      "extension" : [{
        "url" : "code",
        "valueString" : "path-liquid"
      },
      {
        "url" : "value",
        "valueString" : "template/liquid"
      }],
      "url" : "http://hl7.org/fhir/tools/StructureDefinition/ig-parameter"
    },
    {
      "extension" : [{
        "url" : "code",
        "valueString" : "path-liquid"
      },
      {
        "url" : "value",
        "valueString" : "input/liquid"
      }],
      "url" : "http://hl7.org/fhir/tools/StructureDefinition/ig-parameter"
    },
    {
      "extension" : [{
        "url" : "code",
        "valueString" : "path-qa"
      },
      {
        "url" : "value",
        "valueString" : "temp/qa"
      }],
      "url" : "http://hl7.org/fhir/tools/StructureDefinition/ig-parameter"
    },
    {
      "extension" : [{
        "url" : "code",
        "valueString" : "path-temp"
      },
      {
        "url" : "value",
        "valueString" : "temp/pages"
      }],
      "url" : "http://hl7.org/fhir/tools/StructureDefinition/ig-parameter"
    },
    {
      "extension" : [{
        "url" : "code",
        "valueString" : "path-output"
      },
      {
        "url" : "value",
        "valueString" : "output"
      }],
      "url" : "http://hl7.org/fhir/tools/StructureDefinition/ig-parameter"
    },
    {
      "extension" : [{
        "url" : "code",
        "valueString" : "path-suppressed-warnings"
      },
      {
        "url" : "value",
        "valueString" : "input/ignoreWarnings.txt"
      }],
      "url" : "http://hl7.org/fhir/tools/StructureDefinition/ig-parameter"
    },
    {
      "extension" : [{
        "url" : "code",
        "valueString" : "path-history"
      },
      {
        "url" : "value",
        "valueString" : "https://hl7.fr/fhir/fr/medication/history.html"
      }],
      "url" : "http://hl7.org/fhir/tools/StructureDefinition/ig-parameter"
    },
    {
      "extension" : [{
        "url" : "code",
        "valueString" : "template-html"
      },
      {
        "url" : "value",
        "valueString" : "template-page.html"
      }],
      "url" : "http://hl7.org/fhir/tools/StructureDefinition/ig-parameter"
    },
    {
      "extension" : [{
        "url" : "code",
        "valueString" : "template-md"
      },
      {
        "url" : "value",
        "valueString" : "template-page-md.html"
      }],
      "url" : "http://hl7.org/fhir/tools/StructureDefinition/ig-parameter"
    },
    {
      "extension" : [{
        "url" : "code",
        "valueString" : "apply-contact"
      },
      {
        "url" : "value",
        "valueString" : "true"
      }],
      "url" : "http://hl7.org/fhir/tools/StructureDefinition/ig-parameter"
    },
    {
      "extension" : [{
        "url" : "code",
        "valueString" : "apply-context"
      },
      {
        "url" : "value",
        "valueString" : "true"
      }],
      "url" : "http://hl7.org/fhir/tools/StructureDefinition/ig-parameter"
    },
    {
      "extension" : [{
        "url" : "code",
        "valueString" : "apply-copyright"
      },
      {
        "url" : "value",
        "valueString" : "true"
      }],
      "url" : "http://hl7.org/fhir/tools/StructureDefinition/ig-parameter"
    },
    {
      "extension" : [{
        "url" : "code",
        "valueString" : "apply-jurisdiction"
      },
      {
        "url" : "value",
        "valueString" : "true"
      }],
      "url" : "http://hl7.org/fhir/tools/StructureDefinition/ig-parameter"
    },
    {
      "extension" : [{
        "url" : "code",
        "valueString" : "apply-license"
      },
      {
        "url" : "value",
        "valueString" : "true"
      }],
      "url" : "http://hl7.org/fhir/tools/StructureDefinition/ig-parameter"
    },
    {
      "extension" : [{
        "url" : "code",
        "valueString" : "apply-publisher"
      },
      {
        "url" : "value",
        "valueString" : "true"
      }],
      "url" : "http://hl7.org/fhir/tools/StructureDefinition/ig-parameter"
    },
    {
      "extension" : [{
        "url" : "code",
        "valueString" : "apply-version"
      },
      {
        "url" : "value",
        "valueString" : "true"
      }],
      "url" : "http://hl7.org/fhir/tools/StructureDefinition/ig-parameter"
    },
    {
      "extension" : [{
        "url" : "code",
        "valueString" : "apply-wg"
      },
      {
        "url" : "value",
        "valueString" : "true"
      }],
      "url" : "http://hl7.org/fhir/tools/StructureDefinition/ig-parameter"
    },
    {
      "extension" : [{
        "url" : "code",
        "valueString" : "active-tables"
      },
      {
        "url" : "value",
        "valueString" : "true"
      }],
      "url" : "http://hl7.org/fhir/tools/StructureDefinition/ig-parameter"
    },
    {
      "extension" : [{
        "url" : "code",
        "valueString" : "fmm-definition"
      },
      {
        "url" : "value",
        "valueString" : "http://hl7.org/fhir/versions.html#maturity"
      }],
      "url" : "http://hl7.org/fhir/tools/StructureDefinition/ig-parameter"
    },
    {
      "extension" : [{
        "url" : "code",
        "valueString" : "propagate-status"
      },
      {
        "url" : "value",
        "valueString" : "true"
      }],
      "url" : "http://hl7.org/fhir/tools/StructureDefinition/ig-parameter"
    },
    {
      "extension" : [{
        "url" : "code",
        "valueString" : "excludelogbinaryformat"
      },
      {
        "url" : "value",
        "valueString" : "true"
      }],
      "url" : "http://hl7.org/fhir/tools/StructureDefinition/ig-parameter"
    },
    {
      "extension" : [{
        "url" : "code",
        "valueString" : "tabbed-snapshots"
      },
      {
        "url" : "value",
        "valueString" : "true"
      }],
      "url" : "http://hl7.org/fhir/tools/StructureDefinition/ig-parameter"
    },
    {
      "url" : "http://hl7.org/fhir/tools/StructureDefinition/ig-internal-dependency",
      "valueCode" : "hl7.fhir.uv.tools#0.1.0"
    },
    {
      "extension" : [{
        "url" : "code",
        "valueCode" : "copyrightyear"
      },
      {
        "url" : "value",
        "valueString" : "2020+"
      }],
      "url" : "http://hl7.org/fhir/tools/StructureDefinition/ig-parameter"
    },
    {
      "extension" : [{
        "url" : "code",
        "valueCode" : "releaselabel"
      },
      {
        "url" : "value",
        "valueString" : "ci-build"
      }],
      "url" : "http://hl7.org/fhir/tools/StructureDefinition/ig-parameter"
    },
    {
      "extension" : [{
        "url" : "code",
        "valueCode" : "autoload-resources"
      },
      {
        "url" : "value",
        "valueString" : "true"
      }],
      "url" : "http://hl7.org/fhir/tools/StructureDefinition/ig-parameter"
    },
    {
      "extension" : [{
        "url" : "code",
        "valueCode" : "path-liquid"
      },
      {
        "url" : "value",
        "valueString" : "template/liquid"
      }],
      "url" : "http://hl7.org/fhir/tools/StructureDefinition/ig-parameter"
    },
    {
      "extension" : [{
        "url" : "code",
        "valueCode" : "path-liquid"
      },
      {
        "url" : "value",
        "valueString" : "input/liquid"
      }],
      "url" : "http://hl7.org/fhir/tools/StructureDefinition/ig-parameter"
    },
    {
      "extension" : [{
        "url" : "code",
        "valueCode" : "path-qa"
      },
      {
        "url" : "value",
        "valueString" : "temp/qa"
      }],
      "url" : "http://hl7.org/fhir/tools/StructureDefinition/ig-parameter"
    },
    {
      "extension" : [{
        "url" : "code",
        "valueCode" : "path-temp"
      },
      {
        "url" : "value",
        "valueString" : "temp/pages"
      }],
      "url" : "http://hl7.org/fhir/tools/StructureDefinition/ig-parameter"
    },
    {
      "extension" : [{
        "url" : "code",
        "valueCode" : "path-output"
      },
      {
        "url" : "value",
        "valueString" : "output"
      }],
      "url" : "http://hl7.org/fhir/tools/StructureDefinition/ig-parameter"
    },
    {
      "extension" : [{
        "url" : "code",
        "valueCode" : "path-suppressed-warnings"
      },
      {
        "url" : "value",
        "valueString" : "input/ignoreWarnings.txt"
      }],
      "url" : "http://hl7.org/fhir/tools/StructureDefinition/ig-parameter"
    },
    {
      "extension" : [{
        "url" : "code",
        "valueCode" : "path-history"
      },
      {
        "url" : "value",
        "valueString" : "https://hl7.fr/fhir/fr/medication/history.html"
      }],
      "url" : "http://hl7.org/fhir/tools/StructureDefinition/ig-parameter"
    },
    {
      "extension" : [{
        "url" : "code",
        "valueCode" : "template-html"
      },
      {
        "url" : "value",
        "valueString" : "template-page.html"
      }],
      "url" : "http://hl7.org/fhir/tools/StructureDefinition/ig-parameter"
    },
    {
      "extension" : [{
        "url" : "code",
        "valueCode" : "template-md"
      },
      {
        "url" : "value",
        "valueString" : "template-page-md.html"
      }],
      "url" : "http://hl7.org/fhir/tools/StructureDefinition/ig-parameter"
    },
    {
      "extension" : [{
        "url" : "code",
        "valueCode" : "apply-contact"
      },
      {
        "url" : "value",
        "valueString" : "true"
      }],
      "url" : "http://hl7.org/fhir/tools/StructureDefinition/ig-parameter"
    },
    {
      "extension" : [{
        "url" : "code",
        "valueCode" : "apply-context"
      },
      {
        "url" : "value",
        "valueString" : "true"
      }],
      "url" : "http://hl7.org/fhir/tools/StructureDefinition/ig-parameter"
    },
    {
      "extension" : [{
        "url" : "code",
        "valueCode" : "apply-copyright"
      },
      {
        "url" : "value",
        "valueString" : "true"
      }],
      "url" : "http://hl7.org/fhir/tools/StructureDefinition/ig-parameter"
    },
    {
      "extension" : [{
        "url" : "code",
        "valueCode" : "apply-jurisdiction"
      },
      {
        "url" : "value",
        "valueString" : "true"
      }],
      "url" : "http://hl7.org/fhir/tools/StructureDefinition/ig-parameter"
    },
    {
      "extension" : [{
        "url" : "code",
        "valueCode" : "apply-license"
      },
      {
        "url" : "value",
        "valueString" : "true"
      }],
      "url" : "http://hl7.org/fhir/tools/StructureDefinition/ig-parameter"
    },
    {
      "extension" : [{
        "url" : "code",
        "valueCode" : "apply-publisher"
      },
      {
        "url" : "value",
        "valueString" : "true"
      }],
      "url" : "http://hl7.org/fhir/tools/StructureDefinition/ig-parameter"
    },
    {
      "extension" : [{
        "url" : "code",
        "valueCode" : "apply-version"
      },
      {
        "url" : "value",
        "valueString" : "true"
      }],
      "url" : "http://hl7.org/fhir/tools/StructureDefinition/ig-parameter"
    },
    {
      "extension" : [{
        "url" : "code",
        "valueCode" : "apply-wg"
      },
      {
        "url" : "value",
        "valueString" : "true"
      }],
      "url" : "http://hl7.org/fhir/tools/StructureDefinition/ig-parameter"
    },
    {
      "extension" : [{
        "url" : "code",
        "valueCode" : "active-tables"
      },
      {
        "url" : "value",
        "valueString" : "true"
      }],
      "url" : "http://hl7.org/fhir/tools/StructureDefinition/ig-parameter"
    },
    {
      "extension" : [{
        "url" : "code",
        "valueCode" : "fmm-definition"
      },
      {
        "url" : "value",
        "valueString" : "http://hl7.org/fhir/versions.html#maturity"
      }],
      "url" : "http://hl7.org/fhir/tools/StructureDefinition/ig-parameter"
    },
    {
      "extension" : [{
        "url" : "code",
        "valueCode" : "propagate-status"
      },
      {
        "url" : "value",
        "valueString" : "true"
      }],
      "url" : "http://hl7.org/fhir/tools/StructureDefinition/ig-parameter"
    },
    {
      "extension" : [{
        "url" : "code",
        "valueCode" : "excludelogbinaryformat"
      },
      {
        "url" : "value",
        "valueString" : "true"
      }],
      "url" : "http://hl7.org/fhir/tools/StructureDefinition/ig-parameter"
    },
    {
      "extension" : [{
        "url" : "code",
        "valueCode" : "tabbed-snapshots"
      },
      {
        "url" : "value",
        "valueString" : "true"
      }],
      "url" : "http://hl7.org/fhir/tools/StructureDefinition/ig-parameter"
    }],
    "resource" : [{
      "extension" : [{
        "url" : "http://hl7.org/fhir/tools/StructureDefinition/resource-information",
        "valueString" : "MedicationRequest"
      }],
      "reference" : {
        "reference" : "MedicationRequest/14618"
      },
      "name" : "14618",
      "exampleCanonical" : "https://hl7.fr/fhir/fr/medication/StructureDefinition/FrInpatientMedicationRequest"
    },
    {
      "extension" : [{
        "url" : "http://hl7.org/fhir/tools/StructureDefinition/resource-information",
        "valueString" : "MedicationRequest"
      }],
      "reference" : {
        "reference" : "MedicationRequest/14619"
      },
      "name" : "14619",
      "exampleCanonical" : "https://hl7.fr/fhir/fr/medication/StructureDefinition/FrInpatientMedicationRequest"
    },
    {
      "extension" : [{
        "url" : "http://hl7.org/fhir/tools/StructureDefinition/resource-information",
        "valueString" : "MedicationRequest"
      }],
      "reference" : {
        "reference" : "MedicationRequest/14620"
      },
      "name" : "14620",
      "exampleCanonical" : "https://hl7.fr/fhir/fr/medication/StructureDefinition/FrInpatientMedicationRequest"
    },
    {
      "extension" : [{
        "url" : "http://hl7.org/fhir/tools/StructureDefinition/resource-information",
        "valueString" : "MedicationRequest"
      }],
      "reference" : {
        "reference" : "MedicationRequest/14621"
      },
      "name" : "14621",
      "exampleCanonical" : "https://hl7.fr/fhir/fr/medication/StructureDefinition/FrInpatientMedicationRequest"
    },
    {
      "extension" : [{
        "url" : "http://hl7.org/fhir/tools/StructureDefinition/resource-information",
        "valueString" : "MedicationRequest"
      }],
      "reference" : {
        "reference" : "MedicationRequest/14622"
      },
      "name" : "14622",
      "exampleCanonical" : "https://hl7.fr/fhir/fr/medication/StructureDefinition/FrInpatientMedicationRequest"
    },
    {
      "extension" : [{
        "url" : "http://hl7.org/fhir/tools/StructureDefinition/resource-information",
        "valueString" : "MedicationRequest"
      }],
      "reference" : {
        "reference" : "MedicationRequest/14624"
      },
      "name" : "14624",
      "exampleCanonical" : "https://hl7.fr/fhir/fr/medication/StructureDefinition/FrInpatientMedicationRequest"
    },
    {
      "extension" : [{
        "url" : "http://hl7.org/fhir/tools/StructureDefinition/resource-information",
        "valueString" : "MedicationRequest"
      }],
      "reference" : {
        "reference" : "MedicationRequest/14625"
      },
      "name" : "14625",
      "exampleCanonical" : "https://hl7.fr/fhir/fr/medication/StructureDefinition/FrInpatientMedicationRequest"
    },
    {
      "extension" : [{
        "url" : "http://hl7.org/fhir/tools/StructureDefinition/resource-information",
        "valueString" : "MedicationRequest"
      }],
      "reference" : {
        "reference" : "MedicationRequest/14626"
      },
      "name" : "14626",
      "exampleCanonical" : "https://hl7.fr/fhir/fr/medication/StructureDefinition/FrInpatientMedicationRequest"
    },
    {
      "extension" : [{
        "url" : "http://hl7.org/fhir/tools/StructureDefinition/resource-information",
        "valueString" : "MedicationRequest"
      }],
      "reference" : {
        "reference" : "MedicationRequest/14627"
      },
      "name" : "14627",
      "exampleCanonical" : "https://hl7.fr/fhir/fr/medication/StructureDefinition/FrInpatientMedicationRequest"
    },
    {
      "extension" : [{
        "url" : "http://hl7.org/fhir/tools/StructureDefinition/resource-information",
        "valueString" : "MedicationRequest"
      }],
      "reference" : {
        "reference" : "MedicationRequest/14628"
      },
      "name" : "14628",
      "exampleCanonical" : "https://hl7.fr/fhir/fr/medication/StructureDefinition/FrInpatientMedicationRequest"
    },
    {
      "extension" : [{
        "url" : "http://hl7.org/fhir/tools/StructureDefinition/resource-information",
        "valueString" : "MedicationRequest"
      }],
      "reference" : {
        "reference" : "MedicationRequest/14629"
      },
      "name" : "14629",
      "exampleCanonical" : "https://hl7.fr/fhir/fr/medication/StructureDefinition/FrInpatientMedicationRequest"
    },
    {
      "extension" : [{
        "url" : "http://hl7.org/fhir/tools/StructureDefinition/resource-information",
        "valueString" : "MedicationRequest"
      }],
      "reference" : {
        "reference" : "MedicationRequest/14630"
      },
      "name" : "14630",
      "exampleCanonical" : "https://hl7.fr/fhir/fr/medication/StructureDefinition/FrInpatientMedicationRequest"
    },
    {
      "extension" : [{
        "url" : "http://hl7.org/fhir/tools/StructureDefinition/resource-information",
        "valueString" : "MedicationRequest"
      }],
      "reference" : {
        "reference" : "MedicationRequest/14631"
      },
      "name" : "14631",
      "exampleCanonical" : "https://hl7.fr/fhir/fr/medication/StructureDefinition/FrInpatientMedicationRequest"
    },
    {
      "extension" : [{
        "url" : "http://hl7.org/fhir/tools/StructureDefinition/resource-information",
        "valueString" : "MedicationRequest"
      }],
      "reference" : {
        "reference" : "MedicationRequest/14637"
      },
      "name" : "14637",
      "exampleCanonical" : "https://hl7.fr/fhir/fr/medication/StructureDefinition/FrInpatientMedicationRequest"
    },
    {
      "extension" : [{
        "url" : "http://hl7.org/fhir/tools/StructureDefinition/resource-information",
        "valueString" : "MedicationRequest"
      }],
      "reference" : {
        "reference" : "MedicationRequest/14637u"
      },
      "name" : "14637u",
      "exampleCanonical" : "http://interopsante.org/fhir/StructureDefinition/FrInpatientMedicationRequest2"
    },
    {
      "extension" : [{
        "url" : "http://hl7.org/fhir/tools/StructureDefinition/resource-information",
        "valueString" : "MedicationRequest"
      }],
      "reference" : {
        "reference" : "MedicationRequest/14638"
      },
      "name" : "14638",
      "exampleCanonical" : "https://hl7.fr/fhir/fr/medication/StructureDefinition/FrInpatientMedicationRequest"
    },
    {
      "extension" : [{
        "url" : "http://hl7.org/fhir/tools/StructureDefinition/resource-information",
        "valueString" : "MedicationRequest"
      }],
      "reference" : {
        "reference" : "MedicationRequest/14639"
      },
      "name" : "14639",
      "exampleCanonical" : "https://hl7.fr/fhir/fr/medication/StructureDefinition/FrInpatientMedicationRequest"
    },
    {
      "extension" : [{
        "url" : "http://hl7.org/fhir/tools/StructureDefinition/resource-information",
        "valueString" : "MedicationRequest"
      }],
      "reference" : {
        "reference" : "MedicationRequest/14640"
      },
      "name" : "14640",
      "exampleCanonical" : "https://hl7.fr/fhir/fr/medication/StructureDefinition/FrInpatientMedicationRequest"
    },
    {
      "extension" : [{
        "url" : "http://hl7.org/fhir/tools/StructureDefinition/resource-information",
        "valueString" : "MedicationRequest"
      }],
      "reference" : {
        "reference" : "MedicationRequest/14641"
      },
      "name" : "14641",
      "exampleCanonical" : "https://hl7.fr/fhir/fr/medication/StructureDefinition/FrInpatientMedicationRequest"
    },
    {
      "extension" : [{
        "url" : "http://hl7.org/fhir/tools/StructureDefinition/resource-information",
        "valueString" : "MedicationRequest"
      }],
      "reference" : {
        "reference" : "MedicationRequest/14642"
      },
      "name" : "14642",
      "exampleCanonical" : "https://hl7.fr/fhir/fr/medication/StructureDefinition/FrInpatientMedicationRequest"
    },
    {
      "extension" : [{
        "url" : "http://hl7.org/fhir/tools/StructureDefinition/resource-information",
        "valueString" : "MedicationRequest"
      }],
      "reference" : {
        "reference" : "MedicationRequest/14643"
      },
      "name" : "14643",
      "exampleCanonical" : "https://hl7.fr/fhir/fr/medication/StructureDefinition/FrInpatientMedicationRequest"
    },
    {
      "extension" : [{
        "url" : "http://hl7.org/fhir/tools/StructureDefinition/resource-information",
        "valueString" : "MedicationRequest"
      }],
      "reference" : {
        "reference" : "MedicationRequest/14644"
      },
      "name" : "14644",
      "exampleCanonical" : "https://hl7.fr/fhir/fr/medication/StructureDefinition/FrInpatientMedicationRequest"
    },
    {
      "extension" : [{
        "url" : "http://hl7.org/fhir/tools/StructureDefinition/resource-information",
        "valueString" : "MedicationRequest"
      }],
      "reference" : {
        "reference" : "MedicationRequest/14645"
      },
      "name" : "14645",
      "exampleCanonical" : "https://hl7.fr/fhir/fr/medication/StructureDefinition/FrInpatientMedicationRequest"
    },
    {
      "extension" : [{
        "url" : "http://hl7.org/fhir/tools/StructureDefinition/resource-information",
        "valueString" : "MedicationRequest"
      }],
      "reference" : {
        "reference" : "MedicationRequest/14646"
      },
      "name" : "14646",
      "exampleCanonical" : "https://hl7.fr/fhir/fr/medication/StructureDefinition/FrInpatientMedicationRequest"
    },
    {
      "extension" : [{
        "url" : "http://hl7.org/fhir/tools/StructureDefinition/resource-information",
        "valueString" : "MedicationRequest"
      }],
      "reference" : {
        "reference" : "MedicationRequest/14647"
      },
      "name" : "14647",
      "exampleCanonical" : "https://hl7.fr/fhir/fr/medication/StructureDefinition/FrInpatientMedicationRequest"
    },
    {
      "extension" : [{
        "url" : "http://hl7.org/fhir/tools/StructureDefinition/resource-information",
        "valueString" : "MedicationRequest"
      }],
      "reference" : {
        "reference" : "MedicationRequest/14648"
      },
      "name" : "14648",
      "exampleCanonical" : "https://hl7.fr/fhir/fr/medication/StructureDefinition/FrInpatientMedicationRequest"
    },
    {
      "extension" : [{
        "url" : "http://hl7.org/fhir/tools/StructureDefinition/resource-information",
        "valueString" : "MedicationRequest"
      }],
      "reference" : {
        "reference" : "MedicationRequest/14649"
      },
      "name" : "14649",
      "exampleCanonical" : "https://hl7.fr/fhir/fr/medication/StructureDefinition/FrInpatientMedicationRequest"
    },
    {
      "extension" : [{
        "url" : "http://hl7.org/fhir/tools/StructureDefinition/resource-information",
        "valueString" : "MedicationRequest"
      }],
      "reference" : {
        "reference" : "MedicationRequest/14650"
      },
      "name" : "14650",
      "exampleCanonical" : "https://hl7.fr/fhir/fr/medication/StructureDefinition/FrInpatientMedicationRequest"
    },
    {
      "extension" : [{
        "url" : "http://hl7.org/fhir/tools/StructureDefinition/resource-information",
        "valueString" : "MedicationRequest"
      }],
      "reference" : {
        "reference" : "MedicationRequest/14651"
      },
      "name" : "14651",
      "exampleCanonical" : "https://hl7.fr/fhir/fr/medication/StructureDefinition/FrInpatientMedicationRequest"
    },
    {
      "extension" : [{
        "url" : "http://hl7.org/fhir/tools/StructureDefinition/resource-information",
        "valueString" : "MedicationRequest"
      }],
      "reference" : {
        "reference" : "MedicationRequest/14651-30"
      },
      "name" : "14651-30",
      "exampleCanonical" : "https://hl7.fr/fhir/fr/medication/StructureDefinition/FrInpatientMedicationRequest"
    },
    {
      "extension" : [{
        "url" : "http://hl7.org/fhir/tools/StructureDefinition/resource-information",
        "valueString" : "MedicationRequest"
      }],
      "reference" : {
        "reference" : "MedicationRequest/14652"
      },
      "name" : "14652",
      "exampleCanonical" : "https://hl7.fr/fhir/fr/medication/StructureDefinition/FrInpatientMedicationRequest"
    },
    {
      "extension" : [{
        "url" : "http://hl7.org/fhir/tools/StructureDefinition/resource-information",
        "valueString" : "MedicationRequest"
      }],
      "reference" : {
        "reference" : "MedicationRequest/14654"
      },
      "name" : "14654",
      "exampleCanonical" : "http://interopsante.org/fhir/StructureDefinition/FrInpatientMedicationRequest2"
    },
    {
      "extension" : [{
        "url" : "http://hl7.org/fhir/tools/StructureDefinition/resource-information",
        "valueString" : "MedicationRequest"
      }],
      "reference" : {
        "reference" : "MedicationRequest/14656"
      },
      "name" : "14656",
      "exampleCanonical" : "http://interopsante.org/fhir/StructureDefinition/FrInpatientMedicationRequest2"
    },
    {
      "extension" : [{
        "url" : "http://hl7.org/fhir/tools/StructureDefinition/resource-information",
        "valueString" : "MedicationDispense"
      }],
      "reference" : {
        "reference" : "MedicationDispense/14657"
      },
      "name" : "14657",
      "exampleCanonical" : "https://hl7.fr/fhir/fr/medication/StructureDefinition/FrInpatientMedicationDispense"
    },
    {
      "extension" : [{
        "url" : "http://hl7.org/fhir/tools/StructureDefinition/resource-information",
        "valueString" : "MedicationDispense"
      }],
      "reference" : {
        "reference" : "MedicationDispense/14658"
      },
      "name" : "14658",
      "exampleCanonical" : "https://hl7.fr/fhir/fr/medication/StructureDefinition/FrInpatientMedicationDispense"
    },
    {
      "extension" : [{
        "url" : "http://hl7.org/fhir/tools/StructureDefinition/resource-information",
        "valueString" : "MedicationRequest"
      }],
      "reference" : {
        "reference" : "MedicationRequest/14659"
      },
      "name" : "14659",
      "exampleCanonical" : "http://interopsante.org/fhir/StructureDefinition/FrInpatientMedicationRequest2"
    },
    {
      "extension" : [{
        "url" : "http://hl7.org/fhir/tools/StructureDefinition/resource-information",
        "valueString" : "MedicationRequest"
      }],
      "reference" : {
        "reference" : "MedicationRequest/14660"
      },
      "name" : "14660",
      "exampleCanonical" : "http://interopsante.org/fhir/StructureDefinition/FrInpatientMedicationRequest2"
    },
    {
      "extension" : [{
        "url" : "http://hl7.org/fhir/tools/StructureDefinition/resource-information",
        "valueString" : "MedicationDispense"
      }],
      "reference" : {
        "reference" : "MedicationDispense/14661"
      },
      "name" : "14661",
      "exampleCanonical" : "https://hl7.fr/fhir/fr/medication/StructureDefinition/FrInpatientMedicationDispense"
    },
    {
      "extension" : [{
        "url" : "http://hl7.org/fhir/tools/StructureDefinition/resource-information",
        "valueString" : "MedicationDispense"
      }],
      "reference" : {
        "reference" : "MedicationDispense/14662"
      },
      "name" : "14662",
      "exampleCanonical" : "https://hl7.fr/fhir/fr/medication/StructureDefinition/FrInpatientMedicationDispense"
    },
    {
      "extension" : [{
        "url" : "http://hl7.org/fhir/tools/StructureDefinition/resource-information",
        "valueString" : "MedicationDispense"
      }],
      "reference" : {
        "reference" : "MedicationDispense/14663"
      },
      "name" : "14663",
      "exampleCanonical" : "https://hl7.fr/fhir/fr/medication/StructureDefinition/FrInpatientMedicationDispense"
    },
    {
      "extension" : [{
        "url" : "http://hl7.org/fhir/tools/StructureDefinition/resource-information",
        "valueString" : "MedicationDispense"
      }],
      "reference" : {
        "reference" : "MedicationDispense/14664"
      },
      "name" : "14664",
      "exampleCanonical" : "https://hl7.fr/fhir/fr/medication/StructureDefinition/FrInpatientMedicationDispense"
    },
    {
      "extension" : [{
        "url" : "http://hl7.org/fhir/tools/StructureDefinition/resource-information",
        "valueString" : "MedicationDispense"
      }],
      "reference" : {
        "reference" : "MedicationDispense/14665"
      },
      "name" : "14665",
      "exampleCanonical" : "https://hl7.fr/fhir/fr/medication/StructureDefinition/FrInpatientMedicationDispense"
    },
    {
      "extension" : [{
        "url" : "http://hl7.org/fhir/tools/StructureDefinition/resource-information",
        "valueString" : "CodeSystem"
      }],
      "reference" : {
        "reference" : "CodeSystem/FrMedicationReconciliationDiscrepancy"
      },
      "name" : "code system Interop'Santé - divergence identifiée sur une ligne de traitement d'une FCT",
      "description" : "Le système de codage de la divergence identifiée sur une ligne de traitement d'une FCT (Fiche de Conciliation des Traitements médicamenteux).",
      "exampleBoolean" : false
    },
    {
      "extension" : [{
        "url" : "http://hl7.org/fhir/tools/StructureDefinition/resource-information",
        "valueString" : "CodeSystem"
      }],
      "reference" : {
        "reference" : "CodeSystem/FrMedicationReconciliationOutcome"
      },
      "name" : "code system InterOp'Santé - Gravité de l'erreur sur une ligne de traitement d'une FCT",
      "description" : "Le système de codage de la gravité de l'erreur sur une ligne de traitement d'une FCT (Fiche de Conciliation des Traitements médicamenteux).",
      "exampleBoolean" : false
    },
    {
      "extension" : [{
        "url" : "http://hl7.org/fhir/tools/StructureDefinition/resource-information",
        "valueString" : "CodeSystem"
      }],
      "reference" : {
        "reference" : "CodeSystem/FrMedicationHistorySourceType"
      },
      "name" : "code system Interop'Santé - Nature des sources d'un Bilan Médicamenteux",
      "description" : "Le système de codage des sources d'un Bilan Médicamenteux.",
      "exampleBoolean" : false
    },
    {
      "extension" : [{
        "url" : "http://hl7.org/fhir/tools/StructureDefinition/resource-information",
        "valueString" : "CodeSystem"
      }],
      "reference" : {
        "reference" : "CodeSystem/FrMedicationReconciliationResolution"
      },
      "name" : "code system InterOp'Santé - Résolution d'une divergence sur une ligne de traitement d'une FCT",
      "description" : "Le système de codage de la résolution d'une divergence sur une ligne de traitement d'une FCT (Fiche de Conciliation des Traitements médicamenteux).",
      "exampleBoolean" : false
    },
    {
      "extension" : [{
        "url" : "http://hl7.org/fhir/tools/StructureDefinition/resource-information",
        "valueString" : "CodeSystem"
      }],
      "reference" : {
        "reference" : "CodeSystem/FrMedicationReconciliationStatus"
      },
      "name" : "code system InterOp'Santé - Statut d'une ligne de traitement d'une FCT",
      "description" : "Le système de codage du statut d'une ligne de traitement d'une FCT (Fiche de Conciliation des Traitements médicamenteux).",
      "exampleBoolean" : false
    },
    {
      "extension" : [{
        "url" : "http://hl7.org/fhir/tools/StructureDefinition/resource-information",
        "valueString" : "CodeSystem"
      }],
      "reference" : {
        "reference" : "CodeSystem/FrEditorialStatus"
      },
      "name" : "code system Interop'Santé - Statut éditorial d'une valeur",
      "description" : "Le système de codage du statut éditorial d'une valeur.",
      "exampleBoolean" : false
    },
    {
      "extension" : [{
        "url" : "http://hl7.org/fhir/tools/StructureDefinition/resource-information",
        "valueString" : "CodeSystem"
      }],
      "reference" : {
        "reference" : "CodeSystem/FrMedicationReconciliationType"
      },
      "name" : "code system InterOp'Santé - Type d'écart/erreur sur une ligne de traitement d'une FCT",
      "description" : "Le système de codage du type d'écart/erreur sur une ligne de traitement d'une FCT (Fiche de Conciliation des Traitements médicamenteux).",
      "exampleBoolean" : false
    },
    {
      "extension" : [{
        "url" : "http://hl7.org/fhir/tools/StructureDefinition/resource-information",
        "valueString" : "CodeSystem"
      }],
      "reference" : {
        "reference" : "CodeSystem/fr-document-type"
      },
      "name" : "code system Interop'Santé - Type de document d'une ressource Composition du domaine Pharmacy",
      "description" : "Le système de codage SIPh du type de document d'une ressource *Composition* du domaine Pharmacy",
      "exampleBoolean" : false
    },
    {
      "extension" : [{
        "url" : "http://hl7.org/fhir/tools/StructureDefinition/resource-information",
        "valueString" : "StructureDefinition:resource"
      }],
      "reference" : {
        "reference" : "StructureDefinition/FrCurrentMedicationComposition"
      },
      "name" : "FrCurrentMedicationComposition",
      "description" : "Profil de la ressource Composition du traitement médicamenteux courant.",
      "exampleBoolean" : false
    },
    {
      "extension" : [{
        "url" : "http://hl7.org/fhir/tools/StructureDefinition/resource-information",
        "valueString" : "StructureDefinition:resource"
      }],
      "reference" : {
        "reference" : "StructureDefinition/FrCurrentMedicationMedicationStatement"
      },
      "name" : "FrCurrentMedicationMedicationStatement",
      "description" : "Profil de la ressource *MedicationStatement* du traitement médicamenteux courant.\nCurrent Medication MedicationStatement resource profile",
      "exampleBoolean" : false
    },
    {
      "extension" : [{
        "url" : "http://hl7.org/fhir/tools/StructureDefinition/resource-information",
        "valueString" : "StructureDefinition:complex-type"
      }],
      "reference" : {
        "reference" : "StructureDefinition/FrMPSubstanceActive"
      },
      "name" : "French Active Substance of a Medicinal Product",
      "description" : "code for the medicinal product substance",
      "exampleBoolean" : false
    },
    {
      "extension" : [{
        "url" : "http://hl7.org/fhir/tools/StructureDefinition/resource-information",
        "valueString" : "StructureDefinition:resource"
      }],
      "reference" : {
        "reference" : "StructureDefinition/FrMedicationUcd"
      },
      "name" : "French branded name Medication",
      "description" : "French prescribed, dispensed or used medication expressed as branded medication composed of one to many substances. The code the french UCD (Unité Commune de Dispensation).",
      "exampleBoolean" : false
    },
    {
      "extension" : [{
        "url" : "http://hl7.org/fhir/tools/StructureDefinition/resource-information",
        "valueString" : "StructureDefinition:resource"
      }],
      "reference" : {
        "reference" : "StructureDefinition/FrMedicationCompound"
      },
      "name" : "French compound Medication",
      "description" : "A complex medication composed of two to many simple médication. The simple medications component are described in as many ingredient.itemReference referencing a Medication resource profiled fr-medication-1.",
      "exampleBoolean" : false
    },
    {
      "extension" : [{
        "url" : "http://hl7.org/fhir/tools/StructureDefinition/resource-information",
        "valueString" : "StructureDefinition:resource"
      }],
      "reference" : {
        "reference" : "StructureDefinition/FrInpatientMedicationRequest"
      },
      "name" : "French Inpatient MedicationRequest",
      "description" : "French inpatient medication request profile",
      "exampleBoolean" : false
    },
    {
      "extension" : [{
        "url" : "http://hl7.org/fhir/tools/StructureDefinition/resource-information",
        "valueString" : "ValueSet"
      }],
      "reference" : {
        "reference" : "ValueSet/FrMpSubstanceActive"
      },
      "name" : "French Medicinal product Active substance",
      "description" : "Le jeu de valeurs à utiliser pour coder l'élément *ingredient.itemCodeableConcept* des ressources *FrMedicationUcd*, *FrMedicationUcdPart* et *FrMedicationNonproprietaryName*.",
      "exampleBoolean" : false
    },
    {
      "extension" : [{
        "url" : "http://hl7.org/fhir/tools/StructureDefinition/resource-information",
        "valueString" : "ValueSet"
      }],
      "reference" : {
        "reference" : "ValueSet/FrMpDoseForm"
      },
      "name" : "French Medicinal product Dose form",
      "description" : "Le jeu de valeurs à utiliser pour coder l'élément *doseForm* des ressources *FrMedicationUcd*, *FrMedicationUcdPart* ou *FrMedicationNonProprietaryName*.",
      "exampleBoolean" : false
    },
    {
      "extension" : [{
        "url" : "http://hl7.org/fhir/tools/StructureDefinition/resource-information",
        "valueString" : "ValueSet"
      }],
      "reference" : {
        "reference" : "ValueSet/FrMedicinalProductOnly"
      },
      "name" : "French Medicinal Product only",
      "description" : "Le jeu de valeurs à utiliser pour coder l'élément *code* de la ressource *FrMedicationNonproprietaryName*.",
      "exampleBoolean" : false
    },
    {
      "extension" : [{
        "url" : "http://hl7.org/fhir/tools/StructureDefinition/resource-information",
        "valueString" : "ValueSet"
      }],
      "reference" : {
        "reference" : "ValueSet/FrMpUnitOfPresentation"
      },
      "name" : "French Medicinal product Unit of Presentation",
      "description" : "Le jeu de valeurs à utiliser pour coder l'unité de présentation de la dose.",
      "exampleBoolean" : false
    },
    {
      "extension" : [{
        "url" : "http://hl7.org/fhir/tools/StructureDefinition/resource-information",
        "valueString" : "ValueSet"
      }],
      "reference" : {
        "reference" : "ValueSet/FrMethodOfAdministration"
      },
      "name" : "French Method Of Administration",
      "description" : "Le jeu de valeurs à utiliser pour coder l'élément *dosageInstruction.method* de la ressource *FrMedicationRequest*.",
      "exampleBoolean" : false
    },
    {
      "extension" : [{
        "url" : "http://hl7.org/fhir/tools/StructureDefinition/resource-information",
        "valueString" : "StructureDefinition:resource"
      }],
      "reference" : {
        "reference" : "StructureDefinition/FrMedicationNonproprietaryName"
      },
      "name" : "French non proprietary name Medication",
      "description" : "Simple prescribed, dispensed, administered or used medication expressed in non proprietary name composed of one to many substances. If composed of many substance, the strengh SHALL be defined.",
      "exampleBoolean" : false
    },
    {
      "extension" : [{
        "url" : "http://hl7.org/fhir/tools/StructureDefinition/resource-information",
        "valueString" : "ValueSet"
      }],
      "reference" : {
        "reference" : "ValueSet/FrTreatmentIntent"
      },
      "name" : "French overall intention of the treatment",
      "description" : "Le jeu de valeurs à utiliser pour coder l'élément *treatmentIntent* de la ressource *FrInpatientMedicationRequest*.",
      "exampleBoolean" : false
    },
    {
      "extension" : [{
        "url" : "http://hl7.org/fhir/tools/StructureDefinition/resource-information",
        "valueString" : "ValueSet"
      }],
      "reference" : {
        "reference" : "ValueSet/FrRouteOfAdministration"
      },
      "name" : "French Route of Administration",
      "description" : "Le jeu de valeurs à utiliser pour coder l'élément *dosageInstruction.route* de la ressource *FrMedicationRequest*.",
      "exampleBoolean" : false
    },
    {
      "extension" : [{
        "url" : "http://hl7.org/fhir/tools/StructureDefinition/resource-information",
        "valueString" : "StructureDefinition:resource"
      }],
      "reference" : {
        "reference" : "StructureDefinition/FrMedicationUcdPart"
      },
      "name" : "French Ucd Part Medication",
      "description" : "Part of a multipart branded medication.",
      "exampleBoolean" : false
    },
    {
      "extension" : [{
        "url" : "http://hl7.org/fhir/tools/StructureDefinition/resource-information",
        "valueString" : "StructureDefinition:resource"
      }],
      "reference" : {
        "reference" : "StructureDefinition/FrInpatientMedicationDispense"
      },
      "name" : "FrInpatientMedicationDispense",
      "exampleBoolean" : false
    },
    {
      "extension" : [{
        "url" : "http://hl7.org/fhir/tools/StructureDefinition/resource-information",
        "valueString" : "StructureDefinition:resource"
      }],
      "reference" : {
        "reference" : "StructureDefinition/FrInpatientMedicationRequest2"
      },
      "name" : "FrInpatientMedicationRequest2",
      "exampleBoolean" : false
    },
    {
      "extension" : [{
        "url" : "http://hl7.org/fhir/tools/StructureDefinition/resource-information",
        "valueString" : "StructureDefinition:resource"
      }],
      "reference" : {
        "reference" : "StructureDefinition/FrMedication"
      },
      "name" : "FrMedication",
      "description" : "profil de la ressource Medication décrivant le médicament dans une ressource MedicationRequest ou MedicationStatement profilée par InterOp'Santé",
      "exampleBoolean" : false
    },
    {
      "extension" : [{
        "url" : "http://hl7.org/fhir/tools/StructureDefinition/resource-information",
        "valueString" : "StructureDefinition:resource"
      }],
      "reference" : {
        "reference" : "StructureDefinition/FrMedication2unique"
      },
      "name" : "FrMedication2unique",
      "description" : "ressource Medication unique regroupant les 4 profils en 1 (ucd, ucd-part, non-proprietary-name et compound)",
      "exampleBoolean" : false
    },
    {
      "extension" : [{
        "url" : "http://hl7.org/fhir/tools/StructureDefinition/resource-information",
        "valueString" : "StructureDefinition:resource"
      }],
      "reference" : {
        "reference" : "StructureDefinition/FrMedicationHistoryComposition"
      },
      "name" : "FrMedicationHistoryComposition",
      "description" : "Profil de la ressource Composition du Bilan Médicamenteux.\nMedication Assessment Composition resource profile.",
      "exampleBoolean" : false
    },
    {
      "extension" : [{
        "url" : "http://hl7.org/fhir/tools/StructureDefinition/resource-information",
        "valueString" : "StructureDefinition:resource"
      }],
      "reference" : {
        "reference" : "StructureDefinition/FrMedicationHistoryMedicationStatement"
      },
      "name" : "FrMedicationHistoryMedicationStatement",
      "description" : "Profil de la ressource *MedicationStatement* du Bilan médicamenteux.\nMedication History MedicationStatement resource profile",
      "exampleBoolean" : false
    },
    {
      "extension" : [{
        "url" : "http://hl7.org/fhir/tools/StructureDefinition/resource-information",
        "valueString" : "StructureDefinition:extension"
      }],
      "reference" : {
        "reference" : "StructureDefinition/fr-medication-history-sources"
      },
      "name" : "FrMedicationHistorySources",
      "description" : "Sources des lignes du Bilan Médicamenteux que représente la ressource *Composition* ou de chacune de ses lignes que représente la ressource *MedicationStatement* référencée par l'élément *entry* de la ressource *Composition* (nombre de sources ET le type de source, défini codé avec, si possible, son auteur, défini ès qualités et, si possible, nominativement)",
      "exampleBoolean" : false
    },
    {
      "extension" : [{
        "url" : "http://hl7.org/fhir/tools/StructureDefinition/resource-information",
        "valueString" : "StructureDefinition:resource"
      }],
      "reference" : {
        "reference" : "StructureDefinition/FrMedicationReconciliationComposition"
      },
      "name" : "FrMedicationReconciliationComposition",
      "description" : "Profil de la ressource *Composition* la Fiche de Conciliation des Traitements médicamenteux (FCT).",
      "exampleBoolean" : false
    },
    {
      "extension" : [{
        "url" : "http://hl7.org/fhir/tools/StructureDefinition/resource-information",
        "valueString" : "StructureDefinition:resource"
      }],
      "reference" : {
        "reference" : "StructureDefinition/FrMedicationReconciliationMedicationStatement"
      },
      "name" : "FrMedicationReconciliationMedicationStatement",
      "description" : "Profil de la ressource *MedicationStatement* référencée dans la ressource *Composition* de la Fiche de Conciliation des Traitements médicamenteux (FCT).",
      "exampleBoolean" : false
    },
    {
      "extension" : [{
        "url" : "http://hl7.org/fhir/tools/StructureDefinition/resource-information",
        "valueString" : "StructureDefinition:extension"
      }],
      "reference" : {
        "reference" : "StructureDefinition/FrMedicationStatementReconciliationProperties"
      },
      "name" : "FrMedicationStatementReconciliationProperties",
      "description" : "Propiétés spécifiques de la ligne de médicament, ajoutée à la ressource MedicationStatement dans la Fiche de Conciliation des Traitements médicamenteux (FCT)",
      "exampleBoolean" : false
    },
    {
      "extension" : [{
        "url" : "http://hl7.org/fhir/tools/StructureDefinition/resource-information",
        "valueString" : "StructureDefinition:complex-type"
      }],
      "reference" : {
        "reference" : "StructureDefinition/FrMPSubstance2Active"
      },
      "name" : "FrMPSubstance2Active",
      "description" : "code for the medicinal product substance",
      "exampleBoolean" : false
    },
    {
      "extension" : [{
        "url" : "http://hl7.org/fhir/tools/StructureDefinition/resource-information",
        "valueString" : "StructureDefinition:resource"
      }],
      "reference" : {
        "reference" : "StructureDefinition/FrOnAdmissionMedicationComposition"
      },
      "name" : "FrOnAdmissionMedicationComposition",
      "description" : "Profil de la ressource *Composition* du traitement médicamenteux prescrit à l'admmission.",
      "exampleBoolean" : false
    },
    {
      "extension" : [{
        "url" : "http://hl7.org/fhir/tools/StructureDefinition/resource-information",
        "valueString" : "StructureDefinition:resource"
      }],
      "reference" : {
        "reference" : "StructureDefinition/FrOnAdmissionRetroactiveMedicationReconciliationComposition"
      },
      "name" : "FrOnAdmissionRetroactiveMedicationReconciliationComposition",
      "description" : "Profil de la ressource *Composition* de la Fiche de Conciliation des Traitements médicamenteux (FCT) rétroactive d'admission.",
      "exampleBoolean" : false
    },
    {
      "extension" : [{
        "url" : "http://hl7.org/fhir/tools/StructureDefinition/resource-information",
        "valueString" : "StructureDefinition:extension"
      }],
      "reference" : {
        "reference" : "StructureDefinition/FrBasisOfDoseComponent"
      },
      "name" : "Medication component Basis of dose",
      "description" : "When the medication element of the resource in which a dose applies is compound, this extension references the Medication resource component of the medication element which is the Basis of the dose quantity or volume.",
      "exampleBoolean" : false
    },
    {
      "extension" : [{
        "url" : "http://hl7.org/fhir/tools/StructureDefinition/resource-information",
        "valueString" : "StructureDefinition:extension"
      }],
      "reference" : {
        "reference" : "StructureDefinition/FrIsVehicle"
      },
      "name" : "Medication component which is the vehicle of the compound Medication",
      "description" : "Medication component which is the vehicle of the compound Medication",
      "exampleBoolean" : false
    },
    {
      "extension" : [{
        "url" : "http://hl7.org/fhir/tools/StructureDefinition/resource-information",
        "valueString" : "StructureDefinition:extension"
      }],
      "reference" : {
        "reference" : "StructureDefinition/FrDrugCharacteristic"
      },
      "name" : "Medication descriptive properties",
      "description" : "Specifies descriptive properties of the medicine",
      "exampleBoolean" : false
    },
    {
      "extension" : [{
        "url" : "http://hl7.org/fhir/tools/StructureDefinition/resource-information",
        "valueString" : "ValueSet"
      }],
      "reference" : {
        "reference" : "ValueSet/medication-ingredient-strength-codes"
      },
      "name" : "MedicationIngredientStrengthCodes",
      "description" : "Medication Ingredient Strength Codes",
      "exampleBoolean" : false
    },
    {
      "extension" : [{
        "url" : "http://hl7.org/fhir/tools/StructureDefinition/resource-information",
        "valueString" : "StructureDefinition:extension"
      }],
      "reference" : {
        "reference" : "StructureDefinition/FrTeatmentIntent"
      },
      "name" : "MedicationRequest overall treatment intent",
      "description" : "The overall intention of the treatment",
      "exampleBoolean" : false
    },
    {
      "extension" : [{
        "url" : "http://hl7.org/fhir/tools/StructureDefinition/resource-information",
        "valueString" : "CodeSystem"
      }],
      "reference" : {
        "reference" : "CodeSystem/medication-ingredient-strength-codes"
      },
      "name" : "Medication_Ingredient_Strength_Codes",
      "exampleBoolean" : false
    },
    {
      "extension" : [{
        "url" : "http://hl7.org/fhir/tools/StructureDefinition/resource-information",
        "valueString" : "StructureDefinition:complex-type"
      }],
      "reference" : {
        "reference" : "StructureDefinition/FrRangeUcum"
      },
      "name" : "Range with UCUM quantity units",
      "description" : "Range with low and high unit UCUM encoded",
      "exampleBoolean" : false
    },
    {
      "extension" : [{
        "url" : "http://hl7.org/fhir/tools/StructureDefinition/resource-information",
        "valueString" : "StructureDefinition:complex-type"
      }],
      "reference" : {
        "reference" : "StructureDefinition/FrRatioUcum"
      },
      "name" : "Ratio with UCUM quantity units",
      "description" : "Ratio with numerator and denominator unit UCUM encoded",
      "exampleBoolean" : false
    },
    {
      "extension" : [{
        "url" : "http://hl7.org/fhir/tools/StructureDefinition/resource-information",
        "valueString" : "StructureDefinition:complex-type"
      }],
      "reference" : {
        "reference" : "StructureDefinition/FrSimpleQuantityUcum"
      },
      "name" : "SimpleQuantity with UCUM quantity unit",
      "description" : "simple quantity datatype requiring a UCUM unit",
      "exampleBoolean" : false
    },
    {
      "extension" : [{
        "url" : "http://hl7.org/fhir/tools/StructureDefinition/resource-information",
        "valueString" : "StructureDefinition:extension"
      }],
      "reference" : {
        "reference" : "StructureDefinition/FrStrengthCodeableConcept"
      },
      "name" : "Strength CodeableConcept",
      "exampleBoolean" : false
    },
    {
      "extension" : [{
        "url" : "http://hl7.org/fhir/tools/StructureDefinition/resource-information",
        "valueString" : "ValueSet"
      }],
      "reference" : {
        "reference" : "ValueSet/FrMedicationReconciliationOutcome"
      },
      "name" : "value set InterOp'Santé - Gravité de l'erreur sur une ligne de traitement d'une FCT",
      "description" : "Le jeu de valeurs à utiliser pour coder la gravité de l'erreur sur une ligne de traitement d'une FCT (Fiche de Conciliation des Traitements médicamenteux).",
      "exampleBoolean" : false
    },
    {
      "extension" : [{
        "url" : "http://hl7.org/fhir/tools/StructureDefinition/resource-information",
        "valueString" : "ValueSet"
      }],
      "reference" : {
        "reference" : "ValueSet/FrMedicationReconciliationQualifiedDiscrepancy"
      },
      "name" : "value set InterOp'Santé - qualification de la divergence identifiée sur une ligne de traitement d'une FCT",
      "description" : "Le jeu de valeurs à utiliser pour coder la qualification de la divergence identifiée sur une ligne de traitement d'une FCT (Fiche de Conciliation des Traitements médicamenteux).",
      "exampleBoolean" : false
    },
    {
      "extension" : [{
        "url" : "http://hl7.org/fhir/tools/StructureDefinition/resource-information",
        "valueString" : "ValueSet"
      }],
      "reference" : {
        "reference" : "ValueSet/FrMedicationReconciliationResolution"
      },
      "name" : "value set InterOp'Santé - Résolution d'une divergence sur une ligne de traitement d'une FCT",
      "description" : "Un jeu de valeurs à utiliser pour coder la résolution d'une divergence sur une ligne de traitement d'une FCT (Fiche de Conciliation des Traitements médicamenteux).",
      "exampleBoolean" : false
    },
    {
      "extension" : [{
        "url" : "http://hl7.org/fhir/tools/StructureDefinition/resource-information",
        "valueString" : "ValueSet"
      }],
      "reference" : {
        "reference" : "ValueSet/FrMedicationReconciliationStatus"
      },
      "name" : "value set InterOp'Santé - Statut d'une ligne de traitement d'une FCT",
      "description" : "Le jeu de valeurs à utiliser pour coder le statut d'une ligne de traitement d'une FCT (Fiche de Conciliation des Traitements médicamenteux).",
      "exampleBoolean" : false
    },
    {
      "extension" : [{
        "url" : "http://hl7.org/fhir/tools/StructureDefinition/resource-information",
        "valueString" : "ValueSet"
      }],
      "reference" : {
        "reference" : "ValueSet/FrEditorialStatus"
      },
      "name" : "value set InterOp'Santé - Statut éditorial d'une valeur",
      "description" : "Le jeu de valeurs à utiliser pour coder le statut éditorial d'une valeur.",
      "exampleBoolean" : false
    },
    {
      "extension" : [{
        "url" : "http://hl7.org/fhir/tools/StructureDefinition/resource-information",
        "valueString" : "ValueSet"
      }],
      "reference" : {
        "reference" : "ValueSet/FrMedicationReconciliationType"
      },
      "name" : "value set InterOp'Santé - Type d'écart/erreur sur une ligne de traitement d'une FCT",
      "description" : "Le jeu de valeurs à utiliser pour coder le type d'écart/erreur sur une ligne de traitement d'une FCT (Fiche de Conciliation des Traitements médicamenteux).",
      "exampleBoolean" : false
    },
    {
      "extension" : [{
        "url" : "http://hl7.org/fhir/tools/StructureDefinition/resource-information",
        "valueString" : "ValueSet"
      }],
      "reference" : {
        "reference" : "ValueSet/FrCurrentMedicationDocumentType"
      },
      "name" : "value set InterOp'Santé - type de document de la ressource Composition d'une FCT",
      "description" : "Le jeu de valeurs à utiliser pour coder le type de document de la ressource *Composition* d'une liste des Traitements Médicamenteux Courants.",
      "exampleBoolean" : false
    },
    {
      "extension" : [{
        "url" : "http://hl7.org/fhir/tools/StructureDefinition/resource-information",
        "valueString" : "ValueSet"
      }],
      "reference" : {
        "reference" : "ValueSet/fr-medication-reconciliation-document-type"
      },
      "name" : "value set InterOp'Santé - type de document de la ressource Composition d'une FCT",
      "description" : "Le jeu de valeurs à utiliser pour coder le type de document de la ressource *Composition* d'une FCT (Fiche de Conciliation des Traitements médicamenteux).",
      "exampleBoolean" : false
    },
    {
      "extension" : [{
        "url" : "http://hl7.org/fhir/tools/StructureDefinition/resource-information",
        "valueString" : "ValueSet"
      }],
      "reference" : {
        "reference" : "ValueSet/FrMedicationHistorySourceType"
      },
      "name" : "value set SIPh - Nature des sources d'un Bilan Médicamenteux",
      "description" : "Un jeu de valeurs à utiliser pour coder les sources d'un Bilan Médicamenteux.",
      "exampleBoolean" : false
    }],
    "page" : {
      "extension" : [{
        "url" : "http://hl7.org/fhir/tools/StructureDefinition/ig-page-name",
        "valueUrl" : "toc.html"
      }],
      "nameUrl" : "toc.html",
      "title" : "Table of Contents",
      "generation" : "html",
      "page" : [{
        "extension" : [{
          "url" : "http://hl7.org/fhir/tools/StructureDefinition/ig-page-name",
          "valueUrl" : "index.html"
        }],
        "nameUrl" : "index.html",
        "title" : "Accueil",
        "generation" : "markdown"
      },
      {
        "extension" : [{
          "url" : "http://hl7.org/fhir/tools/StructureDefinition/ig-page-name",
          "valueUrl" : "downloads.html"
        }],
        "nameUrl" : "downloads.html",
        "title" : "Téléchargements et usages",
        "generation" : "markdown"
      }]
    },
    "parameter" : [{
      "code" : "path-resource",
      "value" : "input/capabilities"
    },
    {
      "code" : "path-resource",
      "value" : "input/examples"
    },
    {
      "code" : "path-resource",
      "value" : "input/extensions"
    },
    {
      "code" : "path-resource",
      "value" : "input/models"
    },
    {
      "code" : "path-resource",
      "value" : "input/operations"
    },
    {
      "code" : "path-resource",
      "value" : "input/profiles"
    },
    {
      "code" : "path-resource",
      "value" : "input/resources"
    },
    {
      "code" : "path-resource",
      "value" : "input/vocabulary"
    },
    {
      "code" : "path-resource",
      "value" : "input/maps"
    },
    {
      "code" : "path-resource",
      "value" : "input/testing"
    },
    {
      "code" : "path-resource",
      "value" : "input/history"
    },
    {
      "code" : "path-resource",
      "value" : "fsh-generated/resources"
    },
    {
      "code" : "path-pages",
      "value" : "template/config"
    },
    {
      "code" : "path-pages",
      "value" : "input/images"
    },
    {
      "code" : "path-tx-cache",
      "value" : "input-cache/txcache"
    }]
  }
}