<?xml version="1.0" encoding="UTF-8"?>

<Bundle xmlns="http://hl7.org/fhir">
  <id value="ad58566f-3373-4caf-b3c1-01d3e7bb4de4"/>
  <meta>
    <lastUpdated value="2025-04-11T07:25:28.728+00:00"/>
  </meta>
  <type value="collection"/>
  <entry>
    <fullUrl value="https://hl7.fr/fhir/fr/medication/ValueSet/fr-current-medication-document-type"/>
    <resource>
      <ValueSet>
        <meta>
          <profile value="http://hl7.org/fhir/StructureDefinition/shareablevalueset"/>
        </meta>
        <text>
          <status value="generated"/>
          <div xmlns="http://www.w3.org/1999/xhtml">
            <p class="res-header-id">
              <b>ValueSet </b>
            </p>
            <p style="border: black 1px dotted; background-color: #EEEEEE; padding: 8px; margin-bottom: 8px">Expansion performed internally based on 
              <a href="CodeSystem-fr-document-type.html">codesystem code system Interop'Santé - Type de document d'une ressource Composition du domaine Pharmacy v0.1.0 (CodeSystem)</a>
            </p>
            <p>This value set contains 3 concepts</p>
            <table class="codes">
              <tr>
                <td style="white-space:nowrap">
                  <b>Code</b>
                </td>
                <td>
                  <b>System</b>
                </td>
                <td>
                  <b>Display (en-US)</b>
                </td>
                <td>
                  <b>Definition</b>
                </td>
              </tr>
              <tr>
                <td style="white-space:nowrap">
                  <a name="x-https://hl7.fr/fhir/fr/medication/CodeSystem/fr-document-type-10000012"> </a>  
                  <a href="CodeSystem-fr-document-type.html#fr-document-type-10000012">10000012</a>
                </td>
                <td>https://hl7.fr/fhir/fr/medication/CodeSystem/fr-document-type</td>
                <td>Traitement Médicamenteux Courant</td>
                <td>
                  <div>
                    <p>Traitement Médicamenteux Courant (sans autre précision)</p>

                  </div>
                </td>
              </tr>
              <tr>
                <td style="white-space:nowrap">
                  <a name="x-https://hl7.fr/fhir/fr/medication/CodeSystem/fr-document-type-10000013"> </a>  
                  <a href="CodeSystem-fr-document-type.html#fr-document-type-10000013">10000013</a>
                </td>
                <td>https://hl7.fr/fhir/fr/medication/CodeSystem/fr-document-type</td>
                <td>OMA</td>
                <td>
                  <div>
                    <p>OMA (Ordonnance Médicale d'Admission)</p>

                  </div>
                </td>
              </tr>
              <tr>
                <td style="white-space:nowrap">
                  <a name="x-https://hl7.fr/fhir/fr/medication/CodeSystem/fr-document-type-10000014"> </a>  
                  <a href="CodeSystem-fr-document-type.html#fr-document-type-10000014">10000014</a>
                </td>
                <td>https://hl7.fr/fhir/fr/medication/CodeSystem/fr-document-type</td>
                <td>Traitement Médicamenteux de sortie/transfert/mutation</td>
                <td>
                  <div>
                    <p>Traitement Médicamenteux de sortie/transfert/mutation</p>

                  </div>
                </td>
              </tr>
            </table>
          </div>
        </text>
        <url value="https://hl7.fr/fhir/fr/medication/ValueSet/fr-current-medication-document-type"/>
        <version value="0.1.0"/>
        <name value="FrCurrentMedicationDocumentType"/>
        <title value="value set InterOp'Santé - type de document de la ressource Composition d'une FCT"/>
        <status value="draft"/>
        <experimental value="false"/>
        <date value="2025-04-11T07:24:27+00:00"/>
        <immutable value="false"/>
        <expansion>
          <identifier value="urn:uuid:d64bb5b6-c888-4d3a-9678-a9030c0a96d7"/>
          <timestamp value="2025-04-11T07:26:35+00:00"/>
          <total value="3"/>
          <offset value="0"/>
          <parameter>
            <name value="displayLanguage"/>
            <valueCode value="en-US"/>
          </parameter>
          <parameter>
            <name value="count"/>
            <valueInteger value="1000"/>
          </parameter>
          <parameter>
            <name value="offset"/>
            <valueInteger value="0"/>
          </parameter>
          <parameter>
            <name value="excludeNested"/>
            <valueBoolean value="false"/>
          </parameter>
          <parameter>
            <name value="used-codesystem"/>
            <valueUri value="https://hl7.fr/fhir/fr/medication/CodeSystem/fr-document-type|0.1.0"/>
          </parameter>
          <contains>
            <system value="https://hl7.fr/fhir/fr/medication/CodeSystem/fr-document-type"/>
            <code value="10000012"/>
            <display value="Traitement Médicamenteux Courant"/>
          </contains>
          <contains>
            <system value="https://hl7.fr/fhir/fr/medication/CodeSystem/fr-document-type"/>
            <code value="10000013"/>
            <display value="OMA"/>
          </contains>
          <contains>
            <system value="https://hl7.fr/fhir/fr/medication/CodeSystem/fr-document-type"/>
            <code value="10000014"/>
            <display value="Traitement Médicamenteux de sortie/transfert/mutation"/>
          </contains>
        </expansion>
      </ValueSet>
    </resource>
  </entry>
  <entry>
    <fullUrl value="https://hl7.fr/fhir/fr/medication/ValueSet/fr-editorial-status"/>
    <resource>
      <ValueSet>
        <meta>
          <profile value="http://hl7.org/fhir/StructureDefinition/shareablevalueset"/>
        </meta>
        <text>
          <status value="generated"/>
          <div xmlns="http://www.w3.org/1999/xhtml">
            <p class="res-header-id">
              <b>ValueSet </b>
            </p>
            <p style="border: black 1px dotted; background-color: #EEEEEE; padding: 8px; margin-bottom: 8px">Expansion performed internally based on 
              <a href="CodeSystem-fr-editorial-status.html">codesystem code system Interop'Santé - Statut éditorial d'une valeur v0.1.0 (CodeSystem)</a>
            </p>
            <p>This value set contains 4 concepts</p>
            <table class="codes">
              <tr>
                <td style="white-space:nowrap">
                  <b>Code</b>
                </td>
                <td>
                  <b>System</b>
                </td>
                <td>
                  <b>Display (en-US)</b>
                </td>
              </tr>
              <tr>
                <td style="white-space:nowrap">
                  <a name="x-https://hl7.fr/fhir/fr/medication/CodeSystem/fr-editorial-status-10000001"> </a>  
                  <a href="CodeSystem-fr-editorial-status.html#fr-editorial-status-10000001">10000001</a>
                </td>
                <td>https://hl7.fr/fhir/fr/medication/CodeSystem/fr-editorial-status</td>
                <td>Créé</td>
              </tr>
              <tr>
                <td style="white-space:nowrap">
                  <a name="x-https://hl7.fr/fhir/fr/medication/CodeSystem/fr-editorial-status-10000002"> </a>  
                  <a href="CodeSystem-fr-editorial-status.html#fr-editorial-status-10000002">10000002</a>
                </td>
                <td>https://hl7.fr/fhir/fr/medication/CodeSystem/fr-editorial-status</td>
                <td>Mis-à-jour</td>
              </tr>
              <tr>
                <td style="white-space:nowrap">
                  <a name="x-https://hl7.fr/fhir/fr/medication/CodeSystem/fr-editorial-status-10000003"> </a>  
                  <a href="CodeSystem-fr-editorial-status.html#fr-editorial-status-10000003">10000003</a>
                </td>
                <td>https://hl7.fr/fhir/fr/medication/CodeSystem/fr-editorial-status</td>
                <td>Scellé</td>
              </tr>
              <tr>
                <td style="white-space:nowrap">
                  <a name="x-https://hl7.fr/fhir/fr/medication/CodeSystem/fr-editorial-status-10000004"> </a>  
                  <a href="CodeSystem-fr-editorial-status.html#fr-editorial-status-10000004">10000004</a>
                </td>
                <td>https://hl7.fr/fhir/fr/medication/CodeSystem/fr-editorial-status</td>
                <td>Supprimé</td>
              </tr>
            </table>
          </div>
        </text>
        <url value="https://hl7.fr/fhir/fr/medication/ValueSet/fr-editorial-status"/>
        <version value="0.1.0"/>
        <name value="FrEditorialStatus"/>
        <title value="value set InterOp'Santé - Statut éditorial d'une valeur"/>
        <status value="draft"/>
        <experimental value="false"/>
        <date value="2025-04-11T07:24:27+00:00"/>
        <immutable value="false"/>
        <expansion>
          <identifier value="urn:uuid:7ec9a90b-08ee-4b21-b01c-1f8446563385"/>
          <timestamp value="2025-04-11T07:26:35+00:00"/>
          <total value="4"/>
          <offset value="0"/>
          <parameter>
            <name value="displayLanguage"/>
            <valueCode value="en-US"/>
          </parameter>
          <parameter>
            <name value="count"/>
            <valueInteger value="1000"/>
          </parameter>
          <parameter>
            <name value="offset"/>
            <valueInteger value="0"/>
          </parameter>
          <parameter>
            <name value="excludeNested"/>
            <valueBoolean value="false"/>
          </parameter>
          <parameter>
            <name value="used-codesystem"/>
            <valueUri value="https://hl7.fr/fhir/fr/medication/CodeSystem/fr-editorial-status|0.1.0"/>
          </parameter>
          <contains>
            <system value="https://hl7.fr/fhir/fr/medication/CodeSystem/fr-editorial-status"/>
            <code value="10000001"/>
            <display value="Créé"/>
          </contains>
          <contains>
            <system value="https://hl7.fr/fhir/fr/medication/CodeSystem/fr-editorial-status"/>
            <code value="10000002"/>
            <display value="Mis-à-jour"/>
          </contains>
          <contains>
            <system value="https://hl7.fr/fhir/fr/medication/CodeSystem/fr-editorial-status"/>
            <code value="10000003"/>
            <display value="Scellé"/>
          </contains>
          <contains>
            <system value="https://hl7.fr/fhir/fr/medication/CodeSystem/fr-editorial-status"/>
            <code value="10000004"/>
            <display value="Supprimé"/>
          </contains>
        </expansion>
      </ValueSet>
    </resource>
  </entry>
  <entry>
    <fullUrl value="https://hl7.fr/fhir/fr/medication/ValueSet/fr-medication-history-source-type"/>
    <resource>
      <ValueSet>
        <meta>
          <profile value="http://hl7.org/fhir/StructureDefinition/shareablevalueset"/>
        </meta>
        <text>
          <status value="generated"/>
          <div xmlns="http://www.w3.org/1999/xhtml">
            <p class="res-header-id">
              <b>ValueSet </b>
            </p>
            <p style="border: black 1px dotted; background-color: #EEEEEE; padding: 8px; margin-bottom: 8px">Expansion performed internally based on 
              <a href="CodeSystem-fr-medication-history-source-type.html">codesystem code system Interop'Santé - Nature des sources d'un Bilan Médicamenteux v0.1.0 (CodeSystem)</a>
            </p>
            <p>This value set contains 18 concepts</p>
            <table class="codes">
              <tr>
                <td style="white-space:nowrap">
                  <b>Code</b>
                </td>
                <td>
                  <b>System</b>
                </td>
                <td>
                  <b>Display (en-US)</b>
                </td>
              </tr>
              <tr>
                <td style="white-space:nowrap">
                  <a name="x-https://hl7.fr/fhir/fr/medication/CodeSystem/fr-medication-history-source-type-10000001"> </a>  
                  <a href="CodeSystem-fr-medication-history-source-type.html#fr-medication-history-source-type-10000001">10000001</a>
                </td>
                <td>https://hl7.fr/fhir/fr/medication/CodeSystem/fr-medication-history-source-type</td>
                <td>Entretien avec le patient</td>
              </tr>
              <tr>
                <td style="white-space:nowrap">
                  <a name="x-https://hl7.fr/fhir/fr/medication/CodeSystem/fr-medication-history-source-type-10000002"> </a>  
                  <a href="CodeSystem-fr-medication-history-source-type.html#fr-medication-history-source-type-10000002">10000002</a>
                </td>
                <td>https://hl7.fr/fhir/fr/medication/CodeSystem/fr-medication-history-source-type</td>
                <td>Entretien avec les proches</td>
              </tr>
              <tr>
                <td style="white-space:nowrap">
                  <a name="x-https://hl7.fr/fhir/fr/medication/CodeSystem/fr-medication-history-source-type-10000003"> </a>  
                  <a href="CodeSystem-fr-medication-history-source-type.html#fr-medication-history-source-type-10000003">10000003</a>
                </td>
                <td>https://hl7.fr/fhir/fr/medication/CodeSystem/fr-medication-history-source-type</td>
                <td>Entretien avec le pharmacien d’officine</td>
              </tr>
              <tr>
                <td style="white-space:nowrap">
                  <a name="x-https://hl7.fr/fhir/fr/medication/CodeSystem/fr-medication-history-source-type-10000004"> </a>  
                  <a href="CodeSystem-fr-medication-history-source-type.html#fr-medication-history-source-type-10000004">10000004</a>
                </td>
                <td>https://hl7.fr/fhir/fr/medication/CodeSystem/fr-medication-history-source-type</td>
                <td>Entretien avec le pharmacien hospitalier</td>
              </tr>
              <tr>
                <td style="white-space:nowrap">
                  <a name="x-https://hl7.fr/fhir/fr/medication/CodeSystem/fr-medication-history-source-type-10000005"> </a>  
                  <a href="CodeSystem-fr-medication-history-source-type.html#fr-medication-history-source-type-10000005">10000005</a>
                </td>
                <td>https://hl7.fr/fhir/fr/medication/CodeSystem/fr-medication-history-source-type</td>
                <td>Entretien avec le médecin traitant</td>
              </tr>
              <tr>
                <td style="white-space:nowrap">
                  <a name="x-https://hl7.fr/fhir/fr/medication/CodeSystem/fr-medication-history-source-type-10000006"> </a>  
                  <a href="CodeSystem-fr-medication-history-source-type.html#fr-medication-history-source-type-10000006">10000006</a>
                </td>
                <td>https://hl7.fr/fhir/fr/medication/CodeSystem/fr-medication-history-source-type</td>
                <td>Lettre du médecin traitant</td>
              </tr>
              <tr>
                <td style="white-space:nowrap">
                  <a name="x-https://hl7.fr/fhir/fr/medication/CodeSystem/fr-medication-history-source-type-10000007"> </a>  
                  <a href="CodeSystem-fr-medication-history-source-type.html#fr-medication-history-source-type-10000007">10000007</a>
                </td>
                <td>https://hl7.fr/fhir/fr/medication/CodeSystem/fr-medication-history-source-type</td>
                <td>Le dossier médical partagé</td>
              </tr>
              <tr>
                <td style="white-space:nowrap">
                  <a name="x-https://hl7.fr/fhir/fr/medication/CodeSystem/fr-medication-history-source-type-10000008"> </a>  
                  <a href="CodeSystem-fr-medication-history-source-type.html#fr-medication-history-source-type-10000008">10000008</a>
                </td>
                <td>https://hl7.fr/fhir/fr/medication/CodeSystem/fr-medication-history-source-type</td>
                <td>Lettres de liaison</td>
              </tr>
              <tr>
                <td style="white-space:nowrap">
                  <a name="x-https://hl7.fr/fhir/fr/medication/CodeSystem/fr-medication-history-source-type-10000009"> </a>  
                  <a href="CodeSystem-fr-medication-history-source-type.html#fr-medication-history-source-type-10000009">10000009</a>
                </td>
                <td>https://hl7.fr/fhir/fr/medication/CodeSystem/fr-medication-history-source-type</td>
                <td>Dossier pharmaceutique</td>
              </tr>
              <tr>
                <td style="white-space:nowrap">
                  <a name="x-https://hl7.fr/fhir/fr/medication/CodeSystem/fr-medication-history-source-type-10000010"> </a>  
                  <a href="CodeSystem-fr-medication-history-source-type.html#fr-medication-history-source-type-10000010">10000010</a>
                </td>
                <td>https://hl7.fr/fhir/fr/medication/CodeSystem/fr-medication-history-source-type</td>
                <td>Bilan de médication par le pharmacien d'officine</td>
              </tr>
              <tr>
                <td style="white-space:nowrap">
                  <a name="x-https://hl7.fr/fhir/fr/medication/CodeSystem/fr-medication-history-source-type-10000011"> </a>  
                  <a href="CodeSystem-fr-medication-history-source-type.html#fr-medication-history-source-type-10000011">10000011</a>
                </td>
                <td>https://hl7.fr/fhir/fr/medication/CodeSystem/fr-medication-history-source-type</td>
                <td>Compte-rendu de télé expertise entre deux médecins généralistes pour un patient admis en EHPAD</td>
              </tr>
              <tr>
                <td style="white-space:nowrap">
                  <a name="x-https://hl7.fr/fhir/fr/medication/CodeSystem/fr-medication-history-source-type-10000012"> </a>  
                  <a href="CodeSystem-fr-medication-history-source-type.html#fr-medication-history-source-type-10000012">10000012</a>
                </td>
                <td>https://hl7.fr/fhir/fr/medication/CodeSystem/fr-medication-history-source-type</td>
                <td>Médicaments apportés par le patient</td>
              </tr>
              <tr>
                <td style="white-space:nowrap">
                  <a name="x-https://hl7.fr/fhir/fr/medication/CodeSystem/fr-medication-history-source-type-10000013"> </a>  
                  <a href="CodeSystem-fr-medication-history-source-type.html#fr-medication-history-source-type-10000013">10000013</a>
                </td>
                <td>https://hl7.fr/fhir/fr/medication/CodeSystem/fr-medication-history-source-type</td>
                <td>Ordonnances apportées par le patient</td>
              </tr>
              <tr>
                <td style="white-space:nowrap">
                  <a name="x-https://hl7.fr/fhir/fr/medication/CodeSystem/fr-medication-history-source-type-10000014"> </a>  
                  <a href="CodeSystem-fr-medication-history-source-type.html#fr-medication-history-source-type-10000014">10000014</a>
                </td>
                <td>https://hl7.fr/fhir/fr/medication/CodeSystem/fr-medication-history-source-type</td>
                <td>Fiche de liaison de l’EHPAD</td>
              </tr>
              <tr>
                <td style="white-space:nowrap">
                  <a name="x-https://hl7.fr/fhir/fr/medication/CodeSystem/fr-medication-history-source-type-10000015"> </a>  
                  <a href="CodeSystem-fr-medication-history-source-type.html#fr-medication-history-source-type-10000015">10000015</a>
                </td>
                <td>https://hl7.fr/fhir/fr/medication/CodeSystem/fr-medication-history-source-type</td>
                <td>Entretien ou lettre du médecin spécialiste</td>
              </tr>
              <tr>
                <td style="white-space:nowrap">
                  <a name="x-https://hl7.fr/fhir/fr/medication/CodeSystem/fr-medication-history-source-type-10000016"> </a>  
                  <a href="CodeSystem-fr-medication-history-source-type.html#fr-medication-history-source-type-10000016">10000016</a>
                </td>
                <td>https://hl7.fr/fhir/fr/medication/CodeSystem/fr-medication-history-source-type</td>
                <td>Fiche de liaison avec le service de soins à domicile</td>
              </tr>
              <tr>
                <td style="white-space:nowrap">
                  <a name="x-https://hl7.fr/fhir/fr/medication/CodeSystem/fr-medication-history-source-type-10000017"> </a>  
                  <a href="CodeSystem-fr-medication-history-source-type.html#fr-medication-history-source-type-10000017">10000017</a>
                </td>
                <td>https://hl7.fr/fhir/fr/medication/CodeSystem/fr-medication-history-source-type</td>
                <td>Dossier patient d’une précédente hospitalisation</td>
              </tr>
              <tr>
                <td style="white-space:nowrap">
                  <a name="x-https://hl7.fr/fhir/fr/medication/CodeSystem/fr-medication-history-source-type-10000018"> </a>  
                  <a href="CodeSystem-fr-medication-history-source-type.html#fr-medication-history-source-type-10000018">10000018</a>
                </td>
                <td>https://hl7.fr/fhir/fr/medication/CodeSystem/fr-medication-history-source-type</td>
                <td>Volet de synthèse médicale</td>
              </tr>
            </table>
          </div>
        </text>
        <url value="https://hl7.fr/fhir/fr/medication/ValueSet/fr-medication-history-source-type"/>
        <version value="0.1.0"/>
        <name value="FrMedicationHistorySourceType"/>
        <title value="value set SIPh - Nature des sources d'un Bilan Médicamenteux"/>
        <status value="draft"/>
        <experimental value="false"/>
        <date value="2025-04-11T07:24:27+00:00"/>
        <immutable value="false"/>
        <expansion>
          <identifier value="urn:uuid:67079832-2174-4cde-bd79-14c77cc56a00"/>
          <timestamp value="2025-04-11T07:26:35+00:00"/>
          <total value="18"/>
          <offset value="0"/>
          <parameter>
            <name value="displayLanguage"/>
            <valueCode value="en-US"/>
          </parameter>
          <parameter>
            <name value="count"/>
            <valueInteger value="1000"/>
          </parameter>
          <parameter>
            <name value="offset"/>
            <valueInteger value="0"/>
          </parameter>
          <parameter>
            <name value="excludeNested"/>
            <valueBoolean value="false"/>
          </parameter>
          <parameter>
            <name value="used-codesystem"/>
            <valueUri value="https://hl7.fr/fhir/fr/medication/CodeSystem/fr-medication-history-source-type|0.1.0"/>
          </parameter>
          <contains>
            <system value="https://hl7.fr/fhir/fr/medication/CodeSystem/fr-medication-history-source-type"/>
            <code value="10000001"/>
            <display value="Entretien avec le patient"/>
          </contains>
          <contains>
            <system value="https://hl7.fr/fhir/fr/medication/CodeSystem/fr-medication-history-source-type"/>
            <code value="10000002"/>
            <display value="Entretien avec les proches"/>
          </contains>
          <contains>
            <system value="https://hl7.fr/fhir/fr/medication/CodeSystem/fr-medication-history-source-type"/>
            <code value="10000003"/>
            <display value="Entretien avec le pharmacien d’officine"/>
          </contains>
          <contains>
            <system value="https://hl7.fr/fhir/fr/medication/CodeSystem/fr-medication-history-source-type"/>
            <code value="10000004"/>
            <display value="Entretien avec le pharmacien hospitalier"/>
          </contains>
          <contains>
            <system value="https://hl7.fr/fhir/fr/medication/CodeSystem/fr-medication-history-source-type"/>
            <code value="10000005"/>
            <display value="Entretien avec le médecin traitant"/>
          </contains>
          <contains>
            <system value="https://hl7.fr/fhir/fr/medication/CodeSystem/fr-medication-history-source-type"/>
            <code value="10000006"/>
            <display value="Lettre du médecin traitant"/>
          </contains>
          <contains>
            <system value="https://hl7.fr/fhir/fr/medication/CodeSystem/fr-medication-history-source-type"/>
            <code value="10000007"/>
            <display value="Le dossier médical partagé"/>
          </contains>
          <contains>
            <system value="https://hl7.fr/fhir/fr/medication/CodeSystem/fr-medication-history-source-type"/>
            <code value="10000008"/>
            <display value="Lettres de liaison"/>
          </contains>
          <contains>
            <system value="https://hl7.fr/fhir/fr/medication/CodeSystem/fr-medication-history-source-type"/>
            <code value="10000009"/>
            <display value="Dossier pharmaceutique"/>
          </contains>
          <contains>
            <system value="https://hl7.fr/fhir/fr/medication/CodeSystem/fr-medication-history-source-type"/>
            <code value="10000010"/>
            <display value="Bilan de médication par le pharmacien d'officine"/>
          </contains>
          <contains>
            <system value="https://hl7.fr/fhir/fr/medication/CodeSystem/fr-medication-history-source-type"/>
            <code value="10000011"/>
            <display value="Compte-rendu de télé expertise entre deux médecins généralistes pour un patient admis en EHPAD"/>
          </contains>
          <contains>
            <system value="https://hl7.fr/fhir/fr/medication/CodeSystem/fr-medication-history-source-type"/>
            <code value="10000012"/>
            <display value="Médicaments apportés par le patient"/>
          </contains>
          <contains>
            <system value="https://hl7.fr/fhir/fr/medication/CodeSystem/fr-medication-history-source-type"/>
            <code value="10000013"/>
            <display value="Ordonnances apportées par le patient"/>
          </contains>
          <contains>
            <system value="https://hl7.fr/fhir/fr/medication/CodeSystem/fr-medication-history-source-type"/>
            <code value="10000014"/>
            <display value="Fiche de liaison de l’EHPAD"/>
          </contains>
          <contains>
            <system value="https://hl7.fr/fhir/fr/medication/CodeSystem/fr-medication-history-source-type"/>
            <code value="10000015"/>
            <display value="Entretien ou lettre du médecin spécialiste"/>
          </contains>
          <contains>
            <system value="https://hl7.fr/fhir/fr/medication/CodeSystem/fr-medication-history-source-type"/>
            <code value="10000016"/>
            <display value="Fiche de liaison avec le service de soins à domicile"/>
          </contains>
          <contains>
            <system value="https://hl7.fr/fhir/fr/medication/CodeSystem/fr-medication-history-source-type"/>
            <code value="10000017"/>
            <display value="Dossier patient d’une précédente hospitalisation"/>
          </contains>
          <contains>
            <system value="https://hl7.fr/fhir/fr/medication/CodeSystem/fr-medication-history-source-type"/>
            <code value="10000018"/>
            <display value="Volet de synthèse médicale"/>
          </contains>
        </expansion>
      </ValueSet>
    </resource>
  </entry>
  <entry>
    <fullUrl value="https://hl7.fr/fhir/fr/medication/ValueSet/fr-medication-reconciliation-document-type"/>
    <resource>
      <ValueSet>
        <meta>
          <profile value="http://hl7.org/fhir/StructureDefinition/shareablevalueset"/>
        </meta>
        <text>
          <status value="generated"/>
          <div xmlns="http://www.w3.org/1999/xhtml">
            <p class="res-header-id">
              <b>ValueSet </b>
            </p>
            <p style="border: black 1px dotted; background-color: #EEEEEE; padding: 8px; margin-bottom: 8px">Expansion performed internally based on 
              <a href="CodeSystem-fr-document-type.html">codesystem code system Interop'Santé - Type de document d'une ressource Composition du domaine Pharmacy v0.1.0 (CodeSystem)</a>
            </p>
            <p>This value set contains 11 concepts</p>
            <table class="codes">
              <tr>
                <td style="white-space:nowrap">
                  <b>Code</b>
                </td>
                <td>
                  <b>System</b>
                </td>
                <td>
                  <b>Display (en-US)</b>
                </td>
                <td>
                  <b>Definition</b>
                </td>
              </tr>
              <tr>
                <td style="white-space:nowrap">
                  <a name="x-https://hl7.fr/fhir/fr/medication/CodeSystem/fr-document-type-10000001"> </a>  
                  <a href="CodeSystem-fr-document-type.html#fr-document-type-10000001">10000001</a>
                </td>
                <td>https://hl7.fr/fhir/fr/medication/CodeSystem/fr-document-type</td>
                <td>FCT</td>
                <td>
                  <div>
                    <p>Fiche de Conciliation des Traitements médicamenteux (sans autre précision)</p>

                  </div>
                </td>
              </tr>
              <tr>
                <td style="white-space:nowrap">
                  <a name="x-https://hl7.fr/fhir/fr/medication/CodeSystem/fr-document-type-10000002"> </a>  
                  <a href="CodeSystem-fr-document-type.html#fr-document-type-10000002">10000002</a>
                </td>
                <td>https://hl7.fr/fhir/fr/medication/CodeSystem/fr-document-type</td>
                <td>FCT rétroactive d'admission</td>
                <td>
                  <div>
                    <p>Fiche de Conciliation des Traitements médicamenteux rétroactive d'admission</p>

                  </div>
                </td>
              </tr>
              <tr>
                <td style="white-space:nowrap">
                  <a name="x-https://hl7.fr/fhir/fr/medication/CodeSystem/fr-document-type-10000003"> </a>  
                  <a href="CodeSystem-fr-document-type.html#fr-document-type-10000003">10000003</a>
                </td>
                <td>https://hl7.fr/fhir/fr/medication/CodeSystem/fr-document-type</td>
                <td>FCT proactive d'admission</td>
                <td>
                  <div>
                    <p>Fiche de Conciliation des Traitements médicamenteux proactive d'admission</p>

                  </div>
                </td>
              </tr>
              <tr>
                <td style="white-space:nowrap">
                  <a name="x-https://hl7.fr/fhir/fr/medication/CodeSystem/fr-document-type-10000004"> </a>  
                  <a href="CodeSystem-fr-document-type.html#fr-document-type-10000004">10000004</a>
                </td>
                <td>https://hl7.fr/fhir/fr/medication/CodeSystem/fr-document-type</td>
                <td>FCT proactive de sortie</td>
                <td>
                  <div>
                    <p>Fiche de Conciliation des Traitements médicamenteux proactive de sortie (retour à domicile)</p>

                  </div>
                </td>
              </tr>
              <tr>
                <td style="white-space:nowrap">
                  <a name="x-https://hl7.fr/fhir/fr/medication/CodeSystem/fr-document-type-10000005"> </a>  
                  <a href="CodeSystem-fr-document-type.html#fr-document-type-10000005">10000005</a>
                </td>
                <td>https://hl7.fr/fhir/fr/medication/CodeSystem/fr-document-type</td>
                <td>FCT rétroactive de sortie</td>
                <td>
                  <div>
                    <p>Fiche de Conciliation des Traitements médicamenteux rétroactive de sortie (retour à domicile)</p>

                  </div>
                </td>
              </tr>
              <tr>
                <td style="white-space:nowrap">
                  <a name="x-https://hl7.fr/fhir/fr/medication/CodeSystem/fr-document-type-10000006"> </a>  
                  <a href="CodeSystem-fr-document-type.html#fr-document-type-10000006">10000006</a>
                </td>
                <td>https://hl7.fr/fhir/fr/medication/CodeSystem/fr-document-type</td>
                <td>FCT proactive de transfert</td>
                <td>
                  <div>
                    <p>Fiche de Conciliation des Traitements médicamenteux proactive de transfert (dans une autre structure de soins)</p>

                  </div>
                </td>
              </tr>
              <tr>
                <td style="white-space:nowrap">
                  <a name="x-https://hl7.fr/fhir/fr/medication/CodeSystem/fr-document-type-10000007"> </a>  
                  <a href="CodeSystem-fr-document-type.html#fr-document-type-10000007">10000007</a>
                </td>
                <td>https://hl7.fr/fhir/fr/medication/CodeSystem/fr-document-type</td>
                <td>FCT rétroactive de transfert</td>
                <td>
                  <div>
                    <p>Fiche de Conciliation des Traitements médicamenteux rétroactive de transfert (dans une autre structure de soins)</p>

                  </div>
                </td>
              </tr>
              <tr>
                <td style="white-space:nowrap">
                  <a name="x-https://hl7.fr/fhir/fr/medication/CodeSystem/fr-document-type-10000008"> </a>  
                  <a href="CodeSystem-fr-document-type.html#fr-document-type-10000008">10000008</a>
                </td>
                <td>https://hl7.fr/fhir/fr/medication/CodeSystem/fr-document-type</td>
                <td>FCT proactive de mutation</td>
                <td>
                  <div>
                    <p>Fiche de Conciliation des Traitements médicamenteux proactive de mutation (dans une autre unité fonctionnelle ou médicale)</p>

                  </div>
                </td>
              </tr>
              <tr>
                <td style="white-space:nowrap">
                  <a name="x-https://hl7.fr/fhir/fr/medication/CodeSystem/fr-document-type-10000009"> </a>  
                  <a href="CodeSystem-fr-document-type.html#fr-document-type-10000009">10000009</a>
                </td>
                <td>https://hl7.fr/fhir/fr/medication/CodeSystem/fr-document-type</td>
                <td>FCT rétroactive de mutation</td>
                <td>
                  <div>
                    <p>Fiche de Conciliation des Traitements médicamenteux rétroactive de mutation (dans une autre unité fonctionnelle ou médicale)</p>

                  </div>
                </td>
              </tr>
              <tr>
                <td style="white-space:nowrap">
                  <a name="x-https://hl7.fr/fhir/fr/medication/CodeSystem/fr-document-type-10000010"> </a>  
                  <a href="CodeSystem-fr-document-type.html#fr-document-type-10000010">10000010</a>
                </td>
                <td>https://hl7.fr/fhir/fr/medication/CodeSystem/fr-document-type</td>
                <td>FCT proactive de sortie du service</td>
                <td>
                  <div>
                    <p>Fiche de Conciliation des Traitements médicamenteux proactive de sortie du service (tout mode de sortie administratif confondu)</p>

                  </div>
                </td>
              </tr>
              <tr>
                <td style="white-space:nowrap">
                  <a name="x-https://hl7.fr/fhir/fr/medication/CodeSystem/fr-document-type-10000011"> </a>  
                  <a href="CodeSystem-fr-document-type.html#fr-document-type-10000011">10000011</a>
                </td>
                <td>https://hl7.fr/fhir/fr/medication/CodeSystem/fr-document-type</td>
                <td>FCT rétroactive de sortie du service</td>
                <td>
                  <div>
                    <p>Fiche de Conciliation des Traitements médicamenteux rétroactive de sortie du service (tout mode de sortie administratif confondu)</p>

                  </div>
                </td>
              </tr>
            </table>
          </div>
        </text>
        <url value="https://hl7.fr/fhir/fr/medication/ValueSet/fr-medication-reconciliation-document-type"/>
        <version value="0.1.0"/>
        <name value="FrMedicationReconciliationDocumentType"/>
        <title value="value set InterOp'Santé - type de document de la ressource Composition d'une FCT"/>
        <status value="draft"/>
        <experimental value="false"/>
        <date value="2025-04-11T07:24:27+00:00"/>
        <immutable value="false"/>
        <expansion>
          <identifier value="urn:uuid:ab6aa433-f8e0-4499-8bb4-eb348b9efe2d"/>
          <timestamp value="2025-04-11T07:26:35+00:00"/>
          <total value="11"/>
          <offset value="0"/>
          <parameter>
            <name value="displayLanguage"/>
            <valueCode value="en-US"/>
          </parameter>
          <parameter>
            <name value="count"/>
            <valueInteger value="1000"/>
          </parameter>
          <parameter>
            <name value="offset"/>
            <valueInteger value="0"/>
          </parameter>
          <parameter>
            <name value="excludeNested"/>
            <valueBoolean value="false"/>
          </parameter>
          <parameter>
            <name value="used-codesystem"/>
            <valueUri value="https://hl7.fr/fhir/fr/medication/CodeSystem/fr-document-type|0.1.0"/>
          </parameter>
          <contains>
            <system value="https://hl7.fr/fhir/fr/medication/CodeSystem/fr-document-type"/>
            <code value="10000001"/>
            <display value="FCT"/>
          </contains>
          <contains>
            <system value="https://hl7.fr/fhir/fr/medication/CodeSystem/fr-document-type"/>
            <code value="10000002"/>
            <display value="FCT rétroactive d'admission"/>
          </contains>
          <contains>
            <system value="https://hl7.fr/fhir/fr/medication/CodeSystem/fr-document-type"/>
            <code value="10000003"/>
            <display value="FCT proactive d'admission"/>
          </contains>
          <contains>
            <system value="https://hl7.fr/fhir/fr/medication/CodeSystem/fr-document-type"/>
            <code value="10000004"/>
            <display value="FCT proactive de sortie"/>
          </contains>
          <contains>
            <system value="https://hl7.fr/fhir/fr/medication/CodeSystem/fr-document-type"/>
            <code value="10000005"/>
            <display value="FCT rétroactive de sortie"/>
          </contains>
          <contains>
            <system value="https://hl7.fr/fhir/fr/medication/CodeSystem/fr-document-type"/>
            <code value="10000006"/>
            <display value="FCT proactive de transfert"/>
          </contains>
          <contains>
            <system value="https://hl7.fr/fhir/fr/medication/CodeSystem/fr-document-type"/>
            <code value="10000007"/>
            <display value="FCT rétroactive de transfert"/>
          </contains>
          <contains>
            <system value="https://hl7.fr/fhir/fr/medication/CodeSystem/fr-document-type"/>
            <code value="10000008"/>
            <display value="FCT proactive de mutation"/>
          </contains>
          <contains>
            <system value="https://hl7.fr/fhir/fr/medication/CodeSystem/fr-document-type"/>
            <code value="10000009"/>
            <display value="FCT rétroactive de mutation"/>
          </contains>
          <contains>
            <system value="https://hl7.fr/fhir/fr/medication/CodeSystem/fr-document-type"/>
            <code value="10000010"/>
            <display value="FCT proactive de sortie du service"/>
          </contains>
          <contains>
            <system value="https://hl7.fr/fhir/fr/medication/CodeSystem/fr-document-type"/>
            <code value="10000011"/>
            <display value="FCT rétroactive de sortie du service"/>
          </contains>
        </expansion>
      </ValueSet>
    </resource>
  </entry>
  <entry>
    <fullUrl value="https://hl7.fr/fhir/fr/medication/ValueSet/fr-medication-reconciliation-outcome"/>
    <resource>
      <ValueSet>
        <meta>
          <profile value="http://hl7.org/fhir/StructureDefinition/shareablevalueset"/>
        </meta>
        <text>
          <status value="generated"/>
          <div xmlns="http://www.w3.org/1999/xhtml">
            <p class="res-header-id">
              <b>ValueSet </b>
            </p>
            <p style="border: black 1px dotted; background-color: #EEEEEE; padding: 8px; margin-bottom: 8px">Expansion performed internally based on 
              <a href="CodeSystem-fr-medication-reconciliation-outcome.html">codesystem code system InterOp'Santé - Gravité de l'erreur sur une ligne de traitement d'une FCT v0.1.0 (CodeSystem)</a>
            </p>
            <p>This value set contains 5 concepts</p>
            <table class="codes">
              <tr>
                <td style="white-space:nowrap">
                  <b>Code</b>
                </td>
                <td>
                  <b>System</b>
                </td>
                <td>
                  <b>Display (en-US)</b>
                </td>
                <td>
                  <b>Definition</b>
                </td>
              </tr>
              <tr>
                <td style="white-space:nowrap">
                  <a name="x-https://hl7.fr/fhir/fr/medication/CodeSystem/fr-medication-reconciliation-outcome-10000001"> </a>  
                  <a href="CodeSystem-fr-medication-reconciliation-outcome.html#fr-medication-reconciliation-outcome-10000001">10000001</a>
                </td>
                <td>https://hl7.fr/fhir/fr/medication/CodeSystem/fr-medication-reconciliation-outcome</td>
                <td>Mineure</td>
                <td>
                  <div>
                    <p>Erreur médicamenteuse sans conséquence pour le patient.</p>

                  </div>
                </td>
              </tr>
              <tr>
                <td style="white-space:nowrap">
                  <a name="x-https://hl7.fr/fhir/fr/medication/CodeSystem/fr-medication-reconciliation-outcome-10000002"> </a>  
                  <a href="CodeSystem-fr-medication-reconciliation-outcome.html#fr-medication-reconciliation-outcome-10000002">10000002</a>
                </td>
                <td>https://hl7.fr/fhir/fr/medication/CodeSystem/fr-medication-reconciliation-outcome</td>
                <td>Significative</td>
                <td>
                  <div>
                    <p>Erreur médicamenteuse avec surveillance indispensable pour le patient mais sans conséquence clinique pour lui.</p>

                  </div>
                </td>
              </tr>
              <tr>
                <td style="white-space:nowrap">
                  <a name="x-https://hl7.fr/fhir/fr/medication/CodeSystem/fr-medication-reconciliation-outcome-10000003"> </a>  
                  <a href="CodeSystem-fr-medication-reconciliation-outcome.html#fr-medication-reconciliation-outcome-10000003">10000003</a>
                </td>
                <td>https://hl7.fr/fhir/fr/medication/CodeSystem/fr-medication-reconciliation-outcome</td>
                <td>Majeure</td>
                <td>
                  <div>
                    <p>Erreur médicamenteuse avec conséquences cliniques temporaires pour le patient : à l’origine d’une atteinte physique ou psychologique réversible qui nécessite un traitement ou une intervention ou un transfert vers un (autre) établissement, induction ou allongement du séjour hospitalier.</p>

                  </div>
                </td>
              </tr>
              <tr>
                <td style="white-space:nowrap">
                  <a name="x-https://hl7.fr/fhir/fr/medication/CodeSystem/fr-medication-reconciliation-outcome-10000004"> </a>  
                  <a href="CodeSystem-fr-medication-reconciliation-outcome.html#fr-medication-reconciliation-outcome-10000004">10000004</a>
                </td>
                <td>https://hl7.fr/fhir/fr/medication/CodeSystem/fr-medication-reconciliation-outcome</td>
                <td>Critique</td>
                <td>
                  <div>
                    <p>Erreur médicamenteuse avec conséquences cliniques permanentes pour le patient : à l’origine d’une atteinte physique ou psychologique permanente irréversible.</p>

                  </div>
                </td>
              </tr>
              <tr>
                <td style="white-space:nowrap">
                  <a name="x-https://hl7.fr/fhir/fr/medication/CodeSystem/fr-medication-reconciliation-outcome-10000005"> </a>  
                  <a href="CodeSystem-fr-medication-reconciliation-outcome.html#fr-medication-reconciliation-outcome-10000005">10000005</a>
                </td>
                <td>https://hl7.fr/fhir/fr/medication/CodeSystem/fr-medication-reconciliation-outcome</td>
                <td>Catastrophique</td>
                <td>
                  <div>
                    <p>Erreur médicamenteuse avec mise en jeu du pronostic vital ou décès du patient.</p>

                  </div>
                </td>
              </tr>
            </table>
          </div>
        </text>
        <url value="https://hl7.fr/fhir/fr/medication/ValueSet/fr-medication-reconciliation-outcome"/>
        <version value="0.1.0"/>
        <name value="FrMedicationReconciliationOutcome"/>
        <title value="value set Interop'Santé - Gravité de l'erreur sur une ligne de traitement d'une FCT"/>
        <status value="draft"/>
        <experimental value="false"/>
        <date value="2025-04-11T07:24:27+00:00"/>
        <immutable value="false"/>
        <expansion>
          <identifier value="urn:uuid:44516e5e-1b10-437f-83fe-7e90baa0eec7"/>
          <timestamp value="2025-04-11T07:26:35+00:00"/>
          <total value="5"/>
          <offset value="0"/>
          <parameter>
            <name value="displayLanguage"/>
            <valueCode value="en-US"/>
          </parameter>
          <parameter>
            <name value="count"/>
            <valueInteger value="1000"/>
          </parameter>
          <parameter>
            <name value="offset"/>
            <valueInteger value="0"/>
          </parameter>
          <parameter>
            <name value="excludeNested"/>
            <valueBoolean value="false"/>
          </parameter>
          <parameter>
            <name value="used-codesystem"/>
            <valueUri value="https://hl7.fr/fhir/fr/medication/CodeSystem/fr-medication-reconciliation-outcome|0.1.0"/>
          </parameter>
          <contains>
            <system value="https://hl7.fr/fhir/fr/medication/CodeSystem/fr-medication-reconciliation-outcome"/>
            <code value="10000001"/>
            <display value="Mineure"/>
          </contains>
          <contains>
            <system value="https://hl7.fr/fhir/fr/medication/CodeSystem/fr-medication-reconciliation-outcome"/>
            <code value="10000002"/>
            <display value="Significative"/>
          </contains>
          <contains>
            <system value="https://hl7.fr/fhir/fr/medication/CodeSystem/fr-medication-reconciliation-outcome"/>
            <code value="10000003"/>
            <display value="Majeure"/>
          </contains>
          <contains>
            <system value="https://hl7.fr/fhir/fr/medication/CodeSystem/fr-medication-reconciliation-outcome"/>
            <code value="10000004"/>
            <display value="Critique"/>
          </contains>
          <contains>
            <system value="https://hl7.fr/fhir/fr/medication/CodeSystem/fr-medication-reconciliation-outcome"/>
            <code value="10000005"/>
            <display value="Catastrophique"/>
          </contains>
        </expansion>
      </ValueSet>
    </resource>
  </entry>
  <entry>
    <fullUrl value="https://hl7.fr/fhir/fr/medication/ValueSet/fr-medication-reconciliation-qualified-discrepancy"/>
    <resource>
      <ValueSet>
        <meta>
          <profile value="http://hl7.org/fhir/StructureDefinition/shareablevalueset"/>
        </meta>
        <text>
          <status value="generated"/>
          <div xmlns="http://www.w3.org/1999/xhtml">
            <p class="res-header-id">
              <b>ValueSet </b>
            </p>
            <p style="border: black 1px dotted; background-color: #EEEEEE; padding: 8px; margin-bottom: 8px">Expansion performed internally based on 
              <a href="CodeSystem-fr-medication-reconciliation-discrepancy.html">codesystem code system Interop'Santé - divergence identifiée sur une ligne de traitement d'une FCT v0.1.0 (CodeSystem)</a>
            </p>
            <p>This value set contains 2 concepts</p>
            <table class="codes">
              <tr>
                <td style="white-space:nowrap">
                  <b>Code</b>
                </td>
                <td>
                  <b>System</b>
                </td>
                <td>
                  <b>Display (en-US)</b>
                </td>
                <td>
                  <b>Definition</b>
                </td>
              </tr>
              <tr>
                <td style="white-space:nowrap">
                  <a name="x-https://hl7.fr/fhir/fr/medication/CodeSystem/fr-medication-reconciliation-discrepancy-10000003"> </a>  
                  <a href="CodeSystem-fr-medication-reconciliation-discrepancy.html#fr-medication-reconciliation-discrepancy-10000003">10000003</a>
                </td>
                <td>https://hl7.fr/fhir/fr/medication/CodeSystem/fr-medication-reconciliation-discrepancy</td>
                <td>Divergence intentionnelle</td>
                <td>
                  <div>
                    <p>Divergence identifiée et qualifiée, entre la ligne de traitement du Bilan Médicamenteux et celle du Traitement Courant. Le Bilan Médicamenteux a été pris en compte par le prescripteur dans le Traitement Courant.</p>

                  </div>
                </td>
              </tr>
              <tr>
                <td style="white-space:nowrap">
                  <a name="x-https://hl7.fr/fhir/fr/medication/CodeSystem/fr-medication-reconciliation-discrepancy-10000004"> </a>  
                  <a href="CodeSystem-fr-medication-reconciliation-discrepancy.html#fr-medication-reconciliation-discrepancy-10000004">10000004</a>
                </td>
                <td>https://hl7.fr/fhir/fr/medication/CodeSystem/fr-medication-reconciliation-discrepancy</td>
                <td>Divergence non-intentionnelle</td>
                <td>
                  <div>
                    <p>Divergence identifiée et qualifiée, entre la ligne de traitement du Bilan Médicamenteux et celle du Traitement Courant. Méconnaissance, par le prescripteur, du Bilan Médicamenteux dans le Traitement Courant.</p>

                  </div>
                </td>
              </tr>
            </table>
          </div>
        </text>
        <url value="https://hl7.fr/fhir/fr/medication/ValueSet/fr-medication-reconciliation-qualified-discrepancy"/>
        <version value="0.1.0"/>
        <name value="FrMedicationReconciliationQualifiedDiscrepancy"/>
        <title value="value set InterOp'Santé - qualification de la divergence identifiée sur une ligne de traitement d'une FCT"/>
        <status value="draft"/>
        <experimental value="false"/>
        <date value="2025-04-11T07:24:27+00:00"/>
        <immutable value="false"/>
        <expansion>
          <identifier value="urn:uuid:8e7ae9c7-50dc-48a4-b1eb-a2e3d9e11738"/>
          <timestamp value="2025-04-11T07:26:35+00:00"/>
          <total value="2"/>
          <offset value="0"/>
          <parameter>
            <name value="displayLanguage"/>
            <valueCode value="en-US"/>
          </parameter>
          <parameter>
            <name value="count"/>
            <valueInteger value="1000"/>
          </parameter>
          <parameter>
            <name value="offset"/>
            <valueInteger value="0"/>
          </parameter>
          <parameter>
            <name value="excludeNested"/>
            <valueBoolean value="false"/>
          </parameter>
          <parameter>
            <name value="used-codesystem"/>
            <valueUri value="https://hl7.fr/fhir/fr/medication/CodeSystem/fr-medication-reconciliation-discrepancy|0.1.0"/>
          </parameter>
          <contains>
            <system value="https://hl7.fr/fhir/fr/medication/CodeSystem/fr-medication-reconciliation-discrepancy"/>
            <code value="10000003"/>
            <display value="Divergence intentionnelle"/>
          </contains>
          <contains>
            <system value="https://hl7.fr/fhir/fr/medication/CodeSystem/fr-medication-reconciliation-discrepancy"/>
            <code value="10000004"/>
            <display value="Divergence non-intentionnelle"/>
          </contains>
        </expansion>
      </ValueSet>
    </resource>
  </entry>
  <entry>
    <fullUrl value="https://hl7.fr/fhir/fr/medication/ValueSet/fr-medication-reconciliation-resolution"/>
    <resource>
      <ValueSet>
        <meta>
          <profile value="http://hl7.org/fhir/StructureDefinition/shareablevalueset"/>
        </meta>
        <text>
          <status value="generated"/>
          <div xmlns="http://www.w3.org/1999/xhtml">
            <p class="res-header-id">
              <b>ValueSet </b>
            </p>
            <p style="border: black 1px dotted; background-color: #EEEEEE; padding: 8px; margin-bottom: 8px">Expansion performed internally based on 
              <a href="CodeSystem-fr-medication-reconciliation-resolution.html">codesystem code system InterOp'Santé - Résolution d'une divergence sur une ligne de traitement d'une FCT v0.1.0 (CodeSystem)</a>
            </p>
            <p>This value set contains 5 concepts</p>
            <table class="codes">
              <tr>
                <td style="white-space:nowrap">
                  <b>Code</b>
                </td>
                <td>
                  <b>System</b>
                </td>
                <td>
                  <b>Display (en-US)</b>
                </td>
                <td>
                  <b>Definition</b>
                </td>
              </tr>
              <tr>
                <td style="white-space:nowrap">
                  <a name="x-https://hl7.fr/fhir/fr/medication/CodeSystem/fr-medication-reconciliation-resolution-10000001"> </a>  
                  <a href="CodeSystem-fr-medication-reconciliation-resolution.html#fr-medication-reconciliation-resolution-10000001">10000001</a>
                </td>
                <td>https://hl7.fr/fhir/fr/medication/CodeSystem/fr-medication-reconciliation-resolution</td>
                <td>Dose corrigée</td>
                <td>
                  <div>
                    <p>La dose initialement prescrite a été corrigée.</p>

                  </div>
                </td>
              </tr>
              <tr>
                <td style="white-space:nowrap">
                  <a name="x-https://hl7.fr/fhir/fr/medication/CodeSystem/fr-medication-reconciliation-resolution-10000002"> </a>  
                  <a href="CodeSystem-fr-medication-reconciliation-resolution.html#fr-medication-reconciliation-resolution-10000002">10000002</a>
                </td>
                <td>https://hl7.fr/fhir/fr/medication/CodeSystem/fr-medication-reconciliation-resolution</td>
                <td>Repris</td>
                <td>
                  <div>
                    <p>La prescription interrompue a été reprise.</p>

                  </div>
                </td>
              </tr>
              <tr>
                <td style="white-space:nowrap">
                  <a name="x-https://hl7.fr/fhir/fr/medication/CodeSystem/fr-medication-reconciliation-resolution-10000003"> </a>  
                  <a href="CodeSystem-fr-medication-reconciliation-resolution.html#fr-medication-reconciliation-resolution-10000003">10000003</a>
                </td>
                <td>https://hl7.fr/fhir/fr/medication/CodeSystem/fr-medication-reconciliation-resolution</td>
                <td>Spécialité corrigée</td>
                <td>
                  <div>
                    <p>Le choix de la spécialité prescrite a été corrigé.</p>

                  </div>
                </td>
              </tr>
              <tr>
                <td style="white-space:nowrap">
                  <a name="x-https://hl7.fr/fhir/fr/medication/CodeSystem/fr-medication-reconciliation-resolution-10000004"> </a>  
                  <a href="CodeSystem-fr-medication-reconciliation-resolution.html#fr-medication-reconciliation-resolution-10000004">10000004</a>
                </td>
                <td>https://hl7.fr/fhir/fr/medication/CodeSystem/fr-medication-reconciliation-resolution</td>
                <td>Forme corrigée</td>
                <td>
                  <div>
                    <p>La forme galénique prescrite a été corrigée.</p>

                  </div>
                </td>
              </tr>
              <tr>
                <td style="white-space:nowrap">
                  <a name="x-https://hl7.fr/fhir/fr/medication/CodeSystem/fr-medication-reconciliation-resolution-10000005"> </a>  
                  <a href="CodeSystem-fr-medication-reconciliation-resolution.html#fr-medication-reconciliation-resolution-10000005">10000005</a>
                </td>
                <td>https://hl7.fr/fhir/fr/medication/CodeSystem/fr-medication-reconciliation-resolution</td>
                <td>Arrêt</td>
                <td>
                  <div>
                    <p>La prescription a été arrêtée.</p>

                  </div>
                </td>
              </tr>
            </table>
          </div>
        </text>
        <url value="https://hl7.fr/fhir/fr/medication/ValueSet/fr-medication-reconciliation-resolution"/>
        <version value="0.1.0"/>
        <name value="FrMedicationReconciliationResolution"/>
        <title value="value set InterOp'Santé - Résolution d'une divergence sur une ligne de traitement d'une FCT"/>
        <status value="draft"/>
        <experimental value="false"/>
        <date value="2025-04-11T07:24:27+00:00"/>
        <immutable value="false"/>
        <expansion>
          <identifier value="urn:uuid:00c8ba45-1791-4cd4-bb8f-a9fbc6f48c96"/>
          <timestamp value="2025-04-11T07:26:35+00:00"/>
          <total value="5"/>
          <offset value="0"/>
          <parameter>
            <name value="displayLanguage"/>
            <valueCode value="en-US"/>
          </parameter>
          <parameter>
            <name value="count"/>
            <valueInteger value="1000"/>
          </parameter>
          <parameter>
            <name value="offset"/>
            <valueInteger value="0"/>
          </parameter>
          <parameter>
            <name value="excludeNested"/>
            <valueBoolean value="false"/>
          </parameter>
          <parameter>
            <name value="used-codesystem"/>
            <valueUri value="https://hl7.fr/fhir/fr/medication/CodeSystem/fr-medication-reconciliation-resolution|0.1.0"/>
          </parameter>
          <contains>
            <system value="https://hl7.fr/fhir/fr/medication/CodeSystem/fr-medication-reconciliation-resolution"/>
            <code value="10000001"/>
            <display value="Dose corrigée"/>
          </contains>
          <contains>
            <system value="https://hl7.fr/fhir/fr/medication/CodeSystem/fr-medication-reconciliation-resolution"/>
            <code value="10000002"/>
            <display value="Repris"/>
          </contains>
          <contains>
            <system value="https://hl7.fr/fhir/fr/medication/CodeSystem/fr-medication-reconciliation-resolution"/>
            <code value="10000003"/>
            <display value="Spécialité corrigée"/>
          </contains>
          <contains>
            <system value="https://hl7.fr/fhir/fr/medication/CodeSystem/fr-medication-reconciliation-resolution"/>
            <code value="10000004"/>
            <display value="Forme corrigée"/>
          </contains>
          <contains>
            <system value="https://hl7.fr/fhir/fr/medication/CodeSystem/fr-medication-reconciliation-resolution"/>
            <code value="10000005"/>
            <display value="Arrêt"/>
          </contains>
        </expansion>
      </ValueSet>
    </resource>
  </entry>
  <entry>
    <fullUrl value="https://hl7.fr/fhir/fr/medication/ValueSet/fr-medication-reconciliation-status"/>
    <resource>
      <ValueSet>
        <meta>
          <profile value="http://hl7.org/fhir/StructureDefinition/shareablevalueset"/>
        </meta>
        <text>
          <status value="generated"/>
          <div xmlns="http://www.w3.org/1999/xhtml">
            <p class="res-header-id">
              <b>ValueSet </b>
            </p>
            <p style="border: black 1px dotted; background-color: #EEEEEE; padding: 8px; margin-bottom: 8px">Expansion performed internally based on 
              <a href="CodeSystem-fr-medication-reconciliation-status.html">codesystem code system InterOp'Santé - Statut d'une ligne de traitement d'une FCT v0.1.0 (CodeSystem)</a>
            </p>
            <p>This value set contains 5 concepts</p>
            <table class="codes">
              <tr>
                <td style="white-space:nowrap">
                  <b>Code</b>
                </td>
                <td>
                  <b>System</b>
                </td>
                <td>
                  <b>Display (en-US)</b>
                </td>
                <td>
                  <b>Definition</b>
                </td>
              </tr>
              <tr>
                <td style="white-space:nowrap">
                  <a name="x-https://hl7.fr/fhir/fr/medication/CodeSystem/fr-medication-reconciliation-status-10000001"> </a>  
                  <a href="CodeSystem-fr-medication-reconciliation-status.html#fr-medication-reconciliation-status-10000001">10000001</a>
                </td>
                <td>https://hl7.fr/fhir/fr/medication/CodeSystem/fr-medication-reconciliation-status</td>
                <td>Continué</td>
                <td>
                  <div>
                    <p>La spécialité et la posologie de la ligne du Traitement Courant sont identiques à celles de la ligne du traitement antérieur (Bilan Médicamenteux).</p>

                  </div>
                </td>
              </tr>
              <tr>
                <td style="white-space:nowrap">
                  <a name="x-https://hl7.fr/fhir/fr/medication/CodeSystem/fr-medication-reconciliation-status-10000002"> </a>  
                  <a href="CodeSystem-fr-medication-reconciliation-status.html#fr-medication-reconciliation-status-10000002">10000002</a>
                </td>
                <td>https://hl7.fr/fhir/fr/medication/CodeSystem/fr-medication-reconciliation-status</td>
                <td>Équivalence</td>
                <td>
                  <div>
                    <p>La ligne du traitement antérieur (Bilan Médicamenteux) est poursuivie dans le Traitement Courant, mais avec un médicament équivalent. Il s'agit souvent de substituer la spécialité du traitement antérieur par la spécialité au Livret de l'établissement.</p>

                  </div>
                </td>
              </tr>
              <tr>
                <td style="white-space:nowrap">
                  <a name="x-https://hl7.fr/fhir/fr/medication/CodeSystem/fr-medication-reconciliation-status-10000003"> </a>  
                  <a href="CodeSystem-fr-medication-reconciliation-status.html#fr-medication-reconciliation-status-10000003">10000003</a>
                </td>
                <td>https://hl7.fr/fhir/fr/medication/CodeSystem/fr-medication-reconciliation-status</td>
                <td>Arrêté</td>
                <td>
                  <div>
                    <p>La ligne de traitement antérieur (Bilan Médicamenteux) ne figure pas dans le Traitement Courant. Cette ligne de traitement a donc été arrêtée.</p>

                  </div>
                </td>
              </tr>
              <tr>
                <td style="white-space:nowrap">
                  <a name="x-https://hl7.fr/fhir/fr/medication/CodeSystem/fr-medication-reconciliation-status-10000004"> </a>  
                  <a href="CodeSystem-fr-medication-reconciliation-status.html#fr-medication-reconciliation-status-10000004">10000004</a>
                </td>
                <td>https://hl7.fr/fhir/fr/medication/CodeSystem/fr-medication-reconciliation-status</td>
                <td>Modifié</td>
                <td>
                  <div>
                    <p>L'intention thérapeutique de la ligne du traitement antérieur (Bilan Médicamenteux) est poursuivie mais avec modification du principe actif et/ou de la forme galénique et/ou de la voie d'adminisitration et/ou des modialités d'administration et/ou de la posologie.</p>

                  </div>
                </td>
              </tr>
              <tr>
                <td style="white-space:nowrap">
                  <a name="x-https://hl7.fr/fhir/fr/medication/CodeSystem/fr-medication-reconciliation-status-10000005"> </a>  
                  <a href="CodeSystem-fr-medication-reconciliation-status.html#fr-medication-reconciliation-status-10000005">10000005</a>
                </td>
                <td>https://hl7.fr/fhir/fr/medication/CodeSystem/fr-medication-reconciliation-status</td>
                <td>Initié</td>
                <td>
                  <div>
                    <p>La ligne du traitement courant ne figure pas dans le traitement antérieur (Bilan Médicamenteux). Cette ligne de traitement a donc été initiée/démarrée.</p>

                  </div>
                </td>
              </tr>
            </table>
          </div>
        </text>
        <url value="https://hl7.fr/fhir/fr/medication/ValueSet/fr-medication-reconciliation-status"/>
        <version value="0.1.0"/>
        <name value="FrMedicationReconciliationStatus"/>
        <title value="value set InterOp'Santé - Statut d'une ligne de traitement d'une FCT"/>
        <status value="draft"/>
        <experimental value="false"/>
        <date value="2025-04-11T07:24:27+00:00"/>
        <immutable value="false"/>
        <expansion>
          <identifier value="urn:uuid:62f0bc8f-c8d8-408e-a937-14744d8a82a0"/>
          <timestamp value="2025-04-11T07:26:35+00:00"/>
          <total value="5"/>
          <offset value="0"/>
          <parameter>
            <name value="displayLanguage"/>
            <valueCode value="en-US"/>
          </parameter>
          <parameter>
            <name value="count"/>
            <valueInteger value="1000"/>
          </parameter>
          <parameter>
            <name value="offset"/>
            <valueInteger value="0"/>
          </parameter>
          <parameter>
            <name value="excludeNested"/>
            <valueBoolean value="false"/>
          </parameter>
          <parameter>
            <name value="used-codesystem"/>
            <valueUri value="https://hl7.fr/fhir/fr/medication/CodeSystem/fr-medication-reconciliation-status|0.1.0"/>
          </parameter>
          <contains>
            <system value="https://hl7.fr/fhir/fr/medication/CodeSystem/fr-medication-reconciliation-status"/>
            <code value="10000001"/>
            <display value="Continué"/>
          </contains>
          <contains>
            <system value="https://hl7.fr/fhir/fr/medication/CodeSystem/fr-medication-reconciliation-status"/>
            <code value="10000002"/>
            <display value="Équivalence"/>
          </contains>
          <contains>
            <system value="https://hl7.fr/fhir/fr/medication/CodeSystem/fr-medication-reconciliation-status"/>
            <code value="10000003"/>
            <display value="Arrêté"/>
          </contains>
          <contains>
            <system value="https://hl7.fr/fhir/fr/medication/CodeSystem/fr-medication-reconciliation-status"/>
            <code value="10000004"/>
            <display value="Modifié"/>
          </contains>
          <contains>
            <system value="https://hl7.fr/fhir/fr/medication/CodeSystem/fr-medication-reconciliation-status"/>
            <code value="10000005"/>
            <display value="Initié"/>
          </contains>
        </expansion>
      </ValueSet>
    </resource>
  </entry>
  <entry>
    <fullUrl value="https://hl7.fr/fhir/fr/medication/ValueSet/fr-medication-reconciliation-type"/>
    <resource>
      <ValueSet>
        <meta>
          <profile value="http://hl7.org/fhir/StructureDefinition/shareablevalueset"/>
        </meta>
        <text>
          <status value="generated"/>
          <div xmlns="http://www.w3.org/1999/xhtml">
            <p class="res-header-id">
              <b>ValueSet </b>
            </p>
            <p style="border: black 1px dotted; background-color: #EEEEEE; padding: 8px; margin-bottom: 8px">Expansion performed internally based on 
              <a href="CodeSystem-fr-medication-reconciliation-type.html">codesystem code system InterOp'Santé - Type d'écart/erreur sur une ligne de traitement d'une FCT v0.1.0 (CodeSystem)</a>
            </p>
            <p>This value set contains 7 concepts</p>
            <table class="codes">
              <tr>
                <td style="white-space:nowrap">
                  <b>Code</b>
                </td>
                <td>
                  <b>System</b>
                </td>
                <td>
                  <b>Display (en-US)</b>
                </td>
              </tr>
              <tr>
                <td style="white-space:nowrap">
                  <a name="x-https://hl7.fr/fhir/fr/medication/CodeSystem/fr-medication-reconciliation-type-10000001"> </a>  
                  <a href="CodeSystem-fr-medication-reconciliation-type.html#fr-medication-reconciliation-type-10000001">10000001</a>
                </td>
                <td>https://hl7.fr/fhir/fr/medication/CodeSystem/fr-medication-reconciliation-type</td>
                <td>Erreur posologie</td>
              </tr>
              <tr>
                <td style="white-space:nowrap">
                  <a name="x-https://hl7.fr/fhir/fr/medication/CodeSystem/fr-medication-reconciliation-type-10000002"> </a>  
                  <a href="CodeSystem-fr-medication-reconciliation-type.html#fr-medication-reconciliation-type-10000002">10000002</a>
                </td>
                <td>https://hl7.fr/fhir/fr/medication/CodeSystem/fr-medication-reconciliation-type</td>
                <td>Oubli médicament prescrit</td>
              </tr>
              <tr>
                <td style="white-space:nowrap">
                  <a name="x-https://hl7.fr/fhir/fr/medication/CodeSystem/fr-medication-reconciliation-type-10000003"> </a>  
                  <a href="CodeSystem-fr-medication-reconciliation-type.html#fr-medication-reconciliation-type-10000003">10000003</a>
                </td>
                <td>https://hl7.fr/fhir/fr/medication/CodeSystem/fr-medication-reconciliation-type</td>
                <td>Oubli automédication</td>
              </tr>
              <tr>
                <td style="white-space:nowrap">
                  <a name="x-https://hl7.fr/fhir/fr/medication/CodeSystem/fr-medication-reconciliation-type-10000004"> </a>  
                  <a href="CodeSystem-fr-medication-reconciliation-type.html#fr-medication-reconciliation-type-10000004">10000004</a>
                </td>
                <td>https://hl7.fr/fhir/fr/medication/CodeSystem/fr-medication-reconciliation-type</td>
                <td>Erreur substitution</td>
              </tr>
              <tr>
                <td style="white-space:nowrap">
                  <a name="x-https://hl7.fr/fhir/fr/medication/CodeSystem/fr-medication-reconciliation-type-10000005"> </a>  
                  <a href="CodeSystem-fr-medication-reconciliation-type.html#fr-medication-reconciliation-type-10000005">10000005</a>
                </td>
                <td>https://hl7.fr/fhir/fr/medication/CodeSystem/fr-medication-reconciliation-type</td>
                <td>Erreur forme galénique</td>
              </tr>
              <tr>
                <td style="white-space:nowrap">
                  <a name="x-https://hl7.fr/fhir/fr/medication/CodeSystem/fr-medication-reconciliation-type-10000006"> </a>  
                  <a href="CodeSystem-fr-medication-reconciliation-type.html#fr-medication-reconciliation-type-10000006">10000006</a>
                </td>
                <td>https://hl7.fr/fhir/fr/medication/CodeSystem/fr-medication-reconciliation-type</td>
                <td>Ajout</td>
              </tr>
              <tr>
                <td style="white-space:nowrap">
                  <a name="x-https://hl7.fr/fhir/fr/medication/CodeSystem/fr-medication-reconciliation-type-10000007"> </a>  
                  <a href="CodeSystem-fr-medication-reconciliation-type.html#fr-medication-reconciliation-type-10000007">10000007</a>
                </td>
                <td>https://hl7.fr/fhir/fr/medication/CodeSystem/fr-medication-reconciliation-type</td>
                <td>Autre</td>
              </tr>
            </table>
          </div>
        </text>
        <url value="https://hl7.fr/fhir/fr/medication/ValueSet/fr-medication-reconciliation-type"/>
        <version value="0.1.0"/>
        <name value="FrMedicationReconciliationType"/>
        <title value="value set InterOp'Santé - Type d'écart/erreur sur une ligne de traitement d'une FCT"/>
        <status value="draft"/>
        <experimental value="false"/>
        <date value="2025-04-11T07:24:27+00:00"/>
        <immutable value="false"/>
        <expansion>
          <identifier value="urn:uuid:e0b28e36-392c-43d2-b92e-4a5ca9510a65"/>
          <timestamp value="2025-04-11T07:26:35+00:00"/>
          <total value="7"/>
          <offset value="0"/>
          <parameter>
            <name value="displayLanguage"/>
            <valueCode value="en-US"/>
          </parameter>
          <parameter>
            <name value="count"/>
            <valueInteger value="1000"/>
          </parameter>
          <parameter>
            <name value="offset"/>
            <valueInteger value="0"/>
          </parameter>
          <parameter>
            <name value="excludeNested"/>
            <valueBoolean value="false"/>
          </parameter>
          <parameter>
            <name value="used-codesystem"/>
            <valueUri value="https://hl7.fr/fhir/fr/medication/CodeSystem/fr-medication-reconciliation-type|0.1.0"/>
          </parameter>
          <contains>
            <system value="https://hl7.fr/fhir/fr/medication/CodeSystem/fr-medication-reconciliation-type"/>
            <code value="10000001"/>
            <display value="Erreur posologie"/>
          </contains>
          <contains>
            <system value="https://hl7.fr/fhir/fr/medication/CodeSystem/fr-medication-reconciliation-type"/>
            <code value="10000002"/>
            <display value="Oubli médicament prescrit"/>
          </contains>
          <contains>
            <system value="https://hl7.fr/fhir/fr/medication/CodeSystem/fr-medication-reconciliation-type"/>
            <code value="10000003"/>
            <display value="Oubli automédication"/>
          </contains>
          <contains>
            <system value="https://hl7.fr/fhir/fr/medication/CodeSystem/fr-medication-reconciliation-type"/>
            <code value="10000004"/>
            <display value="Erreur substitution"/>
          </contains>
          <contains>
            <system value="https://hl7.fr/fhir/fr/medication/CodeSystem/fr-medication-reconciliation-type"/>
            <code value="10000005"/>
            <display value="Erreur forme galénique"/>
          </contains>
          <contains>
            <system value="https://hl7.fr/fhir/fr/medication/CodeSystem/fr-medication-reconciliation-type"/>
            <code value="10000006"/>
            <display value="Ajout"/>
          </contains>
          <contains>
            <system value="https://hl7.fr/fhir/fr/medication/CodeSystem/fr-medication-reconciliation-type"/>
            <code value="10000007"/>
            <display value="Autre"/>
          </contains>
        </expansion>
      </ValueSet>
    </resource>
  </entry>
  <entry>
    <fullUrl value="http://hl7.org/fhir/ValueSet/medication-ingredientstrength"/>
    <resource>
      <ValueSet>
        <meta>
          <profile value="http://hl7.org/fhir/StructureDefinition/shareablevalueset"/>
        </meta>
        <text>
          <status value="generated"/>
          <div xmlns="http://www.w3.org/1999/xhtml">
            <p class="res-header-id">
              <b>ValueSet </b>
            </p>
            <p style="border: black 1px dotted; background-color: #EEEEEE; padding: 8px; margin-bottom: 8px">Expansion performed internally based on 
              <a href="CodeSystem-medication-ingredient-strength-codes.html">codesystem Medication_Ingredient_Strength_Codes v0.1.0 (CodeSystem)</a>
            </p>
            <p>This value set contains 2 concepts</p>
            <table class="codes">
              <tr>
                <td style="white-space:nowrap">
                  <b>Code</b>
                </td>
                <td>
                  <b>System</b>
                </td>
                <td>
                  <b>Display (en-US)</b>
                </td>
                <td>
                  <b>Definition</b>
                </td>
              </tr>
              <tr>
                <td style="white-space:nowrap">
                  <a name="x-http://hl7.org/fhir/CodeSystem/medication-ingredientstrength-qs"> </a>  
                  <a href="CodeSystem-medication-ingredient-strength-codes.html#medication-ingredient-strength-codes-qs">qs</a>
                </td>
                <td>http://hl7.org/fhir/CodeSystem/medication-ingredientstrength</td>
                <td>QS</td>
                <td>
                  <div>
                    <p>As much as is sufficient.</p>

                  </div>
                </td>
              </tr>
              <tr>
                <td style="white-space:nowrap">
                  <a name="x-http://hl7.org/fhir/CodeSystem/medication-ingredientstrength-trace"> </a>  
                  <a href="CodeSystem-medication-ingredient-strength-codes.html#medication-ingredient-strength-codes-trace">trace</a>
                </td>
                <td>http://hl7.org/fhir/CodeSystem/medication-ingredientstrength</td>
                <td>Trace</td>
                <td>
                  <div>
                    <p>Very small amount.</p>

                  </div>
                </td>
              </tr>
            </table>
          </div>
        </text>
        <url value="http://hl7.org/fhir/ValueSet/medication-ingredientstrength"/>
        <identifier>
          <system value="urn:ietf:rfc:3986"/>
          <value value="urn:oid:2.16.840.1.113883.4.642.3.1426"/>
        </identifier>
        <version value="0.1.0"/>
        <name value="MedicationIngredientStrengthCodes"/>
        <status value="draft"/>
        <date value="2025-04-11T07:24:27+00:00"/>
        <expansion>
          <identifier value="urn:uuid:4d2b6e47-4a38-4f31-97be-b98fe6bd8c64"/>
          <timestamp value="2025-04-11T07:26:37+00:00"/>
          <total value="2"/>
          <offset value="0"/>
          <parameter>
            <name value="displayLanguage"/>
            <valueCode value="en-US"/>
          </parameter>
          <parameter>
            <name value="count"/>
            <valueInteger value="1000"/>
          </parameter>
          <parameter>
            <name value="offset"/>
            <valueInteger value="0"/>
          </parameter>
          <parameter>
            <name value="excludeNested"/>
            <valueBoolean value="false"/>
          </parameter>
          <parameter>
            <name value="used-codesystem"/>
            <valueUri value="http://hl7.org/fhir/CodeSystem/medication-ingredientstrength|0.1.0"/>
          </parameter>
          <contains>
            <system value="http://hl7.org/fhir/CodeSystem/medication-ingredientstrength"/>
            <code value="qs"/>
            <display value="QS"/>
          </contains>
          <contains>
            <system value="http://hl7.org/fhir/CodeSystem/medication-ingredientstrength"/>
            <code value="trace"/>
            <display value="Trace"/>
          </contains>
        </expansion>
      </ValueSet>
    </resource>
  </entry>
</Bundle>