{
  "resourceType" : "CodeSystem",
  "id" : "fr-uf-role-codes",
  "meta" : {
    "profile" : ["http://hl7.org/fhir/StructureDefinition/shareablecodesystem"]
  },
  "text" : {
    "status" : "generated",
    "div" : "<div xmlns=\"http://www.w3.org/1999/xhtml\"><p class=\"res-header-id\"><b>Narratif généré : CodeSystem fr-uf-role-codes</b></p><a name=\"fr-uf-role-codes\"> </a><a name=\"hcfr-uf-role-codes\"> </a><div style=\"display: inline-block; background-color: #d9e0e7; padding: 6px; margin: 4px; border: 1px solid #8da1b4; border-radius: 5px; line-height: 60%\"><p style=\"margin-bottom: 0px\"/><p style=\"margin-bottom: 0px\">Profil: <a href=\"http://hl7.org/fhir/R4/shareablecodesystem.html\">Shareable CodeSystem</a></p></div><p>This  code system <code>https://hl7.fr/ig/fhir/medication/CodeSystem/fr-uf-role-codes</code> defines the following codes:</p><table class=\"codes\"><tr><td style=\"white-space:nowrap\"><b>Code</b></td><td><b>Display</b></td></tr><tr><td style=\"white-space:nowrap\">UFSOIN<a name=\"fr-uf-role-codes-UFSOIN\"> </a></td><td>UF de responsabilité des soins</td></tr><tr><td style=\"white-space:nowrap\">UFMED<a name=\"fr-uf-role-codes-UFMED\"> </a></td><td>UF de responsabilité médicale</td></tr><tr><td style=\"white-space:nowrap\">UFHEB<a name=\"fr-uf-role-codes-UFHEB\"> </a></td><td>UF d'hébergement</td></tr></table></div>"
  },
  "url" : "https://hl7.fr/ig/fhir/medication/CodeSystem/fr-uf-role-codes",
  "version" : "0.1.0",
  "name" : "FrUFRoleCodes",
  "title" : "code system Interop'Santé - Codes pour typer le rôle des UF par rapport à un séjour patient",
  "status" : "draft",
  "experimental" : false,
  "date" : "2025-09-23T07:36:32+00:00",
  "publisher" : "Interop'Santé",
  "contact" : [{
    "name" : "Interop'Santé",
    "telecom" : [{
      "system" : "url",
      "value" : "http://interopsante.org/"
    }]
  }],
  "description" : "Le système de codage pour les types de rôle qu'une UF peut avoir par rapport à un séjour patient.",
  "jurisdiction" : [{
    "coding" : [{
      "system" : "urn:iso:std:iso:3166",
      "code" : "FR",
      "display" : "FRANCE"
    }]
  }],
  "content" : "complete",
  "count" : 3,
  "concept" : [{
    "code" : "UFSOIN",
    "display" : "UF de responsabilité des soins"
  },
  {
    "code" : "UFMED",
    "display" : "UF de responsabilité médicale"
  },
  {
    "code" : "UFHEB",
    "display" : "UF d'hébergement"
  }]
}