<?xml version="1.0" encoding="UTF-8"?>

<CodeSystem xmlns="http://hl7.org/fhir">
  <id value="fr-editorial-status"/>
  <meta>
    <profile value="http://hl7.org/fhir/StructureDefinition/shareablecodesystem"/>
  </meta>
  <text>
    <status value="generated"/><div xmlns="http://www.w3.org/1999/xhtml"><p class="res-header-id"><b>Narratif généré : CodeSystem fr-editorial-status</b></p><a name="fr-editorial-status"> </a><a name="hcfr-editorial-status"> </a><div style="display: inline-block; background-color: #d9e0e7; padding: 6px; margin: 4px; border: 1px solid #8da1b4; border-radius: 5px; line-height: 60%"><p style="margin-bottom: 0px"/><p style="margin-bottom: 0px">Profil: <a href="http://hl7.org/fhir/R4/shareablecodesystem.html">Shareable CodeSystem</a></p></div><p>This  code system <code>https://hl7.fr/ig/fhir/medication/CodeSystem/fr-editorial-status</code> defines the following codes:</p><table class="codes"><tr><td style="white-space:nowrap"><b>Code</b></td><td><b>Display</b></td></tr><tr><td style="white-space:nowrap">10000001<a name="fr-editorial-status-10000001"> </a></td><td>Créé</td></tr><tr><td style="white-space:nowrap">10000002<a name="fr-editorial-status-10000002"> </a></td><td>Mis-à-jour</td></tr><tr><td style="white-space:nowrap">10000003<a name="fr-editorial-status-10000003"> </a></td><td>Scellé</td></tr><tr><td style="white-space:nowrap">10000004<a name="fr-editorial-status-10000004"> </a></td><td>Supprimé</td></tr></table></div>
  </text>
  <url value="https://hl7.fr/ig/fhir/medication/CodeSystem/fr-editorial-status"/>
  <version value="0.1.0"/>
  <name value="FrEditorialStatus"/>
  <title value="code system Interop'Santé - Statut éditorial d'une valeur"/>
  <status value="draft"/>
  <experimental value="false"/>
  <date value="2025-09-23T13:20:55+00:00"/>
  <publisher value="Interop'Santé"/>
  <contact>
    <name value="Interop'Santé"/>
    <telecom>
      <system value="url"/>
      <value value="http://interopsante.org/"/>
    </telecom>
  </contact>
  <description value="Le système de codage du statut éditorial d'une valeur."/>
  <jurisdiction>
    <coding>
      <system value="urn:iso:std:iso:3166"/>
      <code value="FR"/>
      <display value="FRANCE"/>
    </coding>
  </jurisdiction>
  <content value="complete"/>
  <count value="4"/>
  <concept>
    <code value="10000001"/>
    <display value="Créé"/>
  </concept>
  <concept>
    <code value="10000002"/>
    <display value="Mis-à-jour"/>
  </concept>
  <concept>
    <code value="10000003"/>
    <display value="Scellé"/>
  </concept>
  <concept>
    <code value="10000004"/>
    <display value="Supprimé"/>
  </concept>
</CodeSystem>