<?xml version="1.0" encoding="UTF-8"?>

<MedicationDispense xmlns="http://hl7.org/fhir">
  <id value="Disp-DOLIPRANE-Refill-Substit"/>
  <meta>
    <profile value="https://hl7.fr/ig/fhir/medication/StructureDefinition/fr-inpatient-medication-dispense"/>
  </meta>
  <text>
    <status value="generated"/><div xmlns="http://www.w3.org/1999/xhtml"><p class="res-header-id"><b>Narratif généré : DispensationMédicaments Disp-DOLIPRANE-Refill-Substit</b></p><a name="Disp-DOLIPRANE-Refill-Substit"> </a><a name="hcDisp-DOLIPRANE-Refill-Substit"> </a><div style="display: inline-block; background-color: #d9e0e7; padding: 6px; margin: 4px; border: 1px solid #8da1b4; border-radius: 5px; line-height: 60%"><p style="margin-bottom: 0px"/><p style="margin-bottom: 0px">Profil: <a href="StructureDefinition-fr-inpatient-medication-dispense.html">FR Inpatient MedicationDispense</a></p></div><p><b>status</b>: Completed</p><p><b>medication</b>: <a href="Medication/InLine-med-DOLIPRANE">Medication/InLine-med-DOLIPRANE</a></p><p><b>subject</b>: <a href="Patient/14604">Patient/14604</a></p><h3>Performers</h3><table class="grid"><tr><td style="display: none">-</td><td><b>Actor</b></td></tr><tr><td style="display: none">*</td><td><a href="Practitioner/smart-Practitioner-7148xxxx">Practitioner/smart-Practitioner-7148xxxx</a></td></tr></table><p><b>authorizingPrescription</b>: <a href="MedicationRequest-InLine-presc-EFFERALGAN2.html">MedicationRequest : status = active; intent = order; medication[x] = -&gt;Medication EFFERALGANMED 1000MG CPR; authoredOn = 2021-07-15 11:02:39+0000</a></p><p><b>type</b>: <span title="Codes:{http://terminology.hl7.org/CodeSystem/v3-ActCode RFP}">Refill - Part</span></p><p><b>quantity</b>: 6 1<span style="background: LightGoldenRodYellow"> (Details: UCUM  code1 = '1')</span></p><p><b>daysSupply</b>: 2 jours<span style="background: LightGoldenRodYellow"> (Details: UCUM  coded = 'd')</span></p><p><b>whenPrepared</b>: 2021-07-16 10:10:00+0000</p><p><b>whenHandedOver</b>: 2021-07-16 10:24:00+0000</p><blockquote><p><b>dosageInstruction</b></p><p><b>sequence</b>: 1</p><p><b>timing</b>: Once</p><p><b>route</b>: <span title="Codes:{http://standardterms.edqm.eu 20053000}">Voie orale</span></p><h3>DoseAndRates</h3><table class="grid"><tr><td style="display: none">-</td><td><b>Type</b></td><td><b>Dose[x]</b></td></tr><tr><td style="display: none">*</td><td><span title="Codes:{http://terminology.hl7.org/CodeSystem/dose-rate-type ordered}">Ordered</span></td><td>2 Comprimé<span style="background: LightGoldenRodYellow"> (Details: standardterms.edqm.eu  code15054000 = 'Tablet')</span></td></tr></table></blockquote></div>
  </text>
  <status value="completed"/>
  <medicationReference>
    <reference value="Medication/InLine-med-DOLIPRANE"/>
  </medicationReference>
  <subject>
    <reference value="Patient/14604"/>
  </subject>
  <performer>
    <actor>
      <reference value="Practitioner/smart-Practitioner-7148xxxx"/>
    </actor>
  </performer>
  <authorizingPrescription>
    <reference value="MedicationRequest/InLine-presc-EFFERALGAN2"/>
  </authorizingPrescription>
  <type>
    <coding>
      <system value="http://terminology.hl7.org/CodeSystem/v3-ActCode"/>
      <code value="RFP"/>
      <display value="Refill - Part"/>
    </coding>
  </type>
  <quantity>
    <value value="6"/>
    <system value="http://unitsofmeasure.org"/>
    <code value="1"/>
  </quantity>
  <daysSupply>
    <value value="2"/>
    <unit value="jours"/>
    <system value="http://unitsofmeasure.org"/>
    <code value="d"/>
  </daysSupply>
  <whenPrepared value="2021-07-16T10:10:00Z"/>
  <whenHandedOver value="2021-07-16T10:24:00Z"/>
  <dosageInstruction>
    <sequence value="1"/>
    <timing>
      <repeat>
        <boundsPeriod>
          <start value="2021-07-16T10:10:00Z"/>
          <end value="2021-07-17T10:09:59Z"/>
        </boundsPeriod>
        <timeOfDay value="07:00:00"/>
        <timeOfDay value="12:00:00"/>
        <timeOfDay value="18:00:00"/>
      </repeat>
    </timing>
    <route>
      <coding>
        <system value="http://standardterms.edqm.eu"/>
        <code value="20053000"/>
        <display value="Voie orale"/>
      </coding>
      <text value="Voie orale"/>
    </route>
    <doseAndRate>
      <type>
        <coding>
          <system value="http://terminology.hl7.org/CodeSystem/dose-rate-type"/>
          <code value="ordered"/>
          <display value="Ordered"/>
        </coding>
        <text value="Ordered"/>
      </type>
      <doseQuantity>
        <value value="2"/>
        <unit value="Comprimé"/>
        <system value="http://standardterms.edqm.eu"/>
        <code value="15054000"/>
      </doseQuantity>
    </doseAndRate>
  </dosageInstruction>
</MedicationDispense>