{
  "resourceType" : "Bundle",
  "id" : "Presc-Paracetamol",
  "meta" : {
    "profile" : ["https://hl7.fr/ig/fhir/medication/StructureDefinition/fr-prescription-bundle-for-example"]
  },
  "type" : "searchset",
  "entry" : [{
    "resource" : {
      "resourceType" : "Medication",
      "id" : "medication-Presc-Paracetamol",
      "meta" : {
        "profile" : ["https://hl7.fr/ig/fhir/medication/StructureDefinition/fr-medication-noncompound",
        "https://hl7.fr/fhir/fr/medication/StructureDefinition/fr-medication-noncompound"]
      },
      "text" : {
        "status" : "generated",
        "div" : "<div xmlns=\"http://www.w3.org/1999/xhtml\"><a name=\"Medication_medication-Presc-Paracetamol\"> </a><p class=\"res-header-id\"><b>Generated Narrative: Medication medication-Presc-Paracetamol</b></p><a name=\"medication-Presc-Paracetamol\"> </a><a name=\"hcmedication-Presc-Paracetamol\"> </a><a name=\"medication-Presc-Paracetamol-en-US\"> </a><div style=\"display: inline-block; background-color: #d9e0e7; padding: 6px; margin: 4px; border: 1px solid #8da1b4; border-radius: 5px; line-height: 60%\"><p style=\"margin-bottom: 0px\"/><p style=\"margin-bottom: 0px\">Profiles: <a href=\"StructureDefinition-fr-medication-noncompound.html\">FrMedicationNonCompound</a>, <code>https://hl7.fr/fhir/fr/medication/StructureDefinition/fr-medication-noncompound</code></p></div><p><b>code</b>: <span title=\"Codes:{http://data.esante.gouv.fr/ansm/medicament/codeSMS 100000090270}\">PARACETAMOL</span></p></div>"
      },
      "code" : {
        "coding" : [{
          "system" : "http://data.esante.gouv.fr/ansm/medicament/codeSMS",
          "code" : "100000090270",
          "display" : "paracétamol"
        }],
        "text" : "PARACETAMOL"
      }
    }
  },
  {
    "resource" : {
      "resourceType" : "MedicationRequest",
      "id" : "medicationrequest-Presc-Paracetamol",
      "meta" : {
        "profile" : ["https://hl7.fr/ig/fhir/medication/StructureDefinition/fr-inpatient-medicationrequest",
        "https://hl7.fr/fhir/fr/medication/StructureDefinition/fr-inpatient-medicationrequest"]
      },
      "text" : {
        "status" : "generated",
        "div" : "<div xmlns=\"http://www.w3.org/1999/xhtml\"><a name=\"MedicationRequest_medicationrequest-Presc-Paracetamol\"> </a><p class=\"res-header-id\"><b>Generated Narrative: MedicationRequest medicationrequest-Presc-Paracetamol</b></p><a name=\"medicationrequest-Presc-Paracetamol\"> </a><a name=\"hcmedicationrequest-Presc-Paracetamol\"> </a><a name=\"medicationrequest-Presc-Paracetamol-en-US\"> </a><div style=\"display: inline-block; background-color: #d9e0e7; padding: 6px; margin: 4px; border: 1px solid #8da1b4; border-radius: 5px; line-height: 60%\"><p style=\"margin-bottom: 0px\"/><p style=\"margin-bottom: 0px\">Profiles: <a href=\"StructureDefinition-fr-inpatient-medicationrequest.html\">FrInpatientMedicationRequest</a>, <code>https://hl7.fr/fhir/fr/medication/StructureDefinition/fr-inpatient-medicationrequest</code></p></div><p><b>status</b>: Active</p><p><b>intent</b>: Order</p><p><b>priority</b>: Routine</p><p><b>medication</b>: <code>#medication-Presc-Paracetamol</code></p><p><b>subject</b>: <a href=\"Patient/14602\">Patient/14602</a></p><p><b>authoredOn</b>: 2021-07-13 08:48:39+0000</p><p><b>requester</b>: <a href=\"Practitioner/smart-Practitioner-71482713\">Practitioner/smart-Practitioner-71482713</a></p><p><b>groupIdentifier</b>: <code>https://somehospital.fr/Prescrption-ID</code>/Presc-14618</p><blockquote><p><b>dosageInstruction</b></p><p><b>sequence</b>: 1</p><p><b>timing</b>: Once</p><p><b>route</b>: <span title=\"Codes:{http://standardterms.edqm.eu 20053000}\">Voie orale</span></p><h3>DoseAndRates</h3><table class=\"grid\"><tr><td style=\"display: none\">-</td><td><b>Dose[x]</b></td></tr><tr><td style=\"display: none\">*</td><td>1 g<span style=\"background: LightGoldenRodYellow\"> (Details: UCUM  codeg = 'g')</span></td></tr></table></blockquote></div>"
      },
      "status" : "active",
      "intent" : "order",
      "priority" : "routine",
      "medicationReference" : {
        "reference" : "#medication-Presc-Paracetamol"
      },
      "subject" : {
        "reference" : "Patient/14602"
      },
      "authoredOn" : "2021-07-13T08:48:39.825Z",
      "requester" : {
        "reference" : "Practitioner/smart-Practitioner-71482713"
      },
      "groupIdentifier" : {
        "system" : "https://somehospital.fr/Prescrption-ID",
        "value" : "Presc-14618"
      },
      "dosageInstruction" : [{
        "sequence" : 1,
        "timing" : {
          "repeat" : {
            "boundsPeriod" : {
              "start" : "2021-07-13T08:48:00Z",
              "end" : "2021-07-18T08:47:59Z"
            },
            "timeOfDay" : ["07:00:00",
            "12:00:00",
            "18:00:00"]
          }
        },
        "route" : {
          "coding" : [{
            "system" : "http://standardterms.edqm.eu",
            "code" : "20053000",
            "display" : "Voie orale"
          }]
        },
        "doseAndRate" : [{
          "doseQuantity" : {
            "value" : 1,
            "unit" : "g",
            "system" : "http://unitsofmeasure.org",
            "code" : "g"
          }
        }]
      }]
    }
  }]
}