{
  "resourceType" : "Bundle",
  "id" : "Presc-BISOPROLOL-SANDOZ-DosesRationnelles",
  "meta" : {
    "profile" : ["https://hl7.fr/ig/fhir/medication/StructureDefinition/fr-prescription-bundle-for-example"]
  },
  "type" : "searchset",
  "entry" : [{
    "resource" : {
      "resourceType" : "Medication",
      "id" : "medication-Presc-BISOPROLOL-SANDOZ-DosesRationnelles",
      "meta" : {
        "profile" : ["https://hl7.fr/ig/fhir/medication/StructureDefinition/fr-medication-noncompound",
        "https://hl7.fr/fhir/fr/medication/StructureDefinition/fr-medication-noncompound"]
      },
      "text" : {
        "status" : "generated",
        "div" : "<div xmlns=\"http://www.w3.org/1999/xhtml\"><a name=\"Medication_medication-Presc-BISOPROLOL-SANDOZ-DosesRationnelles\"> </a><p class=\"res-header-id\"><b>Generated Narrative: Medication medication-Presc-BISOPROLOL-SANDOZ-DosesRationnelles</b></p><a name=\"medication-Presc-BISOPROLOL-SANDOZ-DosesRationnelles\"> </a><a name=\"hcmedication-Presc-BISOPROLOL-SANDOZ-DosesRationnelles\"> </a><a name=\"medication-Presc-BISOPROLOL-SANDOZ-DosesRationnelles-en-US\"> </a><div style=\"display: inline-block; background-color: #d9e0e7; padding: 6px; margin: 4px; border: 1px solid #8da1b4; border-radius: 5px; line-height: 60%\"><p style=\"margin-bottom: 0px\"/><p style=\"margin-bottom: 0px\">Profiles: <a href=\"StructureDefinition-fr-medication-noncompound.html\">FrMedicationNonCompound</a>, <code>https://hl7.fr/fhir/fr/medication/StructureDefinition/fr-medication-noncompound</code></p></div><p><b>code</b>: <span title=\"Codes:{http://data.esante.gouv.fr/ansm/medicament/UCD 3400893320921}\">BISOPROLOL 7.5 mg SANDOZ, cpr séc</span></p><p><b>form</b>: <span title=\"Codes:{http://standardterms.edqm.eu 10219000}\">comprimé</span></p></div>"
      },
      "code" : {
        "coding" : [{
          "system" : "http://data.esante.gouv.fr/ansm/medicament/UCD",
          "code" : "3400893320921",
          "display" : "BISOPROLOL SDZ 7,5MG CPR"
        }],
        "text" : "BISOPROLOL 7.5 mg SANDOZ, cpr séc"
      },
      "form" : {
        "coding" : [{
          "system" : "http://standardterms.edqm.eu",
          "code" : "10219000",
          "display" : "comprimé"
        }],
        "text" : "comprimé"
      }
    }
  },
  {
    "resource" : {
      "resourceType" : "MedicationRequest",
      "id" : "medicationrequest-Presc-BISOPROLOL-SANDOZ-DosesRationnelles",
      "meta" : {
        "profile" : ["https://hl7.fr/ig/fhir/medication/StructureDefinition/fr-inpatient-medicationrequest",
        "https://hl7.fr/fhir/fr/medication/StructureDefinition/fr-inpatient-medicationrequest"]
      },
      "text" : {
        "status" : "generated",
        "div" : "<div xmlns=\"http://www.w3.org/1999/xhtml\"><a name=\"MedicationRequest_medicationrequest-Presc-BISOPROLOL-SANDOZ-DosesRationnelles\"> </a><p class=\"res-header-id\"><b>Generated Narrative: MedicationRequest medicationrequest-Presc-BISOPROLOL-SANDOZ-DosesRationnelles</b></p><a name=\"medicationrequest-Presc-BISOPROLOL-SANDOZ-DosesRationnelles\"> </a><a name=\"hcmedicationrequest-Presc-BISOPROLOL-SANDOZ-DosesRationnelles\"> </a><a name=\"medicationrequest-Presc-BISOPROLOL-SANDOZ-DosesRationnelles-en-US\"> </a><div style=\"display: inline-block; background-color: #d9e0e7; padding: 6px; margin: 4px; border: 1px solid #8da1b4; border-radius: 5px; line-height: 60%\"><p style=\"margin-bottom: 0px\"/><p style=\"margin-bottom: 0px\">Profiles: <a href=\"StructureDefinition-fr-inpatient-medicationrequest.html\">FrInpatientMedicationRequest</a>, <code>https://hl7.fr/fhir/fr/medication/StructureDefinition/fr-inpatient-medicationrequest</code></p></div><p><b>status</b>: Active</p><p><b>intent</b>: Order</p><p><b>priority</b>: Routine</p><p><b>medication</b>: <code>#medication-Presc-BISOPROLOL-SANDOZ-DosesRationnelles</code></p><p><b>subject</b>: <a href=\"Patient/14602\">Patient/14602</a></p><p><b>authoredOn</b>: 2021-08-13 13:40:33+0000</p><p><b>requester</b>: <a href=\"Practitioner/smart-Practitioner-71482713\">Practitioner/smart-Practitioner-71482713</a></p><p><b>groupIdentifier</b>: <code>https://somehospital.fr/Prescrption-ID</code>/Presc-14646</p><blockquote><p><b>dosageInstruction</b></p><p><b>sequence</b>: 1</p><p><b>timing</b>: Once</p><p><b>route</b>: <span title=\"Codes:{http://standardterms.edqm.eu 20053000}\">Voie orale</span></p><h3>DoseAndRates</h3><table class=\"grid\"><tr><td style=\"display: none\">-</td><td><b>Dose[x]</b></td></tr><tr><td style=\"display: none\">*</td><td>0.3333333 Comprimé<span style=\"background: LightGoldenRodYellow\"> (Details: standardterms.edqm.eu  code15054000 = 'Tablet')</span></td></tr></table></blockquote><blockquote><p><b>dosageInstruction</b></p><p><b>sequence</b>: 1</p><p><b>timing</b>: Once</p><p><b>route</b>: <span title=\"Codes:{http://standardterms.edqm.eu 20053000}\">Voie orale</span></p><h3>DoseAndRates</h3><table class=\"grid\"><tr><td style=\"display: none\">-</td><td><b>Dose[x]</b></td></tr><tr><td style=\"display: none\">*</td><td>0.666667 Comprimé<span style=\"background: LightGoldenRodYellow\"> (Details: standardterms.edqm.eu  code15054000 = 'Tablet')</span></td></tr></table></blockquote></div>"
      },
      "status" : "active",
      "intent" : "order",
      "priority" : "routine",
      "medicationReference" : {
        "reference" : "#medication-Presc-BISOPROLOL-SANDOZ-DosesRationnelles"
      },
      "subject" : {
        "reference" : "Patient/14602"
      },
      "authoredOn" : "2021-08-13T13:40:33.162Z",
      "requester" : {
        "reference" : "Practitioner/smart-Practitioner-71482713"
      },
      "groupIdentifier" : {
        "system" : "https://somehospital.fr/Prescrption-ID",
        "value" : "Presc-14646"
      },
      "dosageInstruction" : [{
        "sequence" : 1,
        "timing" : {
          "repeat" : {
            "boundsPeriod" : {
              "start" : "2021-08-13T13:40:00Z",
              "end" : "2021-11-20T13:39:59Z"
            },
            "timeOfDay" : ["07:00:00"]
          }
        },
        "route" : {
          "coding" : [{
            "system" : "http://standardterms.edqm.eu",
            "code" : "20053000",
            "display" : "Voie orale"
          }],
          "text" : "Voie orale"
        },
        "doseAndRate" : [{
          "doseQuantity" : {
            "value" : 0.3333333,
            "unit" : "Comprimé",
            "system" : "http://standardterms.edqm.eu",
            "code" : "15054000"
          }
        }]
      },
      {
        "sequence" : 1,
        "timing" : {
          "repeat" : {
            "boundsPeriod" : {
              "start" : "2021-08-13T13:40:00Z",
              "end" : "2021-11-20T13:39:59Z"
            },
            "timeOfDay" : ["18:00:00"]
          }
        },
        "route" : {
          "coding" : [{
            "system" : "http://standardterms.edqm.eu",
            "code" : "20053000",
            "display" : "Voie orale"
          }],
          "text" : "Voie orale"
        },
        "doseAndRate" : [{
          "doseQuantity" : {
            "value" : 0.666667,
            "unit" : "Comprimé",
            "system" : "http://standardterms.edqm.eu",
            "code" : "15054000"
          }
        }]
      }]
    }
  }]
}