{
  "resourceType" : "MedicationDispense",
  "id" : "14663",
  "meta" : {
    "profile" : ["https://hl7.fr/fhir/fr/medication/StructureDefinition/FrInpatientMedicationDispense"]
  },
  "text" : {
    "status" : "generated",
    "div" : "<div xmlns=\"http://www.w3.org/1999/xhtml\"><p><b>Generated Narrative: MedicationDispense</b><a name=\"14663\"> </a><a name=\"hc14663\"> </a></p><div style=\"display: inline-block; background-color: #d9e0e7; padding: 6px; margin: 4px; border: 1px solid #8da1b4; border-radius: 5px; line-height: 60%\"><p style=\"margin-bottom: 0px\">ResourceMedicationDispense &quot;14663&quot; </p><p style=\"margin-bottom: 0px\">Profile: <a href=\"StructureDefinition-FrInpatientMedicationDispense.html\">FrInpatientMedicationDispense</a></p></div><p><b>status</b>: completed</p><p><b>medication</b>: <a name=\"hcmed-401\"> </a></p><blockquote><p/><p><a name=\"med-401\"> </a></p><p><a name=\"hcmed-401\"> </a></p><p><b>code</b>: DOLIPRANE 500 mg, gélule <span style=\"background: LightGoldenRodYellow; margin: 4px; border: 1px solid khaki\"> (SIPh-CIO_UCD#3400891996128)</span></p><p><b>form</b>: gélule <span style=\"background: LightGoldenRodYellow; margin: 4px; border: 1px solid khaki\"> (<a href=\"https://browser.ihtsdotools.org/\">SNOWMED CT</a>#420692007)</span></p><h3>Ingredients</h3><table class=\"grid\"><tr><td style=\"display: none\">-</td><td><b>Item[x]</b></td><td><b>IsActive</b></td><td><b>Strength</b></td></tr><tr><td style=\"display: none\">*</td><td>PARACETAMOL <span style=\"background: LightGoldenRodYellow; margin: 4px; border: 1px solid khaki\"> (<a href=\"https://browser.ihtsdotools.org/\">SNOWMED CT</a>#387517004 &quot;paracétamol&quot;)</span></td><td>true</td><td>500 mg<span style=\"background: LightGoldenRodYellow\"> (Details: UCUM code mg = 'mg')</span>/1 1<span style=\"background: LightGoldenRodYellow\"> (Details: UCUM code 1 = '1')</span></td></tr></table></blockquote><p><b>subject</b>: <a href=\"Patient/phast-14604\">Patient/phast-14604</a></p><h3>Performers</h3><table class=\"grid\"><tr><td style=\"display: none\">-</td><td><b>Actor</b></td></tr><tr><td style=\"display: none\">*</td><td><a href=\"Practitioner/smart-Practitioner-7148xxxx\">Practitioner/smart-Practitioner-7148xxxx</a></td></tr></table><p><b>authorizingPrescription</b>: <a href=\"MedicationRequest-14660.html\">MedicationRequest/14660</a></p><p><b>type</b>: Refill - Part <span style=\"background: LightGoldenRodYellow; margin: 4px; border: 1px solid khaki\"> (<a href=\"http://terminology.hl7.org/5.5.0/CodeSystem-v3-ActCode.html\">ActCode</a>#RFP)</span></p><p><b>quantity</b>: 6 1<span style=\"background: LightGoldenRodYellow\"> (Details: UCUM code 1 = '1')</span></p><p><b>daysSupply</b>: 2 jours<span style=\"background: LightGoldenRodYellow\"> (Details: UCUM code d = 'd')</span></p><p><b>whenPrepared</b>: 2021-07-16 10:10:00+0000</p><p><b>whenHandedOver</b>: 2021-07-16 10:24:00+0000</p><blockquote><p><b>dosageInstruction</b></p><p><b>sequence</b>: 1</p><p><b>timing</b>: Starting 2021-07-16 10:10:00+0000 , Once, Until 2021-07-17 10:09:59+0000 </p><p><b>route</b>: Voie orale <span style=\"background: LightGoldenRodYellow; margin: 4px; border: 1px solid khaki\"> (<a href=\"https://browser.ihtsdotools.org/\">SNOWMED CT</a>#26643006)</span></p><blockquote><p><b>doseAndRate</b></p></blockquote></blockquote><hr/><blockquote><p><b>Generated Narrative: Medication #med-401</b><a name=\"med-401\"> </a><a name=\"hcmed-401\"> </a></p><p><b>code</b>: DOLIPRANE 500 mg, gélule <span style=\"background: LightGoldenRodYellow; margin: 4px; border: 1px solid khaki\"> (SIPh-CIO_UCD#3400891996128)</span></p><p><b>form</b>: gélule <span style=\"background: LightGoldenRodYellow; margin: 4px; border: 1px solid khaki\"> (<a href=\"https://browser.ihtsdotools.org/\">SNOWMED CT</a>#420692007)</span></p><h3>Ingredients</h3><table class=\"grid\"><tr><td style=\"display: none\">-</td><td><b>Item[x]</b></td><td><b>IsActive</b></td><td><b>Strength</b></td></tr><tr><td style=\"display: none\">*</td><td>PARACETAMOL <span style=\"background: LightGoldenRodYellow; margin: 4px; border: 1px solid khaki\"> (<a href=\"https://browser.ihtsdotools.org/\">SNOWMED CT</a>#387517004 &quot;paracétamol&quot;)</span></td><td>true</td><td>500 mg<span style=\"background: LightGoldenRodYellow\"> (Details: UCUM code mg = 'mg')</span>/1 1<span style=\"background: LightGoldenRodYellow\"> (Details: UCUM code 1 = '1')</span></td></tr></table></blockquote></div>"
  },
  "contained" : [{
    "resourceType" : "Medication",
    "id" : "med-401",
    "meta" : {
      "profile" : ["http://interopsante.org/fhir/StructureDefinition/FrMedication2unique"]
    },
    "code" : {
      "coding" : [{
        "system" : "http://phast.fr/fhir/ValueSet/Pharmacy/CIOdc/SIPh-CIO_UCD",
        "code" : "3400891996128",
        "display" : "DOLIPRANE 500 mg, gélule"
      }],
      "text" : "DOLIPRANE 500 mg, gélule"
    },
    "form" : {
      "coding" : [{
        "system" : "http://snomed.info/sct",
        "code" : "420692007",
        "display" : "gélule"
      }],
      "text" : "gélule"
    },
    "ingredient" : [{
      "itemCodeableConcept" : {
        "coding" : [{
          "system" : "http://snomed.info/sct",
          "code" : "387517004",
          "display" : "paracétamol"
        }],
        "text" : "PARACETAMOL"
      },
      "isActive" : true,
      "strength" : {
        "numerator" : {
          "value" : 500,
          "unit" : "mg",
          "system" : "http://unitsofmeasure.org",
          "code" : "mg"
        },
        "denominator" : {
          "value" : 1,
          "system" : "http://unitsofmeasure.org",
          "code" : "1"
        }
      }
    }]
  }],
  "status" : "completed",
  "medicationReference" : {
    "reference" : "#med-401"
  },
  "subject" : {
    "reference" : "Patient/phast-14604"
  },
  "performer" : [{
    "actor" : {
      "reference" : "Practitioner/smart-Practitioner-7148xxxx"
    }
  }],
  "authorizingPrescription" : [{
    "reference" : "MedicationRequest/14660"
  }],
  "type" : {
    "coding" : [{
      "system" : "http://terminology.hl7.org/CodeSystem/v3-ActCode",
      "code" : "RFP",
      "display" : "Refill - Part"
    }]
  },
  "quantity" : {
    "value" : 6,
    "system" : "http://unitsofmeasure.org",
    "code" : "1"
  },
  "daysSupply" : {
    "value" : 2,
    "unit" : "jours",
    "system" : "http://unitsofmeasure.org",
    "code" : "d"
  },
  "whenPrepared" : "2021-07-16T10:10:00Z",
  "whenHandedOver" : "2021-07-16T10:24:00Z",
  "dosageInstruction" : [{
    "sequence" : 1,
    "timing" : {
      "repeat" : {
        "boundsPeriod" : {
          "start" : "2021-07-16T10:10:00Z",
          "end" : "2021-07-17T10:09:59Z"
        },
        "timeOfDay" : ["07:00:00",
        "12:00:00",
        "18:00:00"]
      }
    },
    "route" : {
      "coding" : [{
        "system" : "http://snomed.info/sct",
        "code" : "26643006",
        "display" : "Voie orale"
      }],
      "text" : "Voie orale"
    },
    "doseAndRate" : [{
      "type" : {
        "coding" : [{
          "system" : "http://terminology.hl7.org/CodeSystem/dose-rate-type",
          "code" : "ordered",
          "display" : "Ordered"
        }],
        "text" : "Ordered"
      },
      "doseQuantity" : {
        "value" : 2,
        "system" : "http://unitsofmeasure.org",
        "code" : "1"
      }
    }]
  }]
}