<?xml version="1.0" encoding="UTF-8"?>

<MedicationDispense xmlns="http://hl7.org/fhir">
  <id value="14665"/>
  <meta>
    <profile value="https://hl7.fr/fhir/fr/medication/StructureDefinition/FrInpatientMedicationDispense"/>
  </meta>
  <text>
    <status value="generated"/><div xmlns="http://www.w3.org/1999/xhtml"><p><b>Generated Narrative: MedicationDispense</b><a name="14665"> </a><a name="hc14665"> </a></p><div style="display: inline-block; background-color: #d9e0e7; padding: 6px; margin: 4px; border: 1px solid #8da1b4; border-radius: 5px; line-height: 60%"><p style="margin-bottom: 0px">ResourceMedicationDispense &quot;14665&quot; </p><p style="margin-bottom: 0px">Profile: <a href="StructureDefinition-FrInpatientMedicationDispense.html">FrInpatientMedicationDispense</a></p></div><p><b>status</b>: completed</p><p><b>medication</b>: <a name="hcmed-421"> </a></p><blockquote><p/><p><a name="med-421"> </a></p><p><a name="hcmed-421"> </a></p><p><b>code</b>: DOLIPRANE 500 mg, gélule <span style="background: LightGoldenRodYellow; margin: 4px; border: 1px solid khaki"> (SIPh-CIO_UCD#3400891996128)</span></p><p><b>form</b>: gélule <span style="background: LightGoldenRodYellow; margin: 4px; border: 1px solid khaki"> (<a href="https://browser.ihtsdotools.org/">SNOWMED CT</a>#420692007)</span></p><h3>Ingredients</h3><table class="grid"><tr><td style="display: none">-</td><td><b>Item[x]</b></td><td><b>IsActive</b></td><td><b>Strength</b></td></tr><tr><td style="display: none">*</td><td>PARACETAMOL <span style="background: LightGoldenRodYellow; margin: 4px; border: 1px solid khaki"> (<a href="https://browser.ihtsdotools.org/">SNOWMED CT</a>#387517004 &quot;paracétamol&quot;)</span></td><td>true</td><td>500 mg<span style="background: LightGoldenRodYellow"> (Details: UCUM code mg = 'mg')</span>/1 1<span style="background: LightGoldenRodYellow"> (Details: UCUM code 1 = '1')</span></td></tr></table></blockquote><p><b>subject</b>: <a name="hcgroup-01"> </a></p><blockquote><p/><p><a name="group-01"> </a></p><p><a name="hcgroup-01"> </a></p><p><b>type</b>: person</p><p><b>actual</b>: true</p><blockquote><p><b>member</b></p><p><b>entity</b>: <a href="Patient/phast-14602">Patient/phast-14602</a></p></blockquote><blockquote><p><b>member</b></p><p><b>entity</b>: <a href="Patient/phast-14603">Patient/phast-14603</a></p></blockquote><blockquote><p><b>member</b></p><p><b>entity</b>: <a href="Patient/phast-14604">Patient/phast-14604</a></p></blockquote></blockquote><p><b>supportingInformation</b>: </p><ul><li><a href="MedicationDispense-14661.html">MedicationDispense/14661</a></li><li><a href="MedicationDispense-14662.html">MedicationDispense/14662</a></li><li><a href="MedicationDispense-14663.html">MedicationDispense/14663</a></li></ul><h3>Performers</h3><table class="grid"><tr><td style="display: none">-</td><td><b>Actor</b></td></tr><tr><td style="display: none">*</td><td><a href="Practitioner/smart-Practitioner-7148xxxx">Practitioner/smart-Practitioner-7148xxxx</a></td></tr></table><p><b>authorizingPrescription</b>: </p><ul><li><a href="MedicationRequest-14654.html">MedicationRequest/14654</a></li><li><a href="MedicationRequest-14659.html">MedicationRequest/14659</a></li><li><a href="MedicationRequest-14660.html">MedicationRequest/14660</a></li></ul><p><b>type</b>: Refill - Part <span style="background: LightGoldenRodYellow; margin: 4px; border: 1px solid khaki"> (<a href="http://terminology.hl7.org/5.5.0/CodeSystem-v3-ActCode.html">ActCode</a>#RFP)</span></p><p><b>quantity</b>: 14 1<span style="background: LightGoldenRodYellow"> (Details: UCUM code 1 = '1')</span></p><p><b>daysSupply</b>: 2 jours<span style="background: LightGoldenRodYellow"> (Details: UCUM code d = 'd')</span></p><p><b>whenPrepared</b>: 2021-07-16 10:10:00+0000</p><p><b>whenHandedOver</b>: 2021-07-16 10:24:00+0000</p><hr/><blockquote><p><b>Generated Narrative: Medication #med-421</b><a name="med-421"> </a><a name="hcmed-421"> </a></p><p><b>code</b>: DOLIPRANE 500 mg, gélule <span style="background: LightGoldenRodYellow; margin: 4px; border: 1px solid khaki"> (SIPh-CIO_UCD#3400891996128)</span></p><p><b>form</b>: gélule <span style="background: LightGoldenRodYellow; margin: 4px; border: 1px solid khaki"> (<a href="https://browser.ihtsdotools.org/">SNOWMED CT</a>#420692007)</span></p><h3>Ingredients</h3><table class="grid"><tr><td style="display: none">-</td><td><b>Item[x]</b></td><td><b>IsActive</b></td><td><b>Strength</b></td></tr><tr><td style="display: none">*</td><td>PARACETAMOL <span style="background: LightGoldenRodYellow; margin: 4px; border: 1px solid khaki"> (<a href="https://browser.ihtsdotools.org/">SNOWMED CT</a>#387517004 &quot;paracétamol&quot;)</span></td><td>true</td><td>500 mg<span style="background: LightGoldenRodYellow"> (Details: UCUM code mg = 'mg')</span>/1 1<span style="background: LightGoldenRodYellow"> (Details: UCUM code 1 = '1')</span></td></tr></table></blockquote><hr/><blockquote><p><b>Generated Narrative: Group #group-01</b><a name="group-01"> </a><a name="hcgroup-01"> </a></p><p><b>type</b>: person</p><p><b>actual</b>: true</p><blockquote><p><b>member</b></p><p><b>entity</b>: <a href="Patient/phast-14602">Patient/phast-14602</a></p></blockquote><blockquote><p><b>member</b></p><p><b>entity</b>: <a href="Patient/phast-14603">Patient/phast-14603</a></p></blockquote><blockquote><p><b>member</b></p><p><b>entity</b>: <a href="Patient/phast-14604">Patient/phast-14604</a></p></blockquote></blockquote></div>
  </text>
  <contained>
    <Medication>
      <id value="med-421"/>
      <meta>
        <profile value="http://interopsante.org/fhir/StructureDefinition/FrMedication2unique"/>
      </meta>
      <code>
        <coding>
          <system value="http://phast.fr/fhir/ValueSet/Pharmacy/CIOdc/SIPh-CIO_UCD"/>
          <code value="3400891996128"/>
          <display value="DOLIPRANE 500 mg, gélule"/>
        </coding>
        <text value="DOLIPRANE 500 mg, gélule"/>
      </code>
      <form>
        <coding>
          <system value="http://snomed.info/sct"/>
          <code value="420692007"/>
          <display value="gélule"/>
        </coding>
        <text value="gélule"/>
      </form>
      <ingredient>
        <itemCodeableConcept>
          <coding>
            <system value="http://snomed.info/sct"/>
            <code value="387517004"/>
            <display value="paracétamol"/>
          </coding>
          <text value="PARACETAMOL"/>
        </itemCodeableConcept>
        <isActive value="true"/>
        <strength>
          <numerator>
            <value value="500"/>
            <unit value="mg"/>
            <system value="http://unitsofmeasure.org"/>
            <code value="mg"/>
          </numerator>
          <denominator>
            <value value="1"/>
            <system value="http://unitsofmeasure.org"/>
            <code value="1"/>
          </denominator>
        </strength>
      </ingredient>
    </Medication>
  </contained>
  <contained>
    <Group>
      <id value="group-01"/>
      <type value="person"/>
      <actual value="true"/>
      <member>
        <entity>
          <reference value="Patient/phast-14602"/>
        </entity>
      </member>
      <member>
        <entity>
          <reference value="Patient/phast-14603"/>
        </entity>
      </member>
      <member>
        <entity>
          <reference value="Patient/phast-14604"/>
        </entity>
      </member>
    </Group>
  </contained>
  <status value="completed"/>
  <medicationReference>
    <reference value="#med-421"/>
  </medicationReference>
  <subject>
    <reference value="#group-01"/>
  </subject>
  <supportingInformation>
    <reference value="MedicationDispense/14661"/>
  </supportingInformation>
  <supportingInformation>
    <reference value="MedicationDispense/14662"/>
  </supportingInformation>
  <supportingInformation>
    <reference value="MedicationDispense/14663"/>
  </supportingInformation>
  <performer>
    <actor>
      <reference value="Practitioner/smart-Practitioner-7148xxxx"/>
    </actor>
  </performer>
  <authorizingPrescription>
    <reference value="MedicationRequest/14654"/>
  </authorizingPrescription>
  <authorizingPrescription>
    <reference value="MedicationRequest/14659"/>
  </authorizingPrescription>
  <authorizingPrescription>
    <reference value="MedicationRequest/14660"/>
  </authorizingPrescription>
  <type>
    <coding>
      <system value="http://terminology.hl7.org/CodeSystem/v3-ActCode"/>
      <code value="RFP"/>
      <display value="Refill - Part"/>
    </coding>
  </type>
  <quantity>
    <value value="14"/>
    <system value="http://unitsofmeasure.org"/>
    <code value="1"/>
  </quantity>
  <daysSupply>
    <value value="2"/>
    <unit value="jours"/>
    <system value="http://unitsofmeasure.org"/>
    <code value="d"/>
  </daysSupply>
  <whenPrepared value="2021-07-16T10:10:00Z"/>
  <whenHandedOver value="2021-07-16T10:24:00Z"/>
</MedicationDispense>