{
  "resourceType" : "ValueSet",
  "id" : "FrMpDoseForm",
  "meta" : {
    "lastUpdated" : "2021-10-18T07:45:00Z",
    "profile" : ["http://hl7.org/fhir/StructureDefinition/shareablevalueset"]
  },
  "text" : {
    "status" : "generated",
    "div" : "<div xmlns=\"http://www.w3.org/1999/xhtml\"><ul><li>Include codes from <a href=\"http://www.snomed.org/\"><code>http://snomed.info/sct</code></a> where constraint  = (&lt; 763158003 |Medicinal product (product)|) . 411116001 |Has manufactured dose form (attribute)|</li></ul></div>"
  },
  "url" : "http://interopsante.org/fhir/ValueSet/fr-mp-dose-form",
  "version" : "0.1.0",
  "name" : "FrMpDoseForm",
  "title" : "French Medicinal product Dose form",
  "status" : "draft",
  "experimental" : false,
  "date" : "2021-10-18T07:45:00Z",
  "publisher" : "Interop'Santé",
  "contact" : [{
    "name" : "Interop'Santé",
    "telecom" : [{
      "system" : "url",
      "value" : "http://interopsante.org/"
    }]
  }],
  "description" : "Le jeu de valeurs à utiliser pour coder l'élément *doseForm* des ressources *FrMedicationUcd*, *FrMedicationUcdPart* ou *FrMedicationNonProprietaryName*.",
  "immutable" : false,
  "copyright" : "InterOp'Santé 2021. This value set includes content from SNOMED CT, which is copyright © 2002 International Health Terminology Standards Development Organisation (IHTSDO), and distributed by agreement between IHTSDO and HL7. Implementer use of SNOMED CT is not covered by this agreement.",
  "compose" : {
    "include" : [{
      "system" : "http://snomed.info/sct",
      "filter" : [{
        "property" : "constraint",
        "op" : "=",
        "value" : "(< 763158003 |Medicinal product (product)|) . 411116001 |Has manufactured dose form (attribute)|"
      }]
    }]
  }
}