<?xml version="1.0" encoding="UTF-8"?>

<Bundle xmlns="http://hl7.org/fhir">
  <id value="Presc-Paracetamol-DoseEvolutive"/>
  <meta>
    <profile value="https://hl7.fr/ig/fhir/medication/StructureDefinition/fr-prescription-bundle-for-example"/>
  </meta>
  <type value="searchset"/>
  <entry>
    <resource>
      <Medication>
        <id value="medication-Presc-Paracetamol-DoseEvolutive"/>
        <meta>
          <profile value="https://hl7.fr/ig/fhir/medication/StructureDefinition/fr-medication-noncompound"/>
          <profile value="https://hl7.fr/fhir/fr/medication/StructureDefinition/fr-medication-noncompound"/>
        </meta>
        <text>
          <status value="generated"/><div xmlns="http://www.w3.org/1999/xhtml"><a name="Medication_medication-Presc-Paracetamol-DoseEvolutive"> </a><p class="res-header-id"><b>Narratif généré : Médication medication-Presc-Paracetamol-DoseEvolutive</b></p><a name="medication-Presc-Paracetamol-DoseEvolutive"> </a><a name="hcmedication-Presc-Paracetamol-DoseEvolutive"> </a><div style="display: inline-block; background-color: #d9e0e7; padding: 6px; margin: 4px; border: 1px solid #8da1b4; border-radius: 5px; line-height: 60%"><p style="margin-bottom: 0px"/><p style="margin-bottom: 0px">Profils: <a href="StructureDefinition-fr-medication-noncompound.html">FrMedicationNonCompound</a>, <code>https://hl7.fr/fhir/fr/medication/StructureDefinition/fr-medication-noncompound</code></p></div><p><b>code</b>: <span title="Codes:{http://data.esante.gouv.fr/ansm/medicament/codeSMS 100000090270}">PARACETAMOL</span></p></div>
        </text>
        <code>
          <coding>
            <system value="http://data.esante.gouv.fr/ansm/medicament/codeSMS"/>
            <code value="100000090270"/>
            <display value="paracétamol"/>
          </coding>
          <text value="PARACETAMOL"/>
        </code>
      </Medication>
    </resource>
  </entry>
  <entry>
    <resource>
      <MedicationRequest>
        <id value="medicationrequest-Presc-Paracetamol-DoseEvolutive"/>
        <meta>
          <profile value="https://hl7.fr/ig/fhir/medication/StructureDefinition/fr-inpatient-medicationrequest"/>
          <profile value="https://hl7.fr/fhir/fr/medication/StructureDefinition/fr-inpatient-medicationrequest"/>
        </meta>
        <text>
          <status value="generated"/><div xmlns="http://www.w3.org/1999/xhtml"><a name="MedicationRequest_medicationrequest-Presc-Paracetamol-DoseEvolutive"> </a><p class="res-header-id"><b>Narratif généré : PrescriptionMédicamenteuseTODO medicationrequest-Presc-Paracetamol-DoseEvolutive</b></p><a name="medicationrequest-Presc-Paracetamol-DoseEvolutive"> </a><a name="hcmedicationrequest-Presc-Paracetamol-DoseEvolutive"> </a><div style="display: inline-block; background-color: #d9e0e7; padding: 6px; margin: 4px; border: 1px solid #8da1b4; border-radius: 5px; line-height: 60%"><p style="margin-bottom: 0px"/><p style="margin-bottom: 0px">Profils: <a href="StructureDefinition-fr-inpatient-medicationrequest.html">FrInpatientMedicationRequest</a>, <code>https://hl7.fr/fhir/fr/medication/StructureDefinition/fr-inpatient-medicationrequest</code></p></div><p><b>status</b>: Active</p><p><b>intent</b>: Order</p><p><b>priority</b>: Routine</p><p><b>medication</b>: <code>#med-221medication-Presc-Paracetamol-DoseEvolutive</code></p><p><b>subject</b>: <a href="Patient/14602">Patient/14602</a></p><p><b>authoredOn</b>: 2021-08-12 14:29:15+0000</p><p><b>requester</b>: <a href="Practitioner/smart-Practitioner-71482713">Practitioner/smart-Practitioner-71482713</a></p><p><b>groupIdentifier</b>: <code>https://somehospital.fr/Prescrption-ID</code>/Presc-14642</p><blockquote><p><b>dosageInstruction</b></p><p><b>sequence</b>: 1</p><p><b>timing</b>: Once</p><p><b>route</b>: <span title="Codes:{http://standardterms.edqm.eu 20053000}">Voie orale</span></p><h3>DoseAndRates</h3><table class="grid"><tr><td style="display: none">-</td><td><b>Dose[x]</b></td></tr><tr><td style="display: none">*</td><td>500 mg<span style="background: LightGoldenRodYellow"> (Details: UCUM  codemg = 'mg')</span></td></tr></table></blockquote><blockquote><p><b>dosageInstruction</b></p><p><b>sequence</b>: 1</p><p><b>timing</b>: Once</p><p><b>route</b>: <span title="Codes:{http://standardterms.edqm.eu 20053000}">Voie orale</span></p><h3>DoseAndRates</h3><table class="grid"><tr><td style="display: none">-</td><td><b>Dose[x]</b></td></tr><tr><td style="display: none">*</td><td>1 g<span style="background: LightGoldenRodYellow"> (Details: UCUM  codeg = 'g')</span></td></tr></table></blockquote></div>
        </text>
        <status value="active"/>
        <intent value="order"/>
        <priority value="routine"/>
        <medicationReference>
          <reference value="#med-221medication-Presc-Paracetamol-DoseEvolutive"/>
        </medicationReference>
        <subject>
          <reference value="Patient/14602"/>
        </subject>
        <authoredOn value="2021-08-12T14:29:15.461Z"/>
        <requester>
          <reference value="Practitioner/smart-Practitioner-71482713"/>
        </requester>
        <groupIdentifier>
          <system value="https://somehospital.fr/Prescrption-ID"/>
          <value value="Presc-14642"/>
        </groupIdentifier>
        <dosageInstruction>
          <sequence value="1"/>
          <timing>
            <repeat>
              <boundsPeriod>
                <start value="2021-08-12T14:29:00Z"/>
                <end value="2021-08-17T14:28:59Z"/>
              </boundsPeriod>
              <timeOfDay value="07:00:00"/>
            </repeat>
          </timing>
          <route>
            <coding>
              <system value="http://standardterms.edqm.eu"/>
              <code value="20053000"/>
              <display value="Voie orale"/>
            </coding>
            <text value="Voie orale"/>
          </route>
          <doseAndRate>
            <doseQuantity>
              <value value="500"/>
              <unit value="mg"/>
              <system value="http://unitsofmeasure.org"/>
              <code value="mg"/>
            </doseQuantity>
          </doseAndRate>
        </dosageInstruction>
        <dosageInstruction>
          <sequence value="1"/>
          <timing>
            <repeat>
              <boundsPeriod>
                <start value="2021-08-12T14:29:00Z"/>
                <end value="2021-08-17T14:28:59Z"/>
              </boundsPeriod>
              <timeOfDay value="18:00:00"/>
            </repeat>
          </timing>
          <route>
            <coding>
              <system value="http://standardterms.edqm.eu"/>
              <code value="20053000"/>
              <display value="Voie orale"/>
            </coding>
            <text value="Voie orale"/>
          </route>
          <doseAndRate>
            <doseQuantity>
              <value value="1"/>
              <unit value="g"/>
              <system value="http://unitsofmeasure.org"/>
              <code value="g"/>
            </doseQuantity>
          </doseAndRate>
        </dosageInstruction>
      </MedicationRequest>
    </resource>
  </entry>
</Bundle>