<?xml version="1.0" encoding="UTF-8"?>

<Bundle xmlns="http://hl7.org/fhir">
  <id value="HAS-14-2-Presc-Betamethasone"/>
  <meta>
    <profile value="https://hl7.fr/ig/fhir/medication/StructureDefinition/fr-prescription-bundle-for-example"/>
  </meta>
  <type value="searchset"/>
  <entry>
    <resource>
      <MedicationRequest>
        <id value="medicationrequest-HAS-14-2-Presc-Betamethasone"/>
        <meta>
          <profile value="https://hl7.fr/ig/fhir/medication/StructureDefinition/fr-inpatient-medicationrequest"/>
          <profile value="https://hl7.fr/fhir/fr/medication/StructureDefinition/fr-inpatient-medicationrequest"/>
        </meta>
        <text>
          <status value="generated"/><div xmlns="http://www.w3.org/1999/xhtml"><a name="MedicationRequest_medicationrequest-HAS-14-2-Presc-Betamethasone"> </a><p class="res-header-id"><b>Generated Narrative: MedicationRequest medicationrequest-HAS-14-2-Presc-Betamethasone</b></p><a name="medicationrequest-HAS-14-2-Presc-Betamethasone"> </a><a name="hcmedicationrequest-HAS-14-2-Presc-Betamethasone"> </a><div style="display: inline-block; background-color: #d9e0e7; padding: 6px; margin: 4px; border: 1px solid #8da1b4; border-radius: 5px; line-height: 60%"><p style="margin-bottom: 0px"/><p style="margin-bottom: 0px">Profiles: <a href="StructureDefinition-fr-inpatient-medicationrequest.html">FrInpatientMedicationRequest</a>, <code>https://hl7.fr/fhir/fr/medication/StructureDefinition/fr-inpatient-medicationrequest</code></p></div><p><b>status</b>: Active</p><p><b>intent</b>: Order</p><p><b>priority</b>: Routine</p><p><b>medication</b>: <span title="Codes:{http://BogusSystemMedicabase.com MV00000063}">BETAMETHASONE 0,05% voie cutanée pom</span></p><p><b>subject</b>: <a href="Patient/14602">Patient/14602</a></p><p><b>requester</b>: <a href="Practitioner/smart-Practitioner-71482713">Practitioner/smart-Practitioner-71482713</a></p><p><b>note</b>: </p><blockquote><div><p>Prescription textuelle: BETHAMETHASONE 0,05% - 1 à 2 applications par jour en couche mince et uniforme sur la zone à traiter. Ne pas dépasser 2 applications par jour</p>
</div></blockquote><blockquote><p><b>dosageInstruction</b></p><p><b>patientInstruction</b>: application en couche mince et uniforme sur la zone à traiter</p><p><b>timing</b>: Once per 1 day</p><h3>DoseAndRates</h3><table class="grid"><tr><td style="display: none">-</td><td><b>Dose[x]</b></td></tr><tr><td style="display: none">*</td><td>1 Application<span style="background: LightGoldenRodYellow"> (Details: UCUM  code{Appln} = '{Appln}')</span></td></tr></table><p><b>maxDosePerPeriod</b>: 2 Application<span style="background: LightGoldenRodYellow"> (Details: UCUM  code{Appln} = '{Appln}')</span>/1 jour<span style="background: LightGoldenRodYellow"> (Details: UCUM  coded = 'd')</span></p></blockquote></div>
        </text>
        <status value="active"/>
        <intent value="order"/>
        <priority value="routine"/>
        <medicationCodeableConcept>
          <coding>
            <system value="http://BogusSystemMedicabase.com"/>
            <code value="MV00000063"/>
            <display value="BETAMETHASONE 0,05% voie cutanée pom"/>
          </coding>
        </medicationCodeableConcept>
        <subject>
          <reference value="Patient/14602"/>
        </subject>
        <requester>
          <reference value="Practitioner/smart-Practitioner-71482713"/>
        </requester>
        <note>
          <extension url="https://hl7.fr/ig/fhir/medication/StructureDefinition/fr-medicationrequest-note-scope">
            <valueCode value="LIPRESCTXT"/>
          </extension>
          <text value="Prescription textuelle: BETHAMETHASONE 0,05% - 1 à 2 applications par jour en couche mince et uniforme sur la zone à traiter. Ne pas dépasser 2 applications par jour"/>
        </note>
        <dosageInstruction>
          <patientInstruction value="application en couche mince et uniforme sur la zone à traiter"/>
          <timing>
            <repeat>
              <frequencyMax value="2"/>
              <period value="1"/>
              <periodUnit value="d"/>
            </repeat>
          </timing>
          <doseAndRate>
            <doseQuantity>
              <value value="1"/>
              <unit value="Application"/>
              <system value="http://unitsofmeasure.org"/>
              <code value="{Appln}"/>
            </doseQuantity>
          </doseAndRate>
          <maxDosePerPeriod>
            <numerator>
              <value value="2"/>
              <unit value="Application"/>
              <system value="http://unitsofmeasure.org"/>
              <code value="{Appln}"/>
            </numerator>
            <denominator>
              <value value="1"/>
              <unit value="jour"/>
              <system value="http://unitsofmeasure.org"/>
              <code value="d"/>
            </denominator>
          </maxDosePerPeriod>
        </dosageInstruction>
      </MedicationRequest>
    </resource>
  </entry>
</Bundle>