{
  "resourceType" : "MedicationRequest",
  "id" : "14619",
  "meta" : {
    "profile" : ["https://hl7.fr/fhir/fr/medication/StructureDefinition/FrInpatientMedicationRequest"]
  },
  "text" : {
    "status" : "generated",
    "div" : "<div xmlns=\"http://www.w3.org/1999/xhtml\"><p class=\"res-header-id\"><b>Generated Narrative: MedicationRequest 14619</b></p><a name=\"14619\"> </a><a name=\"hc14619\"> </a><a name=\"hc14619-en-US\"> </a><p><b>status</b>: Active</p><p><b>intent</b>: Order</p><p><b>medication</b>: <a href=\"#hc14619/med-31\">Medication Product containing only codeine and paracetamol (medicinal product)</a></p><p><b>subject</b>: <a href=\"Patient/phast-14602\">Patient/phast-14602</a></p><p><b>authoredOn</b>: 2021-07-19 16:22:39+0000</p><p><b>requester</b>: <a href=\"Practitioner/smart-Practitioner-71482713\">Practitioner/smart-Practitioner-71482713</a></p><blockquote><p><b>dosageInstruction</b></p></blockquote><hr/><blockquote><p class=\"res-header-id\"><b>Generated Narrative: Medication  #med-31</b></p><a name=\"14619/med-31\"> </a><a name=\"hc14619/med-31\"> </a><a name=\"hc14619/med-31-en-US\"> </a><p><b>code</b>: <span title=\"Codes:{http://snomed.info/sct 775360007}\">PARACETAMOL+CODEINE</span></p><blockquote><p><b>ingredient</b></p><p><b>item</b>: <span title=\"Codes:{http://snomed.info/sct 387517004}\">PARACETAMOL</span></p><p><b>isActive</b>: true</p><p><b>strength</b>: 500 mg<span style=\"background: LightGoldenRodYellow\"> (Details: UCUM  codemg = 'mg')</span>/1 1<span style=\"background: LightGoldenRodYellow\"> (Details: UCUM  code1 = '1')</span></p></blockquote><blockquote><p><b>ingredient</b></p><p><b>item</b>: <span title=\"Codes:{http://snomed.info/sct 387494007}\">CODEINE</span></p><p><b>isActive</b>: true</p><p><b>strength</b>: 30 mg<span style=\"background: LightGoldenRodYellow\"> (Details: UCUM  codemg = 'mg')</span>/1 1<span style=\"background: LightGoldenRodYellow\"> (Details: UCUM  code1 = '1')</span></p></blockquote></blockquote></div>"
  },
  "contained" : [{
    "resourceType" : "Medication",
    "id" : "med-31",
    "meta" : {
      "profile" : ["http://interopsante.org/fhir/StructureDefinition/FrMedicationNonproprietaryName"]
    },
    "code" : {
      "coding" : [{
        "system" : "http://snomed.info/sct",
        "code" : "775360007",
        "display" : "Product containing only codeine and paracetamol (medicinal product)"
      }],
      "text" : "PARACETAMOL+CODEINE"
    },
    "ingredient" : [{
      "itemCodeableConcept" : {
        "coding" : [{
          "system" : "http://snomed.info/sct",
          "code" : "387517004",
          "display" : "paracétamol"
        }],
        "text" : "PARACETAMOL"
      },
      "isActive" : true,
      "strength" : {
        "numerator" : {
          "value" : 500,
          "unit" : "mg",
          "system" : "http://unitsofmeasure.org",
          "code" : "mg"
        },
        "denominator" : {
          "value" : 1,
          "system" : "http://unitsofmeasure.org",
          "code" : "1"
        }
      }
    },
    {
      "itemCodeableConcept" : {
        "coding" : [{
          "system" : "http://snomed.info/sct",
          "code" : "387494007",
          "display" : "codéine"
        }],
        "text" : "CODEINE"
      },
      "isActive" : true,
      "strength" : {
        "numerator" : {
          "value" : 30,
          "unit" : "mg",
          "system" : "http://unitsofmeasure.org",
          "code" : "mg"
        },
        "denominator" : {
          "value" : 1,
          "system" : "http://unitsofmeasure.org",
          "code" : "1"
        }
      }
    }]
  }],
  "status" : "active",
  "intent" : "order",
  "medicationReference" : {
    "reference" : "#med-31"
  },
  "subject" : {
    "reference" : "Patient/phast-14602"
  },
  "authoredOn" : "2021-07-19T16:22:39.825Z",
  "requester" : {
    "reference" : "Practitioner/smart-Practitioner-71482713"
  },
  "dosageInstruction" : [{
    "sequence" : 1,
    "timing" : {
      "repeat" : {
        "boundsPeriod" : {
          "start" : "2021-07-19T16:22:00Z",
          "end" : "2021-07-24T16:23:59Z"
        },
        "timeOfDay" : ["07:00:00",
        "18:00:00"]
      }
    },
    "route" : {
      "coding" : [{
        "system" : "http://snomed.info/sct",
        "code" : "26643006",
        "display" : "Voie orale"
      }],
      "text" : "Voie orale"
    },
    "doseAndRate" : [{
      "type" : {
        "coding" : [{
          "system" : "http://terminology.hl7.org/CodeSystem/dose-rate-type",
          "code" : "ordered",
          "display" : "Ordered"
        }],
        "text" : "Ordered"
      },
      "doseQuantity" : {
        "value" : 1,
        "system" : "http://unitsofmeasure.org",
        "code" : "1"
      }
    }]
  }]
}