{"resourceType":"CodeSystem","id":"fr-editorial-status","meta":{"profile":["http://hl7.org/fhir/StructureDefinition/shareablecodesystem"]},"text":{"status":"generated","div":"<div xmlns=\"http://www.w3.org/1999/xhtml\"><p class=\"res-header-id\"><b>Narratif généré : CodeSystem fr-editorial-status</b></p><a name=\"fr-editorial-status\"> </a><a name=\"hcfr-editorial-status\"> </a><div style=\"display: inline-block; background-color: #d9e0e7; padding: 6px; margin: 4px; border: 1px solid #8da1b4; border-radius: 5px; line-height: 60%\"><p style=\"margin-bottom: 0px\"/><p style=\"margin-bottom: 0px\">Profil: <a href=\"http://hl7.org/fhir/R4/shareablecodesystem.html\">Shareable CodeSystem</a></p></div><p>This  code system <code>https://hl7.fr/ig/fhir/medication/CodeSystem/fr-editorial-status</code> defines the following codes:</p><table class=\"codes\"><tr><td style=\"white-space:nowrap\"><b>Code</b></td><td><b>Display</b></td></tr><tr><td style=\"white-space:nowrap\">10000001<a name=\"fr-editorial-status-10000001\"> </a></td><td>Créé</td></tr><tr><td style=\"white-space:nowrap\">10000002<a name=\"fr-editorial-status-10000002\"> </a></td><td>Mis-à-jour</td></tr><tr><td style=\"white-space:nowrap\">10000003<a name=\"fr-editorial-status-10000003\"> </a></td><td>Scellé</td></tr><tr><td style=\"white-space:nowrap\">10000004<a name=\"fr-editorial-status-10000004\"> </a></td><td>Supprimé</td></tr></table></div>"},"url":"https://hl7.fr/ig/fhir/medication/CodeSystem/fr-editorial-status","version":"0.1.0","name":"FrEditorialStatus","title":"code system Interop'Santé - Statut éditorial d'une valeur","status":"draft","experimental":false,"date":"2025-08-19T16:40:37+00:00","publisher":"Interop'Santé","contact":[{"name":"Interop'Santé","telecom":[{"system":"url","value":"http://interopsante.org/"}]}],"description":"Le système de codage du statut éditorial d'une valeur.","jurisdiction":[{"coding":[{"system":"urn:iso:std:iso:3166","code":"FR","display":"FRANCE"}]}],"content":"complete","count":4,"concept":[{"code":"10000001","display":"Créé","designation":[{"use":{"system":"http://terminology.hl7.org/CodeSystem/designation-usage","code":"display"},"value":"Créé"}]},{"code":"10000002","display":"Mis-à-jour","designation":[{"use":{"system":"http://terminology.hl7.org/CodeSystem/designation-usage","code":"display"},"value":"Mis-à-jour"}]},{"code":"10000003","display":"Scellé","designation":[{"use":{"system":"http://terminology.hl7.org/CodeSystem/designation-usage","code":"display"},"value":"Scellé"}]},{"code":"10000004","display":"Supprimé","designation":[{"use":{"system":"http://terminology.hl7.org/CodeSystem/designation-usage","code":"display"},"value":"Supprimé"}]}]}