{"resourceType":"ConceptMap","id":"PN13-FHIR-prescmed-medicationrequest-conceptmap","text":{"status":"generated","div":"<div xmlns=\"http://www.w3.org/1999/xhtml\"><p class=\"res-header-id\"><b>Narratif généré : CarteDeConcepts PN13-FHIR-prescmed-medicationrequest-conceptmap</b></p><a name=\"PN13-FHIR-prescmed-medicationrequest-conceptmap\"> </a><a name=\"hcPN13-FHIR-prescmed-medicationrequest-conceptmap\"> </a><p>Mapping from https://interopsante.org/pn13/xsd to <a href=\"StructureDefinition-fr-inpatient-medicationrequest.html\">FR Inpatient MedicationRequest</a></p><br/><p><b>Group 1 </b>Mapping from <code>unspecified code system</code> to <code>unspecified code system</code></p><table class=\"grid\"><tr><td colspan=\"2\"><b>Source Concept Details</b></td><td><b>relation</b></td><td colspan=\"6\"><b>Target Concept Details</b></td><td><b>Commentaire</b></td></tr><tr><td colspan=\"2\"><b>Codes</b> from </td><td/><td colspan=\"2\"><b>Codes</b> from </td><td><b>MedicationRequestion.supportingInformation.extension.valueCode</b></td><td><b>MedicationRequest.groupIdentifier.system</b></td><td><b>MedicationRequestion.supportingInformation.extension.url</b></td><td><b>MedicationRequestion.supportingInformation.system</b></td><td/></tr><tr><td style=\"border-right-width: 0px\">Messages@Phast-id_message</td><td style=\"border-left-width: 0px\"></td><td><a href=\"http://hl7.org/fhir/R5/codesystem-concept-map-relationship.html#equal\" title=\"equal\">is equal to</a></td><td style=\"border-right-width: 0px\">MedicationRequest.groupIdentifier.value</td><td style=\"border-left-width: 0px\"></td><td/><td>{A attribuer par le systéme effectuant la traduction en fonction du système émetteur du message PN13}</td><td/><td/><td>Si l'identifiant de message n'est pas présent, le groupIdentifier est à attribuer par le système effectuant la traduction du message PN13 de manière à ce que le couple (identfier.value,identifier.system)  soit unique pour chaque prescription</td></tr><tr><td style=\"border-right-width: 0px; border-bottom-style: none\">Messages/M_prescription_médicaments/Prescription/Mode_communication</td><td style=\"border-left-width: 0px\"></td><td colspan=\"4\" style=\"background-color: #efefef\">(not mapped)</td></tr><tr><td style=\"border-right-width: 0px\">Messages/M_prescription_médicaments/Prescription/Dh_prescription</td><td style=\"border-left-width: 0px\"></td><td><a href=\"http://hl7.org/fhir/R5/codesystem-concept-map-relationship.html#equivalent\" title=\"equivalent\">is equivalent to</a></td><td style=\"border-right-width: 0px\">MedicationRequest.authoredOn</td><td style=\"border-left-width: 0px\"></td><td/><td/><td/><td/><td>La date et l'heure sont à mettre au format FHIR avec offset</td></tr><tr><td style=\"border-right-width: 0px\">Messages/M_prescription_médicaments/Prescription/Unité_hébergement</td><td style=\"border-left-width: 0px\"></td><td><a href=\"http://hl7.org/fhir/R5/codesystem-concept-map-relationship.html#equal\" title=\"equal\">is equal to</a></td><td style=\"border-right-width: 0px\">MedicationRequest.supportingInformation.identifier</td><td style=\"border-left-width: 0px\"></td><td>UFHEB</td><td/><td>https://hl7.fr/fhir/fr/medication/StructureDefinition/fr-uf-role</td><td>{A attribuer par le systéme effectuant la traduction}</td><td/></tr><tr><td style=\"border-right-width: 0px\">Messages/M_prescription_médicaments/Prescription/Unité_resp_médicale</td><td style=\"border-left-width: 0px\"></td><td><a href=\"http://hl7.org/fhir/R5/codesystem-concept-map-relationship.html#equal\" title=\"equal\">is equal to</a></td><td style=\"border-right-width: 0px\">MedicationRequest.supportingInformation.identifier</td><td style=\"border-left-width: 0px\"></td><td>UFMED</td><td/><td>https://hl7.fr/fhir/fr/medication/StructureDefinition/fr-uf-role</td><td>{A attribuer par le systéme effectuant la traduction}</td><td/></tr></table><hr/><p><b>Group 2 </b>Mapping from <code>unspecified code system</code> to <code>unspecified code system</code></p><table class=\"grid\"><tr><td colspan=\"2\"><b>Source Concept Details</b></td><td><b>relation</b></td><td colspan=\"4\"><b>Target Concept Details</b></td><td><b>Commentaire</b></td></tr><tr><td colspan=\"2\"><b>Codes</b> from </td><td/><td colspan=\"2\"><b>Codes</b> from </td><td><b>MedicationRequest.note.extension.valueCode</b></td><td><b>MedicationRequest.note.extension.url</b></td><td/></tr><tr><td style=\"border-right-width: 0px\">Messages/M_prescription_médicaments/Prescription/Commentaire</td><td style=\"border-left-width: 0px\"></td><td><a href=\"http://hl7.org/fhir/R5/codesystem-concept-map-relationship.html#equivalent\" title=\"equivalent\">is equivalent to</a></td><td style=\"border-right-width: 0px\">MedicationRequest.note.text</td><td style=\"border-left-width: 0px\"></td><td>PRESCCOM</td><td>https://hl7.fr/fhir/fr/medication/StructureDefinition/fr-medicationrequest-note-scope</td><td>Le texte est à préfixer par `Commentaire sur la prescription:`</td></tr><tr><td style=\"border-right-width: 0px; border-bottom-style: none\">Messages/M_prescription_médicaments/Prescription/Commentaire_structuré/Rôle_auteur</td><td style=\"border-left-width: 0px\"></td><td colspan=\"4\" style=\"background-color: #efefef\">(not mapped)</td></tr><tr><td style=\"border-right-width: 0px\">Messages/M_prescription_médicaments/Prescription/Commentaire_structuré/Identification_auteur/Identifiant</td><td style=\"border-left-width: 0px\"></td><td><a href=\"http://hl7.org/fhir/R5/codesystem-concept-map-relationship.html#equal\" title=\"equal\">is equal to</a></td><td style=\"border-right-width: 0px\">MedicationRequest.note.authorReference.identifier.value</td><td style=\"border-left-width: 0px\"></td><td/><td/><td/></tr><tr><td style=\"border-right-width: 0px\">Messages/M_prescription_médicaments/Prescription/Commentaire_structuré/Identification_auteur/Domaine_identification</td><td style=\"border-left-width: 0px\"></td><td><a href=\"http://hl7.org/fhir/R5/codesystem-concept-map-relationship.html#equal\" title=\"equal\">is equal to</a></td><td style=\"border-right-width: 0px\">MedicationRequest.note.authorReference.identifier.system</td><td style=\"border-left-width: 0px\"></td><td/><td/><td/></tr><tr><td style=\"border-right-width: 0px\">Messages/M_prescription_médicaments/Prescription/Commentaire_structuré/Identification_auteur/Nom_usage</td><td style=\"border-left-width: 0px\"></td><td><a href=\"http://hl7.org/fhir/R5/codesystem-concept-map-relationship.html#relatedto\" title=\"relatedto\">is related to</a></td><td style=\"border-right-width: 0px\">MedicationRequest.note.authorReference.display</td><td style=\"border-left-width: 0px\"></td><td/><td/><td>Peut être utilisé pour constituer display en concaténant tout ou partie des éléments relatedto</td></tr><tr><td style=\"border-right-width: 0px\">Messages/M_prescription_médicaments/Prescription/Commentaire_structuré/Identification_auteur/Prénom_usage</td><td style=\"border-left-width: 0px\"></td><td><a href=\"http://hl7.org/fhir/R5/codesystem-concept-map-relationship.html#relatedto\" title=\"relatedto\">is related to</a></td><td style=\"border-right-width: 0px\">MedicationRequest.note.authorReference.display</td><td style=\"border-left-width: 0px\"></td><td/><td/><td>Peut être utilisé pour constituer display en concaténant tout ou partie des éléments relatedto</td></tr><tr><td style=\"border-right-width: 0px\">Messages/M_prescription_médicaments/Prescription/Commentaire_structuré/Identification_auteur/Initiales</td><td style=\"border-left-width: 0px\"></td><td><a href=\"http://hl7.org/fhir/R5/codesystem-concept-map-relationship.html#relatedto\" title=\"relatedto\">is related to</a></td><td style=\"border-right-width: 0px\">MedicationRequest.note.authorReference.display</td><td style=\"border-left-width: 0px\"></td><td/><td/><td>Peut être utilisé pour constituer display en concaténant tout ou partie des éléments relatedto</td></tr><tr><td style=\"border-right-width: 0px\">Messages/M_prescription_médicaments/Prescription/Commentaire_structuré/Identification_auteur/Civilité</td><td style=\"border-left-width: 0px\"></td><td><a href=\"http://hl7.org/fhir/R5/codesystem-concept-map-relationship.html#relatedto\" title=\"relatedto\">is related to</a></td><td style=\"border-right-width: 0px\">MedicationRequest.note.authorReference.display</td><td style=\"border-left-width: 0px\"></td><td/><td/><td>Peut être utilisé pour constituer display en concaténant tout ou partie des éléments relatedto</td></tr><tr><td style=\"border-right-width: 0px\">Messages/M_prescription_médicaments/Prescription/Commentaire_structuré/Identification_auteur/Titre</td><td style=\"border-left-width: 0px\"></td><td><a href=\"http://hl7.org/fhir/R5/codesystem-concept-map-relationship.html#relatedto\" title=\"relatedto\">is related to</a></td><td style=\"border-right-width: 0px\">MedicationRequest.note.authorReference.display</td><td style=\"border-left-width: 0px\"></td><td/><td/><td>Peut être utilisé pour constituer display en concaténant tout ou partie des éléments relatedto</td></tr><tr><td style=\"border-right-width: 0px\">Messages/M_prescription_médicaments/Prescription/Commentaire_structuré/Identification_auteur/Nom_famille</td><td style=\"border-left-width: 0px\"></td><td><a href=\"http://hl7.org/fhir/R5/codesystem-concept-map-relationship.html#relatedto\" title=\"relatedto\">is related to</a></td><td style=\"border-right-width: 0px\">MedicationRequest.note.authorReference.display</td><td style=\"border-left-width: 0px\"></td><td/><td/><td>Peut être utilisé pour constituer display en concaténant tout ou partie des éléments relatedto</td></tr><tr><td style=\"border-right-width: 0px\">Messages/M_prescription_médicaments/Prescription/Commentaire_structuré/Identification_auteur/Prénoms</td><td style=\"border-left-width: 0px\"></td><td><a href=\"http://hl7.org/fhir/R5/codesystem-concept-map-relationship.html#relatedto\" title=\"relatedto\">is related to</a></td><td style=\"border-right-width: 0px\">MedicationRequest.note.authorReference.display</td><td style=\"border-left-width: 0px\"></td><td/><td/><td>Peut être utilisé pour constituer display en concaténant tout ou partie des éléments relatedto</td></tr><tr><td style=\"border-right-width: 0px; border-bottom-style: none\">Messages/M_prescription_médicaments/Prescription/Commentaire_structuré/Rôle_destinataire</td><td style=\"border-left-width: 0px\"></td><td colspan=\"4\" style=\"background-color: #efefef\">(not mapped)</td></tr><tr><td style=\"border-right-width: 0px; border-bottom-style: none\">Messages/M_prescription_médicaments/Prescription/Commentaire_structuré/Identification_destinataire</td><td style=\"border-left-width: 0px\"></td><td colspan=\"4\" style=\"background-color: #efefef\">(not mapped)</td></tr><tr><td style=\"border-right-width: 0px; border-bottom-style: none\">Messages/M_prescription_médicaments/Prescription/Commentaire_structuré/Criticité</td><td style=\"border-left-width: 0px\"></td><td colspan=\"4\" style=\"background-color: #efefef\">(not mapped)</td></tr><tr><td style=\"border-right-width: 0px\">Messages/M_prescription_médicaments/Prescription/Commentaire_structuré/Texte</td><td style=\"border-left-width: 0px\"></td><td><a href=\"http://hl7.org/fhir/R5/codesystem-concept-map-relationship.html#equivalent\" title=\"equivalent\">is equivalent to</a></td><td style=\"border-right-width: 0px\">MedicationRequest.note.text</td><td style=\"border-left-width: 0px\"></td><td>PRESCCOM</td><td>https://hl7.fr/fhir/fr/medication/StructureDefinition/fr-medicationrequest-note-scope</td><td>Le texte est à préfixer par `Commentaire sur la prescription:`</td></tr></table><hr/><p><b>Group 3 </b>Mapping from <code>unspecified code system</code> to <code>unspecified code system</code></p><table class=\"grid\"><tr><td colspan=\"3\"><b>Source Concept Details</b></td><td><b>relation</b></td><td colspan=\"4\"><b>Target Concept Details</b></td><td><b>Commentaire</b></td></tr><tr><td colspan=\"2\"><b>Codes</b> from </td><td><b>Valeur_rens_compl</b></td><td/><td colspan=\"2\"><b>Codes</b> from </td><td><b>MedicationRequest.note.extension.valueCode</b></td><td><b>MedicationRequest.note.extension.url</b></td><td/></tr><tr><td style=\"border-right-width: 0px\">Messages/M_prescription_médicaments/Prescription/Rens_compl</td><td style=\"border-left-width: 0px\"></td><td>{Absent}</td><td><a href=\"http://hl7.org/fhir/R5/codesystem-concept-map-relationship.html#relatedto\" title=\"relatedto\">is related to</a></td><td style=\"border-right-width: 0px\">MedicationRequest.supportingInformation.reference</td><td style=\"border-left-width: 0px\"></td><td/><td/><td>Ressource Observation à créer en se basant sur la ressourece conceptMap PN13-FHIR-observation-conceptmap et à référencer dans MedicationRequest.supportingInformation.reference</td></tr><tr><td style=\"border-right-width: 0px\">Messages/M_prescription_médicaments/Prescription/Rens_compl/Valeur_rens_compl</td><td style=\"border-left-width: 0px\"></td><td>{Présent}</td><td><a href=\"http://hl7.org/fhir/R5/codesystem-concept-map-relationship.html#equivalent\" title=\"equivalent\">is equivalent to</a></td><td style=\"border-right-width: 0px\">MedicationRequest.note.text</td><td style=\"border-left-width: 0px\"></td><td>LIPRESCRENSCOMP</td><td>https://hl7.fr/fhir/fr/medication/StructureDefinition/fr-medicationrequest-note-scope</td><td>Reprendre la valeur de Valeur_rens_compl en la préfixant par le libellé du type de renseignement complémentaire (Code_rens_compl) issu de la terminologie SIPh_RensComplement</td></tr></table><hr/><p><b>Group 4 </b>Mapping from <code>unspecified code system</code> to <code>unspecified code system</code></p><table class=\"grid\"><tr><td colspan=\"2\"><b>Source Concept Details</b></td><td><b>relation</b></td><td colspan=\"3\"><b>Target Concept Details</b></td></tr><tr><td colspan=\"2\"><b>Codes</b> from </td><td/><td colspan=\"2\"><b>Codes</b> from </td><td><b>MedicationRequest.identifier.system</b></td></tr><tr><td style=\"border-right-width: 0px\">Messages/M_prescription_médicaments/Prescription/Elément_prescr_médic/Id_élément_prescr</td><td style=\"border-left-width: 0px\"></td><td><a href=\"http://hl7.org/fhir/R5/codesystem-concept-map-relationship.html#equal\" title=\"equal\">is equal to</a></td><td style=\"border-right-width: 0px\">MedicationRequest.identifier.value</td><td style=\"border-left-width: 0px\"></td><td>{A attribuer par le systéme effectuant la traduction en fonction du système émetteur du message PN13}</td></tr></table><hr/><p><b>Group 5 </b>Mapping from <code>unspecified code system</code> to <code>unspecified code system</code></p><table class=\"grid\"><tr><td colspan=\"4\"><b>Source Concept Details</b></td><td><b>relation</b></td><td colspan=\"6\"><b>Target Concept Details</b></td><td><b>Commentaire</b></td></tr><tr><td colspan=\"2\"><b>Codes</b> from </td><td><b>Fourniture</b></td><td><b>Urgent</b></td><td/><td colspan=\"2\"><b>Codes</b> from </td><td><b>MedicationRequest.priority</b></td><td><b>MedicationRequest.note.extension.valueCode</b></td><td><b>MedicationRequest.dispenseRequest.initialFill.quantity.value</b></td><td><b>MedicationRequest.note.extension.url</b></td><td/></tr><tr><td style=\"border-right-width: 0px; border-bottom-style: none\">Messages/M_prescription_médicaments/Prescription/Elément_prescr_médic/Type_élément_prescr</td><td style=\"border-left-width: 0px\"></td><td colspan=\"4\" style=\"background-color: #efefef\">(not mapped)</td></tr><tr><td style=\"border-right-width: 0px\">Messages/M_prescription_médicaments/Prescription/Elément_prescr_médic/Forme</td><td style=\"border-left-width: 0px\"></td><td/><td/><td><a href=\"http://hl7.org/fhir/R5/codesystem-concept-map-relationship.html#relatedto\" title=\"relatedto\">is related to</a></td><td style=\"border-right-width: 0px\">MedicationRequest.medicationReference.reference</td><td style=\"border-left-width: 0px\"></td><td/><td/><td/><td/><td>Voir les ressources concepMap PN13-FHIR-Prescmedi-medicationComp-conceptmap ou PN13-FHIR-Prescmedi-medicationNonComp-conceptmap pour le détail du mapping de cet élément</td></tr><tr><td style=\"border-right-width: 0px\">Messages/M_prescription_médicaments/Prescription/Elément_prescr_médic/Libellé_élément_prescr</td><td style=\"border-left-width: 0px\"></td><td/><td/><td><a href=\"http://hl7.org/fhir/R5/codesystem-concept-map-relationship.html#equivalent\" title=\"equivalent\">is equivalent to</a></td><td style=\"border-right-width: 0px\">MedicationRequest.note.text</td><td style=\"border-left-width: 0px\"></td><td/><td>LIPRESCTXT</td><td/><td>https://hl7.fr/fhir/fr/medication/StructureDefinition/fr-medicationrequest-note-scope</td><td>Le texte est à préfixer par `Prescription textuelle:`</td></tr><tr><td style=\"border-right-width: 0px; border-bottom-style: none\">Messages/M_prescription_médicaments/Prescription/Elément_prescr_médic/Cré_arr_mod_val</td><td style=\"border-left-width: 0px\"></td><td colspan=\"4\" style=\"background-color: #efefef\">(not mapped)</td></tr><tr><td style=\"border-right-width: 0px\">Messages/M_prescription_médicaments/Prescription/Elément_prescr_médic/Urgent</td><td style=\"border-left-width: 0px\"></td><td/><td>true</td><td><a href=\"http://hl7.org/fhir/R5/codesystem-concept-map-relationship.html#equivalent\" title=\"equivalent\">is equivalent to</a></td><td style=\"border-right-width: 0px\">MedicationRequest.priority</td><td style=\"border-left-width: 0px\"></td><td>urgent</td><td/><td/><td/><td/></tr><tr><td style=\"border-right-width: 0px\">Messages/M_prescription_médicaments/Prescription/Elément_prescr_médic/Urgent</td><td style=\"border-left-width: 0px\"></td><td/><td>false</td><td><a href=\"http://hl7.org/fhir/R5/codesystem-concept-map-relationship.html#equivalent\" title=\"equivalent\">is equivalent to</a></td><td style=\"border-right-width: 0px\">MedicationRequest.priority</td><td style=\"border-left-width: 0px\"></td><td>routine</td><td/><td/><td/><td/></tr><tr><td style=\"border-right-width: 0px\">Messages/M_prescription_médicaments/Prescription/Elément_prescr_médic/Urgent</td><td style=\"border-left-width: 0px\"></td><td/><td>{Absent}</td><td><a href=\"http://hl7.org/fhir/R5/codesystem-concept-map-relationship.html#equivalent\" title=\"equivalent\">is equivalent to</a></td><td style=\"border-right-width: 0px\">MedicationRequest.priority</td><td style=\"border-left-width: 0px\"></td><td>routine</td><td/><td/><td/><td/></tr><tr><td style=\"border-right-width: 0px; border-bottom-style: none\">Messages/M_prescription_médicaments/Prescription/Elément_prescr_médic/Fourniture</td><td style=\"border-left-width: 0px; border-bottom-style: none\"></td><td>false</td><td/><td><a href=\"http://hl7.org/fhir/R5/codesystem-concept-map-relationship.html#equivalent\" title=\"equivalent\">is equivalent to</a></td><td style=\"border-right-width: 0px\">MedicationRequest.dispenseRequest.initialFill.quantity</td><td style=\"border-left-width: 0px\"></td><td/><td/><td>0</td><td/><td/></tr><tr><td style=\"border-right-width: 0px; border-top-style: none; border-bottom-style: none\"/><td style=\"border-left-width: 0px; border-top-style: none; border-bottom-style: none\"/><td>true</td><td/><td><a href=\"http://hl7.org/fhir/R5/codesystem-concept-map-relationship.html#disjoint\" title=\"disjoint\">is not related to</a></td><td style=\"border-right-width: 0px\">MedicationRequest.dispenseRequest.initialFill.quantity</td><td style=\"border-left-width: 0px\"></td><td/><td/><td/><td/><td>En l'absence d'autres indication, #MedicationRequest.dispenseRequest.initialFill n'est pas renseigné</td></tr><tr><td style=\"border-right-width: 0px; border-top-style: none\"/><td style=\"border-top-style: none; border-left-width: 0px\"/><td>{Absent}</td><td/><td><a href=\"http://hl7.org/fhir/R5/codesystem-concept-map-relationship.html#disjoint\" title=\"disjoint\">is not related to</a></td><td style=\"border-right-width: 0px\">MedicationRequest.dispenseRequest.initialFill.quantity</td><td style=\"border-left-width: 0px\"></td><td/><td/><td/><td/><td>En l'absence d'autres indication, #MedicationRequest.dispenseRequest.initialFill n'est pas renseigné</td></tr><tr><td style=\"border-right-width: 0px\">Messages/M_prescription_médicaments/Prescription/Elément_prescr_médic/Id_prescripteur</td><td style=\"border-left-width: 0px\"></td><td/><td/><td><a href=\"http://hl7.org/fhir/R5/codesystem-concept-map-relationship.html#relatedto\" title=\"relatedto\">is related to</a></td><td style=\"border-right-width: 0px\">MedicationRequest.requester</td><td style=\"border-left-width: 0px\"></td><td/><td/><td/><td/><td>Voir la ressource concepMap PN13-FHIR-prescmed-practitioner-id-seul-conceptmap pour le détail du mapping de cet élément</td></tr><tr><td style=\"border-right-width: 0px\">Messages/M_prescription_médicaments/Prescription/Elément_prescr_médic/Identification_prescripteur</td><td style=\"border-left-width: 0px\"></td><td/><td/><td><a href=\"http://hl7.org/fhir/R5/codesystem-concept-map-relationship.html#relatedto\" title=\"relatedto\">is related to</a></td><td style=\"border-right-width: 0px\">MedicationRequest.requester</td><td style=\"border-left-width: 0px\"></td><td/><td/><td/><td/><td>Voir la ressource concepMap PN13-FHIR-presmed-practitioner-identite-conceptmap pour le détail du mapping de cet élément</td></tr></table><hr/><p><b>Group 6 </b>Mapping from <code>unspecified code system</code> to <code>unspecified code system</code></p><table class=\"grid\"><tr><td colspan=\"3\"><b>Source Concept Details</b></td><td><b>relation</b></td><td colspan=\"3\"><b>Target Concept Details</b></td><td><b>Commentaire</b></td></tr><tr><td colspan=\"2\"><b>Codes</b> from </td><td><b>Voie_administration@Phastnomenclature</b></td><td/><td colspan=\"2\"><b>Codes</b> from </td><td><b>MedicationRequest.dosageInstruction.route.coding.system</b></td><td/></tr><tr><td style=\"border-right-width: 0px\">Messages/M_prescription_médicaments/Prescription/Elément_prescr_médic/Voie_administration</td><td style=\"border-left-width: 0px\"></td><td>EDQM</td><td><a href=\"http://hl7.org/fhir/R5/codesystem-concept-map-relationship.html#equal\" title=\"equal\">is equal to</a></td><td style=\"border-right-width: 0px\">MedicationRequest.dosageInstruction.route.coding.code</td><td style=\"border-left-width: 0px\"></td><td>http://standardterms.edqm.eu</td><td/></tr><tr><td style=\"border-right-width: 0px\">Messages/M_prescription_médicaments/Prescription/Elément_prescr_médic/Voie_administration</td><td style=\"border-left-width: 0px\"></td><td>SIPh-CIO_Voie_administration</td><td><a href=\"http://hl7.org/fhir/R5/codesystem-concept-map-relationship.html#equivalent\" title=\"equivalent\">is equivalent to</a></td><td style=\"border-right-width: 0px\">MedicationRequest.dosageInstruction.route.coding.code</td><td style=\"border-left-width: 0px\"></td><td>http://standardterms.edqm.eu</td><td>le code cible est à trouver dans le mapping Free Set CIO-DC VOIE</td></tr><tr><td style=\"border-right-width: 0px\">Messages/M_prescription_médicaments/Prescription/Elément_prescr_médic/Voie_administration</td><td style=\"border-left-width: 0px\"></td><td>{Absent}</td><td><a href=\"http://hl7.org/fhir/R5/codesystem-concept-map-relationship.html#equivalent\" title=\"equivalent\">is equivalent to</a></td><td style=\"border-right-width: 0px\">MedicationRequest.dosageInstruction.route.coding.code</td><td style=\"border-left-width: 0px\"></td><td>http://standardterms.edqm.eu</td><td>le code cible est à trouver dans le mapping Free Set CIO-DC VOIE</td></tr><tr><td style=\"border-right-width: 0px\">Messages/M_prescription_médicaments/Prescription/Elément_prescr_médic/Voie_administration</td><td style=\"border-left-width: 0px\"></td><td>SIPh-Voie_administration</td><td><a href=\"http://hl7.org/fhir/R5/codesystem-concept-map-relationship.html#equivalent\" title=\"equivalent\">is equivalent to</a></td><td style=\"border-right-width: 0px\">MedicationRequest.dosageInstruction.route.text</td><td style=\"border-left-width: 0px\"></td><td/><td>Le code SIPh est à traduire en code EDQM si possible (le cas échéant en utilisant le mapping Free Set CIO-DC VOIE) à indiquer dans MedicationRequest.dosageInstruction.route.coding.code avec MedicationRequest.dosageInstruction.route.coding.system valorisé à http://standardterms.edqm.eu. Si ce n'est pas possible MedicationRequest.dosageInstruction.route.text peut être utilisé pour mettre le libellé de la voie d'administration</td></tr></table><hr/><p><b>Group 7 </b>Mapping from <code>unspecified code system</code> to <code>unspecified code system</code></p><table class=\"grid\"><tr><td colspan=\"2\"><b>Source Concept Details</b></td><td><b>relation</b></td><td colspan=\"4\"><b>Target Concept Details</b></td></tr><tr><td colspan=\"2\"><b>Codes</b> from </td><td/><td colspan=\"2\"><b>Codes</b> from </td><td><b>MedicationRequest.supportingInformation.type</b></td><td><b>MedicationRequest.extension.url</b></td></tr><tr><td style=\"border-right-width: 0px\">Messages/M_prescription_médicaments/Prescription/Elément_prescr_médic/Lieu_administration</td><td style=\"border-left-width: 0px\"></td><td><a href=\"http://hl7.org/fhir/R5/codesystem-concept-map-relationship.html#equal\" title=\"equal\">is equal to</a></td><td style=\"border-right-width: 0px\">MedicationRequest.dispenseRequest.performer.display</td><td style=\"border-left-width: 0px\"></td><td/><td/></tr><tr><td style=\"border-right-width: 0px\">Messages/M_prescription_médicaments/Prescription/Elément_prescr_médic/Dispositif_associé</td><td style=\"border-left-width: 0px\"></td><td><a href=\"http://hl7.org/fhir/R5/codesystem-concept-map-relationship.html#equal\" title=\"equal\">is equal to</a></td><td style=\"border-right-width: 0px\">MedicationRequest.supportingInformation.display</td><td style=\"border-left-width: 0px\"></td><td>Device</td><td/></tr><tr><td style=\"border-right-width: 0px\">Messages/M_prescription_médicaments/Prescription/Elément_prescr_médic/Posologie</td><td style=\"border-left-width: 0px\"></td><td><a href=\"http://hl7.org/fhir/R5/codesystem-concept-map-relationship.html#equal\" title=\"equal\">is equal to</a></td><td style=\"border-right-width: 0px\">MedicationRequest.extension.valueMarkdown</td><td style=\"border-left-width: 0px\"></td><td/><td>http://hl7.org/fhir/5.0/StructureDefinition/extension-MedicationRequest.renderedDosageInstruction</td></tr></table><hr/><p><b>Group 8 </b>Mapping from <code>unspecified code system</code> to <code>unspecified code system</code></p><table class=\"grid\"><tr><td colspan=\"4\"><b>Source Concept Details</b></td><td><b>relation</b></td><td colspan=\"2\"><b>Target Concept Details</b></td><td><b>Commentaire</b></td></tr><tr><td colspan=\"2\"><b>Codes</b> from </td><td><b>Dh_début</b></td><td><b>Dh_fin</b></td><td/><td colspan=\"2\"><b>Codes</b> from </td><td/></tr><tr><td style=\"border-right-width: 0px\">Messages/M_prescription_médicaments/Prescription/Elément_prescr_médic/Dh_début_prescrite</td><td style=\"border-left-width: 0px\"></td><td>{Absent}</td><td/><td><a href=\"http://hl7.org/fhir/R5/codesystem-concept-map-relationship.html#equivalent\" title=\"equivalent\">is equivalent to</a></td><td style=\"border-right-width: 0px\">MedicationRequest.dosageInstruction.timing.repeat.boundsPeriod.start</td><td style=\"border-left-width: 0px\"></td><td>La date et l'heure sont à mettre au format FHIR avec offset</td></tr><tr><td style=\"border-right-width: 0px\">Messages/M_prescription_médicaments/Prescription/Elément_prescr_médic/Dh_début_prescrite</td><td style=\"border-left-width: 0px\"></td><td>{Présent}</td><td/><td><a href=\"http://hl7.org/fhir/R5/codesystem-concept-map-relationship.html#disjoint\" title=\"disjoint\">is not related to</a></td><td style=\"border-right-width: 0px\"/><td style=\"border-left-width: 0px\"></td><td>Dans le cas où l'élément Dh_début est présent, Dh_début_prescrite n'est pas mappé cf. la prescription - vue d'ensemble section Précisions sur dates et durée de prescription</td></tr><tr><td style=\"border-right-width: 0px\">Messages/M_prescription_médicaments/Prescription/Elément_prescr_médic/Dh_début</td><td style=\"border-left-width: 0px\"></td><td/><td/><td><a href=\"http://hl7.org/fhir/R5/codesystem-concept-map-relationship.html#equivalent\" title=\"equivalent\">is equivalent to</a></td><td style=\"border-right-width: 0px\">MedicationRequest.dosageInstruction.timing.repeat.boundsPeriod.start</td><td style=\"border-left-width: 0px\"></td><td>La date et l'heure sont à mettre au format FHIR avec offset</td></tr><tr><td style=\"border-right-width: 0px\">Messages/M_prescription_médicaments/Prescription/Elément_prescr_médic/Dh_fin_prescrite</td><td style=\"border-left-width: 0px\"></td><td/><td>{Absent}</td><td><a href=\"http://hl7.org/fhir/R5/codesystem-concept-map-relationship.html#equivalent\" title=\"equivalent\">is equivalent to</a></td><td style=\"border-right-width: 0px\">MedicationRequest.dosageInstruction.timing.repeat.boundsPeriod.end</td><td style=\"border-left-width: 0px\"></td><td>La date et l'heure sont à mettre au format FHIR avec offset</td></tr><tr><td style=\"border-right-width: 0px\">Messages/M_prescription_médicaments/Prescription/Elément_prescr_médic/Dh_fin_prescrite</td><td style=\"border-left-width: 0px\"></td><td/><td>{Présent}</td><td><a href=\"http://hl7.org/fhir/R5/codesystem-concept-map-relationship.html#disjoint\" title=\"disjoint\">is not related to</a></td><td style=\"border-right-width: 0px\"/><td style=\"border-left-width: 0px\"></td><td>Dans le cas où l'élément Dh_fin est présent, Dh_finprescrite n'est pas mappé cf. la prescription - vue d'ensemble section Précisions sur dates et durée de prescription</td></tr><tr><td style=\"border-right-width: 0px\">Messages/M_prescription_médicaments/Prescription/Elément_prescr_médic/Dh_fin</td><td style=\"border-left-width: 0px\"></td><td/><td/><td><a href=\"http://hl7.org/fhir/R5/codesystem-concept-map-relationship.html#equivalent\" title=\"equivalent\">is equivalent to</a></td><td style=\"border-right-width: 0px\">MedicationRequest.dosageInstruction.timing.repeat.boundsPeriod.end</td><td style=\"border-left-width: 0px\"></td><td>La date et l'heure sont à mettre au format FHIR avec offset</td></tr></table><hr/><p><b>Group 9 </b>Mapping from <code>unspecified code system</code> to <code>unspecified code system</code></p><table class=\"grid\"><tr><td colspan=\"2\"><b>Source Concept Details</b></td><td><b>relation</b></td><td colspan=\"4\"><b>Target Concept Details</b></td><td><b>Commentaire</b></td></tr><tr><td colspan=\"2\"><b>Codes</b> from </td><td/><td colspan=\"2\"><b>Codes</b> from </td><td><b>MedicationRequest.note.extension.valueCode</b></td><td><b>MedicationRequest.note.extension.url</b></td><td/></tr><tr><td style=\"border-right-width: 0px\">Messages/M_prescription_médicaments/Prescription/Elément_prescr_médic/Indication</td><td style=\"border-left-width: 0px\"></td><td><a href=\"http://hl7.org/fhir/R5/codesystem-concept-map-relationship.html#equivalent\" title=\"equivalent\">is equivalent to</a></td><td style=\"border-right-width: 0px\">MedicationRequest.note.text</td><td style=\"border-left-width: 0px\"></td><td>LIPRESCIND</td><td>https://hl7.fr/fhir/fr/medication/StructureDefinition/fr-medicationrequest-note-scope</td><td>Le texte est à préfixer par `Indication sur la ligne de prescription:`</td></tr></table><hr/><p><b>Group 10 </b>Mapping from <code>unspecified code system</code> to <code>unspecified code system</code></p><table class=\"grid\"><tr><td colspan=\"2\"><b>Source Concept Details</b></td><td><b>relation</b></td><td colspan=\"4\"><b>Target Concept Details</b></td><td><b>Commentaire</b></td></tr><tr><td colspan=\"2\"><b>Codes</b> from </td><td/><td colspan=\"2\"><b>Codes</b> from </td><td><b>MedicationRequest.note.extension.valueCode</b></td><td><b>MedicationRequest.note.extension.url</b></td><td/></tr><tr><td style=\"border-right-width: 0px\">Messages/M_prescription_médicaments/Prescription/Elément_prescr_médic/Commentaire</td><td style=\"border-left-width: 0px\"></td><td><a href=\"http://hl7.org/fhir/R5/codesystem-concept-map-relationship.html#equivalent\" title=\"equivalent\">is equivalent to</a></td><td style=\"border-right-width: 0px\">MedicationRequest.note.text</td><td style=\"border-left-width: 0px\"></td><td>LIPRESCCOMM</td><td>https://hl7.fr/fhir/fr/medication/StructureDefinition/fr-medicationrequest-note-scope</td><td>Le texte est à préfixer par `Commentaire sur la ligne de prescription:`</td></tr><tr><td style=\"border-right-width: 0px; border-bottom-style: none\">Messages/M_prescription_médicaments/Prescription/Elément_prescr_médic/Commentaire_structuré/Rôle_auteur</td><td style=\"border-left-width: 0px\"></td><td colspan=\"4\" style=\"background-color: #efefef\">(not mapped)</td></tr><tr><td style=\"border-right-width: 0px\">Messages/M_prescription_médicaments/Prescription/Elément_prescr_médic/Commentaire_structuré/Identification_auteur/Identifiant</td><td style=\"border-left-width: 0px\"></td><td><a href=\"http://hl7.org/fhir/R5/codesystem-concept-map-relationship.html#equal\" title=\"equal\">is equal to</a></td><td style=\"border-right-width: 0px\">MedicationRequest.note.authorReference.identifier.value</td><td style=\"border-left-width: 0px\"></td><td/><td/><td/></tr><tr><td style=\"border-right-width: 0px\">Messages/M_prescription_médicaments/Prescription/Elément_prescr_médic/Commentaire_structuré/Identification_auteur/Domaine_identification</td><td style=\"border-left-width: 0px\"></td><td><a href=\"http://hl7.org/fhir/R5/codesystem-concept-map-relationship.html#equal\" title=\"equal\">is equal to</a></td><td style=\"border-right-width: 0px\">MedicationRequest.note.authorReference.identifier.system</td><td style=\"border-left-width: 0px\"></td><td/><td/><td/></tr><tr><td style=\"border-right-width: 0px\">Messages/M_prescription_médicaments/Prescription/Elément_prescr_médic/Commentaire_structuré/Identification_auteur/Nom_usage</td><td style=\"border-left-width: 0px\"></td><td><a href=\"http://hl7.org/fhir/R5/codesystem-concept-map-relationship.html#relatedto\" title=\"relatedto\">is related to</a></td><td style=\"border-right-width: 0px\">MedicationRequest.note.authorReference.display</td><td style=\"border-left-width: 0px\"></td><td/><td/><td>Peut être utilisé pour constituer display en concaténant tout ou partie des éléments relatedto</td></tr><tr><td style=\"border-right-width: 0px\">Messages/M_prescription_médicaments/Prescription/Elément_prescr_médic/Commentaire_structuré/Identification_auteur/Prénom_usage</td><td style=\"border-left-width: 0px\"></td><td><a href=\"http://hl7.org/fhir/R5/codesystem-concept-map-relationship.html#relatedto\" title=\"relatedto\">is related to</a></td><td style=\"border-right-width: 0px\">MedicationRequest.note.authorReference.display</td><td style=\"border-left-width: 0px\"></td><td/><td/><td>Peut être utilisé pour constituer display en concaténant tout ou partie des éléments relatedto</td></tr><tr><td style=\"border-right-width: 0px\">Messages/M_prescription_médicaments/Prescription/Elément_prescr_médic/Commentaire_structuré/Identification_auteur/Initiales</td><td style=\"border-left-width: 0px\"></td><td><a href=\"http://hl7.org/fhir/R5/codesystem-concept-map-relationship.html#relatedto\" title=\"relatedto\">is related to</a></td><td style=\"border-right-width: 0px\">MedicationRequest.note.authorReference.display</td><td style=\"border-left-width: 0px\"></td><td/><td/><td>Peut être utilisé pour constituer display en concaténant tout ou partie des éléments relatedto</td></tr><tr><td style=\"border-right-width: 0px\">Messages/M_prescription_médicaments/Prescription/Elément_prescr_médic/Commentaire_structuré/Identification_auteur/Civilité</td><td style=\"border-left-width: 0px\"></td><td><a href=\"http://hl7.org/fhir/R5/codesystem-concept-map-relationship.html#relatedto\" title=\"relatedto\">is related to</a></td><td style=\"border-right-width: 0px\">MedicationRequest.note.authorReference.display</td><td style=\"border-left-width: 0px\"></td><td/><td/><td>Peut être utilisé pour constituer display en concaténant tout ou partie des éléments relatedto</td></tr><tr><td style=\"border-right-width: 0px\">Messages/M_prescription_médicaments/Prescription/Elément_prescr_médic/Commentaire_structuré/Identification_auteur/Titre</td><td style=\"border-left-width: 0px\"></td><td><a href=\"http://hl7.org/fhir/R5/codesystem-concept-map-relationship.html#relatedto\" title=\"relatedto\">is related to</a></td><td style=\"border-right-width: 0px\">MedicationRequest.note.authorReference.display</td><td style=\"border-left-width: 0px\"></td><td/><td/><td>Peut être utilisé pour constituer display en concaténant tout ou partie des éléments relatedto</td></tr><tr><td style=\"border-right-width: 0px\">Messages/M_prescription_médicaments/Prescription/Elément_prescr_médic/Commentaire_structuré/Identification_auteur/Nom_famille</td><td style=\"border-left-width: 0px\"></td><td><a href=\"http://hl7.org/fhir/R5/codesystem-concept-map-relationship.html#relatedto\" title=\"relatedto\">is related to</a></td><td style=\"border-right-width: 0px\">MedicationRequest.note.authorReference.display</td><td style=\"border-left-width: 0px\"></td><td/><td/><td>Peut être utilisé pour constituer display en concaténant tout ou partie des éléments relatedto</td></tr><tr><td style=\"border-right-width: 0px\">Messages/M_prescription_médicaments/Prescription/Elément_prescr_médic/Commentaire_structuré/Identification_auteur/Prénoms</td><td style=\"border-left-width: 0px\"></td><td><a href=\"http://hl7.org/fhir/R5/codesystem-concept-map-relationship.html#relatedto\" title=\"relatedto\">is related to</a></td><td style=\"border-right-width: 0px\">MedicationRequest.note.authorReference.display</td><td style=\"border-left-width: 0px\"></td><td/><td/><td>Peut être utilisé pour constituer display en concaténant tout ou partie des éléments relatedto</td></tr><tr><td style=\"border-right-width: 0px; border-bottom-style: none\">Messages/M_prescription_médicaments/Prescription/Elément_prescr_médic/Commentaire_structuré/Rôle_destinataire</td><td style=\"border-left-width: 0px\"></td><td colspan=\"4\" style=\"background-color: #efefef\">(not mapped)</td></tr><tr><td style=\"border-right-width: 0px; border-bottom-style: none\">Messages/M_prescription_médicaments/Prescription/Elément_prescr_médic/Commentaire_structuré/Identification_destinataire</td><td style=\"border-left-width: 0px\"></td><td colspan=\"4\" style=\"background-color: #efefef\">(not mapped)</td></tr><tr><td style=\"border-right-width: 0px; border-bottom-style: none\">Messages/M_prescription_médicaments/Prescription/Elément_prescr_médic/Commentaire_structuré/Criticité</td><td style=\"border-left-width: 0px\"></td><td colspan=\"4\" style=\"background-color: #efefef\">(not mapped)</td></tr><tr><td style=\"border-right-width: 0px\">Messages/M_prescription_médicaments/Prescription/Elément_prescr_médic/Commentaire_structuré/Texte</td><td style=\"border-left-width: 0px\"></td><td><a href=\"http://hl7.org/fhir/R5/codesystem-concept-map-relationship.html#equivalent\" title=\"equivalent\">is equivalent to</a></td><td style=\"border-right-width: 0px\">MedicationRequest.note.text</td><td style=\"border-left-width: 0px\"></td><td>LIPRESCCOMM</td><td>https://hl7.fr/fhir/fr/medication/StructureDefinition/fr-medicationrequest-note-scope</td><td>Le texte est à préfixer par `Commentaire sur la ligne de prescription:`</td></tr></table><hr/><p><b>Group 11 </b>Mapping from <code>unspecified code system</code> to <code>unspecified code system</code></p><table class=\"grid\"><tr><td colspan=\"3\"><b>Source Concept Details</b></td><td><b>relation</b></td><td colspan=\"6\"><b>Target Concept Details</b></td><td><b>Commentaire</b></td></tr><tr><td colspan=\"2\"><b>Codes</b> from </td><td><b>GoNogo</b></td><td/><td colspan=\"2\"><b>Codes</b> from </td><td><b>MedicationRequest.note.extension.valueCode</b></td><td><b>MedicationRequest.intent</b></td><td><b>MedicationRequest.status</b></td><td><b>MedicationRequest.note.extension.url</b></td><td/></tr><tr><td style=\"border-right-width: 0px; border-bottom-style: none\">Messages/M_prescription_médicaments/Prescription/Elément_prescr_médic/Rang_élément_prescr</td><td style=\"border-left-width: 0px\"></td><td colspan=\"4\" style=\"background-color: #efefef\">(not mapped)</td></tr><tr><td style=\"border-right-width: 0px; border-bottom-style: none\">Messages/M_prescription_médicaments/Prescription/Elément_prescr_médic/Id_protocole_prescrit</td><td style=\"border-left-width: 0px\"></td><td colspan=\"4\" style=\"background-color: #efefef\">(not mapped)</td></tr><tr><td style=\"border-right-width: 0px\">Messages/M_prescription_médicaments/Prescription/Elément_prescr_médic/GoNogo</td><td style=\"border-left-width: 0px\"></td><td>0</td><td><a href=\"http://hl7.org/fhir/R5/codesystem-concept-map-relationship.html#equivalent\" title=\"equivalent\">is equivalent to</a></td><td style=\"border-right-width: 0px\">MedicationRequest.status</td><td style=\"border-left-width: 0px\"></td><td/><td>order</td><td>unknown</td><td/><td/></tr><tr><td style=\"border-right-width: 0px\"/><td style=\"border-left-width: 0px\"></td><td>1</td><td><a href=\"http://hl7.org/fhir/R5/codesystem-concept-map-relationship.html#equivalent\" title=\"equivalent\">is equivalent to</a></td><td style=\"border-right-width: 0px\">MedicationRequest.status</td><td style=\"border-left-width: 0px\"></td><td/><td>order</td><td>on-hold</td><td/><td/></tr><tr><td style=\"border-right-width: 0px\"/><td style=\"border-left-width: 0px\"></td><td>2</td><td><a href=\"http://hl7.org/fhir/R5/codesystem-concept-map-relationship.html#equivalent\" title=\"equivalent\">is equivalent to</a></td><td style=\"border-right-width: 0px\">MedicationRequest.status</td><td style=\"border-left-width: 0px\"></td><td/><td>order</td><td>active</td><td/><td/></tr><tr><td style=\"border-right-width: 0px\"/><td style=\"border-left-width: 0px\"></td><td>3</td><td><a href=\"http://hl7.org/fhir/R5/codesystem-concept-map-relationship.html#equivalent\" title=\"equivalent\">is equivalent to</a></td><td style=\"border-right-width: 0px\">MedicationRequest.status</td><td style=\"border-left-width: 0px\"></td><td/><td>order</td><td>active</td><td/><td/></tr><tr><td style=\"border-right-width: 0px\"/><td style=\"border-left-width: 0px\"></td><td>4</td><td><a href=\"http://hl7.org/fhir/R5/codesystem-concept-map-relationship.html#equivalent\" title=\"equivalent\">is equivalent to</a></td><td style=\"border-right-width: 0px\">MedicationRequest.status</td><td style=\"border-left-width: 0px\"></td><td/><td>order</td><td>cancelled</td><td/><td/></tr><tr><td style=\"border-right-width: 0px\"/><td style=\"border-left-width: 0px\"></td><td>{Absent}</td><td><a href=\"http://hl7.org/fhir/R5/codesystem-concept-map-relationship.html#equivalent\" title=\"equivalent\">is equivalent to</a></td><td style=\"border-right-width: 0px\">MedicationRequest.status</td><td style=\"border-left-width: 0px\"></td><td/><td>order</td><td>active</td><td/><td/></tr><tr><td style=\"border-right-width: 0px\">Messages/M_prescription_médicaments/Prescription/Elément_prescr_médic/Motif_attente</td><td style=\"border-left-width: 0px\"></td><td/><td><a href=\"http://hl7.org/fhir/R5/codesystem-concept-map-relationship.html#equal\" title=\"equal\">is equal to</a></td><td style=\"border-right-width: 0px\">MedicationRequest.statusReason.text</td><td style=\"border-left-width: 0px\"></td><td/><td/><td/><td/><td/></tr><tr><td style=\"border-right-width: 0px; border-bottom-style: none\">Messages/M_prescription_médicaments/Prescription/Elément_prescr_médic/Delta_dh_référence</td><td style=\"border-left-width: 0px\"></td><td colspan=\"4\" style=\"background-color: #efefef\">(not mapped)</td></tr><tr><td style=\"border-right-width: 0px\">Messages/M_prescription_médicaments/Prescription/Elément_prescr_médic/Conditions_application</td><td style=\"border-left-width: 0px\"></td><td/><td><a href=\"http://hl7.org/fhir/R5/codesystem-concept-map-relationship.html#equivalent\" title=\"equivalent\">is equivalent to</a></td><td style=\"border-right-width: 0px\">MedicationRequest.note.text</td><td style=\"border-left-width: 0px\"></td><td>LIPRESCCONDAPPL</td><td/><td/><td>https://hl7.fr/fhir/fr/medication/StructureDefinition/fr-medicationrequest-note-scope</td><td>Le texte est à préfixer par `Condition d'application sur la ligne de prescription:`</td></tr></table><hr/><p><b>Group 12 </b>Mapping from <code>unspecified code system</code> to <code>unspecified code system</code></p><table class=\"grid\"><tr><td><b>Source Code</b></td><td><b>relation</b></td><td><b>Target Code</b></td><td><b>Commentaire</b></td></tr><tr><td>Messages/M_prescription_médicaments/Prescription/Elément_prescr_médic/Composant_prescrit</td><td><a href=\"http://hl7.org/fhir/R5/codesystem-concept-map-relationship.html#relatedto\" title=\"relatedto\">is related to</a></td><td>MedicationRequest.medicationReference</td><td>Voir les ressources concepMap PN13-FHIR-Prescmedi-medicationComp-conceptmap ou PN13-FHIR-Prescmedi-medicationNonComp-conceptmap pour le détail du mapping de cet élément</td></tr><tr><td>Messages/M_prescription_médicaments/Prescription/Elément_prescr_médic/Composant_prescrit</td><td><a href=\"http://hl7.org/fhir/R5/codesystem-concept-map-relationship.html#relatedto\" title=\"relatedto\">is related to</a></td><td>MedicationRequest.medicationCodeableConcept</td><td>Si Composant_prescrit ne comporte pas d'information complémentaire à l'enregistrement du RUIM, medicationCodeableConcept peut être utilisé</td></tr></table><hr/><p><b>Group 13 </b>Mapping from <code>unspecified code system</code> to <code>unspecified code system</code></p><table class=\"grid\"><tr><td><b>Source Code</b></td><td><b>relation</b></td><td><b>Target Code</b></td><td><b>Commentaire</b></td></tr><tr><td>Messages/M_prescription_médicaments/Prescription/Elément_prescr_médic/Elément_posologie</td><td><a href=\"http://hl7.org/fhir/R5/codesystem-concept-map-relationship.html#relatedto\" title=\"relatedto\">is related to</a></td><td>MedicationRequest.dosageInstruction</td><td>Voir la ressource concepMap PN13-FHIR-prescmed-dosageinstruction-conceptmap pour le détail du mapping de cet élément</td></tr></table><hr/><p><b>Group 14 </b>Mapping from <code>unspecified code system</code> to <code>unspecified code system</code></p><table class=\"grid\"><tr><td><b>Source Code</b></td><td><b>relation</b></td><td><b>Target Code</b></td></tr><tr><td>Messages/M_prescription_médicaments/Prescription/Protocole_prescrit_médic</td><td colspan=\"2\" style=\"background-color: #efefef\">(not mapped)</td></tr></table><hr/><p><b>Group 15 </b>Mapping from <code>unspecified code system</code> to <code>unspecified code system</code></p><table class=\"grid\"><tr><td><b>Source Code</b></td><td><b>relation</b></td><td><b>Target Code</b></td><td><b>Commentaire</b></td></tr><tr><td>Messages/M_prescription_médicaments/Prescription/Elément_prescr_médic/Composant_prescrit/Non_substituable</td><td><a href=\"http://hl7.org/fhir/R5/codesystem-concept-map-relationship.html#relatedto\" title=\"relatedto\">is related to</a></td><td>MedicationRequest.substitution.allowedBoolean</td><td>POINT D'ATTENTION - La logique de cet élément est inversée entre PN13 et FHIR. Ainsi Non-substituable à faux en PN13 est à traduire en substitution.allowedBoolean à vrai en FHIR. Par ailleurs, cet élément est au niveau de médicament dans PN13 et au niveau de la ligne de prescription en FHIR. En cas de médicament composé, un opérateur logique OU Inclusif est à utiliser sur les valeurs PN13: si au moins un composant d'un médicament composé est non substituable, la ligne de prescription est considérée comme non substituable et donc l'élément substitution.allowedBoolean est valorisé à faux.</td></tr></table><hr/><p><b>Group 16 </b>Mapping from <code>unspecified code system</code> to <code>unspecified code system</code></p><table class=\"grid\"><tr><td><b>Source Code</b></td><td><b>relation</b></td><td><b>Target Code</b></td><td><b>Commentaire</b></td></tr><tr><td>Messages/M_prescription_médicaments/Prescription/Elément_prescr_médic/Composant_prescrit/Référent_poso</td><td><a href=\"http://hl7.org/fhir/R5/codesystem-concept-map-relationship.html#relatedto\" title=\"relatedto\">is related to</a></td><td>MedicationRequest.dosageInstruction.doseAndRate.extension($fr-basis-of-dose-component).valueReference</td><td>Porte la référence à la ressource Medication traduisant l'élément Composant_prescrit de PN13 pour lequel Référent_poso est vrai</td></tr></table></div>"},"url":"https://hl7.fr/ig/fhir/medication/ConceptMap/PN13-FHIR-prescmed-medicationrequest-conceptmap","version":"0.1.0","name":"FrPN13FHIRMedicationPrescriptionMedicationRequestConceptMap","title":"Conversion PN13 vers FHIR pour la ligne de prescription d'une prescription de médicaments","status":"draft","date":"2025-08-20T14:11:18+00:00","publisher":"Interop'Santé","contact":[{"name":"Interop'Santé","telecom":[{"system":"url","value":"http://interopsante.org/"}]}],"description":"ConceptMap pour la conversion PN13 vers FHIR d'une ligne de prescription d'une prescritpion de médicament","jurisdiction":[{"coding":[{"system":"urn:iso:std:iso:3166","code":"FR","display":"FRANCE"}]}],"sourceUri":"https://interopsante.org/pn13/xsd","targetUri":"https://hl7.fr/ig/fhir/medication/StructureDefinition/fr-inpatient-medicationrequest","group":[{"element":[{"code":"Messages@Phast-id_message","target":[{"code":"MedicationRequest.groupIdentifier.value","equivalence":"equal","comment":"Si l'identifiant de message n'est pas présent, le groupIdentifier est à attribuer par le système effectuant la traduction du message PN13 de manière à ce que le couple (identfier.value,identifier.system)  soit unique pour chaque prescription","product":[{"property":"MedicationRequest.groupIdentifier.system","value":"{A attribuer par le systéme effectuant la traduction en fonction du système émetteur du message PN13}"}]}]},{"code":"Messages/M_prescription_médicaments/Prescription/Mode_communication","target":[{"equivalence":"unmatched"}]},{"code":"Messages/M_prescription_médicaments/Prescription/Dh_prescription","target":[{"code":"MedicationRequest.authoredOn","equivalence":"equivalent","comment":"La date et l'heure sont à mettre au format FHIR avec offset"}]},{"code":"Messages/M_prescription_médicaments/Prescription/Unité_hébergement","target":[{"code":"MedicationRequest.supportingInformation.identifier","equivalence":"equal","product":[{"property":"MedicationRequestion.supportingInformation.system","value":"{A attribuer par le systéme effectuant la traduction}"},{"property":"MedicationRequestion.supportingInformation.extension.url","value":"https://hl7.fr/fhir/fr/medication/StructureDefinition/fr-uf-role"},{"property":"MedicationRequestion.supportingInformation.extension.valueCode","value":"UFHEB"}]}]},{"code":"Messages/M_prescription_médicaments/Prescription/Unité_resp_médicale","target":[{"code":"MedicationRequest.supportingInformation.identifier","equivalence":"equal","product":[{"property":"MedicationRequestion.supportingInformation.system","value":"{A attribuer par le systéme effectuant la traduction}"},{"property":"MedicationRequestion.supportingInformation.extension.url","value":"https://hl7.fr/fhir/fr/medication/StructureDefinition/fr-uf-role"},{"property":"MedicationRequestion.supportingInformation.extension.valueCode","value":"UFMED"}]}]}]},{"element":[{"code":"Messages/M_prescription_médicaments/Prescription/Commentaire","target":[{"code":"MedicationRequest.note.text","equivalence":"equivalent","comment":"Le texte est à préfixer par `Commentaire sur la prescription:`","product":[{"property":"MedicationRequest.note.extension.url","value":"https://hl7.fr/fhir/fr/medication/StructureDefinition/fr-medicationrequest-note-scope"},{"property":"MedicationRequest.note.extension.valueCode","value":"PRESCCOM"}]}]},{"code":"Messages/M_prescription_médicaments/Prescription/Commentaire_structuré/Rôle_auteur","target":[{"equivalence":"unmatched"}]},{"code":"Messages/M_prescription_médicaments/Prescription/Commentaire_structuré/Identification_auteur/Identifiant","target":[{"code":"MedicationRequest.note.authorReference.identifier.value","equivalence":"equal"}]},{"code":"Messages/M_prescription_médicaments/Prescription/Commentaire_structuré/Identification_auteur/Domaine_identification","target":[{"code":"MedicationRequest.note.authorReference.identifier.system","equivalence":"equal"}]},{"code":"Messages/M_prescription_médicaments/Prescription/Commentaire_structuré/Identification_auteur/Nom_usage","target":[{"code":"MedicationRequest.note.authorReference.display","equivalence":"relatedto","comment":"Peut être utilisé pour constituer display en concaténant tout ou partie des éléments relatedto"}]},{"code":"Messages/M_prescription_médicaments/Prescription/Commentaire_structuré/Identification_auteur/Prénom_usage","target":[{"code":"MedicationRequest.note.authorReference.display","equivalence":"relatedto","comment":"Peut être utilisé pour constituer display en concaténant tout ou partie des éléments relatedto"}]},{"code":"Messages/M_prescription_médicaments/Prescription/Commentaire_structuré/Identification_auteur/Initiales","target":[{"code":"MedicationRequest.note.authorReference.display","equivalence":"relatedto","comment":"Peut être utilisé pour constituer display en concaténant tout ou partie des éléments relatedto"}]},{"code":"Messages/M_prescription_médicaments/Prescription/Commentaire_structuré/Identification_auteur/Civilité","target":[{"code":"MedicationRequest.note.authorReference.display","equivalence":"relatedto","comment":"Peut être utilisé pour constituer display en concaténant tout ou partie des éléments relatedto"}]},{"code":"Messages/M_prescription_médicaments/Prescription/Commentaire_structuré/Identification_auteur/Titre","target":[{"code":"MedicationRequest.note.authorReference.display","equivalence":"relatedto","comment":"Peut être utilisé pour constituer display en concaténant tout ou partie des éléments relatedto"}]},{"code":"Messages/M_prescription_médicaments/Prescription/Commentaire_structuré/Identification_auteur/Nom_famille","target":[{"code":"MedicationRequest.note.authorReference.display","equivalence":"relatedto","comment":"Peut être utilisé pour constituer display en concaténant tout ou partie des éléments relatedto"}]},{"code":"Messages/M_prescription_médicaments/Prescription/Commentaire_structuré/Identification_auteur/Prénoms","target":[{"code":"MedicationRequest.note.authorReference.display","equivalence":"relatedto","comment":"Peut être utilisé pour constituer display en concaténant tout ou partie des éléments relatedto"}]},{"code":"Messages/M_prescription_médicaments/Prescription/Commentaire_structuré/Rôle_destinataire","target":[{"equivalence":"unmatched"}]},{"code":"Messages/M_prescription_médicaments/Prescription/Commentaire_structuré/Identification_destinataire","target":[{"equivalence":"unmatched"}]},{"code":"Messages/M_prescription_médicaments/Prescription/Commentaire_structuré/Criticité","target":[{"equivalence":"unmatched"}]},{"code":"Messages/M_prescription_médicaments/Prescription/Commentaire_structuré/Texte","target":[{"code":"MedicationRequest.note.text","equivalence":"equivalent","comment":"Le texte est à préfixer par `Commentaire sur la prescription:`","product":[{"property":"MedicationRequest.note.extension.url","value":"https://hl7.fr/fhir/fr/medication/StructureDefinition/fr-medicationrequest-note-scope"},{"property":"MedicationRequest.note.extension.valueCode","value":"PRESCCOM"}]}]}]},{"element":[{"code":"Messages/M_prescription_médicaments/Prescription/Rens_compl","target":[{"code":"MedicationRequest.supportingInformation.reference","equivalence":"relatedto","comment":"Ressource Observation à créer en se basant sur la ressourece conceptMap PN13-FHIR-observation-conceptmap et à référencer dans MedicationRequest.supportingInformation.reference","dependsOn":[{"property":"Messages/M_prescription_médicaments/Prescription/Rens_compl/Valeur_rens_compl","value":"{Absent}"}]}]},{"code":"Messages/M_prescription_médicaments/Prescription/Rens_compl/Valeur_rens_compl","target":[{"code":"MedicationRequest.note.text","equivalence":"equivalent","comment":"Reprendre la valeur de Valeur_rens_compl en la préfixant par le libellé du type de renseignement complémentaire (Code_rens_compl) issu de la terminologie SIPh_RensComplement","dependsOn":[{"property":"Messages/M_prescription_médicaments/Prescription/Rens_compl/Valeur_rens_compl","value":"{Présent}"}],"product":[{"property":"MedicationRequest.note.extension.url","value":"https://hl7.fr/fhir/fr/medication/StructureDefinition/fr-medicationrequest-note-scope"},{"property":"MedicationRequest.note.extension.valueCode","value":"LIPRESCRENSCOMP"}]}]}]},{"element":[{"code":"Messages/M_prescription_médicaments/Prescription/Elément_prescr_médic/Id_élément_prescr","target":[{"code":"MedicationRequest.identifier.value","equivalence":"equal","product":[{"property":"MedicationRequest.identifier.system","value":"{A attribuer par le systéme effectuant la traduction en fonction du système émetteur du message PN13}"}]}]}]},{"element":[{"code":"Messages/M_prescription_médicaments/Prescription/Elément_prescr_médic/Type_élément_prescr","target":[{"equivalence":"unmatched"}]},{"code":"Messages/M_prescription_médicaments/Prescription/Elément_prescr_médic/Forme","target":[{"code":"MedicationRequest.medicationReference.reference","equivalence":"relatedto","comment":"Voir les ressources concepMap PN13-FHIR-Prescmedi-medicationComp-conceptmap ou PN13-FHIR-Prescmedi-medicationNonComp-conceptmap pour le détail du mapping de cet élément"}]},{"code":"Messages/M_prescription_médicaments/Prescription/Elément_prescr_médic/Libellé_élément_prescr","target":[{"code":"MedicationRequest.note.text","equivalence":"equivalent","comment":"Le texte est à préfixer par `Prescription textuelle:`","product":[{"property":"MedicationRequest.note.extension.url","value":"https://hl7.fr/fhir/fr/medication/StructureDefinition/fr-medicationrequest-note-scope"},{"property":"MedicationRequest.note.extension.valueCode","value":"LIPRESCTXT"}]}]},{"code":"Messages/M_prescription_médicaments/Prescription/Elément_prescr_médic/Cré_arr_mod_val","target":[{"equivalence":"unmatched"}]},{"code":"Messages/M_prescription_médicaments/Prescription/Elément_prescr_médic/Urgent","target":[{"code":"MedicationRequest.priority","equivalence":"equivalent","dependsOn":[{"property":"Messages/M_prescription_médicaments/Prescription/Elément_prescr_médic/Urgent","value":"true"}],"product":[{"property":"MedicationRequest.priority","value":"urgent"}]}]},{"code":"Messages/M_prescription_médicaments/Prescription/Elément_prescr_médic/Urgent","target":[{"code":"MedicationRequest.priority","equivalence":"equivalent","dependsOn":[{"property":"Messages/M_prescription_médicaments/Prescription/Elément_prescr_médic/Urgent","value":"false"}],"product":[{"property":"MedicationRequest.priority","value":"routine"}]}]},{"code":"Messages/M_prescription_médicaments/Prescription/Elément_prescr_médic/Urgent","target":[{"code":"MedicationRequest.priority","equivalence":"equivalent","dependsOn":[{"property":"Messages/M_prescription_médicaments/Prescription/Elément_prescr_médic/Urgent","value":"{Absent}"}],"product":[{"property":"MedicationRequest.priority","value":"routine"}]}]},{"code":"Messages/M_prescription_médicaments/Prescription/Elément_prescr_médic/Fourniture","target":[{"code":"MedicationRequest.dispenseRequest.initialFill.quantity","equivalence":"equivalent","dependsOn":[{"property":"Messages/M_prescription_médicaments/Prescription/Elément_prescr_médic/Fourniture","value":"false"}],"product":[{"property":"MedicationRequest.dispenseRequest.initialFill.quantity.value","value":"0"}]},{"code":"MedicationRequest.dispenseRequest.initialFill.quantity","equivalence":"disjoint","comment":"En l'absence d'autres indication, #MedicationRequest.dispenseRequest.initialFill n'est pas renseigné","dependsOn":[{"property":"Messages/M_prescription_médicaments/Prescription/Elément_prescr_médic/Fourniture","value":"true"}]},{"code":"MedicationRequest.dispenseRequest.initialFill.quantity","equivalence":"disjoint","comment":"En l'absence d'autres indication, #MedicationRequest.dispenseRequest.initialFill n'est pas renseigné","dependsOn":[{"property":"Messages/M_prescription_médicaments/Prescription/Elément_prescr_médic/Fourniture","value":"{Absent}"}]}]},{"code":"Messages/M_prescription_médicaments/Prescription/Elément_prescr_médic/Id_prescripteur","target":[{"code":"MedicationRequest.requester","equivalence":"relatedto","comment":"Voir la ressource concepMap PN13-FHIR-prescmed-practitioner-id-seul-conceptmap pour le détail du mapping de cet élément"}]},{"code":"Messages/M_prescription_médicaments/Prescription/Elément_prescr_médic/Identification_prescripteur","target":[{"code":"MedicationRequest.requester","equivalence":"relatedto","comment":"Voir la ressource concepMap PN13-FHIR-presmed-practitioner-identite-conceptmap pour le détail du mapping de cet élément"}]}]},{"element":[{"code":"Messages/M_prescription_médicaments/Prescription/Elément_prescr_médic/Voie_administration","target":[{"code":"MedicationRequest.dosageInstruction.route.coding.code","equivalence":"equal","dependsOn":[{"property":"Messages/M_prescription_médicaments/Prescription/Elément_prescr_médic/Voie_administration@Phast-nomenclature","value":"EDQM"}],"product":[{"property":"MedicationRequest.dosageInstruction.route.coding.system","value":"http://standardterms.edqm.eu"}]}]},{"code":"Messages/M_prescription_médicaments/Prescription/Elément_prescr_médic/Voie_administration","target":[{"code":"MedicationRequest.dosageInstruction.route.coding.code","equivalence":"equivalent","comment":"le code cible est à trouver dans le mapping Free Set CIO-DC VOIE","dependsOn":[{"property":"Messages/M_prescription_médicaments/Prescription/Elément_prescr_médic/Voie_administration@Phast-nomenclature","value":"SIPh-CIO_Voie_administration"}],"product":[{"property":"MedicationRequest.dosageInstruction.route.coding.system","value":"http://standardterms.edqm.eu"}]}]},{"code":"Messages/M_prescription_médicaments/Prescription/Elément_prescr_médic/Voie_administration","target":[{"code":"MedicationRequest.dosageInstruction.route.coding.code","equivalence":"equivalent","comment":"le code cible est à trouver dans le mapping Free Set CIO-DC VOIE","dependsOn":[{"property":"Messages/M_prescription_médicaments/Prescription/Elément_prescr_médic/Voie_administration@Phast-nomenclature","value":"{Absent}"}],"product":[{"property":"MedicationRequest.dosageInstruction.route.coding.system","value":"http://standardterms.edqm.eu"}]}]},{"code":"Messages/M_prescription_médicaments/Prescription/Elément_prescr_médic/Voie_administration","target":[{"code":"MedicationRequest.dosageInstruction.route.text","equivalence":"equivalent","comment":"Le code SIPh est à traduire en code EDQM si possible (le cas échéant en utilisant le mapping Free Set CIO-DC VOIE) à indiquer dans MedicationRequest.dosageInstruction.route.coding.code avec MedicationRequest.dosageInstruction.route.coding.system valorisé à http://standardterms.edqm.eu. Si ce n'est pas possible MedicationRequest.dosageInstruction.route.text peut être utilisé pour mettre le libellé de la voie d'administration","dependsOn":[{"property":"Messages/M_prescription_médicaments/Prescription/Elément_prescr_médic/Voie_administration@Phast-nomenclature","value":"SIPh-Voie_administration"}]}]}]},{"element":[{"code":"Messages/M_prescription_médicaments/Prescription/Elément_prescr_médic/Lieu_administration","target":[{"code":"MedicationRequest.dispenseRequest.performer.display","equivalence":"equal"}]},{"code":"Messages/M_prescription_médicaments/Prescription/Elément_prescr_médic/Dispositif_associé","target":[{"code":"MedicationRequest.supportingInformation.display","equivalence":"equal","product":[{"property":"MedicationRequest.supportingInformation.type","value":"Device"}]}]},{"code":"Messages/M_prescription_médicaments/Prescription/Elément_prescr_médic/Posologie","target":[{"code":"MedicationRequest.extension.valueMarkdown","equivalence":"equal","product":[{"property":"MedicationRequest.extension.url","value":"http://hl7.org/fhir/5.0/StructureDefinition/extension-MedicationRequest.renderedDosageInstruction"}]}]}]},{"element":[{"code":"Messages/M_prescription_médicaments/Prescription/Elément_prescr_médic/Dh_début_prescrite","target":[{"code":"MedicationRequest.dosageInstruction.timing.repeat.boundsPeriod.start","equivalence":"equivalent","comment":"La date et l'heure sont à mettre au format FHIR avec offset","dependsOn":[{"property":"Messages/M_prescription_médicaments/Prescription/Elément_prescr_médic/Dh_début","value":"{Absent}"}]}]},{"code":"Messages/M_prescription_médicaments/Prescription/Elément_prescr_médic/Dh_début_prescrite","target":[{"equivalence":"disjoint","comment":"Dans le cas où l'élément Dh_début est présent, Dh_début_prescrite n'est pas mappé cf. la prescription - vue d'ensemble section Précisions sur dates et durée de prescription","dependsOn":[{"property":"Messages/M_prescription_médicaments/Prescription/Elément_prescr_médic/Dh_début","value":"{Présent}"}]}]},{"code":"Messages/M_prescription_médicaments/Prescription/Elément_prescr_médic/Dh_début","target":[{"code":"MedicationRequest.dosageInstruction.timing.repeat.boundsPeriod.start","equivalence":"equivalent","comment":"La date et l'heure sont à mettre au format FHIR avec offset"}]},{"code":"Messages/M_prescription_médicaments/Prescription/Elément_prescr_médic/Dh_fin_prescrite","target":[{"code":"MedicationRequest.dosageInstruction.timing.repeat.boundsPeriod.end","equivalence":"equivalent","comment":"La date et l'heure sont à mettre au format FHIR avec offset","dependsOn":[{"property":"Messages/M_prescription_médicaments/Prescription/Elément_prescr_médic/Dh_fin","value":"{Absent}"}]}]},{"code":"Messages/M_prescription_médicaments/Prescription/Elément_prescr_médic/Dh_fin_prescrite","target":[{"equivalence":"disjoint","comment":"Dans le cas où l'élément Dh_fin est présent, Dh_finprescrite n'est pas mappé cf. la prescription - vue d'ensemble section Précisions sur dates et durée de prescription","dependsOn":[{"property":"Messages/M_prescription_médicaments/Prescription/Elément_prescr_médic/Dh_fin","value":"{Présent}"}]}]},{"code":"Messages/M_prescription_médicaments/Prescription/Elément_prescr_médic/Dh_fin","target":[{"code":"MedicationRequest.dosageInstruction.timing.repeat.boundsPeriod.end","equivalence":"equivalent","comment":"La date et l'heure sont à mettre au format FHIR avec offset"}]}]},{"element":[{"code":"Messages/M_prescription_médicaments/Prescription/Elément_prescr_médic/Indication","target":[{"code":"MedicationRequest.note.text","equivalence":"equivalent","comment":"Le texte est à préfixer par `Indication sur la ligne de prescription:`","product":[{"property":"MedicationRequest.note.extension.url","value":"https://hl7.fr/fhir/fr/medication/StructureDefinition/fr-medicationrequest-note-scope"},{"property":"MedicationRequest.note.extension.valueCode","value":"LIPRESCIND"}]}]}]},{"element":[{"code":"Messages/M_prescription_médicaments/Prescription/Elément_prescr_médic/Commentaire","target":[{"code":"MedicationRequest.note.text","equivalence":"equivalent","comment":"Le texte est à préfixer par `Commentaire sur la ligne de prescription:`","product":[{"property":"MedicationRequest.note.extension.url","value":"https://hl7.fr/fhir/fr/medication/StructureDefinition/fr-medicationrequest-note-scope"},{"property":"MedicationRequest.note.extension.valueCode","value":"LIPRESCCOMM"}]}]},{"code":"Messages/M_prescription_médicaments/Prescription/Elément_prescr_médic/Commentaire_structuré/Rôle_auteur","target":[{"equivalence":"unmatched"}]},{"code":"Messages/M_prescription_médicaments/Prescription/Elément_prescr_médic/Commentaire_structuré/Identification_auteur/Identifiant","target":[{"code":"MedicationRequest.note.authorReference.identifier.value","equivalence":"equal"}]},{"code":"Messages/M_prescription_médicaments/Prescription/Elément_prescr_médic/Commentaire_structuré/Identification_auteur/Domaine_identification","target":[{"code":"MedicationRequest.note.authorReference.identifier.system","equivalence":"equal"}]},{"code":"Messages/M_prescription_médicaments/Prescription/Elément_prescr_médic/Commentaire_structuré/Identification_auteur/Nom_usage","target":[{"code":"MedicationRequest.note.authorReference.display","equivalence":"relatedto","comment":"Peut être utilisé pour constituer display en concaténant tout ou partie des éléments relatedto"}]},{"code":"Messages/M_prescription_médicaments/Prescription/Elément_prescr_médic/Commentaire_structuré/Identification_auteur/Prénom_usage","target":[{"code":"MedicationRequest.note.authorReference.display","equivalence":"relatedto","comment":"Peut être utilisé pour constituer display en concaténant tout ou partie des éléments relatedto"}]},{"code":"Messages/M_prescription_médicaments/Prescription/Elément_prescr_médic/Commentaire_structuré/Identification_auteur/Initiales","target":[{"code":"MedicationRequest.note.authorReference.display","equivalence":"relatedto","comment":"Peut être utilisé pour constituer display en concaténant tout ou partie des éléments relatedto"}]},{"code":"Messages/M_prescription_médicaments/Prescription/Elément_prescr_médic/Commentaire_structuré/Identification_auteur/Civilité","target":[{"code":"MedicationRequest.note.authorReference.display","equivalence":"relatedto","comment":"Peut être utilisé pour constituer display en concaténant tout ou partie des éléments relatedto"}]},{"code":"Messages/M_prescription_médicaments/Prescription/Elément_prescr_médic/Commentaire_structuré/Identification_auteur/Titre","target":[{"code":"MedicationRequest.note.authorReference.display","equivalence":"relatedto","comment":"Peut être utilisé pour constituer display en concaténant tout ou partie des éléments relatedto"}]},{"code":"Messages/M_prescription_médicaments/Prescription/Elément_prescr_médic/Commentaire_structuré/Identification_auteur/Nom_famille","target":[{"code":"MedicationRequest.note.authorReference.display","equivalence":"relatedto","comment":"Peut être utilisé pour constituer display en concaténant tout ou partie des éléments relatedto"}]},{"code":"Messages/M_prescription_médicaments/Prescription/Elément_prescr_médic/Commentaire_structuré/Identification_auteur/Prénoms","target":[{"code":"MedicationRequest.note.authorReference.display","equivalence":"relatedto","comment":"Peut être utilisé pour constituer display en concaténant tout ou partie des éléments relatedto"}]},{"code":"Messages/M_prescription_médicaments/Prescription/Elément_prescr_médic/Commentaire_structuré/Rôle_destinataire","target":[{"equivalence":"unmatched"}]},{"code":"Messages/M_prescription_médicaments/Prescription/Elément_prescr_médic/Commentaire_structuré/Identification_destinataire","target":[{"equivalence":"unmatched"}]},{"code":"Messages/M_prescription_médicaments/Prescription/Elément_prescr_médic/Commentaire_structuré/Criticité","target":[{"equivalence":"unmatched"}]},{"code":"Messages/M_prescription_médicaments/Prescription/Elément_prescr_médic/Commentaire_structuré/Texte","target":[{"code":"MedicationRequest.note.text","equivalence":"equivalent","comment":"Le texte est à préfixer par `Commentaire sur la ligne de prescription:`","product":[{"property":"MedicationRequest.note.extension.url","value":"https://hl7.fr/fhir/fr/medication/StructureDefinition/fr-medicationrequest-note-scope"},{"property":"MedicationRequest.note.extension.valueCode","value":"LIPRESCCOMM"}]}]}]},{"element":[{"code":"Messages/M_prescription_médicaments/Prescription/Elément_prescr_médic/Rang_élément_prescr","target":[{"equivalence":"unmatched"}]},{"code":"Messages/M_prescription_médicaments/Prescription/Elément_prescr_médic/Id_protocole_prescrit","target":[{"equivalence":"unmatched"}]},{"code":"Messages/M_prescription_médicaments/Prescription/Elément_prescr_médic/GoNogo","target":[{"code":"MedicationRequest.status","equivalence":"equivalent","dependsOn":[{"property":"Messages/M_prescription_médicaments/Prescription/Elément_prescr_médic/GoNogo","value":"0"}],"product":[{"property":"MedicationRequest.status","value":"unknown"},{"property":"MedicationRequest.intent","value":"order"}]}]},{"target":[{"code":"MedicationRequest.status","equivalence":"equivalent","dependsOn":[{"property":"Messages/M_prescription_médicaments/Prescription/Elément_prescr_médic/GoNogo","value":"1"}],"product":[{"property":"MedicationRequest.status","value":"on-hold"},{"property":"MedicationRequest.intent","value":"order"}]}]},{"target":[{"code":"MedicationRequest.status","equivalence":"equivalent","dependsOn":[{"property":"Messages/M_prescription_médicaments/Prescription/Elément_prescr_médic/GoNogo","value":"2"}],"product":[{"property":"MedicationRequest.status","value":"active"},{"property":"MedicationRequest.intent","value":"order"}]}]},{"target":[{"code":"MedicationRequest.status","equivalence":"equivalent","dependsOn":[{"property":"Messages/M_prescription_médicaments/Prescription/Elément_prescr_médic/GoNogo","value":"3"}],"product":[{"property":"MedicationRequest.status","value":"active"},{"property":"MedicationRequest.intent","value":"order"}]}]},{"target":[{"code":"MedicationRequest.status","equivalence":"equivalent","dependsOn":[{"property":"Messages/M_prescription_médicaments/Prescription/Elément_prescr_médic/GoNogo","value":"4"}],"product":[{"property":"MedicationRequest.status","value":"cancelled"},{"property":"MedicationRequest.intent","value":"order"}]}]},{"target":[{"code":"MedicationRequest.status","equivalence":"equivalent","dependsOn":[{"property":"Messages/M_prescription_médicaments/Prescription/Elément_prescr_médic/GoNogo","value":"{Absent}"}],"product":[{"property":"MedicationRequest.status","value":"active"},{"property":"MedicationRequest.intent","value":"order"}]}]},{"code":"Messages/M_prescription_médicaments/Prescription/Elément_prescr_médic/Motif_attente","target":[{"code":"MedicationRequest.statusReason.text","equivalence":"equal"}]},{"code":"Messages/M_prescription_médicaments/Prescription/Elément_prescr_médic/Delta_dh_référence","target":[{"equivalence":"unmatched"}]},{"code":"Messages/M_prescription_médicaments/Prescription/Elément_prescr_médic/Conditions_application","target":[{"code":"MedicationRequest.note.text","equivalence":"equivalent","comment":"Le texte est à préfixer par `Condition d'application sur la ligne de prescription:`","product":[{"property":"MedicationRequest.note.extension.url","value":"https://hl7.fr/fhir/fr/medication/StructureDefinition/fr-medicationrequest-note-scope"},{"property":"MedicationRequest.note.extension.valueCode","value":"LIPRESCCONDAPPL"}]}]}]},{"element":[{"code":"Messages/M_prescription_médicaments/Prescription/Elément_prescr_médic/Composant_prescrit","target":[{"code":"MedicationRequest.medicationReference","equivalence":"relatedto","comment":"Voir les ressources concepMap PN13-FHIR-Prescmedi-medicationComp-conceptmap ou PN13-FHIR-Prescmedi-medicationNonComp-conceptmap pour le détail du mapping de cet élément"}]},{"code":"Messages/M_prescription_médicaments/Prescription/Elément_prescr_médic/Composant_prescrit","target":[{"code":"MedicationRequest.medicationCodeableConcept","equivalence":"relatedto","comment":"Si Composant_prescrit ne comporte pas d'information complémentaire à l'enregistrement du RUIM, medicationCodeableConcept peut être utilisé"}]}]},{"element":[{"code":"Messages/M_prescription_médicaments/Prescription/Elément_prescr_médic/Elément_posologie","target":[{"code":"MedicationRequest.dosageInstruction","equivalence":"relatedto","comment":"Voir la ressource concepMap PN13-FHIR-prescmed-dosageinstruction-conceptmap pour le détail du mapping de cet élément"}]}]},{"element":[{"code":"Messages/M_prescription_médicaments/Prescription/Protocole_prescrit_médic","target":[{"equivalence":"unmatched"}]}]},{"element":[{"code":"Messages/M_prescription_médicaments/Prescription/Elément_prescr_médic/Composant_prescrit/Non_substituable","target":[{"code":"MedicationRequest.substitution.allowedBoolean","equivalence":"relatedto","comment":"POINT D'ATTENTION - La logique de cet élément est inversée entre PN13 et FHIR. Ainsi Non-substituable à faux en PN13 est à traduire en substitution.allowedBoolean à vrai en FHIR. Par ailleurs, cet élément est au niveau de médicament dans PN13 et au niveau de la ligne de prescription en FHIR. En cas de médicament composé, un opérateur logique OU Inclusif est à utiliser sur les valeurs PN13: si au moins un composant d'un médicament composé est non substituable, la ligne de prescription est considérée comme non substituable et donc l'élément substitution.allowedBoolean est valorisé à faux."}]}]},{"element":[{"code":"Messages/M_prescription_médicaments/Prescription/Elément_prescr_médic/Composant_prescrit/Référent_poso","target":[{"code":"MedicationRequest.dosageInstruction.doseAndRate.extension($fr-basis-of-dose-component).valueReference","equivalence":"relatedto","comment":"Porte la référence à la ressource Medication traduisant l'élément Composant_prescrit de PN13 pour lequel Référent_poso est vrai"}]}]}]}