{"resourceType":"ConceptMap","id":"PN13-FHIR-prescmed-medicationcomp-conceptmap","text":{"status":"generated","div":"<div xmlns=\"http://www.w3.org/1999/xhtml\"><p class=\"res-header-id\"><b>Narratif généré : CarteDeConcepts PN13-FHIR-prescmed-medicationcomp-conceptmap</b></p><a name=\"PN13-FHIR-prescmed-medicationcomp-conceptmap\"> </a><a name=\"hcPN13-FHIR-prescmed-medicationcomp-conceptmap\"> </a><p>Mapping from https://interopsante.org/pn13/xsd to <a href=\"StructureDefinition-fr-medication-compound.html\">FR Medication Compound</a></p><br/><p><b>Group 1 </b>Mapping from <code>unspecified code system</code> to <code>unspecified code system</code></p><table class=\"grid\"><tr><td colspan=\"3\"><b>Source Concept Details</b></td><td><b>relation</b></td><td colspan=\"3\"><b>Target Concept Details</b></td><td><b>Commentaire</b></td></tr><tr><td colspan=\"2\"><b>Codes</b> from </td><td><b>Forme@Phastnomenclature</b></td><td/><td colspan=\"2\"><b>Codes</b> from </td><td><b>Medication.form.coding.system</b></td><td/></tr><tr><td style=\"border-right-width: 0px\">Messages/M_prescription_médicaments/Prescription/Elément_prescr_médic/Forme</td><td style=\"border-left-width: 0px\"></td><td>SIPh-CIO_Forme</td><td><a href=\"http://hl7.org/fhir/R5/codesystem-concept-map-relationship.html#equivalent\" title=\"equivalent\">is equivalent to</a></td><td style=\"border-right-width: 0px\">Medication.form.coding.code</td><td style=\"border-left-width: 0px\"></td><td/><td>le code cible est à trouver dans le mapping Free Set CIO-DC FORME</td></tr><tr><td style=\"border-right-width: 0px\"/><td style=\"border-left-width: 0px\"></td><td>{Absent}</td><td><a href=\"http://hl7.org/fhir/R5/codesystem-concept-map-relationship.html#equivalent\" title=\"equivalent\">is equivalent to</a></td><td style=\"border-right-width: 0px\">Medication.form.coding.code</td><td style=\"border-left-width: 0px\"></td><td/><td>le code cible est à trouver dans le mapping Free Set CIO-DC FORME</td></tr><tr><td style=\"border-right-width: 0px\"/><td style=\"border-left-width: 0px\"></td><td>EDQM</td><td><a href=\"http://hl7.org/fhir/R5/codesystem-concept-map-relationship.html#equal\" title=\"equal\">is equal to</a></td><td style=\"border-right-width: 0px\">Medication.form.coding.code</td><td style=\"border-left-width: 0px\"></td><td>http://standardterms.edqm.eu</td><td/></tr><tr><td style=\"border-right-width: 0px\"/><td style=\"border-left-width: 0px\"></td><td>SIPh-Forme</td><td><a href=\"http://hl7.org/fhir/R5/codesystem-concept-map-relationship.html#relatedto\" title=\"relatedto\">is related to</a></td><td style=\"border-right-width: 0px\">Medication.form.coding.code</td><td style=\"border-left-width: 0px\"></td><td/><td>Certains codes cibles peuvent être trouvés dans le mapping Free Set CIO-DC FORME. Dans le cas contraire, si la traduction en EDQM n'est pas possible, Medication.form.text peut être utilisé mais pourrait poser des problèmes d'interprétation</td></tr></table></div>"},"url":"https://hl7.fr/ig/fhir/medication/ConceptMap/PN13-FHIR-prescmed-medicationcomp-conceptmap","version":"0.1.0","name":"FrPN13FHIRMedicationPrescriptionMedicationCompConceptMap","title":"Conversion PN13 vers FHIR pour un médicament composé d'une prescription de médicaments","status":"draft","date":"2025-08-21T07:24:06+00:00","publisher":"Interop'Santé","contact":[{"name":"Interop'Santé","telecom":[{"system":"url","value":"http://interopsante.org/"}]}],"description":"ConceptMap pour la conversion PN13 vers FHIR d'un médicament composé d'une prescritpion de médicament","jurisdiction":[{"coding":[{"system":"urn:iso:std:iso:3166","code":"FR","display":"FRANCE"}]}],"sourceUri":"https://interopsante.org/pn13/xsd","targetUri":"https://hl7.fr/ig/fhir/medication/StructureDefinition/fr-medication-compound","group":[{"element":[{"code":"Messages/M_prescription_médicaments/Prescription/Elément_prescr_médic/Forme","target":[{"code":"Medication.form.coding.code","equivalence":"equivalent","comment":"le code cible est à trouver dans le mapping Free Set CIO-DC FORME","dependsOn":[{"property":"Messages/M_prescription_médicaments/Prescription/Elément_prescr_médic/Forme@Phast-nomenclature","value":"SIPh-CIO_Forme"}]}]},{"target":[{"code":"Medication.form.coding.code","equivalence":"equivalent","comment":"le code cible est à trouver dans le mapping Free Set CIO-DC FORME","dependsOn":[{"property":"Messages/M_prescription_médicaments/Prescription/Elément_prescr_médic/Forme@Phast-nomenclature","value":"{Absent}"}]}]},{"target":[{"code":"Medication.form.coding.code","equivalence":"equal","dependsOn":[{"property":"Messages/M_prescription_médicaments/Prescription/Elément_prescr_médic/Forme@Phast-nomenclature","value":"EDQM"}],"product":[{"property":"Medication.form.coding.system","value":"http://standardterms.edqm.eu"}]}]},{"target":[{"code":"Medication.form.coding.code","equivalence":"relatedto","comment":"Certains codes cibles peuvent être trouvés dans le mapping Free Set CIO-DC FORME. Dans le cas contraire, si la traduction en EDQM n'est pas possible, Medication.form.text peut être utilisé mais pourrait poser des problèmes d'interprétation","dependsOn":[{"property":"Messages/M_prescription_médicaments/Prescription/Elément_prescr_médic/Forme@Phast-nomenclature","value":"SIPh-Forme"}]}]}]}]}