{
  "codeSystems" : [
    {
      "url" : "http://hl7.org/fhir/ValueSet/action-cardinality-behavior",
      "version" : "4.0.1",
      "status" : "draft",
      "name" : "ActionCardinalityBehavior",
      "title" : "ActionCardinalityBehavior",
      "description" : "Defines behavior for an action or a group for how many times that item may be repeated.",
      "systems" : ["http://hl7.org/fhir/action-cardinality-behavior"],
      "oids" : ["2.16.840.1.113883.4.642.3.807"],
      "sources" : ["2.16.840.1.113883.4.642.3.807"],
      "uses" : {
      },
      "StructureDefinition-fr-requestgroup-for-prescription.html" : "FrRequestGroupForPrescrption"
    },
    {
      "url" : "http://hl7.org/fhir/ValueSet/action-condition-kind",
      "version" : "4.0.1",
      "status" : "draft",
      "name" : "ActionConditionKind",
      "title" : "ActionConditionKind",
      "description" : "Defines the kinds of conditions that can appear on actions.",
      "systems" : ["http://hl7.org/fhir/action-condition-kind"],
      "oids" : ["2.16.840.1.113883.4.642.3.815"],
      "sources" : ["2.16.840.1.113883.4.642.3.815"],
      "uses" : {
      },
      "StructureDefinition-fr-requestgroup-for-prescription.html" : "FrRequestGroupForPrescrption"
    },
    {
      "url" : "http://hl7.org/fhir/ValueSet/action-grouping-behavior",
      "version" : "4.0.1",
      "status" : "draft",
      "name" : "ActionGroupingBehavior",
      "title" : "ActionGroupingBehavior",
      "description" : "Defines organization behavior of a group.",
      "systems" : ["http://hl7.org/fhir/action-grouping-behavior"],
      "oids" : ["2.16.840.1.113883.4.642.3.799"],
      "sources" : ["2.16.840.1.113883.4.642.3.799"],
      "uses" : {
      },
      "StructureDefinition-fr-requestgroup-for-prescription.html" : "FrRequestGroupForPrescrption"
    },
    {
      "url" : "http://hl7.org/fhir/ValueSet/action-precheck-behavior",
      "version" : "4.0.1",
      "status" : "draft",
      "name" : "ActionPrecheckBehavior",
      "title" : "ActionPrecheckBehavior",
      "description" : "Defines selection frequency behavior for an action or group.",
      "systems" : ["http://hl7.org/fhir/action-precheck-behavior"],
      "oids" : ["2.16.840.1.113883.4.642.3.805"],
      "sources" : ["2.16.840.1.113883.4.642.3.805"],
      "uses" : {
      },
      "StructureDefinition-fr-requestgroup-for-prescription.html" : "FrRequestGroupForPrescrption"
    },
    {
      "url" : "http://hl7.org/fhir/ValueSet/action-relationship-type",
      "version" : "4.0.1",
      "status" : "draft",
      "name" : "ActionRelationshipType",
      "title" : "ActionRelationshipType",
      "description" : "Defines the types of relationships between actions.",
      "systems" : ["http://hl7.org/fhir/action-relationship-type"],
      "oids" : ["2.16.840.1.113883.4.642.3.813"],
      "sources" : ["2.16.840.1.113883.4.642.3.813"],
      "uses" : {
      },
      "StructureDefinition-fr-requestgroup-for-prescription.html" : "FrRequestGroupForPrescrption"
    },
    {
      "url" : "http://hl7.org/fhir/ValueSet/action-required-behavior",
      "version" : "4.0.1",
      "status" : "draft",
      "name" : "ActionRequiredBehavior",
      "title" : "ActionRequiredBehavior",
      "description" : "Defines expectations around whether an action or action group is required.",
      "systems" : ["http://hl7.org/fhir/action-required-behavior"],
      "oids" : ["2.16.840.1.113883.4.642.3.803"],
      "sources" : ["2.16.840.1.113883.4.642.3.803"],
      "uses" : {
      },
      "StructureDefinition-fr-requestgroup-for-prescription.html" : "FrRequestGroupForPrescrption"
    },
    {
      "url" : "http://hl7.org/fhir/ValueSet/action-selection-behavior",
      "version" : "4.0.1",
      "status" : "draft",
      "name" : "ActionSelectionBehavior",
      "title" : "ActionSelectionBehavior",
      "description" : "Defines selection behavior of a group.",
      "systems" : ["http://hl7.org/fhir/action-selection-behavior"],
      "oids" : ["2.16.840.1.113883.4.642.3.801"],
      "sources" : ["2.16.840.1.113883.4.642.3.801"],
      "uses" : {
      },
      "StructureDefinition-fr-requestgroup-for-prescription.html" : "FrRequestGroupForPrescrption"
    },
    {
      "url" : "http://hl7.org/fhir/ValueSet/action-type",
      "version" : "4.0.1",
      "status" : "draft",
      "name" : "ActionType",
      "title" : "ActionType",
      "description" : "The type of action to be performed.",
      "systems" : ["http://terminology.hl7.org/CodeSystem/action-type"],
      "oids" : ["2.16.840.1.113883.4.642.3.809"],
      "sources" : ["2.16.840.1.113883.4.642.3.809"],
      "uses" : {
      },
      "StructureDefinition-fr-requestgroup-for-prescription.html" : "FrRequestGroupForPrescrption"
    },
    {
      "url" : "http://hl7.org/fhir/ValueSet/additional-instruction-codes",
      "version" : "4.0.1",
      "status" : "draft",
      "name" : "SNOMEDCTAdditionalDosageInstructions",
      "title" : "SNOMED CT Additional Dosage Instructions",
      "description" : "This value set includes all SNOMED CT Additional Dosage Instructions.",
      "systems" : ["http://snomed.info/sct"],
      "oids" : ["2.16.840.1.113883.4.642.3.95"],
      "sources" : ["2.16.840.1.113883.4.642.3.95"],
      "uses" : {
      },
      "StructureDefinition-fr-medication-reconciliation-statement.html" : "FrMedicationReconciliationMedicationStatement",
      "StructureDefinition-fr-medication-history-medicationstatement.html" : "FrMedicationHistoryMedicationStatement",
      "StructureDefinition-fr-current-medication-medicationstatement.html" : "FrCurrentMedicationMedicationStatement",
      "StructureDefinition-fr-inpatient-medicationrequest.html" : "FrInpatientMedicationRequest"
    },
    {
      "url" : "http://hl7.org/fhir/ValueSet/administration-method-codes",
      "version" : "4.0.1",
      "status" : "draft",
      "name" : "SNOMEDCTAdministrationMethodCodes",
      "title" : "SNOMED CT Administration Method Codes",
      "description" : "This value set includes some method codes from SNOMED CT - provided as an exemplar",
      "systems" : ["http://snomed.info/sct"],
      "oids" : ["2.16.840.1.113883.4.642.3.97"],
      "sources" : ["2.16.840.1.113883.4.642.3.97"],
      "uses" : {
      },
      "StructureDefinition-fr-medication-reconciliation-statement.html" : "FrMedicationReconciliationMedicationStatement",
      "StructureDefinition-fr-medication-history-medicationstatement.html" : "FrMedicationHistoryMedicationStatement",
      "StructureDefinition-fr-current-medication-medicationstatement.html" : "FrCurrentMedicationMedicationStatement"
    },
    {
      "url" : "http://hl7.org/fhir/ValueSet/approach-site-codes",
      "version" : "4.0.1",
      "status" : "draft",
      "name" : "SNOMEDCTAnatomicalStructureForAdministrationSiteCodes",
      "title" : "SNOMED CT Anatomical Structure for Administration Site Codes",
      "description" : "This value set includes Anatomical Structure codes from SNOMED CT - provided as an exemplar.",
      "systems" : ["http://snomed.info/sct"],
      "oids" : ["2.16.840.1.113883.4.642.3.346"],
      "sources" : ["2.16.840.1.113883.4.642.3.346"],
      "uses" : {
      },
      "StructureDefinition-fr-medication-reconciliation-statement.html" : "FrMedicationReconciliationMedicationStatement",
      "StructureDefinition-fr-medication-history-medicationstatement.html" : "FrMedicationHistoryMedicationStatement",
      "StructureDefinition-fr-current-medication-medicationstatement.html" : "FrCurrentMedicationMedicationStatement",
      "StructureDefinition-fr-inpatient-medicationrequest.html" : "FrInpatientMedicationRequest"
    },
    {
      "url" : "http://hl7.org/fhir/ValueSet/body-site",
      "version" : "4.0.1",
      "status" : "draft",
      "name" : "SNOMEDCTBodyStructures",
      "title" : "SNOMED CT Body Structures",
      "description" : "This value set includes all codes from [SNOMED CT](http://snomed.info/sct) where concept is-a 442083009 (Anatomical or acquired body site (body structure)).",
      "systems" : ["http://snomed.info/sct"],
      "oids" : ["2.16.840.1.113883.4.642.3.141"],
      "sources" : ["2.16.840.1.113883.4.642.3.141"],
      "uses" : {
      },
      "StructureDefinition-fr-observation-for-prescription.html" : "FrObservationForPrescription"
    },
    {
      "url" : "http://hl7.org/fhir/ValueSet/bundle-type",
      "version" : "4.0.1",
      "status" : "active",
      "name" : "BundleType",
      "title" : "BundleType",
      "description" : "Indicates the purpose of a bundle - how it is intended to be used.",
      "systems" : ["http://hl7.org/fhir/bundle-type"],
      "oids" : ["2.16.840.1.113883.4.642.3.620"],
      "sources" : ["2.16.840.1.113883.4.642.3.620"],
      "uses" : {
      },
      "StructureDefinition-fr-prescription-bundle-for-example.html" : "FrPrescriptionBunbleForExample"
    },
    {
      "url" : "http://hl7.org/fhir/ValueSet/common-tags",
      "version" : "4.0.1",
      "status" : "draft",
      "name" : "CommonTags",
      "title" : "Common Tags",
      "description" : "Common Tag Codes defined by FHIR project",
      "systems" : ["http://terminology.hl7.org/CodeSystem/common-tags"],
      "oids" : ["2.16.840.1.113883.4.642.3.79"],
      "sources" : ["2.16.840.1.113883.4.642.3.79"],
      "uses" : {
      },
      "StructureDefinition-fr-medication-reconciliation-statement.html" : "FrMedicationReconciliationMedicationStatement",
      "StructureDefinition-fr-medication-history-medicationstatement.html" : "FrMedicationHistoryMedicationStatement",
      "StructureDefinition-fr-medication.html" : "FrMedication"
    },
    {
      "url" : "http://hl7.org/fhir/ValueSet/composition-attestation-mode",
      "version" : "4.0.1",
      "status" : "draft",
      "name" : "CompositionAttestationMode",
      "title" : "CompositionAttestationMode",
      "description" : "The way in which a person authenticated a composition.",
      "systems" : ["http://hl7.org/fhir/composition-attestation-mode"],
      "oids" : ["2.16.840.1.113883.4.642.3.238"],
      "sources" : ["2.16.840.1.113883.4.642.3.238"],
      "uses" : {
      },
      "StructureDefinition-fr-current-medication-composition.html" : "FrCurrentMedicationComposition",
      "StructureDefinition-fr-on-admission-medication-composition.html" : "FrOnAdmissionMedicationComposition",
      "StructureDefinition-fr-medication-history-composition.html" : "FrMedicationHistoryComposition",
      "StructureDefinition-fr-medication-reconciliation-composition.html" : "FrMedicationReconciliationComposition",
      "StructureDefinition-fr-on-admission-retroactive-reconciliation-composition.html" : "FrOnAdmissionRetroactiveReconciliationComposition"
    },
    {
      "url" : "http://hl7.org/fhir/ValueSet/composition-status",
      "version" : "4.0.1",
      "status" : "draft",
      "name" : "CompositionStatus",
      "title" : "CompositionStatus",
      "description" : "The workflow/clinical status of the composition.",
      "systems" : ["http://hl7.org/fhir/composition-status"],
      "oids" : ["2.16.840.1.113883.4.642.3.241"],
      "sources" : ["2.16.840.1.113883.4.642.3.241"],
      "uses" : {
      },
      "StructureDefinition-fr-current-medication-composition.html" : "FrCurrentMedicationComposition",
      "StructureDefinition-fr-on-admission-medication-composition.html" : "FrOnAdmissionMedicationComposition",
      "StructureDefinition-fr-medication-history-composition.html" : "FrMedicationHistoryComposition",
      "StructureDefinition-fr-medication-reconciliation-composition.html" : "FrMedicationReconciliationComposition",
      "StructureDefinition-fr-on-admission-retroactive-reconciliation-composition.html" : "FrOnAdmissionRetroactiveReconciliationComposition"
    },
    {
      "url" : "http://hl7.org/fhir/ValueSet/condition-code",
      "version" : "4.0.1",
      "status" : "draft",
      "name" : "Condition/Problem/DiagnosisCodes",
      "title" : "Condition/Problem/Diagnosis Codes",
      "description" : "Example value set for Condition/Problem/Diagnosis codes.",
      "systems" : ["http://snomed.info/sct"],
      "oids" : ["2.16.840.1.113883.4.642.3.161"],
      "sources" : ["2.16.840.1.113883.4.642.3.161"],
      "uses" : {
      },
      "StructureDefinition-fr-medication-reconciliation-statement.html" : "FrMedicationReconciliationMedicationStatement",
      "StructureDefinition-fr-medication-history-medicationstatement.html" : "FrMedicationHistoryMedicationStatement",
      "StructureDefinition-fr-current-medication-medicationstatement.html" : "FrCurrentMedicationMedicationStatement",
      "StructureDefinition-fr-inpatient-medicationrequest.html" : "FrInpatientMedicationRequest"
    },
    {
      "url" : "http://hl7.org/fhir/ValueSet/data-absent-reason",
      "version" : "4.0.1",
      "status" : "active",
      "name" : "DataAbsentReason",
      "title" : "DataAbsentReason",
      "description" : "Used to specify why the normally expected content of the data element is missing.",
      "systems" : ["http://terminology.hl7.org/CodeSystem/data-absent-reason"],
      "oids" : ["2.16.840.1.113883.4.642.3.5"],
      "sources" : ["2.16.840.1.113883.4.642.3.5"],
      "uses" : {
      },
      "StructureDefinition-fr-observation-for-prescription.html" : "FrObservationForPrescription"
    },
    {
      "url" : "http://hl7.org/fhir/ValueSet/days-of-week",
      "version" : "4.0.1",
      "status" : "active",
      "name" : "DaysOfWeek",
      "title" : "DaysOfWeek",
      "description" : "The days of the week.",
      "systems" : ["http://hl7.org/fhir/days-of-week"],
      "oids" : ["2.16.840.1.113883.4.642.3.512"],
      "sources" : ["2.16.840.1.113883.4.642.3.512"],
      "uses" : {
      },
      "StructureDefinition-fr-inpatient-medicationrequest.html" : "FrInpatientMedicationRequest"
    },
    {
      "url" : "http://hl7.org/fhir/ValueSet/doc-section-codes",
      "version" : "4.0.1",
      "status" : "draft",
      "name" : "DocumentSectionCodes",
      "title" : "Document Section Codes",
      "description" : "Document section codes (LOINC codes used in CCDA sections).",
      "systems" : ["http://loinc.org"],
      "oids" : ["2.16.840.1.113883.4.642.3.237"],
      "sources" : ["2.16.840.1.113883.4.642.3.237"],
      "uses" : {
      },
      "StructureDefinition-fr-current-medication-composition.html" : "FrCurrentMedicationComposition",
      "StructureDefinition-fr-on-admission-medication-composition.html" : "FrOnAdmissionMedicationComposition",
      "StructureDefinition-fr-medication-history-composition.html" : "FrMedicationHistoryComposition",
      "StructureDefinition-fr-medication-reconciliation-composition.html" : "FrMedicationReconciliationComposition",
      "StructureDefinition-fr-on-admission-retroactive-reconciliation-composition.html" : "FrOnAdmissionRetroactiveReconciliationComposition"
    },
    {
      "url" : "http://hl7.org/fhir/ValueSet/doc-typecodes",
      "version" : "4.0.1",
      "status" : "draft",
      "name" : "FHIRDocumentTypeCodes",
      "title" : "FHIR Document Type Codes",
      "description" : "FHIR Document Codes - all LOINC codes where scale type = 'DOC'.",
      "systems" : ["http://loinc.org"],
      "oids" : ["2.16.840.1.113883.4.642.3.240"],
      "sources" : ["2.16.840.1.113883.4.642.3.240"],
      "uses" : {
      },
      "StructureDefinition-fr-medication-history-composition.html" : "FrMedicationHistoryComposition"
    },
    {
      "url" : "http://hl7.org/fhir/ValueSet/document-classcodes",
      "version" : "4.0.1",
      "status" : "active",
      "name" : "DocumentClassValueSet",
      "title" : "Document Class Value Set",
      "description" : "This is the code specifying the high-level kind of document (e.g. Prescription, Discharge Summary, Report, etc.). Note: Class code for documents comes from LOINC, and is based upon one of the following:The type of service described by the document. It is described at a very high level in Section 7.3 of the LOINC Manual. The type study performed. It was determined by identifying modalities for study reports. The section of the chart where the document is placed. It was determined from the SETs created for Claims Attachment requests.",
      "systems" : ["http://loinc.org"],
      "oids" : ["2.16.840.1.113883.3.88.12.80.46"],
      "sources" : ["2.16.840.1.113883.3.88.12.80.46"],
      "uses" : {
      },
      "StructureDefinition-fr-current-medication-composition.html" : "FrCurrentMedicationComposition",
      "StructureDefinition-fr-on-admission-medication-composition.html" : "FrOnAdmissionMedicationComposition",
      "StructureDefinition-fr-medication-history-composition.html" : "FrMedicationHistoryComposition",
      "StructureDefinition-fr-medication-reconciliation-composition.html" : "FrMedicationReconciliationComposition",
      "StructureDefinition-fr-on-admission-retroactive-reconciliation-composition.html" : "FrOnAdmissionRetroactiveReconciliationComposition"
    },
    {
      "url" : "http://hl7.org/fhir/ValueSet/document-relationship-type",
      "version" : "4.0.1",
      "status" : "draft",
      "name" : "DocumentRelationshipType",
      "title" : "DocumentRelationshipType",
      "description" : "The type of relationship between documents.",
      "systems" : ["http://hl7.org/fhir/document-relationship-type"],
      "oids" : ["2.16.840.1.113883.4.642.3.244"],
      "sources" : ["2.16.840.1.113883.4.642.3.244"],
      "uses" : {
      },
      "StructureDefinition-fr-current-medication-composition.html" : "FrCurrentMedicationComposition",
      "StructureDefinition-fr-on-admission-medication-composition.html" : "FrOnAdmissionMedicationComposition",
      "StructureDefinition-fr-medication-history-composition.html" : "FrMedicationHistoryComposition",
      "StructureDefinition-fr-medication-reconciliation-composition.html" : "FrMedicationReconciliationComposition",
      "StructureDefinition-fr-on-admission-retroactive-reconciliation-composition.html" : "FrOnAdmissionRetroactiveReconciliationComposition"
    },
    {
      "url" : "http://hl7.org/fhir/ValueSet/dose-rate-type",
      "version" : "4.0.1",
      "status" : "draft",
      "name" : "DoseAndRateType",
      "title" : "DoseAndRateType",
      "description" : "The kind of dose or rate specified.",
      "systems" : ["http://terminology.hl7.org/CodeSystem/dose-rate-type"],
      "oids" : ["2.16.840.1.113883.4.642.3.981"],
      "sources" : ["2.16.840.1.113883.4.642.3.981"],
      "uses" : {
      },
      "StructureDefinition-fr-medication-reconciliation-statement.html" : "FrMedicationReconciliationMedicationStatement",
      "StructureDefinition-fr-medication-history-medicationstatement.html" : "FrMedicationHistoryMedicationStatement",
      "StructureDefinition-fr-current-medication-medicationstatement.html" : "FrCurrentMedicationMedicationStatement",
      "StructureDefinition-fr-inpatient-medicationrequest.html" : "FrInpatientMedicationRequest"
    },
    {
      "url" : "http://hl7.org/fhir/ValueSet/event-timing",
      "version" : "4.0.1",
      "status" : "active",
      "name" : "EventTiming",
      "title" : "EventTiming",
      "description" : "Real world event relating to the schedule.",
      "systems" : [
        "http://hl7.org/fhir/event-timing",
        "http://terminology.hl7.org/CodeSystem/v3-TimingEvent"
      ],
      "oids" : ["2.16.840.1.113883.4.642.3.75"],
      "sources" : ["2.16.840.1.113883.4.642.3.75"],
      "uses" : {
      },
      "StructureDefinition-fr-inpatient-medicationrequest.html" : "FrInpatientMedicationRequest"
    },
    {
      "url" : "http://hl7.org/fhir/ValueSet/http-verb",
      "version" : "4.0.1",
      "status" : "active",
      "name" : "HTTPVerb",
      "title" : "HTTPVerb",
      "description" : "HTTP verbs (in the HTTP command line). See [HTTP rfc](https://tools.ietf.org/html/rfc7231) for details.",
      "systems" : ["http://hl7.org/fhir/http-verb"],
      "oids" : ["2.16.840.1.113883.4.642.3.624"],
      "sources" : ["2.16.840.1.113883.4.642.3.624"],
      "uses" : {
      },
      "StructureDefinition-fr-prescription-bundle-for-example.html" : "FrPrescriptionBunbleForExample"
    },
    {
      "url" : "http://hl7.org/fhir/ValueSet/languages",
      "version" : "4.0.1",
      "status" : "draft",
      "name" : "CommonLanguages",
      "title" : "Common Languages",
      "description" : "This value set includes common codes from BCP-47 (http://tools.ietf.org/html/bcp47)",
      "systems" : ["urn:ietf:bcp:47"],
      "oids" : ["2.16.840.1.113883.4.642.3.20"],
      "sources" : ["2.16.840.1.113883.4.642.3.20"],
      "uses" : {
      },
      "StructureDefinition-fr-current-medication-composition.html" : "FrCurrentMedicationComposition",
      "StructureDefinition-fr-current-medication-medicationstatement.html" : "FrCurrentMedicationMedicationStatement",
      "StructureDefinition-fr-medication-reconciliation-composition.html" : "FrMedicationReconciliationComposition",
      "StructureDefinition-fr-requestgroup-for-prescription.html" : "FrRequestGroupForPrescrption",
      "StructureDefinition-fr-on-admission-retroactive-reconciliation-composition.html" : "FrOnAdmissionRetroactiveReconciliationComposition",
      "StructureDefinition-fr-inpatient-medication-dispense.html" : "FrInpatientMedicationDispense",
      "StructureDefinition-fr-medication-compound.html" : "FrMedicationCompound",
      "StructureDefinition-fr-medication-reconciliation-statement.html" : "FrMedicationReconciliationMedicationStatement",
      "StructureDefinition-fr-prescription-bundle-for-example.html" : "FrPrescriptionBunbleForExample",
      "StructureDefinition-fr-medication-history-medicationstatement.html" : "FrMedicationHistoryMedicationStatement",
      "StructureDefinition-fr-on-admission-medication-composition.html" : "FrOnAdmissionMedicationComposition",
      "StructureDefinition-fr-medication-history-composition.html" : "FrMedicationHistoryComposition",
      "StructureDefinition-fr-medication-noncompound.html" : "FrMedicationNonCompound",
      "StructureDefinition-fr-observation-for-prescription.html" : "FrObservationForPrescription",
      "StructureDefinition-fr-medication.html" : "FrMedication",
      "StructureDefinition-fr-inpatient-medicationrequest.html" : "FrInpatientMedicationRequest"
    },
    {
      "url" : "http://hl7.org/fhir/ValueSet/list-empty-reason",
      "version" : "4.0.1",
      "status" : "draft",
      "name" : "ListEmptyReasons",
      "title" : "List Empty Reasons",
      "description" : "General reasons for a list to be empty. Reasons are either related to a summary list (i.e. problem or medication list) or to a workflow related list (i.e. consultation list).",
      "systems" : ["http://terminology.hl7.org/CodeSystem/list-empty-reason"],
      "oids" : ["2.16.840.1.113883.4.642.3.322"],
      "sources" : ["2.16.840.1.113883.4.642.3.322"],
      "uses" : {
      },
      "StructureDefinition-fr-current-medication-composition.html" : "FrCurrentMedicationComposition",
      "StructureDefinition-fr-on-admission-medication-composition.html" : "FrOnAdmissionMedicationComposition",
      "StructureDefinition-fr-medication-history-composition.html" : "FrMedicationHistoryComposition",
      "StructureDefinition-fr-medication-reconciliation-composition.html" : "FrMedicationReconciliationComposition",
      "StructureDefinition-fr-on-admission-retroactive-reconciliation-composition.html" : "FrOnAdmissionRetroactiveReconciliationComposition"
    },
    {
      "url" : "http://hl7.org/fhir/ValueSet/list-mode",
      "version" : "4.0.1",
      "status" : "draft",
      "name" : "ListMode",
      "title" : "ListMode",
      "description" : "The processing mode that applies to this list.",
      "systems" : ["http://hl7.org/fhir/list-mode"],
      "oids" : ["2.16.840.1.113883.4.642.3.318"],
      "sources" : ["2.16.840.1.113883.4.642.3.318"],
      "uses" : {
      },
      "StructureDefinition-fr-current-medication-composition.html" : "FrCurrentMedicationComposition",
      "StructureDefinition-fr-on-admission-medication-composition.html" : "FrOnAdmissionMedicationComposition",
      "StructureDefinition-fr-medication-history-composition.html" : "FrMedicationHistoryComposition",
      "StructureDefinition-fr-medication-reconciliation-composition.html" : "FrMedicationReconciliationComposition",
      "StructureDefinition-fr-on-admission-retroactive-reconciliation-composition.html" : "FrOnAdmissionRetroactiveReconciliationComposition"
    },
    {
      "url" : "http://hl7.org/fhir/ValueSet/list-order",
      "version" : "4.0.1",
      "status" : "draft",
      "name" : "ListOrderCodes",
      "title" : "List Order Codes",
      "description" : "Base values for the order of the items in a list resource.",
      "systems" : ["http://terminology.hl7.org/CodeSystem/list-order"],
      "oids" : ["2.16.840.1.113883.4.642.3.324"],
      "sources" : ["2.16.840.1.113883.4.642.3.324"],
      "uses" : {
      },
      "StructureDefinition-fr-current-medication-composition.html" : "FrCurrentMedicationComposition",
      "StructureDefinition-fr-on-admission-medication-composition.html" : "FrOnAdmissionMedicationComposition",
      "StructureDefinition-fr-medication-history-composition.html" : "FrMedicationHistoryComposition",
      "StructureDefinition-fr-medication-reconciliation-composition.html" : "FrMedicationReconciliationComposition",
      "StructureDefinition-fr-on-admission-retroactive-reconciliation-composition.html" : "FrOnAdmissionRetroactiveReconciliationComposition"
    },
    {
      "url" : "http://hl7.org/fhir/ValueSet/medication-as-needed-reason",
      "version" : "4.0.1",
      "status" : "draft",
      "name" : "SNOMEDCTMedicationAsNeededReasonCodes",
      "title" : "SNOMED CT Medication As Needed Reason Codes",
      "description" : "This value set includes all clinical findings from SNOMED CT - provided as an exemplar value set.",
      "systems" : ["http://snomed.info/sct"],
      "oids" : ["2.16.840.1.113883.4.642.3.96"],
      "sources" : ["2.16.840.1.113883.4.642.3.96"],
      "uses" : {
      },
      "StructureDefinition-fr-medication-reconciliation-statement.html" : "FrMedicationReconciliationMedicationStatement",
      "StructureDefinition-fr-medication-history-medicationstatement.html" : "FrMedicationHistoryMedicationStatement",
      "StructureDefinition-fr-current-medication-medicationstatement.html" : "FrCurrentMedicationMedicationStatement",
      "StructureDefinition-fr-inpatient-medicationrequest.html" : "FrInpatientMedicationRequest"
    },
    {
      "url" : "http://hl7.org/fhir/ValueSet/medication-codes",
      "version" : "4.0.1",
      "status" : "draft",
      "name" : "SNOMEDCTMedicationCodes",
      "title" : "SNOMED CT Medication Codes",
      "description" : "This value set includes all drug or medicament substance codes and all pharmaceutical/biologic products from SNOMED CT - provided as an exemplar value set.",
      "systems" : ["http://snomed.info/sct"],
      "oids" : ["2.16.840.1.113883.4.642.3.375"],
      "sources" : ["2.16.840.1.113883.4.642.3.375"],
      "uses" : {
      },
      "StructureDefinition-fr-inpatient-medication-dispense.html" : "FrInpatientMedicationDispense",
      "StructureDefinition-fr-medication-compound.html" : "FrMedicationCompound",
      "StructureDefinition-fr-medication-noncompound.html" : "FrMedicationNonCompound",
      "StructureDefinition-fr-medication.html" : "FrMedication",
      "StructureDefinition-fr-inpatient-medicationrequest.html" : "FrInpatientMedicationRequest"
    },
    {
      "url" : "http://hl7.org/fhir/ValueSet/medication-form-codes",
      "version" : "4.0.1",
      "status" : "draft",
      "name" : "SNOMEDCTFormCodes",
      "title" : "SNOMED CT Form Codes",
      "description" : "This value set includes all dose form codes from SNOMED CT - provided as an exemplar.",
      "systems" : ["http://snomed.info/sct"],
      "oids" : ["2.16.840.1.113883.4.642.3.374"],
      "sources" : ["2.16.840.1.113883.4.642.3.374"],
      "uses" : {
      },
      "StructureDefinition-fr-medication.html" : "FrMedication"
    },
    {
      "url" : "http://hl7.org/fhir/ValueSet/medication-ingredientstrength",
      "version" : "0.1.0",
      "status" : "draft",
      "name" : "MedicationIngredientStrengthCodes",
      "title" : null,
      "description" : "Medication Ingredient Strength Codes",
      "systems" : [
        "http://hl7.org/fhir/CodeSystem/medication-ingredientstrength"
      ],
      "oids" : ["2.16.840.1.113883.4.642.3.1426"],
      "sources" : ["2.16.840.1.113883.4.642.3.1426"],
      "uses" : {
      },
      "StructureDefinition-fr-strength-codeableconcept.html" : "Strength CodeableConcept"
    },
    {
      "url" : "http://hl7.org/fhir/ValueSet/medication-statement-category",
      "version" : "4.0.1",
      "status" : "draft",
      "name" : "Medication usage category codes",
      "title" : "Medication usage category codes",
      "description" : "Medication Status Codes",
      "systems" : [
        "http://terminology.hl7.org/CodeSystem/medication-statement-category"
      ],
      "oids" : ["2.16.840.1.113883.4.642.3.370"],
      "sources" : ["2.16.840.1.113883.4.642.3.370"],
      "uses" : {
      },
      "StructureDefinition-fr-medication-reconciliation-statement.html" : "FrMedicationReconciliationMedicationStatement",
      "StructureDefinition-fr-medication-history-medicationstatement.html" : "FrMedicationHistoryMedicationStatement",
      "StructureDefinition-fr-current-medication-medicationstatement.html" : "FrCurrentMedicationMedicationStatement"
    },
    {
      "url" : "http://hl7.org/fhir/ValueSet/medication-statement-status",
      "version" : "4.0.1",
      "status" : "draft",
      "name" : "Medication Status Codes",
      "title" : "Medication  status  codes",
      "description" : "Medication Status Codes",
      "systems" : ["http://hl7.org/fhir/CodeSystem/medication-statement-status"],
      "oids" : ["2.16.840.1.113883.4.642.3.367"],
      "sources" : ["2.16.840.1.113883.4.642.3.367"],
      "uses" : {
      },
      "StructureDefinition-fr-medication-reconciliation-statement.html" : "FrMedicationReconciliationMedicationStatement",
      "StructureDefinition-fr-medication-history-medicationstatement.html" : "FrMedicationHistoryMedicationStatement",
      "StructureDefinition-fr-current-medication-medicationstatement.html" : "FrCurrentMedicationMedicationStatement"
    },
    {
      "url" : "http://hl7.org/fhir/ValueSet/medication-status",
      "version" : "4.0.1",
      "status" : "draft",
      "name" : "Medication Status Codes",
      "title" : "Medication  status  codes",
      "description" : "Medication Status Codes",
      "systems" : ["http://hl7.org/fhir/CodeSystem/medication-status"],
      "oids" : ["2.16.840.1.113883.4.642.3.376"],
      "sources" : ["2.16.840.1.113883.4.642.3.376"],
      "uses" : {
      },
      "StructureDefinition-fr-medication-compound.html" : "FrMedicationCompound",
      "StructureDefinition-fr-medication-noncompound.html" : "FrMedicationNonCompound",
      "StructureDefinition-fr-medication.html" : "FrMedication"
    },
    {
      "url" : "http://hl7.org/fhir/ValueSet/medicationdispense-category",
      "version" : "4.0.1",
      "status" : "draft",
      "name" : "MedicationDispense Category Codes",
      "title" : "Medication dispense  category  codes",
      "description" : "MedicationDispense Category Codes",
      "systems" : [
        "http://terminology.hl7.org/fhir/CodeSystem/medicationdispense-category"
      ],
      "oids" : ["2.16.840.1.113883.4.642.3.1314"],
      "sources" : ["2.16.840.1.113883.4.642.3.1314"],
      "uses" : {
      },
      "StructureDefinition-fr-inpatient-medication-dispense.html" : "FrInpatientMedicationDispense"
    },
    {
      "url" : "http://hl7.org/fhir/ValueSet/medicationdispense-performer-function",
      "version" : "4.0.1",
      "status" : "draft",
      "name" : "MedicationDispense Performer Function Codes",
      "title" : "Medication dispense  performer  function  codes",
      "description" : "MedicationDispense Performer Function Codes",
      "systems" : [
        "http://terminology.hl7.org/CodeSystem/medicationdispense-performer-function"
      ],
      "oids" : ["2.16.840.1.113883.4.642.3.1318"],
      "sources" : ["2.16.840.1.113883.4.642.3.1318"],
      "uses" : {
      },
      "StructureDefinition-fr-inpatient-medication-dispense.html" : "FrInpatientMedicationDispense"
    },
    {
      "url" : "http://hl7.org/fhir/ValueSet/medicationdispense-status",
      "version" : "4.0.1",
      "status" : "draft",
      "name" : "MedicationDispense Status Codes",
      "title" : "Medication dispense  status  codes",
      "description" : "MedicationDispense Status Codes",
      "systems" : [
        "http://terminology.hl7.org/CodeSystem/medicationdispense-status"
      ],
      "oids" : ["2.16.840.1.113883.4.642.3.1312"],
      "sources" : ["2.16.840.1.113883.4.642.3.1312"],
      "uses" : {
      },
      "StructureDefinition-fr-inpatient-medication-dispense.html" : "FrInpatientMedicationDispense"
    },
    {
      "url" : "http://hl7.org/fhir/ValueSet/medicationdispense-status-reason",
      "version" : "4.0.1",
      "status" : "draft",
      "name" : "MedicationDispense Status Reason Codes",
      "title" : "Medication dispense  status  reason  codes",
      "description" : "MedicationDispense Status Codes",
      "systems" : [
        "http://terminology.hl7.org/fhir/CodeSystem/medicationdispense-status-reason"
      ],
      "oids" : ["2.16.840.1.113883.4.642.3.1316"],
      "sources" : ["2.16.840.1.113883.4.642.3.1316"],
      "uses" : {
      },
      "StructureDefinition-fr-inpatient-medication-dispense.html" : "FrInpatientMedicationDispense"
    },
    {
      "url" : "http://hl7.org/fhir/ValueSet/medicationknowledge-characteristic",
      "version" : "4.0.1",
      "status" : "draft",
      "name" : "medicationKnowledge Characteristic Codes",
      "title" : "Medication knowledge  characteristic  codes",
      "description" : "MedicationKnowledge Characteristic Codes",
      "systems" : [
        "http://terminology.hl7.org/CodeSystem/medicationknowledge-characteristic"
      ],
      "oids" : ["2.16.840.1.113883.4.642.3.1337"],
      "sources" : ["2.16.840.1.113883.4.642.3.1337"],
      "uses" : {
      },
      "StructureDefinition-fr-drug-characteristic.html" : "Medication descriptive properties"
    },
    {
      "url" : "http://hl7.org/fhir/ValueSet/medicationrequest-category",
      "version" : "4.0.1",
      "status" : "draft",
      "name" : "medicationRequest Category Codes",
      "title" : "Medication request  category  codes",
      "description" : "MedicationRequest Category Codes",
      "systems" : [
        "http://terminology.hl7.org/CodeSystem/medicationrequest-category"
      ],
      "oids" : ["2.16.840.1.113883.4.642.3.1322"],
      "sources" : ["2.16.840.1.113883.4.642.3.1322"],
      "uses" : {
      },
      "StructureDefinition-fr-inpatient-medicationrequest.html" : "FrInpatientMedicationRequest"
    },
    {
      "url" : "http://hl7.org/fhir/ValueSet/medicationrequest-course-of-therapy",
      "version" : "4.0.1",
      "status" : "draft",
      "name" : "medicationRequest Course of Therapy Codes",
      "title" : "Medication request  course of  therapy  codes",
      "description" : "MedicationRequest Course of Therapy Codes",
      "systems" : [
        "http://terminology.hl7.org/CodeSystem/medicationrequest-course-of-therapy"
      ],
      "oids" : ["2.16.840.1.113883.4.642.3.1326"],
      "sources" : ["2.16.840.1.113883.4.642.3.1326"],
      "uses" : {
      },
      "StructureDefinition-fr-inpatient-medicationrequest.html" : "FrInpatientMedicationRequest"
    },
    {
      "url" : "http://hl7.org/fhir/ValueSet/medicationrequest-intent",
      "version" : "4.0.1",
      "status" : "draft",
      "name" : "medicationRequest Intent",
      "title" : "Medication request  intent",
      "description" : "MedicationRequest Intent Codes",
      "systems" : ["http://hl7.org/fhir/CodeSystem/medicationrequest-intent"],
      "oids" : ["2.16.840.1.113883.4.642.3.1321"],
      "sources" : ["2.16.840.1.113883.4.642.3.1321"],
      "uses" : {
      },
      "StructureDefinition-fr-inpatient-medicationrequest.html" : "FrInpatientMedicationRequest"
    },
    {
      "url" : "http://hl7.org/fhir/ValueSet/medicationrequest-status",
      "version" : "4.0.1",
      "status" : "draft",
      "name" : "medicationrequest Status",
      "title" : "Medicationrequest  status",
      "description" : "MedicationRequest Status Codes",
      "systems" : ["http://hl7.org/fhir/CodeSystem/medicationrequest-status"],
      "oids" : ["2.16.840.1.113883.4.642.3.1320"],
      "sources" : ["2.16.840.1.113883.4.642.3.1320"],
      "uses" : {
      },
      "StructureDefinition-fr-inpatient-medicationrequest.html" : "FrInpatientMedicationRequest"
    },
    {
      "url" : "http://hl7.org/fhir/ValueSet/medicationrequest-status-reason",
      "version" : "4.0.1",
      "status" : "draft",
      "name" : "medicationRequest Status Reason Codes",
      "title" : "Medication request  status  reason  codes",
      "description" : "MedicationRequest Status Reason Codes",
      "systems" : [
        "http://terminology.hl7.org/CodeSystem/medicationrequest-status-reason"
      ],
      "oids" : ["2.16.840.1.113883.4.642.3.1324"],
      "sources" : ["2.16.840.1.113883.4.642.3.1324"],
      "uses" : {
      },
      "StructureDefinition-fr-inpatient-medicationrequest.html" : "FrInpatientMedicationRequest"
    },
    {
      "url" : "http://hl7.org/fhir/ValueSet/observation-category",
      "version" : "4.0.1",
      "status" : "draft",
      "name" : "ObservationCategoryCodes",
      "title" : "Observation Category Codes",
      "description" : "Observation Category codes.",
      "systems" : ["http://terminology.hl7.org/CodeSystem/observation-category"],
      "oids" : ["2.16.840.1.113883.4.642.3.403"],
      "sources" : ["2.16.840.1.113883.4.642.3.403"],
      "uses" : {
      },
      "StructureDefinition-fr-observation-for-prescription.html" : "FrObservationForPrescription"
    },
    {
      "url" : "http://hl7.org/fhir/ValueSet/observation-codes",
      "version" : "4.0.1",
      "status" : "draft",
      "name" : "LOINCCodes",
      "title" : "LOINC Codes",
      "description" : "This value set includes all LOINC codes",
      "systems" : ["http://loinc.org"],
      "oids" : ["2.16.840.1.113883.4.642.3.396"],
      "sources" : ["2.16.840.1.113883.4.642.3.396"],
      "uses" : {
      },
      "StructureDefinition-fr-observation-for-prescription.html" : "FrObservationForPrescription"
    },
    {
      "url" : "http://hl7.org/fhir/ValueSet/observation-interpretation",
      "version" : "4.0.1",
      "status" : "active",
      "name" : "ObservationInterpretationCodes",
      "title" : "Observation Interpretation Codes",
      "description" : "A categorical assessment, providing a rough qualitative interpretation of the observation value,    such as “normal”/ “abnormal”,”low” / “high”, “better” / “worse”, “susceptible” / “resistant”, “expected”/ “not expected”.    The value set is intended to be for ANY use where coded representation of an interpretation is needed.   \r\n   \r\n   Notes:\r\n   \r\n   This is being communicated in v2.x in OBX-8 (Observation Interpretation), in v3 in ObservationInterpretation (CWE) in R1 (Representative Realm) and in FHIR in    Observation.interpretation. Historically these values come from the laboratory domain, and these codes are extensively    used. The value set binding is extensible, so codes outside the value set that are needed for interpretation concepts    (i.e. particular meanings) that are not included in the value set can be used, and these new codes may also be added to    the value set and published in a future version.",
      "systems" : [
        "http://terminology.hl7.org/CodeSystem/v3-ObservationInterpretation"
      ],
      "oids" : ["2.16.840.1.113883.4.642.3.399"],
      "sources" : ["2.16.840.1.113883.4.642.3.399"],
      "uses" : {
      },
      "StructureDefinition-fr-observation-for-prescription.html" : "FrObservationForPrescription"
    },
    {
      "url" : "http://hl7.org/fhir/ValueSet/observation-methods",
      "version" : "4.0.1",
      "status" : "draft",
      "name" : "ObservationMethods",
      "title" : "Observation Methods",
      "description" : "Observation Method codes from [SNOMED CT](http://snomed.info/sct) where concept is-a 272394005 (Technique (qualifier value)) or is-a 129264002 (Action (qualifier value)) or is-a 386053000 (Evaluation procedure(procedure))",
      "systems" : ["http://snomed.info/sct"],
      "oids" : ["2.16.840.1.113883.4.642.3.395"],
      "sources" : ["2.16.840.1.113883.4.642.3.395"],
      "uses" : {
      },
      "StructureDefinition-fr-observation-for-prescription.html" : "FrObservationForPrescription"
    },
    {
      "url" : "http://hl7.org/fhir/ValueSet/observation-status",
      "version" : "4.0.1",
      "status" : "active",
      "name" : "ObservationStatus",
      "title" : "ObservationStatus",
      "description" : "Codes providing the status of an observation.",
      "systems" : ["http://hl7.org/fhir/observation-status"],
      "oids" : ["2.16.840.1.113883.4.642.3.400"],
      "sources" : ["2.16.840.1.113883.4.642.3.400"],
      "uses" : {
      },
      "StructureDefinition-fr-observation-for-prescription.html" : "FrObservationForPrescription"
    },
    {
      "url" : "http://hl7.org/fhir/ValueSet/performer-role",
      "version" : "4.0.1",
      "status" : "draft",
      "name" : "ProcedurePerformerRoleCodes",
      "title" : "Procedure Performer Role Codes",
      "description" : "This example value set defines the set of codes that can be used to indicate a role of a procedure performer.",
      "systems" : ["http://snomed.info/sct"],
      "oids" : ["2.16.840.1.113883.4.642.3.433"],
      "sources" : ["2.16.840.1.113883.4.642.3.433"],
      "uses" : {
      },
      "StructureDefinition-fr-inpatient-medicationrequest.html" : "FrInpatientMedicationRequest"
    },
    {
      "url" : "http://hl7.org/fhir/ValueSet/quantity-comparator",
      "version" : "4.0.1",
      "status" : "active",
      "name" : "QuantityComparator",
      "title" : "QuantityComparator",
      "description" : "How the Quantity should be understood and represented.",
      "systems" : ["http://hl7.org/fhir/quantity-comparator"],
      "oids" : ["2.16.840.1.113883.4.642.3.59"],
      "sources" : ["2.16.840.1.113883.4.642.3.59"],
      "uses" : {
      },
      "StructureDefinition-FrSimpleQuantityMedication.html" : "SimpleQuantity with UCUM or EDQM quantity unit",
      "StructureDefinition-fr-inpatient-medicationrequest.html" : "FrInpatientMedicationRequest"
    },
    {
      "url" : "http://hl7.org/fhir/ValueSet/reason-medication-status-codes",
      "version" : "4.0.1",
      "status" : "draft",
      "name" : "SNOMEDCTDrugTherapyStatusCodes",
      "title" : "SNOMED CT Drug Therapy Status codes ",
      "description" : "This value set includes some taken and not taken reason codes from SNOMED CT - provided as an exemplar",
      "systems" : ["http://snomed.info/sct"],
      "oids" : ["2.16.840.1.113883.4.642.3.369"],
      "sources" : ["2.16.840.1.113883.4.642.3.369"],
      "uses" : {
      },
      "StructureDefinition-fr-medication-reconciliation-statement.html" : "FrMedicationReconciliationMedicationStatement",
      "StructureDefinition-fr-medication-history-medicationstatement.html" : "FrMedicationHistoryMedicationStatement",
      "StructureDefinition-fr-current-medication-medicationstatement.html" : "FrCurrentMedicationMedicationStatement"
    },
    {
      "url" : "http://hl7.org/fhir/ValueSet/referencerange-appliesto",
      "version" : "4.0.1",
      "status" : "draft",
      "name" : "ObservationReferenceRangeAppliesToCodes",
      "title" : "Observation Reference Range Applies To Codes",
      "description" : "This value set defines a set of codes that can be used to indicate the particular target population the reference range applies to.",
      "systems" : [
        "http://terminology.hl7.org/CodeSystem/v3-Race",
        "http://snomed.info/sct"
      ],
      "oids" : ["2.16.840.1.113883.4.642.3.407"],
      "sources" : ["2.16.840.1.113883.4.642.3.407"],
      "uses" : {
      },
      "StructureDefinition-fr-observation-for-prescription.html" : "FrObservationForPrescription"
    },
    {
      "url" : "http://hl7.org/fhir/ValueSet/referencerange-meaning",
      "version" : "4.0.1",
      "status" : "draft",
      "name" : "ObservationReferenceRangeMeaningCodes",
      "title" : "Observation Reference Range Meaning Codes",
      "description" : "This value set defines a set of codes that can be used to indicate the meaning/use of a reference range for a particular target population.",
      "systems" : [
        "http://terminology.hl7.org/CodeSystem/referencerange-meaning"
      ],
      "oids" : ["2.16.840.1.113883.4.642.3.397"],
      "sources" : ["2.16.840.1.113883.4.642.3.397"],
      "uses" : {
      },
      "StructureDefinition-fr-observation-for-prescription.html" : "FrObservationForPrescription"
    },
    {
      "url" : "http://hl7.org/fhir/ValueSet/request-intent",
      "version" : "4.0.1",
      "status" : "draft",
      "name" : "RequestIntent",
      "title" : "RequestIntent",
      "description" : "Codes indicating the degree of authority/intentionality associated with a request.",
      "systems" : ["http://hl7.org/fhir/request-intent"],
      "oids" : ["2.16.840.1.113883.4.642.3.113"],
      "sources" : ["2.16.840.1.113883.4.642.3.113"],
      "uses" : {
      },
      "StructureDefinition-fr-requestgroup-for-prescription.html" : "FrRequestGroupForPrescrption"
    },
    {
      "url" : "http://hl7.org/fhir/ValueSet/request-priority",
      "version" : "4.0.1",
      "status" : "draft",
      "name" : "RequestPriority",
      "title" : "Request priority",
      "description" : "The clinical priority of a diagnostic order.",
      "systems" : ["http://hl7.org/fhir/request-priority"],
      "oids" : ["2.16.840.1.113883.4.642.3.115"],
      "sources" : ["2.16.840.1.113883.4.642.3.115"],
      "uses" : {
      },
      "StructureDefinition-fr-requestgroup-for-prescription.html" : "FrRequestGroupForPrescrption",
      "StructureDefinition-fr-inpatient-medicationrequest.html" : "FrInpatientMedicationRequest"
    },
    {
      "url" : "http://hl7.org/fhir/ValueSet/request-status",
      "version" : "4.0.1",
      "status" : "draft",
      "name" : "RequestStatus",
      "title" : "RequestStatus",
      "description" : "Codes identifying the lifecycle stage of a request.",
      "systems" : ["http://hl7.org/fhir/request-status"],
      "oids" : ["2.16.840.1.113883.4.642.3.111"],
      "sources" : ["2.16.840.1.113883.4.642.3.111"],
      "uses" : {
      },
      "StructureDefinition-fr-requestgroup-for-prescription.html" : "FrRequestGroupForPrescrption"
    },
    {
      "url" : "http://hl7.org/fhir/ValueSet/resource-types",
      "version" : "4.0.1",
      "status" : "active",
      "name" : "ResourceType",
      "title" : "ResourceType",
      "description" : "One of the resource types defined as part of this version of FHIR.",
      "systems" : ["http://hl7.org/fhir/resource-types"],
      "oids" : ["2.16.840.1.113883.4.642.3.27"],
      "sources" : ["2.16.840.1.113883.4.642.3.27"],
      "uses" : {
      },
      "StructureDefinition-fr-current-medication-composition.html" : "FrCurrentMedicationComposition",
      "StructureDefinition-fr-medication-reconciliation-statement.html" : "FrMedicationReconciliationMedicationStatement",
      "StructureDefinition-fr-medication-history-medicationstatement.html" : "FrMedicationHistoryMedicationStatement",
      "StructureDefinition-fr-on-admission-medication-composition.html" : "FrOnAdmissionMedicationComposition",
      "StructureDefinition-fr-medication-history-composition.html" : "FrMedicationHistoryComposition",
      "StructureDefinition-fr-current-medication-medicationstatement.html" : "FrCurrentMedicationMedicationStatement",
      "StructureDefinition-fr-medication-reconciliation-composition.html" : "FrMedicationReconciliationComposition",
      "StructureDefinition-fr-inpatient-medicationrequest.html" : "FrInpatientMedicationRequest",
      "StructureDefinition-fr-on-admission-retroactive-reconciliation-composition.html" : "FrOnAdmissionRetroactiveReconciliationComposition"
    },
    {
      "url" : "http://hl7.org/fhir/ValueSet/route-codes",
      "version" : "4.0.1",
      "status" : "draft",
      "name" : "SNOMEDCTRouteCodes",
      "title" : "SNOMED CT Route Codes",
      "description" : "This value set includes all Route codes from SNOMED CT - provided as an exemplar.",
      "systems" : ["http://snomed.info/sct"],
      "oids" : ["2.16.840.1.113883.4.642.3.98"],
      "sources" : ["2.16.840.1.113883.4.642.3.98"],
      "uses" : {
      },
      "StructureDefinition-fr-medication-reconciliation-statement.html" : "FrMedicationReconciliationMedicationStatement",
      "StructureDefinition-fr-medication-history-medicationstatement.html" : "FrMedicationHistoryMedicationStatement",
      "StructureDefinition-fr-current-medication-medicationstatement.html" : "FrCurrentMedicationMedicationStatement"
    },
    {
      "url" : "http://hl7.org/fhir/ValueSet/search-entry-mode",
      "version" : "4.0.1",
      "status" : "active",
      "name" : "SearchEntryMode",
      "title" : "SearchEntryMode",
      "description" : "Why an entry is in the result set - whether it's included as a match or because of an _include requirement, or to convey information or warning information about the search process.",
      "systems" : ["http://hl7.org/fhir/search-entry-mode"],
      "oids" : ["2.16.840.1.113883.4.642.3.622"],
      "sources" : ["2.16.840.1.113883.4.642.3.622"],
      "uses" : {
      },
      "StructureDefinition-fr-prescription-bundle-for-example.html" : "FrPrescriptionBunbleForExample"
    },
    {
      "url" : "http://hl7.org/fhir/ValueSet/security-labels",
      "version" : "4.0.1",
      "status" : "active",
      "name" : "All Security Labels",
      "title" : "SecurityLabels",
      "description" : "A single value set for all security labels defined by FHIR.",
      "systems" : [
        "http://terminology.hl7.org/CodeSystem/v3-ActReason",
        "http://terminology.hl7.org/CodeSystem/v3-ActUSPrivacyLaw",
        "http://terminology.hl7.org/CodeSystem/v3-ObservationValue",
        "http://terminology.hl7.org/CodeSystem/v3-ActCode",
        "http://terminology.hl7.org/CodeSystem/v3-Confidentiality"
      ],
      "oids" : ["2.16.840.1.113883.4.642.3.47"],
      "sources" : ["2.16.840.1.113883.4.642.3.47"],
      "uses" : {
      },
      "StructureDefinition-fr-medication-reconciliation-statement.html" : "FrMedicationReconciliationMedicationStatement",
      "StructureDefinition-fr-medication-history-medicationstatement.html" : "FrMedicationHistoryMedicationStatement",
      "StructureDefinition-fr-medication.html" : "FrMedication"
    },
    {
      "url" : "http://hl7.org/fhir/ValueSet/timing-abbreviation",
      "version" : "4.0.1",
      "status" : "draft",
      "name" : "TimingAbbreviation",
      "title" : "TimingAbbreviation",
      "description" : "Code for a known / defined timing pattern.",
      "systems" : ["http://terminology.hl7.org/CodeSystem/v3-GTSAbbreviation"],
      "oids" : ["2.16.840.1.113883.4.642.3.78"],
      "sources" : ["2.16.840.1.113883.4.642.3.78"],
      "uses" : {
      },
      "StructureDefinition-fr-inpatient-medicationrequest.html" : "FrInpatientMedicationRequest"
    },
    {
      "url" : "http://hl7.org/fhir/ValueSet/units-of-time",
      "version" : "4.0.1",
      "status" : "active",
      "name" : "UnitsOfTime",
      "title" : "UnitsOfTime",
      "description" : "A unit of time (units from UCUM).",
      "systems" : ["http://unitsofmeasure.org"],
      "oids" : ["2.16.840.1.113883.4.642.3.77"],
      "sources" : ["2.16.840.1.113883.4.642.3.77"],
      "uses" : {
      },
      "StructureDefinition-fr-inpatient-medicationrequest.html" : "FrInpatientMedicationRequest"
    },
    {
      "url" : "http://terminology.hl7.org/ValueSet/v3-ActCode",
      "version" : "3.0.0",
      "status" : "active",
      "name" : "ActCode",
      "title" : "v3 Code System ActCode",
      "description" : "A code specifying the particular kind of Act that the Act-instance represents within its class.  Constraints:\r\nThe kind of Act (e.g. physical examination, serum potassium, inpatient encounter, charge financial transaction, etc.) is specified with a code from one of several, typically external, coding systems.  The coding system will depend on the class of Act, such as LOINC for observations, etc. Conceptually, the Act.code must be a specialization of the Act.classCode. This is why the structure of ActClass domain should be reflected in the superstructure of the ActCode domain and then individual codes or externally referenced vocabularies subordinated under these domains that reflect the ActClass structure. Act.classCode and Act.code are not modifiers of each other but the Act.code concept should really imply the Act.classCode concept. For a negative example, it is not appropriate to use an Act.code \"potassium\" together with and Act.classCode for \"laboratory observation\" to somehow mean \"potassium laboratory observation\" and then use the same Act.code for \"potassium\" together with Act.classCode for \"medication\" to mean \"substitution of potassium\". This mutually modifying use of Act.code and Act.classCode is not permitted.",
      "systems" : ["http://terminology.hl7.org/CodeSystem/v3-ActCode"],
      "uses" : {
      },
      "StructureDefinition-fr-current-medication-composition.html" : "FrCurrentMedicationComposition",
      "StructureDefinition-fr-on-admission-medication-composition.html" : "FrOnAdmissionMedicationComposition",
      "StructureDefinition-fr-medication-history-composition.html" : "FrMedicationHistoryComposition",
      "StructureDefinition-fr-medication-reconciliation-composition.html" : "FrMedicationReconciliationComposition",
      "StructureDefinition-fr-on-admission-retroactive-reconciliation-composition.html" : "FrOnAdmissionRetroactiveReconciliationComposition"
    },
    {
      "url" : "http://terminology.hl7.org/ValueSet/v3-ActPharmacySupplyType",
      "version" : "3.0.0",
      "status" : "active",
      "name" : "ActPharmacySupplyType",
      "title" : "ActPharmacySupplyType",
      "description" : "Identifies types of dispensing events",
      "systems" : ["http://terminology.hl7.org/CodeSystem/v3-ActCode"],
      "oids" : ["2.16.840.1.113883.1.11.16208"],
      "sources" : ["2.16.840.1.113883.1.11.16208"],
      "uses" : {
      },
      "StructureDefinition-fr-inpatient-medication-dispense.html" : "FrInpatientMedicationDispense"
    },
    {
      "url" : "http://terminology.hl7.org/ValueSet/v3-ActSubstanceAdminSubstitutionCode",
      "version" : "3.0.0",
      "status" : "active",
      "name" : "ActSubstanceAdminSubstitutionCode",
      "title" : "ActSubstanceAdminSubstitutionCode",
      "description" : "***No description***",
      "systems" : [
        "http://terminology.hl7.org/CodeSystem/v3-substanceAdminSubstitution"
      ],
      "oids" : ["2.16.840.1.113883.1.11.16621"],
      "sources" : ["2.16.840.1.113883.1.11.16621"],
      "uses" : {
      },
      "StructureDefinition-fr-inpatient-medication-dispense.html" : "FrInpatientMedicationDispense",
      "StructureDefinition-fr-inpatient-medicationrequest.html" : "FrInpatientMedicationRequest"
    },
    {
      "url" : "http://terminology.hl7.org/ValueSet/v3-ConfidentialityClassification",
      "version" : "2014-03-26",
      "status" : "active",
      "name" : "v3.ConfidentialityClassification",
      "title" : "V3 Value SetConfidentialityClassification",
      "description" : " Set of codes used to value Act.Confidentiality and Role.Confidentiality attribute in accordance with the definition for concept domain \"Confidentiality\".",
      "systems" : ["http://terminology.hl7.org/CodeSystem/v3-Confidentiality"],
      "oids" : ["2.16.840.1.113883.1.11.10228"],
      "sources" : ["2.16.840.1.113883.1.11.10228"],
      "uses" : {
      },
      "StructureDefinition-fr-current-medication-composition.html" : "FrCurrentMedicationComposition",
      "StructureDefinition-fr-on-admission-medication-composition.html" : "FrOnAdmissionMedicationComposition",
      "StructureDefinition-fr-medication-history-composition.html" : "FrMedicationHistoryComposition",
      "StructureDefinition-fr-medication-reconciliation-composition.html" : "FrMedicationReconciliationComposition",
      "StructureDefinition-fr-on-admission-retroactive-reconciliation-composition.html" : "FrOnAdmissionRetroactiveReconciliationComposition"
    },
    {
      "url" : "http://terminology.hl7.org/ValueSet/v3-SubstanceAdminSubstitutionReason",
      "version" : "3.0.0",
      "status" : "active",
      "name" : "SubstanceAdminSubstitutionReason",
      "title" : "SubstanceAdminSubstitutionReason",
      "description" : "***No description***",
      "systems" : ["http://terminology.hl7.org/CodeSystem/v3-ActReason"],
      "oids" : ["2.16.840.1.113883.1.11.19377"],
      "sources" : ["2.16.840.1.113883.1.11.19377"],
      "uses" : {
      },
      "StructureDefinition-fr-inpatient-medication-dispense.html" : "FrInpatientMedicationDispense",
      "StructureDefinition-fr-inpatient-medicationrequest.html" : "FrInpatientMedicationRequest"
    },
    {
      "url" : "https://hl7.fr/fhir/fr/medication/ValueSet/FrMethodOfAdministration",
      "version" : "0.1.0",
      "status" : "draft",
      "name" : "FrMethodOfAdministration",
      "title" : "French Method Of Administration",
      "description" : "Le jeu de valeurs à utiliser pour coder l'élément *dosageInstruction.method* de la ressource *FrMedicationRequest*.",
      "systems" : ["http://standardterms.edqm.eu"],
      "uses" : {
      },
      "StructureDefinition-fr-inpatient-medicationrequest.html" : "FrInpatientMedicationRequest"
    },
    {
      "url" : "https://hl7.fr/fhir/fr/medication/ValueSet/fr-additional-when-codes",
      "version" : "0.1.0",
      "status" : "draft",
      "name" : "FrAdditionalWhenCodes",
      "title" : "value set Interop'Santé - Codes additionnels pour l'élément when",
      "description" : "Le jeu de valeurs à utiliser pour coder des périodes d'occurrence qui ne sont pas dans le jeu de valeurs http://hl7.org/fhir/ValueSet/event-timing.",
      "systems" : [
        "https://hl7.fr/fhir/fr/medication/CodeSystem/fr-additional-when-codes"
      ],
      "uses" : {
      },
      "StructureDefinition-fr-additional-when-values.html" : "Additional values for when element"
    },
    {
      "url" : "https://hl7.fr/fhir/fr/medication/ValueSet/fr-current-medication-document-type",
      "version" : "0.1.0",
      "status" : "draft",
      "name" : "FrCurrentMedicationDocumentType",
      "title" : "value set Interop'Santé - type de document de la ressource Composition d'une FCT",
      "description" : "Le jeu de valeurs à utiliser pour coder le type de document de la ressource *Composition* d'une liste des Traitements Médicamenteux Courants.",
      "systems" : [
        "https://hl7.fr/fhir/fr/medication/CodeSystem/fr-document-type"
      ],
      "uses" : {
      },
      "StructureDefinition-fr-current-medication-composition.html" : "FrCurrentMedicationComposition",
      "StructureDefinition-fr-on-admission-medication-composition.html" : "FrOnAdmissionMedicationComposition"
    },
    {
      "url" : "https://hl7.fr/fhir/fr/medication/ValueSet/fr-editorial-status",
      "version" : "0.1.0",
      "status" : "draft",
      "name" : "FrEditorialStatus",
      "title" : "value set Interop'Santé - Statut éditorial d'une valeur",
      "description" : "Le jeu de valeurs à utiliser pour coder le statut éditorial d'une valeur.",
      "systems" : [
        "https://hl7.fr/fhir/fr/medication/CodeSystem/fr-editorial-status"
      ],
      "uses" : {
      },
      "StructureDefinition-fr-medicationstatement-reconciliation-properties.html" : "FrMedicationStatementReconciliationProperties"
    },
    {
      "url" : "https://hl7.fr/fhir/fr/medication/ValueSet/fr-medication-code",
      "version" : "0.1.0",
      "status" : "draft",
      "name" : "FrMedicationCodes",
      "title" : "value set Interop'Santé - Codes identifiant les médicaments",
      "description" : "Le jeu de valeurs à utiliser pour indiquer le médicament dans Medication.code.coding.code",
      "systems" : [
        "http://data.esante.gouv.fr/ansm/medicament/codeSMS",
        "http://data.esante.gouv.fr/ansm/medicament/substance",
        "http://data.esante.gouv.fr/ansm/medicament/UCD"
      ],
      "uses" : {
      },
      "StructureDefinition-fr-medication-noncompound.html" : "FrMedicationNonCompound"
    },
    {
      "url" : "https://hl7.fr/fhir/fr/medication/ValueSet/fr-medication-history-source-type",
      "version" : "0.1.0",
      "status" : "draft",
      "name" : "FrMedicationHistorySourceType",
      "title" : "value set SIPh - Nature des sources d'un Bilan Médicamenteux",
      "description" : "Un jeu de valeurs à utiliser pour coder les sources d'un Bilan Médicamenteux.",
      "systems" : [
        "https://hl7.fr/fhir/fr/medication/CodeSystem/fr-medication-history-source-type"
      ],
      "uses" : {
      },
      "StructureDefinition-fr-medication-history-sources.html" : "FrMedicationHistorySources"
    },
    {
      "url" : "https://hl7.fr/fhir/fr/medication/ValueSet/fr-medication-reconciliation-document-type",
      "version" : "0.1.0",
      "status" : "draft",
      "name" : "FrMedicationReconciliationDocumentType",
      "title" : "value set Interop'Santé - type de document de la ressource Composition d'une FCT",
      "description" : "Le jeu de valeurs à utiliser pour coder le type de document de la ressource *Composition* d'une FCT (Fiche de Conciliation des Traitements médicamenteux).",
      "systems" : [
        "https://hl7.fr/fhir/fr/medication/CodeSystem/fr-document-type"
      ],
      "uses" : {
      },
      "StructureDefinition-fr-medication-reconciliation-composition.html" : "FrMedicationReconciliationComposition",
      "StructureDefinition-fr-on-admission-retroactive-reconciliation-composition.html" : "FrOnAdmissionRetroactiveReconciliationComposition"
    },
    {
      "url" : "https://hl7.fr/fhir/fr/medication/ValueSet/fr-medication-reconciliation-outcome",
      "version" : "0.1.0",
      "status" : "draft",
      "name" : "FrMedicationReconciliationOutcome",
      "title" : "value set Interop'Santé - Gravité de l'erreur sur une ligne de traitement d'une FCT",
      "description" : "Le jeu de valeurs à utiliser pour coder la gravité de l'erreur sur une ligne de traitement d'une FCT (Fiche de Conciliation des Traitements médicamenteux).",
      "systems" : [
        "https://hl7.fr/fhir/fr/medication/CodeSystem/fr-medication-reconciliation-outcome"
      ],
      "uses" : {
      },
      "StructureDefinition-fr-medicationstatement-reconciliation-properties.html" : "FrMedicationStatementReconciliationProperties"
    },
    {
      "url" : "https://hl7.fr/fhir/fr/medication/ValueSet/fr-medication-reconciliation-qualified-discrepancy",
      "version" : "0.1.0",
      "status" : "draft",
      "name" : "FrMedicationReconciliationQualifiedDiscrepancy",
      "title" : "value set Interop'Santé - qualification de la divergence identifiée sur une ligne de traitement d'une FCT",
      "description" : "Le jeu de valeurs à utiliser pour coder la qualification de la divergence identifiée sur une ligne de traitement d'une FCT (Fiche de Conciliation des Traitements médicamenteux).",
      "systems" : [
        "https://hl7.fr/fhir/fr/medication/CodeSystem/fr-medication-reconciliation-discrepancy"
      ],
      "uses" : {
      },
      "StructureDefinition-fr-medicationstatement-reconciliation-properties.html" : "FrMedicationStatementReconciliationProperties"
    },
    {
      "url" : "https://hl7.fr/fhir/fr/medication/ValueSet/fr-medication-reconciliation-resolution",
      "version" : "0.1.0",
      "status" : "draft",
      "name" : "FrMedicationReconciliationResolution",
      "title" : "value set Interop'Santé - Résolution d'une divergence sur une ligne de traitement d'une FCT",
      "description" : "Un jeu de valeurs à utiliser pour coder la résolution d'une divergence sur une ligne de traitement d'une FCT (Fiche de Conciliation des Traitements médicamenteux).",
      "systems" : [
        "https://hl7.fr/fhir/fr/medication/CodeSystem/fr-medication-reconciliation-resolution"
      ],
      "uses" : {
      },
      "StructureDefinition-fr-medicationstatement-reconciliation-properties.html" : "FrMedicationStatementReconciliationProperties"
    },
    {
      "url" : "https://hl7.fr/fhir/fr/medication/ValueSet/fr-medication-reconciliation-status",
      "version" : "0.1.0",
      "status" : "draft",
      "name" : "FrMedicationReconciliationStatus",
      "title" : "value set Interop'Santé - Statut d'une ligne de traitement d'une FCT",
      "description" : "Le jeu de valeurs à utiliser pour coder le statut d'une ligne de traitement d'une FCT (Fiche de Conciliation des Traitements médicamenteux).",
      "systems" : [
        "https://hl7.fr/fhir/fr/medication/CodeSystem/fr-medication-reconciliation-status"
      ],
      "uses" : {
      },
      "StructureDefinition-fr-medicationstatement-reconciliation-properties.html" : "FrMedicationStatementReconciliationProperties"
    },
    {
      "url" : "https://hl7.fr/fhir/fr/medication/ValueSet/fr-medication-reconciliation-type",
      "version" : "0.1.0",
      "status" : "draft",
      "name" : "FrMedicationReconciliationType",
      "title" : "value set Interop'Santé - Type d'écart/erreur sur une ligne de traitement d'une FCT",
      "description" : "Le jeu de valeurs à utiliser pour coder le type d'écart/erreur sur une ligne de traitement d'une FCT (Fiche de Conciliation des Traitements médicamenteux).",
      "systems" : [
        "https://hl7.fr/fhir/fr/medication/CodeSystem/fr-medication-reconciliation-type"
      ],
      "uses" : {
      },
      "StructureDefinition-fr-medicationstatement-reconciliation-properties.html" : "FrMedicationStatementReconciliationProperties"
    },
    {
      "url" : "https://hl7.fr/fhir/fr/medication/ValueSet/fr-mp-dose-form",
      "version" : "0.1.0",
      "status" : "draft",
      "name" : "FrMpDoseForm",
      "title" : "French Medicinal product Dose form",
      "description" : "Le jeu de valeurs à utiliser pour coder l'élément *doseForm* des ressources *FrMedicationUcd*, *FrMedicationUcdPart* ou *FrMedicationNonProprietaryName*.",
      "systems" : ["http://standardterms.edqm.eu"],
      "uses" : {
      },
      "StructureDefinition-fr-medication-compound.html" : "FrMedicationCompound",
      "StructureDefinition-fr-medication-noncompound.html" : "FrMedicationNonCompound"
    },
    {
      "url" : "https://hl7.fr/fhir/fr/medication/ValueSet/fr-note-scope-codes-vs",
      "version" : "0.1.0",
      "status" : "draft",
      "name" : "FrNoteScopeCodeValueSet",
      "title" : "value set Interop'Santé - Codes pour le périmètre des notes",
      "description" : "Le jeu de valeurs à utiliser pour coder le périmètre des notes par exemple lors de la transformation de message PN13 en ressources FHIR",
      "systems" : [
        "https://hl7.fr/fhir/fr/medication/CodeSystem/fr-note-scope-codes"
      ],
      "uses" : {
      },
      "StructureDefinition-fr-medicationrequest-note-scope.html" : "Scope for note element in MedicationRequest"
    },
    {
      "url" : "https://hl7.fr/fhir/fr/medication/ValueSet/fr-route-of-administration",
      "version" : "0.1.0",
      "status" : "draft",
      "name" : "FrRouteOfAdministration",
      "title" : "French Route of Administration",
      "description" : "Le jeu de valeurs à utiliser pour coder l'élément *dosageInstruction.route* de la ressource *FrMedicationRequest*.",
      "systems" : ["http://standardterms.edqm.eu"],
      "uses" : {
      },
      "StructureDefinition-fr-inpatient-medicationrequest.html" : "FrInpatientMedicationRequest"
    },
    {
      "url" : "https://hl7.fr/fhir/fr/medication/ValueSet/fr-substance-code",
      "version" : "0.1.0",
      "status" : "draft",
      "name" : "FrSubstanceCode",
      "title" : "value set Interop'Santé - Codes identifiant les substances",
      "description" : "Le jeu de valeurs à utiliser pour indiquer un ingrédient composant un médicament dans Medication.ingredient.itemCodeableConcept.coding.code",
      "systems" : [
        "http://data.esante.gouv.fr/ansm/medicament/codeSMS",
        "http://data.esante.gouv.fr/ansm/medicament/substance"
      ],
      "uses" : {
      },
      "StructureDefinition-fr-mp-substance.html" : "French Substance of a Medicinal Product"
    },
    {
      "url" : "https://hl7.fr/fhir/fr/medication/ValueSet/fr-treatment-intent",
      "version" : "0.1.0",
      "status" : "draft",
      "name" : "FrTreatmentIntent",
      "title" : "French overall intention of the treatment",
      "description" : "Le jeu de valeurs à utiliser pour coder l'élément *treatmentIntent* de la ressource *FrInpatientMedicationRequest*.",
      "systems" : ["http://snomed.info/sct"],
      "uses" : {
      },
      "StructureDefinition-fr-treatment-intent.html" : "MedicationRequest overall treatment intent",
      "StructureDefinition-fr-inpatient-medicationrequest.html" : "FrInpatientMedicationRequest"
    },
    {
      "url" : "https://hl7.fr/fhir/fr/medication/ValueSet/fr-uf-role-code-for-prescription",
      "version" : "0.1.0",
      "status" : "draft",
      "name" : "FrUfRoleCodesForPrescriptionValueSet",
      "title" : "value set Interop'Santé - Types de rôle d’une UF par rapport à un séjour patient dans une prescription",
      "description" : "Le jeu de valeurs à utiliser dans l'extension pour indiquer le type d'UF référencée dans Medication.supportingInfo",
      "systems" : [
        "https://hl7.fr/fhir/fr/medication/CodeSystem/fr-uf-role-codes"
      ],
      "uses" : {
      },
      "StructureDefinition-fr-uf-role.html" : "UF Role"
    }
  ]
}
