{
  "codeSystems" : [
    {
      "url" : "http://hl7.org/fhir/ValueSet/medication-ingredientstrength",
      "version" : "0.1.0",
      "status" : "draft",
      "name" : "MedicationIngredientStrengthCodes",
      "title" : null,
      "description" : "Medication Ingredient Strength Codes",
      "systems" : [
        "http://hl7.org/fhir/CodeSystem/medication-ingredientstrength"
      ],
      "oids" : ["2.16.840.1.113883.4.642.3.1426"],
      "sources" : ["2.16.840.1.113883.4.642.3.1426"],
      "uses" : {
      },
      "StructureDefinition-fr-strength-codeableconcept.html" : "Strength CodeableConcept"
    },
    {
      "url" : "http://hl7.org/fhir/ValueSet/medicationknowledge-characteristic",
      "version" : "4.0.1",
      "status" : "draft",
      "name" : "medicationKnowledge Characteristic Codes",
      "title" : "Medication knowledge  characteristic  codes",
      "description" : "MedicationKnowledge Characteristic Codes",
      "systems" : [
        "http://terminology.hl7.org/CodeSystem/medicationknowledge-characteristic"
      ],
      "oids" : ["2.16.840.1.113883.4.642.3.1337"],
      "sources" : ["2.16.840.1.113883.4.642.3.1337"],
      "uses" : {
      },
      "StructureDefinition-fr-drug-characteristic.html" : "Medication descriptive properties"
    },
    {
      "url" : "https://hl7.fr/fhir/fr/medication/ValueSet/FrMethodOfAdministration",
      "version" : "0.1.0",
      "status" : "draft",
      "name" : "FrMethodOfAdministration",
      "title" : "French Method Of Administration",
      "description" : "Le jeu de valeurs à utiliser pour coder l'élément *dosageInstruction.method* de la ressource *FrMedicationRequest*.",
      "systems" : ["http://standardterms.edqm.eu"],
      "uses" : {
      },
      "StructureDefinition-fr-inpatient-medicationrequest.html" : "FrInpatientMedicationRequest"
    },
    {
      "url" : "https://hl7.fr/fhir/fr/medication/ValueSet/fr-additional-action-relationship-type-value-set",
      "version" : "0.1.0",
      "status" : "draft",
      "name" : "FrAdditionalRequestGroupRelationshipValueSet",
      "title" : "Interop'Santé value set - Additional codes for relationship between action",
      "description" : "Codes to specify relationship between action in a RequestGroup that are not in the valueSet http://hl7.org/fhir/ValueSet/action-relationship-type.",
      "systems" : [
        "https://hl7.fr/fhir/fr/medication/CodeSystem/fr-additional-action-relationship-type"
      ],
      "uses" : {
      },
      "StructureDefinition-fr-additional-action-relationship.html" : "Additional relatedAction relationship"
    },
    {
      "url" : "https://hl7.fr/fhir/fr/medication/ValueSet/fr-additional-when-codes",
      "version" : "0.1.0",
      "status" : "draft",
      "name" : "FrAdditionalWhenCodes",
      "title" : "value set Interop'Santé - Codes additionnels pour l'élément when",
      "description" : "Le jeu de valeurs à utiliser pour coder des périodes d'occurrence qui ne sont pas dans le jeu de valeurs http://hl7.org/fhir/ValueSet/event-timing.",
      "systems" : [
        "https://hl7.fr/fhir/fr/medication/CodeSystem/fr-additional-when-codes"
      ],
      "uses" : {
      },
      "StructureDefinition-fr-additional-when-values.html" : "Additional values for when element"
    },
    {
      "url" : "https://hl7.fr/fhir/fr/medication/ValueSet/fr-current-medication-document-type",
      "version" : "0.1.0",
      "status" : "draft",
      "name" : "FrCurrentMedicationDocumentType",
      "title" : "value set Interop'Santé - type de document de la ressource Composition d'une FCT",
      "description" : "Le jeu de valeurs à utiliser pour coder le type de document de la ressource *Composition* d'une liste des Traitements Médicamenteux Courants.",
      "systems" : [
        "https://hl7.fr/fhir/fr/medication/CodeSystem/fr-document-type"
      ],
      "uses" : {
      },
      "StructureDefinition-fr-current-medication-composition.html" : "FrCurrentMedicationComposition"
    },
    {
      "url" : "https://hl7.fr/fhir/fr/medication/ValueSet/fr-editorial-status",
      "version" : "0.1.0",
      "status" : "draft",
      "name" : "FrEditorialStatus",
      "title" : "value set Interop'Santé - Statut éditorial d'une valeur",
      "description" : "Le jeu de valeurs à utiliser pour coder le statut éditorial d'une valeur.",
      "systems" : [
        "https://hl7.fr/fhir/fr/medication/CodeSystem/fr-editorial-status"
      ],
      "uses" : {
      },
      "StructureDefinition-fr-medicationstatement-reconciliation-properties.html" : "FrMedicationStatementReconciliationProperties"
    },
    {
      "url" : "https://hl7.fr/fhir/fr/medication/ValueSet/fr-medication-code",
      "version" : "0.1.0",
      "status" : "draft",
      "name" : "FrMedicationCodes",
      "title" : "value set Interop'Santé - Codes identifiant les médicaments",
      "description" : "Le jeu de valeurs à utiliser pour indiquer le médicament dans Medication.code.coding.code",
      "systems" : [
        "http://data.esante.gouv.fr/ansm/medicament/codeSMS",
        "http://data.esante.gouv.fr/ansm/medicament/substance",
        "http://data.esante.gouv.fr/ansm/medicament/UCD"
      ],
      "uses" : {
      },
      "StructureDefinition-fr-medication-noncompound.html" : "FrMedicationNonCompound"
    },
    {
      "url" : "https://hl7.fr/fhir/fr/medication/ValueSet/fr-medication-history-source-type",
      "version" : "0.1.0",
      "status" : "draft",
      "name" : "FrMedicationHistorySourceType",
      "title" : "value set SIPh - Nature des sources d'un Bilan Médicamenteux",
      "description" : "Un jeu de valeurs à utiliser pour coder les sources d'un Bilan Médicamenteux.",
      "systems" : [
        "https://hl7.fr/fhir/fr/medication/CodeSystem/fr-medication-history-source-type"
      ],
      "uses" : {
      },
      "StructureDefinition-fr-medication-history-sources.html" : "FrMedicationHistorySources"
    },
    {
      "url" : "https://hl7.fr/fhir/fr/medication/ValueSet/fr-medication-reconciliation-document-type",
      "version" : "0.1.0",
      "status" : "draft",
      "name" : "FrMedicationReconciliationDocumentType",
      "title" : "value set Interop'Santé - type de document de la ressource Composition d'une FCT",
      "description" : "Le jeu de valeurs à utiliser pour coder le type de document de la ressource *Composition* d'une FCT (Fiche de Conciliation des Traitements médicamenteux).",
      "systems" : [
        "https://hl7.fr/fhir/fr/medication/CodeSystem/fr-document-type"
      ],
      "uses" : {
      },
      "StructureDefinition-fr-medication-reconciliation-composition.html" : "FrMedicationReconciliationComposition"
    },
    {
      "url" : "https://hl7.fr/fhir/fr/medication/ValueSet/fr-medication-reconciliation-outcome",
      "version" : "0.1.0",
      "status" : "draft",
      "name" : "FrMedicationReconciliationOutcome",
      "title" : "value set Interop'Santé - Gravité de l'erreur sur une ligne de traitement d'une FCT",
      "description" : "Le jeu de valeurs à utiliser pour coder la gravité de l'erreur sur une ligne de traitement d'une FCT (Fiche de Conciliation des Traitements médicamenteux).",
      "systems" : [
        "https://hl7.fr/fhir/fr/medication/CodeSystem/fr-medication-reconciliation-outcome"
      ],
      "uses" : {
      },
      "StructureDefinition-fr-medicationstatement-reconciliation-properties.html" : "FrMedicationStatementReconciliationProperties"
    },
    {
      "url" : "https://hl7.fr/fhir/fr/medication/ValueSet/fr-medication-reconciliation-qualified-discrepancy",
      "version" : "0.1.0",
      "status" : "draft",
      "name" : "FrMedicationReconciliationQualifiedDiscrepancy",
      "title" : "value set Interop'Santé - qualification de la divergence identifiée sur une ligne de traitement d'une FCT",
      "description" : "Le jeu de valeurs à utiliser pour coder la qualification de la divergence identifiée sur une ligne de traitement d'une FCT (Fiche de Conciliation des Traitements médicamenteux).",
      "systems" : [
        "https://hl7.fr/fhir/fr/medication/CodeSystem/fr-medication-reconciliation-discrepancy"
      ],
      "uses" : {
      },
      "StructureDefinition-fr-medicationstatement-reconciliation-properties.html" : "FrMedicationStatementReconciliationProperties"
    },
    {
      "url" : "https://hl7.fr/fhir/fr/medication/ValueSet/fr-medication-reconciliation-resolution",
      "version" : "0.1.0",
      "status" : "draft",
      "name" : "FrMedicationReconciliationResolution",
      "title" : "value set Interop'Santé - Résolution d'une divergence sur une ligne de traitement d'une FCT",
      "description" : "Un jeu de valeurs à utiliser pour coder la résolution d'une divergence sur une ligne de traitement d'une FCT (Fiche de Conciliation des Traitements médicamenteux).",
      "systems" : [
        "https://hl7.fr/fhir/fr/medication/CodeSystem/fr-medication-reconciliation-resolution"
      ],
      "uses" : {
      },
      "StructureDefinition-fr-medicationstatement-reconciliation-properties.html" : "FrMedicationStatementReconciliationProperties"
    },
    {
      "url" : "https://hl7.fr/fhir/fr/medication/ValueSet/fr-medication-reconciliation-status",
      "version" : "0.1.0",
      "status" : "draft",
      "name" : "FrMedicationReconciliationStatus",
      "title" : "value set Interop'Santé - Statut d'une ligne de traitement d'une FCT",
      "description" : "Le jeu de valeurs à utiliser pour coder le statut d'une ligne de traitement d'une FCT (Fiche de Conciliation des Traitements médicamenteux).",
      "systems" : [
        "https://hl7.fr/fhir/fr/medication/CodeSystem/fr-medication-reconciliation-status"
      ],
      "uses" : {
      },
      "StructureDefinition-fr-medicationstatement-reconciliation-properties.html" : "FrMedicationStatementReconciliationProperties"
    },
    {
      "url" : "https://hl7.fr/fhir/fr/medication/ValueSet/fr-medication-reconciliation-type",
      "version" : "0.1.0",
      "status" : "draft",
      "name" : "FrMedicationReconciliationType",
      "title" : "value set Interop'Santé - Type d'écart/erreur sur une ligne de traitement d'une FCT",
      "description" : "Le jeu de valeurs à utiliser pour coder le type d'écart/erreur sur une ligne de traitement d'une FCT (Fiche de Conciliation des Traitements médicamenteux).",
      "systems" : [
        "https://hl7.fr/fhir/fr/medication/CodeSystem/fr-medication-reconciliation-type"
      ],
      "uses" : {
      },
      "StructureDefinition-fr-medicationstatement-reconciliation-properties.html" : "FrMedicationStatementReconciliationProperties"
    },
    {
      "url" : "https://hl7.fr/fhir/fr/medication/ValueSet/fr-mp-dose-form",
      "version" : "0.1.0",
      "status" : "draft",
      "name" : "FrMpDoseForm",
      "title" : "French Medicinal product Dose form",
      "description" : "Le jeu de valeurs à utiliser pour coder l'élément *doseForm* des ressources *FrMedicationUcd*, *FrMedicationUcdPart* ou *FrMedicationNonProprietaryName*.",
      "systems" : ["http://standardterms.edqm.eu"],
      "uses" : {
      },
      "StructureDefinition-fr-medication-noncompound.html" : "FrMedicationNonCompound",
      "StructureDefinition-fr-medication-compound.html" : "FrMedicationCompound"
    },
    {
      "url" : "https://hl7.fr/fhir/fr/medication/ValueSet/fr-note-scope-codes-vs",
      "version" : "0.1.0",
      "status" : "draft",
      "name" : "FrNoteScopeCodeValueSet",
      "title" : "value set Interop'Santé - Codes pour le périmètre des notes",
      "description" : "Le jeu de valeurs à utiliser pour coder le périmètre des notes par exemple lors de la transformation de message PN13 en ressources FHIR",
      "systems" : [
        "https://hl7.fr/fhir/fr/medication/CodeSystem/fr-note-scope-codes"
      ],
      "uses" : {
      },
      "StructureDefinition-fr-medicationrequest-note-scope.html" : "Scope for note element in MedicationRequest"
    },
    {
      "url" : "https://hl7.fr/fhir/fr/medication/ValueSet/fr-route-of-administration",
      "version" : "0.1.0",
      "status" : "draft",
      "name" : "FrRouteOfAdministration",
      "title" : "French Route of Administration",
      "description" : "Le jeu de valeurs à utiliser pour coder l'élément *dosageInstruction.route* de la ressource *FrMedicationRequest*.",
      "systems" : ["http://standardterms.edqm.eu"],
      "uses" : {
      },
      "StructureDefinition-fr-inpatient-medicationrequest.html" : "FrInpatientMedicationRequest"
    },
    {
      "url" : "https://hl7.fr/fhir/fr/medication/ValueSet/fr-substance-code",
      "version" : "0.1.0",
      "status" : "draft",
      "name" : "FrSubstanceCode",
      "title" : "value set Interop'Santé - Codes identifiant les substances",
      "description" : "Le jeu de valeurs à utiliser pour indiquer un ingrédient composant un médicament dans Medication.ingredient.itemCodeableConcept.coding.code",
      "systems" : [
        "http://data.esante.gouv.fr/ansm/medicament/codeSMS",
        "http://data.esante.gouv.fr/ansm/medicament/substance"
      ],
      "uses" : {
      },
      "StructureDefinition-fr-mp-substance.html" : "French Substance of a Medicinal Product"
    },
    {
      "url" : "https://hl7.fr/fhir/fr/medication/ValueSet/fr-treatment-intent",
      "version" : "0.1.0",
      "status" : "draft",
      "name" : "FrTreatmentIntent",
      "title" : "French overall intention of the treatment",
      "description" : "Le jeu de valeurs à utiliser pour coder l'élément *treatmentIntent* de la ressource *FrInpatientMedicationRequest*.",
      "systems" : ["http://snomed.info/sct"],
      "uses" : {
      },
      "StructureDefinition-fr-treatment-intent.html" : "MedicationRequest overall treatment intent"
    },
    {
      "url" : "https://hl7.fr/fhir/fr/medication/ValueSet/fr-uf-role-code-for-prescription",
      "version" : "0.1.0",
      "status" : "draft",
      "name" : "FrUfRoleCodesForPrescriptionValueSet",
      "title" : "value set Interop'Santé - Types de rôle d’une UF par rapport à un séjour patient dans une prescription",
      "description" : "Le jeu de valeurs à utiliser dans l'extension pour indiquer le type d'UF référencée dans Medication.supportingInfo",
      "systems" : [
        "https://hl7.fr/fhir/fr/medication/CodeSystem/fr-uf-role-codes"
      ],
      "uses" : {
      },
      "StructureDefinition-fr-uf-role.html" : "UF Role"
    }
  ]
}
