<?xml version="1.0" encoding="UTF-8"?>

<ConceptMap xmlns="http://hl7.org/fhir">
  <id value="PN13-FHIR-TypoComposant-conceptmap"/>
  <text>
    <status value="generated"/><div xmlns="http://www.w3.org/1999/xhtml"><p class="res-header-id"><b>Generated Narrative: ConceptMap PN13-FHIR-TypoComposant-conceptmap</b></p><a name="PN13-FHIR-TypoComposant-conceptmap"> </a><a name="hcPN13-FHIR-TypoComposant-conceptmap"> </a><a name="PN13-FHIR-TypoComposant-conceptmap-en-US"> </a><p>Mapping from https://interopsante.org/pn13/SIPh_TypeComposant to <a href="CodeSystem-FrMedicationIGMedicationProfileList.html">https://hl7.fr/ig/fhir/Medication/CodeSystem/fr-medication-profil-list</a></p><br/><p><b>Group 1 </b>Mapping from <code>unspecified code system</code> to <code>unspecified code system</code></p><table class="grid"><tr><td><b>Source Code</b></td><td><b>Relationship</b></td><td><b>Target Code</b></td></tr><tr><td>SPEC</td><td><a href="http://hl7.org/fhir/extensions/5.1.0/CodeSystem-concept-map-equivalence.html#inexact" title="inexact">maps loosely to</a></td><td>FrMedicationUcd</td></tr><tr><td>ATUN</td><td><a href="http://hl7.org/fhir/extensions/5.1.0/CodeSystem-concept-map-equivalence.html#inexact" title="inexact">maps loosely to</a></td><td>FrMedicationUcd</td></tr><tr><td>PRAC</td><td><a href="http://hl7.org/fhir/extensions/5.1.0/CodeSystem-concept-map-equivalence.html#inexact" title="inexact">maps loosely to</a></td><td>FrMedicationNonproprietaryName</td></tr><tr><td>PRHO</td><td><a href="http://hl7.org/fhir/extensions/5.1.0/CodeSystem-concept-map-equivalence.html#inexact" title="inexact">maps loosely to</a></td><td>FrMedicationCompound</td></tr><tr><td>IMPO</td><td><a href="http://hl7.org/fhir/extensions/5.1.0/CodeSystem-concept-map-equivalence.html#inexact" title="inexact">maps loosely to</a></td><td>FrMedicationUcd</td></tr><tr><td>ATUC</td><td><a href="http://hl7.org/fhir/extensions/5.1.0/CodeSystem-concept-map-equivalence.html#inexact" title="inexact">maps loosely to</a></td><td>FrMedicationUcd</td></tr><tr><td>PRMA</td><td><a href="http://hl7.org/fhir/extensions/5.1.0/CodeSystem-concept-map-equivalence.html#inexact" title="inexact">maps loosely to</a></td><td>FrMedicationCompound</td></tr><tr><td>MAPR</td><td><a href="http://hl7.org/fhir/extensions/5.1.0/CodeSystem-concept-map-equivalence.html#inexact" title="inexact">maps loosely to</a></td><td>FrMedicationNonproprietaryName</td></tr><tr><td>MVTS</td><td><a href="http://hl7.org/fhir/extensions/5.1.0/CodeSystem-concept-map-equivalence.html#inexact" title="inexact">maps loosely to</a></td><td>FrMedicationNonproprietaryName</td></tr><tr><td>MVTR</td><td><a href="http://hl7.org/fhir/extensions/5.1.0/CodeSystem-concept-map-equivalence.html#inexact" title="inexact">maps loosely to</a></td><td>FrMedicationNonproprietaryName</td></tr><tr><td>MVBC</td><td><a href="http://hl7.org/fhir/extensions/5.1.0/CodeSystem-concept-map-equivalence.html#inexact" title="inexact">maps loosely to</a></td><td>FrMedicationNonproprietaryName</td></tr><tr><td>MVVI</td><td><a href="http://hl7.org/fhir/extensions/5.1.0/CodeSystem-concept-map-equivalence.html#inexact" title="inexact">maps loosely to</a></td><td>FrMedicationNonproprietaryName</td></tr><tr><td>DC</td><td><a href="http://hl7.org/fhir/extensions/5.1.0/CodeSystem-concept-map-equivalence.html#inexact" title="inexact">maps loosely to</a></td><td>FrMedicationNonproprietaryName</td></tr><tr><td>MVMB</td><td><a href="http://hl7.org/fhir/extensions/5.1.0/CodeSystem-concept-map-equivalence.html#inexact" title="inexact">maps loosely to</a></td><td>FrMedicationNonproprietaryName</td></tr></table></div>
  </text>
  <url value="https://hl7.fr/fhir/fr/medication/ConceptMap/PN13-FHIR-TypoComposant-conceptmap"/>
  <version value="0.1.0"/>
  <name value="FrPN13FHIRTypeComposantConceptMap"/>
  <title value="Conversion des types de composants prescrits en PN13 vers les profiles de la ressource Medication en FHIR"/>
  <status value="draft"/>
  <date value="2024-09-16T12:33:31+00:00"/>
  <publisher value="Interop'Santé"/>
  <contact>
    <name value="Interop'Santé"/>
    <telecom>
      <system value="url"/>
      <value value="http://interopsante.org/"/>
    </telecom>
  </contact>
  <description value="ConceptMap pour la conversion des types de composants prescrits en PN13 vers les profiles de la ressource Medication en FHIR"/>
  <sourceUri value="https://interopsante.org/pn13/SIPh_TypeComposant"/>
  <targetUri value="https://hl7.fr/ig/fhir/Medication/CodeSystem/fr-medication-profil-list"/>
  <group>
    <element>
      <code value="SPEC"/>
      <target>
        <code value="FrMedicationUcd"/>
        <equivalence value="inexact"/>
      </target>
    </element>
    <element>
      <code value="ATUN"/>
      <target>
        <code value="FrMedicationUcd"/>
        <equivalence value="inexact"/>
      </target>
    </element>
    <element>
      <code value="PRAC"/>
      <target>
        <code value="FrMedicationNonproprietaryName"/>
        <equivalence value="inexact"/>
      </target>
    </element>
    <element>
      <code value="PRHO"/>
      <target>
        <code value="FrMedicationCompound"/>
        <equivalence value="inexact"/>
      </target>
    </element>
    <element>
      <code value="IMPO"/>
      <target>
        <code value="FrMedicationUcd"/>
        <equivalence value="inexact"/>
      </target>
    </element>
    <element>
      <code value="ATUC"/>
      <target>
        <code value="FrMedicationUcd"/>
        <equivalence value="inexact"/>
      </target>
    </element>
    <element>
      <code value="PRMA"/>
      <target>
        <code value="FrMedicationCompound"/>
        <equivalence value="inexact"/>
      </target>
    </element>
    <element>
      <code value="MAPR"/>
      <target>
        <code value="FrMedicationNonproprietaryName"/>
        <equivalence value="inexact"/>
      </target>
    </element>
    <element>
      <code value="MVTS"/>
      <target>
        <code value="FrMedicationNonproprietaryName"/>
        <equivalence value="inexact"/>
      </target>
    </element>
    <element>
      <code value="MVTR"/>
      <target>
        <code value="FrMedicationNonproprietaryName"/>
        <equivalence value="inexact"/>
      </target>
    </element>
    <element>
      <code value="MVBC"/>
      <target>
        <code value="FrMedicationNonproprietaryName"/>
        <equivalence value="inexact"/>
      </target>
    </element>
    <element>
      <code value="MVVI"/>
      <target>
        <code value="FrMedicationNonproprietaryName"/>
        <equivalence value="inexact"/>
      </target>
    </element>
    <element>
      <code value="DC"/>
      <target>
        <code value="FrMedicationNonproprietaryName"/>
        <equivalence value="inexact"/>
      </target>
    </element>
    <element>
      <code value="MVMB"/>
      <target>
        <code value="FrMedicationNonproprietaryName"/>
        <equivalence value="inexact"/>
      </target>
    </element>
  </group>
</ConceptMap>