"Id","Path","Slice Name","Alias(s)","Label","Min","Max","Must Support?","Is Modifier?","Is Summary?","Type(s)","Short","Definition","Comments","Requirements","Default Value","Meaning When Missing","Fixed Value","Pattern","Example","Minimum Value","Maximum Value","Maximum Length","Binding Strength","Binding Description","Binding Value Set","Code","Slicing Discriminator","Slicing Description","Slicing Ordered","Slicing Rules","Base Path","Base Min","Base Max","Condition(s)","Constraint(s)","Mapping: HL7 v2 Mapping","Mapping: RIM Mapping"
"Range","Range","","","",0,*,"","","","null {[]} {[]}
","Set of values bounded by precise low and high fixed quantity (no comparator)","A set of ordered Quantities defined by a precise low and high limit defined by a fixed quantity (no comparator)","The stated low and high value are assumed to have arbitrarily high precision when it comes to determining which values are in the range. I.e. 1.99 is not in the range 2 -> 3. Low and high limit are precisely defined, no element 'comparator' in the simpleQuantity defining each bound. The limits are defined by a fixed quantity (no comparator).","","","","","","","","",,,,,"",,,,"Range",0,*,"ele-1
","ele-1:All FHIR elements must have a @value or children {hasValue() or (children().count() > id.count())}
rng-2:If present, low SHALL have a lower value than high {low.empty() or high.empty() or (low <= high)}","NR and also possibly SN (but see also quantity)","n/a","IVL<QTY[not(type=""TS"")]> [lowClosed=""true"" and highClosed=""true""]or URG<QTY[not(type=""TS"")]>"
"Range.id","Range.id","","","",0,1,"","","","string {[]} {[]}
","Unique id for inter-element referencing","Unique id for the element within a resource (for internal references). This may be any string value that does not contain spaces.","","","","","","","","","",,,,,"",,,,"Element.id",0,1,"","","n/a"
"Range.extension","Range.extension","","extensions
user content","",0,*,"","","","Extension {[]} {[]}
","Additional content defined by implementations","May be used to represent additional information that is not part of the basic definition of the element. To make the use of extensions safe and manageable, there is a strict set of governance  applied to the definition and use of extensions. Though any implementer can define an extension, there is a set of requirements that SHALL be met as part of the definition of the extension.","There can be no stigma associated with the use of extensions by any application, project, or standard - regardless of the institution or jurisdiction that uses or defines the extensions.  The use of extensions is what allows the FHIR specification to retain a core level of simplicity for everyone.","","","","","","","","",,,,,"","value:url}
","Extensions are always sliced by (at least) url",,"open","Element.extension",0,*,"","ele-1:All FHIR elements must have a @value or children {hasValue() or (children().count() > id.count())}
ext-1:Must have either extensions or value[x], not both {extension.exists() != value.exists()}","n/a"
"Range.low","Range.low","","","",0,1,"","","Y","Quantity {[CanonicalType[https://hl7.fr/ig/fhir/medication/StructureDefinition/FrSimpleQuantityMedication]]} {[]}
","Low limit","The low limit. The boundary is inclusive.","If the low element is missing, the low boundary is not known.","","","","","","","","",,,,,"",,,,"Range.low",0,1,"","ele-1:All FHIR elements must have a @value or children {hasValue() or (children().count() > id.count())}
","NR.1","./low"
"Range.high","Range.high","","","",0,1,"","","Y","Quantity {[CanonicalType[https://hl7.fr/ig/fhir/medication/StructureDefinition/FrSimpleQuantityMedication]]} {[]}
","High limit","The high limit. The boundary is inclusive.","If the high element is missing, the high boundary is not known.","","","","","","","","",,,,,"",,,,"Range.high",0,1,"","ele-1:All FHIR elements must have a @value or children {hasValue() or (children().count() > id.count())}
","NR.2","./high"
