<?xml version="1.0" encoding="UTF-8"?><ConceptMap xmlns="http://hl7.org/fhir"><id value="PN13-FHIR-prescmed-medicationComp-conceptmap"/><text><status value="generated"/><div xmlns="http://www.w3.org/1999/xhtml"><p class="res-header-id"><b>Generated Narrative: ConceptMap PN13-FHIR-prescmed-medicationComp-conceptmap</b></p><a name="PN13-FHIR-prescmed-medicationComp-conceptmap"> </a><a name="hcPN13-FHIR-prescmed-medicationComp-conceptmap"> </a><a name="PN13-FHIR-prescmed-medicationComp-conceptmap-en-US"> </a><p>Mapping from https://interopsante.org/pn13/xsd to https://hl7.fr/ig/fhir/medication/StructureDefinition/FrMedicationCompound</p><br/><p><b>Group 1 </b>Mapping from <code>unspecified code system</code> to <code>unspecified code system</code></p><table class="grid"><tr><td><b>Source Code</b></td><td><b>Relationship</b></td><td><b>Target Code</b></td><td><b>Comment</b></td></tr><tr><td>Messages/M_prescription_médicaments/Prescription/Elément_prescr_médic/Forme</td><td colspan="3" style="background-color: #efefef">(not mapped)</td></tr></table></div></text><url value="https://hl7.fr/fhir/fr/medication/ConceptMap/PN13-FHIR-prescmed-medicationComp-conceptmap"/><version value="0.1.0"/><name value="FrPN13FHIRMedicationPrescriptionMedicationCompConceptMap"/><title value="Conversion PN13 vers FHIR pour un médicament composé d'une prescription de médicaments"/><status value="draft"/><date value="2024-11-17T10:25:25+00:00"/><publisher value="Interop'Santé"/><contact><name value="Interop'Santé"/><telecom><system value="url"/><value value="http://interopsante.org/"/></telecom></contact><description value="ConceptMap pour la conversion PN13 vers FHIR d'un médicament composé d'une prescritpion de médicament"/><sourceUri value="https://interopsante.org/pn13/xsd"/><targetUri value="https://hl7.fr/ig/fhir/medication/StructureDefinition/FrMedicationCompound"/><group><element><code value="Messages/M_prescription_médicaments/Prescription/Elément_prescr_médic/Forme"/><target><equivalence value="unmatched"/></target></element></group></ConceptMap>