{
  "resourceType" : "ConceptMap",
  "id" : "PN13-FHIR-prescmed-medicationrequest-conceptmap",
  "text" : {
    "status" : "generated",
    "div" : "<div xmlns=\"http://www.w3.org/1999/xhtml\"><p class=\"res-header-id\"><b>Generated Narrative: ConceptMap PN13-FHIR-prescmed-medicationrequest-conceptmap</b></p><a name=\"PN13-FHIR-prescmed-medicationrequest-conceptmap\"> </a><a name=\"hcPN13-FHIR-prescmed-medicationrequest-conceptmap\"> </a><a name=\"PN13-FHIR-prescmed-medicationrequest-conceptmap-en-US\"> </a><p>Mapping from https://interopsante.org/pn13/xsd to https://hl7.fr/ig/fhir/medication/StructureDefinition/FrInpatientMedicationRequest</p><br/><p><b>Group 1 </b>Mapping from <code>unspecified code system</code> to <code>unspecified code system</code></p><table class=\"grid\"><tr><td><b>Source Code</b></td><td><b>Relationship</b></td><td><b>Target Code</b></td><td><b>Comment</b></td></tr><tr><td>Messages/M_prescription_médicaments/Prescription/Elément_prescr_médic/Id_élément_prescr</td><td><a href=\"http://hl7.org/fhir/extensions/5.1.0/CodeSystem-concept-map-equivalence.html#equal\" title=\"equal\">is equal to</a></td><td>MedicationRequest.identifier.value</td><td/></tr><tr><td>Messages@Phast-id_message</td><td><a href=\"http://hl7.org/fhir/extensions/5.1.0/CodeSystem-concept-map-equivalence.html#equivalent\" title=\"equivalent\">is equivalent to</a></td><td>MedicationRequest.identifier.system</td><td>S'il existe, l'identifiant de message PN13 est à transformer en un uri respectant les contraintes FHIR (par exemple constituant une url unique à partir de l'identifiant). S'il n'est pas renseigné, une autre manière de produire un uri pour le message PN13 traduit est à mettre en oeuvre</td></tr></table><hr/><p><b>Group 2 </b>Mapping from <code>unspecified code system</code> to <code>unspecified code system</code></p><table class=\"grid\"><tr><td colspan=\"4\"><b>Source Concept Details</b></td><td><b>Relationship</b></td><td colspan=\"5\"><b>Target Concept Details</b></td><td><b>Comment</b></td><td colspan=\"5\"><b>Properties</b></td></tr><tr><td colspan=\"2\"><b>Codes</b> from </td><td><b>Voie_administration@Phastnomenclature</b></td><td><b>Urgent</b></td><td/><td colspan=\"2\"><b>Codes</b> from </td><td><b>MedicationRequest.priority</b></td><td><b>MedicationRequest.supportingInformation.type</b></td><td><b>MedicationRequest.dosageInstruction.route.coding.system</b></td><td/></tr><tr><td style=\"border-right-width: 0px; border-bottom-style: none\">Messages/M_prescription_médicaments/Prescription/Elément_prescr_médic/Type_élément_prescr</td><td style=\"border-left-width: 0px\"></td><td colspan=\"4\" style=\"background-color: #efefef\">(not mapped)</td></tr><tr><td style=\"border-right-width: 0px\">Messages/M_prescription_médicaments/Prescription/Elément_prescr_médic/Libellé_élément_prescr</td><td style=\"border-left-width: 0px\"></td><td/><td/><td><a href=\"http://hl7.org/fhir/extensions/5.1.0/CodeSystem-concept-map-equivalence.html#equal\" title=\"equal\">is equal to</a></td><td style=\"border-right-width: 0px\">MedicationRequest.text</td><td style=\"border-left-width: 0px\"></td><td/><td/><td/><td/></tr><tr><td style=\"border-right-width: 0px; border-bottom-style: none\">Messages/M_prescription_médicaments/Prescription/Elément_prescr_médic/Cré_arr_mod_val</td><td style=\"border-left-width: 0px\"></td><td colspan=\"4\" style=\"background-color: #efefef\">(not mapped)</td></tr><tr><td style=\"border-right-width: 0px; border-bottom-style: none\">Messages/M_prescription_médicaments/Prescription/Elément_prescr_médic/Urgent</td><td style=\"border-left-width: 0px; border-bottom-style: none\"></td><td/><td>true</td><td><a href=\"http://hl7.org/fhir/extensions/5.1.0/CodeSystem-concept-map-equivalence.html#equivalent\" title=\"equivalent\">is equivalent to</a></td><td style=\"border-right-width: 0px\">MedicationRequest.priority</td><td style=\"border-left-width: 0px\"></td><td>urgent</td><td/><td/><td/></tr><tr><td style=\"border-right-width: 0px; border-top-style: none\"/><td style=\"border-top-style: none; border-left-width: 0px\"/><td/><td/><td><a href=\"http://hl7.org/fhir/extensions/5.1.0/CodeSystem-concept-map-equivalence.html#equivalent\" title=\"equivalent\">is equivalent to</a></td><td style=\"border-right-width: 0px\">MedicationRequest.priority</td><td style=\"border-left-width: 0px\"></td><td>routine</td><td/><td/><td/></tr><tr><td style=\"border-right-width: 0px; border-bottom-style: none\">Messages/M_prescription_médicaments/Prescription/Elément_prescr_médic/Voie_administration</td><td style=\"border-left-width: 0px\"></td><td colspan=\"4\" style=\"background-color: #efefef\">(not mapped)</td></tr><tr><td style=\"border-right-width: 0px\">Messages/M_prescription_médicaments/Prescription/Elément_prescr_médic/Lieu_administration</td><td style=\"border-left-width: 0px\"></td><td/><td/><td><a href=\"http://hl7.org/fhir/extensions/5.1.0/CodeSystem-concept-map-equivalence.html#equal\" title=\"equal\">is equal to</a></td><td style=\"border-right-width: 0px\">MedicationRequest.dispenseRequest.performer.display</td><td style=\"border-left-width: 0px\"></td><td/><td/><td/><td/></tr><tr><td style=\"border-right-width: 0px\">Messages/M_prescription_médicaments/Prescription/Elément_prescr_médic/Dispositif_associé</td><td style=\"border-left-width: 0px\"></td><td/><td/><td><a href=\"http://hl7.org/fhir/extensions/5.1.0/CodeSystem-concept-map-equivalence.html#equal\" title=\"equal\">is equal to</a></td><td style=\"border-right-width: 0px\">MedicationRequest.supportingInformation.display</td><td style=\"border-left-width: 0px\"></td><td/><td>Device</td><td/><td/></tr></table><hr/><p><b>Group 3 </b>Mapping from <code>unspecified code system</code> to <code>unspecified code system</code></p><table class=\"grid\"><tr><td><b>Source Code</b></td><td><b>Relationship</b></td><td><b>Target Code</b></td></tr><tr><td>Messages/M_prescription_médicaments/Prescription/Elément_prescr_médic/Commentaire</td><td><a href=\"http://hl7.org/fhir/extensions/5.1.0/CodeSystem-concept-map-equivalence.html#equal\" title=\"equal\">is equal to</a></td><td>MedicationRequest.note.text</td></tr></table><hr/><p><b>Group 4 </b>Mapping from <code>unspecified code system</code> to <code>unspecified code system</code></p><table class=\"grid\"><tr><td><b>Source Code</b></td><td><b>Relationship</b></td><td><b>Target Code</b></td><td><b>Comment</b></td></tr><tr><td>Messages/M_prescription_médicaments/Prescription/Elément_prescr_médic/Commentaire_structuré/Rôle_auteur</td><td colspan=\"3\" style=\"background-color: #efefef\">(not mapped)</td></tr><tr><td>Messages/M_prescription_médicaments/Prescription/Elément_prescr_médic/Commentaire_structuré/Identification_auteur/Identifiant</td><td><a href=\"http://hl7.org/fhir/extensions/5.1.0/CodeSystem-concept-map-equivalence.html#equal\" title=\"equal\">is equal to</a></td><td>MedicationRequest.note.authorReference.identifier.value</td><td/></tr><tr><td>Messages/M_prescription_médicaments/Prescription/Elément_prescr_médic/Commentaire_structuré/Identification_auteur/Domaine_identification</td><td><a href=\"http://hl7.org/fhir/extensions/5.1.0/CodeSystem-concept-map-equivalence.html#equal\" title=\"equal\">is equal to</a></td><td>MedicationRequest.note.authorReference.identifier.system</td><td/></tr><tr><td>Messages/M_prescription_médicaments/Prescription/Elément_prescr_médic/Commentaire_structuré/Identification_auteur/Nom_usage</td><td><a href=\"http://hl7.org/fhir/extensions/5.1.0/CodeSystem-concept-map-equivalence.html#relatedto\" title=\"relatedto\">is related to</a></td><td>MedicationRequest.note.authorReference.display</td><td>Peut être utilisé pour constituer display en concaténant tout ou partie des éléments relatedto</td></tr><tr><td>Messages/M_prescription_médicaments/Prescription/Elément_prescr_médic/Commentaire_structuré/Identification_auteur/Prénom_usage</td><td><a href=\"http://hl7.org/fhir/extensions/5.1.0/CodeSystem-concept-map-equivalence.html#relatedto\" title=\"relatedto\">is related to</a></td><td>MedicationRequest.note.authorReference.display</td><td>Peut être utilisé pour constituer display en concaténant tout ou partie des éléments relatedto</td></tr><tr><td>Messages/M_prescription_médicaments/Prescription/Elément_prescr_médic/Commentaire_structuré/Identification_auteur/Initiales</td><td><a href=\"http://hl7.org/fhir/extensions/5.1.0/CodeSystem-concept-map-equivalence.html#relatedto\" title=\"relatedto\">is related to</a></td><td>MedicationRequest.note.authorReference.display</td><td>Peut être utilisé pour constituer display en concaténant tout ou partie des éléments relatedto</td></tr><tr><td>Messages/M_prescription_médicaments/Prescription/Elément_prescr_médic/Commentaire_structuré/Identification_auteur/Civilité</td><td><a href=\"http://hl7.org/fhir/extensions/5.1.0/CodeSystem-concept-map-equivalence.html#relatedto\" title=\"relatedto\">is related to</a></td><td>MedicationRequest.note.authorReference.display</td><td>Peut être utilisé pour constituer display en concaténant tout ou partie des éléments relatedto</td></tr><tr><td>Messages/M_prescription_médicaments/Prescription/Elément_prescr_médic/Commentaire_structuré/Identification_auteur/Titre</td><td><a href=\"http://hl7.org/fhir/extensions/5.1.0/CodeSystem-concept-map-equivalence.html#relatedto\" title=\"relatedto\">is related to</a></td><td>MedicationRequest.note.authorReference.display</td><td>Peut être utilisé pour constituer display en concaténant tout ou partie des éléments relatedto</td></tr><tr><td>Messages/M_prescription_médicaments/Prescription/Elément_prescr_médic/Commentaire_structuré/Identification_auteur/Nom_famille</td><td><a href=\"http://hl7.org/fhir/extensions/5.1.0/CodeSystem-concept-map-equivalence.html#relatedto\" title=\"relatedto\">is related to</a></td><td>MedicationRequest.note.authorReference.display</td><td>Peut être utilisé pour constituer display en concaténant tout ou partie des éléments relatedto</td></tr><tr><td>Messages/M_prescription_médicaments/Prescription/Elément_prescr_médic/Commentaire_structuré/Identification_auteur/Prénoms</td><td><a href=\"http://hl7.org/fhir/extensions/5.1.0/CodeSystem-concept-map-equivalence.html#relatedto\" title=\"relatedto\">is related to</a></td><td>MedicationRequest.note.authorReference.display</td><td>Peut être utilisé pour constituer display en concaténant tout ou partie des éléments relatedto</td></tr><tr><td>Messages/M_prescription_médicaments/Prescription/Elément_prescr_médic/Commentaire_structuré/Rôle_destinataire</td><td colspan=\"3\" style=\"background-color: #efefef\">(not mapped)</td></tr><tr><td>Messages/M_prescription_médicaments/Prescription/Elément_prescr_médic/Commentaire_structuré/Identification_destinataire</td><td colspan=\"3\" style=\"background-color: #efefef\">(not mapped)</td></tr><tr><td>Messages/M_prescription_médicaments/Prescription/Elément_prescr_médic/Commentaire_structuré/Criticité</td><td colspan=\"3\" style=\"background-color: #efefef\">(not mapped)</td></tr><tr><td>Messages/M_prescription_médicaments/Prescription/Elément_prescr_médic/Commentaire_structuré/Texte</td><td><a href=\"http://hl7.org/fhir/extensions/5.1.0/CodeSystem-concept-map-equivalence.html#equal\" title=\"equal\">is equal to</a></td><td>MedicationRequest.note.text</td><td/></tr></table><hr/><p><b>Group 5 </b>Mapping from <code>unspecified code system</code> to <code>unspecified code system</code></p><table class=\"grid\"><tr><td colspan=\"3\"><b>Source Concept Details</b></td><td><b>Relationship</b></td><td colspan=\"4\"><b>Target Concept Details</b></td><td colspan=\"4\"><b>Properties</b></td></tr><tr><td colspan=\"2\"><b>Codes</b> from </td><td><b>GoNogo</b></td><td/><td colspan=\"2\"><b>Codes</b> from </td><td><b>MedicationRequest.intent</b></td><td><b>MedicationRequest.status</b></td></tr><tr><td style=\"border-right-width: 0px; border-bottom-style: none\">Messages/M_prescription_médicaments/Prescription/Elément_prescr_médic/Id_protocole_prescrit</td><td style=\"border-left-width: 0px\"></td><td colspan=\"4\" style=\"background-color: #efefef\">(not mapped)</td></tr><tr><td style=\"border-right-width: 0px; border-bottom-style: none\">Messages/M_prescription_médicaments/Prescription/Elément_prescr_médic/GoNogo</td><td style=\"border-left-width: 0px; border-bottom-style: none\"></td><td>0</td><td><a href=\"http://hl7.org/fhir/extensions/5.1.0/CodeSystem-concept-map-equivalence.html#equivalent\" title=\"equivalent\">is equivalent to</a></td><td style=\"border-right-width: 0px\">MedicationRequest.status</td><td style=\"border-left-width: 0px\"></td><td>order</td><td>unknown</td></tr><tr><td style=\"border-right-width: 0px; border-top-style: none; border-bottom-style: none\"/><td style=\"border-left-width: 0px; border-top-style: none; border-bottom-style: none\"/><td/><td><a href=\"http://hl7.org/fhir/extensions/5.1.0/CodeSystem-concept-map-equivalence.html#equivalent\" title=\"equivalent\">is equivalent to</a></td><td style=\"border-right-width: 0px\">MedicationRequest.status</td><td style=\"border-left-width: 0px\"></td><td>order</td><td>on-hold</td></tr><tr><td style=\"border-right-width: 0px; border-top-style: none; border-bottom-style: none\"/><td style=\"border-left-width: 0px; border-top-style: none; border-bottom-style: none\"/><td/><td><a href=\"http://hl7.org/fhir/extensions/5.1.0/CodeSystem-concept-map-equivalence.html#equivalent\" title=\"equivalent\">is equivalent to</a></td><td style=\"border-right-width: 0px\">MedicationRequest.status</td><td style=\"border-left-width: 0px\"></td><td>order</td><td>active</td></tr><tr><td style=\"border-right-width: 0px; border-top-style: none; border-bottom-style: none\"/><td style=\"border-left-width: 0px; border-top-style: none; border-bottom-style: none\"/><td/><td><a href=\"http://hl7.org/fhir/extensions/5.1.0/CodeSystem-concept-map-equivalence.html#equivalent\" title=\"equivalent\">is equivalent to</a></td><td style=\"border-right-width: 0px\">MedicationRequest.status</td><td style=\"border-left-width: 0px\"></td><td>order</td><td>active</td></tr><tr><td style=\"border-right-width: 0px; border-top-style: none\"/><td style=\"border-top-style: none; border-left-width: 0px\"/><td/><td><a href=\"http://hl7.org/fhir/extensions/5.1.0/CodeSystem-concept-map-equivalence.html#equivalent\" title=\"equivalent\">is equivalent to</a></td><td style=\"border-right-width: 0px\">MedicationRequest.status</td><td style=\"border-left-width: 0px\"></td><td>order</td><td>cancelled</td></tr><tr><td style=\"border-right-width: 0px\">Messages/M_prescription_médicaments/Prescription/Elément_prescr_médic/Motif_attente</td><td style=\"border-left-width: 0px\"></td><td/><td><a href=\"http://hl7.org/fhir/extensions/5.1.0/CodeSystem-concept-map-equivalence.html#equal\" title=\"equal\">is equal to</a></td><td style=\"border-right-width: 0px\">MedicationRequest.statusReason.text</td><td style=\"border-left-width: 0px\"></td><td/><td/></tr><tr><td style=\"border-right-width: 0px; border-bottom-style: none\">Messages/M_prescription_médicaments/Prescription/Elément_prescr_médic/Delta_dh_référence</td><td style=\"border-left-width: 0px\"></td><td colspan=\"4\" style=\"background-color: #efefef\">(not mapped)</td></tr><tr><td style=\"border-right-width: 0px\">Messages/M_prescription_médicaments/Prescription/Elément_prescr_médic/Conditions_application</td><td style=\"border-left-width: 0px\"></td><td/><td><a href=\"http://hl7.org/fhir/extensions/5.1.0/CodeSystem-concept-map-equivalence.html#equal\" title=\"equal\">is equal to</a></td><td style=\"border-right-width: 0px\">MedicationRequest.note.text</td><td style=\"border-left-width: 0px\"></td><td/><td/></tr></table></div>"
  },
  "url" : "https://hl7.fr/fhir/fr/medication/ConceptMap/PN13-FHIR-prescmed-medicationrequest-conceptmap",
  "version" : "0.1.0",
  "name" : "FrPN13FHIRMedicationPrescriptionMedicationRequestConceptMap",
  "title" : "Conversion PN13 vers FHIR pour la ligne de prescription d'une prescription de médicaments",
  "status" : "draft",
  "date" : "2024-12-23T15:06:22+00:00",
  "publisher" : "Interop'Santé",
  "contact" : [{
    "name" : "Interop'Santé",
    "telecom" : [{
      "system" : "url",
      "value" : "http://interopsante.org/"
    }]
  }],
  "description" : "ConceptMap pour la conversion PN13 vers FHIR d'une ligne de prescription d'une prescritpion de médicament",
  "sourceUri" : "https://interopsante.org/pn13/xsd",
  "targetUri" : "https://hl7.fr/ig/fhir/medication/StructureDefinition/FrInpatientMedicationRequest",
  "group" : [{
    "element" : [{
      "code" : "Messages/M_prescription_médicaments/Prescription/Elément_prescr_médic/Id_élément_prescr",
      "target" : [{
        "code" : "MedicationRequest.identifier.value",
        "equivalence" : "equal"
      }]
    },
    {
      "code" : "Messages@Phast-id_message",
      "target" : [{
        "code" : "MedicationRequest.identifier.system",
        "equivalence" : "equivalent",
        "comment" : "S'il existe, l'identifiant de message PN13 est à transformer en un uri respectant les contraintes FHIR (par exemple constituant une url unique à partir de l'identifiant). S'il n'est pas renseigné, une autre manière de produire un uri pour le message PN13 traduit est à mettre en oeuvre"
      }]
    }]
  },
  {
    "element" : [{
      "code" : "Messages/M_prescription_médicaments/Prescription/Elément_prescr_médic/Type_élément_prescr",
      "target" : [{
        "equivalence" : "unmatched"
      }]
    },
    {
      "code" : "Messages/M_prescription_médicaments/Prescription/Elément_prescr_médic/Libellé_élément_prescr",
      "target" : [{
        "code" : "MedicationRequest.text",
        "equivalence" : "equal"
      }]
    },
    {
      "code" : "Messages/M_prescription_médicaments/Prescription/Elément_prescr_médic/Cré_arr_mod_val",
      "target" : [{
        "equivalence" : "unmatched"
      }]
    },
    {
      "code" : "Messages/M_prescription_médicaments/Prescription/Elément_prescr_médic/Urgent",
      "target" : [{
        "code" : "MedicationRequest.priority",
        "equivalence" : "equivalent",
        "dependsOn" : [{
          "property" : "Messages/M_prescription_médicaments/Prescription/Elément_prescr_médic/Urgent",
          "value" : "true"
        }],
        "product" : [{
          "property" : "MedicationRequest.priority",
          "value" : "urgent"
        }]
      },
      {
        "code" : "MedicationRequest.priority",
        "equivalence" : "equivalent",
        "dependsOn" : [{
          "property" : "Messages/M_prescription_médicaments/Prescription/Elément_prescr_médic/Urgent",
          "value" : "false"
        }],
        "product" : [{
          "property" : "MedicationRequest.priority",
          "value" : "routine"
        }]
      }]
    },
    {
      "code" : "Messages/M_prescription_médicaments/Prescription/Elément_prescr_médic/Voie_administration",
      "target" : [{
        "equivalence" : "unmatched"
      }]
    },
    {
      "code" : "Messages/M_prescription_médicaments/Prescription/Elément_prescr_médic/Lieu_administration",
      "target" : [{
        "code" : "MedicationRequest.dispenseRequest.performer.display",
        "equivalence" : "equal"
      }]
    },
    {
      "code" : "Messages/M_prescription_médicaments/Prescription/Elément_prescr_médic/Dispositif_associé",
      "target" : [{
        "code" : "MedicationRequest.supportingInformation.display",
        "equivalence" : "equal",
        "product" : [{
          "property" : "MedicationRequest.supportingInformation.type",
          "value" : "Device"
        }]
      }]
    }]
  },
  {
    "element" : [{
      "code" : "Messages/M_prescription_médicaments/Prescription/Elément_prescr_médic/Commentaire",
      "target" : [{
        "code" : "MedicationRequest.note.text",
        "equivalence" : "equal"
      }]
    }]
  },
  {
    "element" : [{
      "code" : "Messages/M_prescription_médicaments/Prescription/Elément_prescr_médic/Commentaire_structuré/Rôle_auteur",
      "target" : [{
        "equivalence" : "unmatched"
      }]
    },
    {
      "code" : "Messages/M_prescription_médicaments/Prescription/Elément_prescr_médic/Commentaire_structuré/Identification_auteur/Identifiant",
      "target" : [{
        "code" : "MedicationRequest.note.authorReference.identifier.value",
        "equivalence" : "equal"
      }]
    },
    {
      "code" : "Messages/M_prescription_médicaments/Prescription/Elément_prescr_médic/Commentaire_structuré/Identification_auteur/Domaine_identification",
      "target" : [{
        "code" : "MedicationRequest.note.authorReference.identifier.system",
        "equivalence" : "equal"
      }]
    },
    {
      "code" : "Messages/M_prescription_médicaments/Prescription/Elément_prescr_médic/Commentaire_structuré/Identification_auteur/Nom_usage",
      "target" : [{
        "code" : "MedicationRequest.note.authorReference.display",
        "equivalence" : "relatedto",
        "comment" : "Peut être utilisé pour constituer display en concaténant tout ou partie des éléments relatedto"
      }]
    },
    {
      "code" : "Messages/M_prescription_médicaments/Prescription/Elément_prescr_médic/Commentaire_structuré/Identification_auteur/Prénom_usage",
      "target" : [{
        "code" : "MedicationRequest.note.authorReference.display",
        "equivalence" : "relatedto",
        "comment" : "Peut être utilisé pour constituer display en concaténant tout ou partie des éléments relatedto"
      }]
    },
    {
      "code" : "Messages/M_prescription_médicaments/Prescription/Elément_prescr_médic/Commentaire_structuré/Identification_auteur/Initiales",
      "target" : [{
        "code" : "MedicationRequest.note.authorReference.display",
        "equivalence" : "relatedto",
        "comment" : "Peut être utilisé pour constituer display en concaténant tout ou partie des éléments relatedto"
      }]
    },
    {
      "code" : "Messages/M_prescription_médicaments/Prescription/Elément_prescr_médic/Commentaire_structuré/Identification_auteur/Civilité",
      "target" : [{
        "code" : "MedicationRequest.note.authorReference.display",
        "equivalence" : "relatedto",
        "comment" : "Peut être utilisé pour constituer display en concaténant tout ou partie des éléments relatedto"
      }]
    },
    {
      "code" : "Messages/M_prescription_médicaments/Prescription/Elément_prescr_médic/Commentaire_structuré/Identification_auteur/Titre",
      "target" : [{
        "code" : "MedicationRequest.note.authorReference.display",
        "equivalence" : "relatedto",
        "comment" : "Peut être utilisé pour constituer display en concaténant tout ou partie des éléments relatedto"
      }]
    },
    {
      "code" : "Messages/M_prescription_médicaments/Prescription/Elément_prescr_médic/Commentaire_structuré/Identification_auteur/Nom_famille",
      "target" : [{
        "code" : "MedicationRequest.note.authorReference.display",
        "equivalence" : "relatedto",
        "comment" : "Peut être utilisé pour constituer display en concaténant tout ou partie des éléments relatedto"
      }]
    },
    {
      "code" : "Messages/M_prescription_médicaments/Prescription/Elément_prescr_médic/Commentaire_structuré/Identification_auteur/Prénoms",
      "target" : [{
        "code" : "MedicationRequest.note.authorReference.display",
        "equivalence" : "relatedto",
        "comment" : "Peut être utilisé pour constituer display en concaténant tout ou partie des éléments relatedto"
      }]
    },
    {
      "code" : "Messages/M_prescription_médicaments/Prescription/Elément_prescr_médic/Commentaire_structuré/Rôle_destinataire",
      "target" : [{
        "equivalence" : "unmatched"
      }]
    },
    {
      "code" : "Messages/M_prescription_médicaments/Prescription/Elément_prescr_médic/Commentaire_structuré/Identification_destinataire",
      "target" : [{
        "equivalence" : "unmatched"
      }]
    },
    {
      "code" : "Messages/M_prescription_médicaments/Prescription/Elément_prescr_médic/Commentaire_structuré/Criticité",
      "target" : [{
        "equivalence" : "unmatched"
      }]
    },
    {
      "code" : "Messages/M_prescription_médicaments/Prescription/Elément_prescr_médic/Commentaire_structuré/Texte",
      "target" : [{
        "code" : "MedicationRequest.note.text",
        "equivalence" : "equal"
      }]
    }]
  },
  {
    "element" : [{
      "code" : "Messages/M_prescription_médicaments/Prescription/Elément_prescr_médic/Id_protocole_prescrit",
      "target" : [{
        "equivalence" : "unmatched",
        "comment" : "Hors périmètre des travaux du GT"
      }]
    },
    {
      "code" : "Messages/M_prescription_médicaments/Prescription/Elément_prescr_médic/GoNogo",
      "target" : [{
        "code" : "MedicationRequest.status",
        "equivalence" : "equivalent",
        "dependsOn" : [{
          "property" : "Messages/M_prescription_médicaments/Prescription/Elément_prescr_médic/GoNogo",
          "value" : "0"
        }],
        "product" : [{
          "property" : "MedicationRequest.status",
          "value" : "unknown"
        },
        {
          "property" : "MedicationRequest.intent",
          "value" : "order"
        }]
      },
      {
        "code" : "MedicationRequest.status",
        "equivalence" : "equivalent",
        "dependsOn" : [{
          "property" : "Messages/M_prescription_médicaments/Prescription/Elément_prescr_médic/GoNogo",
          "value" : "1"
        }],
        "product" : [{
          "property" : "MedicationRequest.status",
          "value" : "on-hold"
        },
        {
          "property" : "MedicationRequest.intent",
          "value" : "order"
        }]
      },
      {
        "code" : "MedicationRequest.status",
        "equivalence" : "equivalent",
        "dependsOn" : [{
          "property" : "Messages/M_prescription_médicaments/Prescription/Elément_prescr_médic/GoNogo",
          "value" : "2"
        }],
        "product" : [{
          "property" : "MedicationRequest.status",
          "value" : "active"
        },
        {
          "property" : "MedicationRequest.intent",
          "value" : "order"
        }]
      },
      {
        "code" : "MedicationRequest.status",
        "equivalence" : "equivalent",
        "dependsOn" : [{
          "property" : "Messages/M_prescription_médicaments/Prescription/Elément_prescr_médic/GoNogo",
          "value" : "3"
        }],
        "product" : [{
          "property" : "MedicationRequest.status",
          "value" : "active"
        },
        {
          "property" : "MedicationRequest.intent",
          "value" : "order"
        }]
      },
      {
        "code" : "MedicationRequest.status",
        "equivalence" : "equivalent",
        "dependsOn" : [{
          "property" : "Messages/M_prescription_médicaments/Prescription/Elément_prescr_médic/GoNogo",
          "value" : "4"
        }],
        "product" : [{
          "property" : "MedicationRequest.status",
          "value" : "cancelled"
        },
        {
          "property" : "MedicationRequest.intent",
          "value" : "order"
        }]
      }]
    },
    {
      "code" : "Messages/M_prescription_médicaments/Prescription/Elément_prescr_médic/Motif_attente",
      "target" : [{
        "code" : "MedicationRequest.statusReason.text",
        "equivalence" : "equal"
      }]
    },
    {
      "code" : "Messages/M_prescription_médicaments/Prescription/Elément_prescr_médic/Delta_dh_référence",
      "target" : [{
        "equivalence" : "unmatched",
        "comment" : "Hors périmètre des travaux du GT"
      }]
    },
    {
      "code" : "Messages/M_prescription_médicaments/Prescription/Elément_prescr_médic/Conditions_application",
      "target" : [{
        "code" : "MedicationRequest.note.text",
        "equivalence" : "equal"
      }]
    }]
  }]
}