{
  "resourceType" : "MedicationRequest",
  "id" : "14618",
  "meta" : {
    "profile" : ["https://hl7.fr/fhir/fr/medication/StructureDefinition/fr-inpatient-medication-request"]
  },
  "text" : {
    "status" : "generated",
    "div" : "<div xmlns=\"http://www.w3.org/1999/xhtml\"><p class=\"res-header-id\"><b>Generated Narrative: MedicationRequest 14618</b></p><a name=\"14618\"> </a><a name=\"hc14618\"> </a><a name=\"14618-en-US\"> </a><p><b>status</b>: Active</p><p><b>intent</b>: Order</p><p><b>medication</b>: <a href=\"#hc14618/med-11\">Medication médicament contenant seulement paracétamol</a></p><p><b>subject</b>: <a href=\"Patient/phast-14602\">Patient/phast-14602</a></p><p><b>authoredOn</b>: 2021-07-13 08:48:39+0000</p><p><b>requester</b>: <a href=\"Practitioner/smart-Practitioner-71482713\">Practitioner/smart-Practitioner-71482713</a></p><blockquote><p><b>dosageInstruction</b></p><p><b>sequence</b>: 1</p><p><b>timing</b>: Once</p><p><b>route</b>: <span title=\"Codes:{http://snomed.info/sct 26643006}\">Voie orale</span></p><h3>DoseAndRates</h3><table class=\"grid\"><tr><td style=\"display: none\">-</td><td><b>Type</b></td><td><b>Dose[x]</b></td></tr><tr><td style=\"display: none\">*</td><td><span title=\"Codes:{http://terminology.hl7.org/CodeSystem/dose-rate-type ordered}\">Ordered</span></td><td>1 g<span style=\"background: LightGoldenRodYellow\"> (Details: UCUM  codeg = 'g')</span></td></tr></table></blockquote><hr/><blockquote><p class=\"res-header-id\"><b>Generated Narrative: Medication #med-11</b></p><a name=\"14618/med-11\"> </a><a name=\"hc14618/med-11\"> </a><a name=\"14618/med-11-en-US\"> </a><p><b>code</b>: <span title=\"Codes:{http://snomed.info/sct 777067000}\">PARACETAMOL</span></p><h3>Ingredients</h3><table class=\"grid\"><tr><td style=\"display: none\">-</td><td><b>Item[x]</b></td><td><b>IsActive</b></td></tr><tr><td style=\"display: none\">*</td><td><span title=\"Codes:{http://snomed.info/sct 387517004}\">PARACETAMOL</span></td><td>true</td></tr></table></blockquote></div>"
  },
  "contained" : [{
    "resourceType" : "Medication",
    "id" : "med-11",
    "meta" : {
      "profile" : ["https://hl7.fr/fhir/fr/medication/StructureDefinition/fr-medication-non-proprietary-name"]
    },
    "code" : {
      "coding" : [{
        "system" : "http://snomed.info/sct",
        "code" : "777067000",
        "display" : "médicament contenant seulement paracétamol"
      }],
      "text" : "PARACETAMOL"
    },
    "ingredient" : [{
      "itemCodeableConcept" : {
        "coding" : [{
          "system" : "http://snomed.info/sct",
          "code" : "387517004",
          "display" : "paracétamol"
        }],
        "text" : "PARACETAMOL"
      },
      "isActive" : true
    }]
  }],
  "status" : "active",
  "intent" : "order",
  "medicationReference" : {
    "reference" : "#med-11"
  },
  "subject" : {
    "reference" : "Patient/phast-14602"
  },
  "authoredOn" : "2021-07-13T08:48:39.825Z",
  "requester" : {
    "reference" : "Practitioner/smart-Practitioner-71482713"
  },
  "dosageInstruction" : [{
    "sequence" : 1,
    "timing" : {
      "repeat" : {
        "boundsPeriod" : {
          "start" : "2021-07-13T08:48:00Z",
          "end" : "2021-07-18T08:47:59Z"
        },
        "timeOfDay" : ["07:00:00",
        "12:00:00",
        "18:00:00"]
      }
    },
    "route" : {
      "coding" : [{
        "system" : "http://snomed.info/sct",
        "code" : "26643006",
        "display" : "Voie orale"
      }],
      "text" : "Voie orale"
    },
    "doseAndRate" : [{
      "type" : {
        "coding" : [{
          "system" : "http://terminology.hl7.org/CodeSystem/dose-rate-type",
          "code" : "ordered",
          "display" : "Ordered"
        }],
        "text" : "Ordered"
      },
      "doseQuantity" : {
        "value" : 1,
        "unit" : "g",
        "system" : "http://unitsofmeasure.org",
        "code" : "g"
      }
    }]
  }]
}