{
  "resourceType" : "ValueSet",
  "id" : "fr-medication-reconciliation-outcome",
  "meta" : {
    "profile" : ["http://hl7.org/fhir/StructureDefinition/shareablevalueset"]
  },
  "text" : {
    "status" : "generated",
    "div" : "<div xmlns=\"http://www.w3.org/1999/xhtml\"><p class=\"res-header-id\"><b>Generated Narrative: ValueSet fr-medication-reconciliation-outcome</b></p><a name=\"fr-medication-reconciliation-outcome\"> </a><a name=\"hcfr-medication-reconciliation-outcome\"> </a><a name=\"fr-medication-reconciliation-outcome-en-US\"> </a><ul><li>Include all codes defined in <a href=\"CodeSystem-fr-medication-reconciliation-outcome.html\"><code>https://hl7.fr/fhir/fr/medication/CodeSystem/fr-medication-reconciliation-outcome</code></a></li></ul></div>"
  },
  "url" : "https://hl7.fr/fhir/fr/medication/ValueSet/fr-medication-reconciliation-outcome",
  "version" : "0.1.0",
  "name" : "FrMedicationReconciliationOutcome",
  "title" : "value set Interop'Santé - Gravité de l'erreur sur une ligne de traitement d'une FCT",
  "status" : "draft",
  "experimental" : false,
  "date" : "2024-12-23T15:22:28+00:00",
  "publisher" : "Interop'Santé",
  "contact" : [{
    "name" : "Interop'Santé",
    "telecom" : [{
      "system" : "url",
      "value" : "http://interopsante.org/"
    }]
  }],
  "description" : "Le jeu de valeurs à utiliser pour coder la gravité de l'erreur sur une ligne de traitement d'une FCT (Fiche de Conciliation des Traitements médicamenteux).",
  "immutable" : false,
  "compose" : {
    "include" : [{
      "system" : "https://hl7.fr/fhir/fr/medication/CodeSystem/fr-medication-reconciliation-outcome"
    }]
  }
}