<?xml version="1.0" encoding="UTF-8"?>

<ValueSet xmlns="http://hl7.org/fhir">
  <id value="fr-route-of-administration"/>
  <meta>
    <profile value="http://hl7.org/fhir/StructureDefinition/shareablevalueset"/>
  </meta>
  <text>
    <status value="generated"/><div xmlns="http://www.w3.org/1999/xhtml"><p class="res-header-id"><b>Generated Narrative: ValueSet fr-route-of-administration</b></p><a name="fr-route-of-administration"> </a><a name="hcfr-route-of-administration"> </a><a name="fr-route-of-administration-en-US"> </a><ul><li>Include codes from<a href="http://www.snomed.org/"><code>http://snomed.info/sct</code></a> where constraint  = &lt; 284009009 |Route of administration value (qualifier value)| minus &gt; (&lt; 284009009 |Route of administration value (qualifier value)|)</li></ul></div>
  </text>
  <url value="https://hl7.fr/fhir/fr/medication/ValueSet/fr-route-of-administration"/>
  <version value="0.1.0"/>
  <name value="FrRouteOfAdministration"/>
  <title value="French Route of Administration"/>
  <status value="draft"/>
  <experimental value="false"/>
  <date value="2025-02-06T08:56:34+00:00"/>
  <publisher value="Interop'Santé"/>
  <contact>
    <name value="Interop'Santé"/>
    <telecom>
      <system value="url"/>
      <value value="http://interopsante.org/"/>
    </telecom>
  </contact>
  <description value="Le jeu de valeurs à utiliser pour coder l'élément *dosageInstruction.route* de la ressource *FrMedicationRequest*."/>
  <immutable value="false"/>
  <compose>
    <include>
      <system value="http://snomed.info/sct"/>
      <filter>
        <property value="constraint"/>
        <op value="="/>
        <value value="&lt; 284009009 |Route of administration value (qualifier value)| minus &gt; (&lt; 284009009 |Route of administration value (qualifier value)|)"/>
      </filter>
    </include>
  </compose>
</ValueSet>