<?xml version="1.0" encoding="UTF-8"?><CodeSystem xmlns="http://hl7.org/fhir"><id value="fr-uf-role-codes"/><meta><profile value="http://hl7.org/fhir/StructureDefinition/shareablecodesystem"/></meta><text><status value="generated"/><div xmlns="http://www.w3.org/1999/xhtml"><p class="res-header-id"><b>Generated Narrative: CodeSystem fr-uf-role-codes</b></p><a name="fr-uf-role-codes"> </a><a name="hcfr-uf-role-codes"> </a><a name="fr-uf-role-codes-en-US"> </a><p>This  code system <code>https://hl7.fr/fhir/fr/medication/CodeSystem/fr-uf-role-codes</code> defines the following codes:</p><table class="codes"><tr><td style="white-space:nowrap"><b>Code</b></td><td><b>Display</b></td></tr><tr><td style="white-space:nowrap">UFSOIN<a name="fr-uf-role-codes-UFSOIN"> </a></td><td>UF de responsabilité des soins</td></tr><tr><td style="white-space:nowrap">UFMED<a name="fr-uf-role-codes-UFMED"> </a></td><td>UF de responsabilité médicale</td></tr><tr><td style="white-space:nowrap">UFHEB<a name="fr-uf-role-codes-UFHEB"> </a></td><td>UF d'hébergement</td></tr></table></div></text><url value="https://hl7.fr/fhir/fr/medication/CodeSystem/fr-uf-role-codes"/><version value="0.1.0"/><name value="FrUFRoleCodes"/><title value="code system Interop'Santé - Codes pour typer le rôle des UF par rapport à un séjour patient"/><status value="draft"/><experimental value="false"/><date value="2025-02-06T08:56:34+00:00"/><publisher value="Interop'Santé"/><contact><name value="Interop'Santé"/><telecom><system value="url"/><value value="http://interopsante.org/"/></telecom></contact><description value="Le système de codage pour les types de rôle qu'une UF peut avoir par rapport à un séjour patient."/><content value="complete"/><count value="3"/><concept><code value="UFSOIN"/><display value="UF de responsabilité des soins"/></concept><concept><code value="UFMED"/><display value="UF de responsabilité médicale"/></concept><concept><code value="UFHEB"/><display value="UF d'hébergement"/></concept></CodeSystem>