<?xml version="1.0" encoding="UTF-8"?><CodeSystem xmlns="http://hl7.org/fhir"><id value="fr-medication-reconciliation-type"/><meta><profile value="http://hl7.org/fhir/StructureDefinition/shareablecodesystem"/></meta><text><status value="generated"/><div xmlns="http://www.w3.org/1999/xhtml"><p class="res-header-id"><b>Generated Narrative: CodeSystem fr-medication-reconciliation-type</b></p><a name="fr-medication-reconciliation-type"> </a><a name="hcfr-medication-reconciliation-type"> </a><a name="fr-medication-reconciliation-type-en-US"> </a><p>This  code system <code>https://hl7.fr/fhir/fr/medication/CodeSystem/fr-medication-reconciliation-type</code> defines the following codes:</p><table class="codes"><tr><td style="white-space:nowrap"><b>Code</b></td><td><b>Display</b></td></tr><tr><td style="white-space:nowrap">10000001<a name="fr-medication-reconciliation-type-10000001"> </a></td><td>Erreur posologie</td></tr><tr><td style="white-space:nowrap">10000002<a name="fr-medication-reconciliation-type-10000002"> </a></td><td>Oubli médicament prescrit</td></tr><tr><td style="white-space:nowrap">10000003<a name="fr-medication-reconciliation-type-10000003"> </a></td><td>Oubli automédication</td></tr><tr><td style="white-space:nowrap">10000004<a name="fr-medication-reconciliation-type-10000004"> </a></td><td>Erreur substitution</td></tr><tr><td style="white-space:nowrap">10000005<a name="fr-medication-reconciliation-type-10000005"> </a></td><td>Erreur forme galénique</td></tr><tr><td style="white-space:nowrap">10000006<a name="fr-medication-reconciliation-type-10000006"> </a></td><td>Ajout</td></tr><tr><td style="white-space:nowrap">10000007<a name="fr-medication-reconciliation-type-10000007"> </a></td><td>Autre</td></tr></table></div></text><url value="https://hl7.fr/fhir/fr/medication/CodeSystem/fr-medication-reconciliation-type"/><version value="0.1.0"/><name value="FrMedicationReconciliationType"/><title value="code system Interop'Santé - Type d'écart/erreur sur une ligne de traitement d'une FCT"/><status value="draft"/><experimental value="false"/><date value="2025-02-05T13:32:30+00:00"/><publisher value="Interop'Santé"/><contact><name value="Interop'Santé"/><telecom><system value="url"/><value value="http://interopsante.org/"/></telecom></contact><description value="Le système de codage du type d'écart/erreur sur une ligne de traitement d'une FCT (Fiche de Conciliation des Traitements médicamenteux)."/><content value="complete"/><count value="7"/><concept><code value="10000001"/><display value="Erreur posologie"/></concept><concept><code value="10000002"/><display value="Oubli médicament prescrit"/></concept><concept><code value="10000003"/><display value="Oubli automédication"/></concept><concept><code value="10000004"/><display value="Erreur substitution"/></concept><concept><code value="10000005"/><display value="Erreur forme galénique"/></concept><concept><code value="10000006"/><display value="Ajout"/></concept><concept><code value="10000007"/><display value="Autre"/></concept></CodeSystem>