<?xml version="1.0" encoding="UTF-8"?><ConceptMap xmlns="http://hl7.org/fhir"><id value="PN13-FHIR-prescmed-medicationrequest-conceptmap"/><text><status value="generated"/><div xmlns="http://www.w3.org/1999/xhtml"><p class="res-header-id"><b>Generated Narrative: ConceptMap PN13-FHIR-prescmed-medicationrequest-conceptmap</b></p><a name="PN13-FHIR-prescmed-medicationrequest-conceptmap"> </a><a name="hcPN13-FHIR-prescmed-medicationrequest-conceptmap"> </a><a name="PN13-FHIR-prescmed-medicationrequest-conceptmap-en-US"> </a><p>Mapping from https://interopsante.org/pn13/xsd to <a href="StructureDefinition-fr-inpatient-medicationrequest3.html">French Inpatient MedicationRequest 3</a></p><br/><p><b>Group 1 </b>Mapping from <code>unspecified code system</code> to <code>unspecified code system</code></p><table class="grid"><tr><td colspan="2"><b>Source Concept Details</b></td><td><b>Relationship</b></td><td colspan="6"><b>Target Concept Details</b></td><td><b>Comment</b></td><td colspan="6"><b>Properties</b></td></tr><tr><td colspan="2"><b>Codes</b> from </td><td/><td colspan="2"><b>Codes</b> from </td><td><b>MedicationRequestion.supportingInformation.extension.valueCode</b></td><td><b>MedicationRequest.groupIdentifier.system</b></td><td><b>MedicationRequestion.supportingInformation.extension.url</b></td><td><b>MedicationRequestion.supportingInformation.system</b></td><td/></tr><tr><td style="border-right-width: 0px">Messages@Phast-id_message</td><td style="border-left-width: 0px"></td><td><a href="http://hl7.org/fhir/extensions/5.1.0/CodeSystem-concept-map-equivalence.html#equal" title="equal">is equal to</a></td><td style="border-right-width: 0px">MedicationRequest.groupIdentifier.value</td><td style="border-left-width: 0px"></td><td/><td>{A attribuer par le systéme effectuant la traduction}</td><td/><td/><td>Si l'identifiant de message n'est pas présent, le groupIdentifier est à attribuer par le system effectuant la traduction de manière à ce qu'il soit unique pour chaque prescription</td></tr><tr><td style="border-right-width: 0px; border-bottom-style: none">Messages/M_prescription_médicaments/Prescription/Mode_communication</td><td style="border-left-width: 0px"></td><td colspan="4" style="background-color: #efefef">(not mapped)</td></tr><tr><td style="border-right-width: 0px">Messages/M_prescription_médicaments/Prescription/Dh_prescription</td><td style="border-left-width: 0px"></td><td><a href="http://hl7.org/fhir/extensions/5.1.0/CodeSystem-concept-map-equivalence.html#equivalent" title="equivalent">is equivalent to</a></td><td style="border-right-width: 0px">MedicationRequest.authoredOn</td><td style="border-left-width: 0px"></td><td/><td/><td/><td/><td>La date et l'heure sont à mettre au format FHIR avec offset</td></tr><tr><td style="border-right-width: 0px">Messages/M_prescription_médicaments/Prescription/Unité_hébergement</td><td style="border-left-width: 0px"></td><td><a href="http://hl7.org/fhir/extensions/5.1.0/CodeSystem-concept-map-equivalence.html#equal" title="equal">is equal to</a></td><td style="border-right-width: 0px">MedicationRequest.supportingInformation.identifier</td><td style="border-left-width: 0px"></td><td>UFHEB</td><td/><td>https://hl7.fr/fhir/fr/medication/StructureDefinition/fr-uf-role</td><td>{A attribuer par le systéme effectuant la traduction}</td><td/></tr><tr><td style="border-right-width: 0px">Messages/M_prescription_médicaments/Prescription/Unité_resp_médicale</td><td style="border-left-width: 0px"></td><td><a href="http://hl7.org/fhir/extensions/5.1.0/CodeSystem-concept-map-equivalence.html#equal" title="equal">is equal to</a></td><td style="border-right-width: 0px">MedicationRequest.supportingInformation.identifier</td><td style="border-left-width: 0px"></td><td>UFMED</td><td/><td>https://hl7.fr/fhir/fr/medication/StructureDefinition/fr-uf-role</td><td>{A attribuer par le systéme effectuant la traduction}</td><td/></tr></table><hr/><p><b>Group 2 </b>Mapping from <code>unspecified code system</code> to <code>unspecified code system</code></p><table class="grid"><tr><td><b>Source Code</b></td><td><b>Relationship</b></td><td><b>Target Code</b></td><td><b>Comment</b></td></tr><tr><td>Messages/M_prescription_médicaments/Prescription/Commentaire</td><td><a href="http://hl7.org/fhir/extensions/5.1.0/CodeSystem-concept-map-equivalence.html#equal" title="equal">is equal to</a></td><td>MedicationRequest.note.text</td><td/></tr><tr><td>Messages/M_prescription_médicaments/Prescription/Commentaire_structuré/Rôle_auteur</td><td colspan="3" style="background-color: #efefef">(not mapped)</td></tr><tr><td>Messages/M_prescription_médicaments/Prescription/Commentaire_structuré/Identification_auteur/Identifiant</td><td><a href="http://hl7.org/fhir/extensions/5.1.0/CodeSystem-concept-map-equivalence.html#equal" title="equal">is equal to</a></td><td>MedicationRequest.note.authorReference.identifier.value</td><td/></tr><tr><td>Messages/M_prescription_médicaments/Prescription/Commentaire_structuré/Identification_auteur/Domaine_identification</td><td><a href="http://hl7.org/fhir/extensions/5.1.0/CodeSystem-concept-map-equivalence.html#equal" title="equal">is equal to</a></td><td>MedicationRequest.note.authorReference.identifier.system</td><td/></tr><tr><td>Messages/M_prescription_médicaments/Prescription/Commentaire_structuré/Identification_auteur/Nom_usage</td><td><a href="http://hl7.org/fhir/extensions/5.1.0/CodeSystem-concept-map-equivalence.html#relatedto" title="relatedto">is related to</a></td><td>MedicationRequest.note.authorReference.display</td><td>Peut être utilisé pour constituer display en concaténant tout ou partie des éléments relatedto</td></tr><tr><td>Messages/M_prescription_médicaments/Prescription/Commentaire_structuré/Identification_auteur/Prénom_usage</td><td><a href="http://hl7.org/fhir/extensions/5.1.0/CodeSystem-concept-map-equivalence.html#relatedto" title="relatedto">is related to</a></td><td>MedicationRequest.note.authorReference.display</td><td>Peut être utilisé pour constituer display en concaténant tout ou partie des éléments relatedto</td></tr><tr><td>Messages/M_prescription_médicaments/Prescription/Commentaire_structuré/Identification_auteur/Initiales</td><td><a href="http://hl7.org/fhir/extensions/5.1.0/CodeSystem-concept-map-equivalence.html#relatedto" title="relatedto">is related to</a></td><td>MedicationRequest.note.authorReference.display</td><td>Peut être utilisé pour constituer display en concaténant tout ou partie des éléments relatedto</td></tr><tr><td>Messages/M_prescription_médicaments/Prescription/Commentaire_structuré/Identification_auteur/Civilité</td><td><a href="http://hl7.org/fhir/extensions/5.1.0/CodeSystem-concept-map-equivalence.html#relatedto" title="relatedto">is related to</a></td><td>MedicationRequest.note.authorReference.display</td><td>Peut être utilisé pour constituer display en concaténant tout ou partie des éléments relatedto</td></tr><tr><td>Messages/M_prescription_médicaments/Prescription/Commentaire_structuré/Identification_auteur/Titre</td><td><a href="http://hl7.org/fhir/extensions/5.1.0/CodeSystem-concept-map-equivalence.html#relatedto" title="relatedto">is related to</a></td><td>MedicationRequest.note.authorReference.display</td><td>Peut être utilisé pour constituer display en concaténant tout ou partie des éléments relatedto</td></tr><tr><td>Messages/M_prescription_médicaments/Prescription/Commentaire_structuré/Identification_auteur/Nom_famille</td><td><a href="http://hl7.org/fhir/extensions/5.1.0/CodeSystem-concept-map-equivalence.html#relatedto" title="relatedto">is related to</a></td><td>MedicationRequest.note.authorReference.display</td><td>Peut être utilisé pour constituer display en concaténant tout ou partie des éléments relatedto</td></tr><tr><td>Messages/M_prescription_médicaments/Prescription/Commentaire_structuré/Identification_auteur/Prénoms</td><td><a href="http://hl7.org/fhir/extensions/5.1.0/CodeSystem-concept-map-equivalence.html#relatedto" title="relatedto">is related to</a></td><td>MedicationRequest.note.authorReference.display</td><td>Peut être utilisé pour constituer display en concaténant tout ou partie des éléments relatedto</td></tr><tr><td>Messages/M_prescription_médicaments/Prescription/Commentaire_structuré/Rôle_destinataire</td><td colspan="3" style="background-color: #efefef">(not mapped)</td></tr><tr><td>Messages/M_prescription_médicaments/Prescription/Commentaire_structuré/Identification_destinataire</td><td colspan="3" style="background-color: #efefef">(not mapped)</td></tr><tr><td>Messages/M_prescription_médicaments/Prescription/Commentaire_structuré/Criticité</td><td colspan="3" style="background-color: #efefef">(not mapped)</td></tr><tr><td>Messages/M_prescription_médicaments/Prescription/Commentaire_structuré/Texte</td><td><a href="http://hl7.org/fhir/extensions/5.1.0/CodeSystem-concept-map-equivalence.html#equal" title="equal">is equal to</a></td><td>MedicationRequest.note.text</td><td/></tr></table><hr/><p><b>Group 3 </b>Mapping from <code>unspecified code system</code> to <code>unspecified code system</code></p><table class="grid"><tr><td colspan="3"><b>Source Concept Details</b></td><td><b>Relationship</b></td><td colspan="2"><b>Target Concept Details</b></td><td><b>Comment</b></td><td colspan="2"><b>Properties</b></td></tr><tr><td colspan="2"><b>Codes</b> from </td><td><b>Valeur_rens_compl</b></td><td/><td colspan="2"><b>Codes</b> from </td><td/></tr><tr><td style="border-right-width: 0px">Messages/M_prescription_médicaments/Prescription/Rens_compl</td><td style="border-left-width: 0px"></td><td>{Absent}</td><td><a href="http://hl7.org/fhir/extensions/5.1.0/CodeSystem-concept-map-equivalence.html#relatedto" title="relatedto">is related to</a></td><td style="border-right-width: 0px">MedicationRequest.supportingInformation.reference</td><td style="border-left-width: 0px"></td><td>Ressource Observation à créer en se basant sur la ressourece conceptMap PN13-FHIR-observation-conceptmap et à référencer dans MedicationRequest.supportingInformation.reference</td></tr><tr><td style="border-right-width: 0px">Messages/M_prescription_médicaments/Prescription/Rens_compl/Valeur_rens_compl</td><td style="border-left-width: 0px"></td><td>{Présent}</td><td><a href="http://hl7.org/fhir/extensions/5.1.0/CodeSystem-concept-map-equivalence.html#equivalent" title="equivalent">is equivalent to</a></td><td style="border-right-width: 0px">MedicationRequest.note.text</td><td style="border-left-width: 0px"></td><td>Reprendre la valeur de Valeur_rens_compl en la préfixant par le libellé du type de renseignement complémentaire (Code_rens_compl) issu de la terminologie SIPh_RensComplement</td></tr></table><hr/><p><b>Group 4 </b>Mapping from <code>unspecified code system</code> to <code>unspecified code system</code></p><table class="grid"><tr><td colspan="2"><b>Source Concept Details</b></td><td><b>Relationship</b></td><td colspan="3"><b>Target Concept Details</b></td><td colspan="3"><b>Properties</b></td></tr><tr><td colspan="2"><b>Codes</b> from </td><td/><td colspan="2"><b>Codes</b> from </td><td><b>MedicationRequest.identifier.system</b></td></tr><tr><td style="border-right-width: 0px">Messages/M_prescription_médicaments/Prescription/Elément_prescr_médic/Id_élément_prescr</td><td style="border-left-width: 0px"></td><td><a href="http://hl7.org/fhir/extensions/5.1.0/CodeSystem-concept-map-equivalence.html#equal" title="equal">is equal to</a></td><td style="border-right-width: 0px">MedicationRequest.identifier.value</td><td style="border-left-width: 0px"></td><td>{A attribuer par le systéme effectuant la traduction}</td></tr></table><hr/><p><b>Group 5 </b>Mapping from <code>unspecified code system</code> to <code>unspecified code system</code></p><table class="grid"><tr><td colspan="3"><b>Source Concept Details</b></td><td><b>Relationship</b></td><td colspan="3"><b>Target Concept Details</b></td><td><b>Comment</b></td><td colspan="3"><b>Properties</b></td></tr><tr><td colspan="2"><b>Codes</b> from </td><td><b>Urgent</b></td><td/><td colspan="2"><b>Codes</b> from </td><td><b>MedicationRequest.priority</b></td><td/></tr><tr><td style="border-right-width: 0px; border-bottom-style: none">Messages/M_prescription_médicaments/Prescription/Elément_prescr_médic/Type_élément_prescr</td><td style="border-left-width: 0px"></td><td colspan="4" style="background-color: #efefef">(not mapped)</td></tr><tr><td style="border-right-width: 0px">Messages/M_prescription_médicaments/Prescription/Elément_prescr_médic/Forme</td><td style="border-left-width: 0px"></td><td/><td><a href="http://hl7.org/fhir/extensions/5.1.0/CodeSystem-concept-map-equivalence.html#relatedto" title="relatedto">is related to</a></td><td style="border-right-width: 0px">MedicationRequest.medicationReference.reference</td><td style="border-left-width: 0px"></td><td/><td>Voir les ressources concepMap PN13-FHIR-Prescmedi-medicationComp-conceptmap ou PN13-FHIR-Prescmedi-medicationNonComp-conceptmap pour le détail du mapping de cet élément</td></tr><tr><td style="border-right-width: 0px">Messages/M_prescription_médicaments/Prescription/Elément_prescr_médic/Libellé_élément_prescr</td><td style="border-left-width: 0px"></td><td/><td><a href="http://hl7.org/fhir/extensions/5.1.0/CodeSystem-concept-map-equivalence.html#equal" title="equal">is equal to</a></td><td style="border-right-width: 0px">MedicationRequest.note.text</td><td style="border-left-width: 0px"></td><td/><td/></tr><tr><td style="border-right-width: 0px; border-bottom-style: none">Messages/M_prescription_médicaments/Prescription/Elément_prescr_médic/Cré_arr_mod_val</td><td style="border-left-width: 0px"></td><td colspan="4" style="background-color: #efefef">(not mapped)</td></tr><tr><td style="border-right-width: 0px">Messages/M_prescription_médicaments/Prescription/Elément_prescr_médic/Urgent</td><td style="border-left-width: 0px"></td><td>true</td><td><a href="http://hl7.org/fhir/extensions/5.1.0/CodeSystem-concept-map-equivalence.html#equivalent" title="equivalent">is equivalent to</a></td><td style="border-right-width: 0px">MedicationRequest.priority</td><td style="border-left-width: 0px"></td><td>urgent</td><td/></tr><tr><td style="border-right-width: 0px">Messages/M_prescription_médicaments/Prescription/Elément_prescr_médic/Urgent</td><td style="border-left-width: 0px"></td><td>false</td><td><a href="http://hl7.org/fhir/extensions/5.1.0/CodeSystem-concept-map-equivalence.html#equivalent" title="equivalent">is equivalent to</a></td><td style="border-right-width: 0px">MedicationRequest.priority</td><td style="border-left-width: 0px"></td><td>routine</td><td/></tr><tr><td style="border-right-width: 0px">Messages/M_prescription_médicaments/Prescription/Elément_prescr_médic/Urgent</td><td style="border-left-width: 0px"></td><td>{Absent}</td><td><a href="http://hl7.org/fhir/extensions/5.1.0/CodeSystem-concept-map-equivalence.html#equivalent" title="equivalent">is equivalent to</a></td><td style="border-right-width: 0px">MedicationRequest.priority</td><td style="border-left-width: 0px"></td><td>routine</td><td/></tr><tr><td style="border-right-width: 0px; border-bottom-style: none">Messages/M_prescription_médicaments/Prescription/Elément_prescr_médic/Fourniture</td><td style="border-left-width: 0px"></td><td colspan="4" style="background-color: #efefef">(not mapped)</td></tr><tr><td style="border-right-width: 0px">Messages/M_prescription_médicaments/Prescription/Elément_prescr_médic/Id_prescripteur</td><td style="border-left-width: 0px"></td><td/><td><a href="http://hl7.org/fhir/extensions/5.1.0/CodeSystem-concept-map-equivalence.html#relatedto" title="relatedto">is related to</a></td><td style="border-right-width: 0px">MedicationRequest.requester</td><td style="border-left-width: 0px"></td><td/><td>Voir la ressource concepMap PN13-FHIR-prescmed-practitioner-id-seul-conceptmap pour le détail du mapping de cet élément</td></tr><tr><td style="border-right-width: 0px">Messages/M_prescription_médicaments/Prescription/Elément_prescr_médic/Identification_prescripteur</td><td style="border-left-width: 0px"></td><td/><td><a href="http://hl7.org/fhir/extensions/5.1.0/CodeSystem-concept-map-equivalence.html#relatedto" title="relatedto">is related to</a></td><td style="border-right-width: 0px">MedicationRequest.requester</td><td style="border-left-width: 0px"></td><td/><td>Voir la ressource concepMap PN13-FHIR-presmed-practitioner-identite-conceptmap pour le détail du mapping de cet élément</td></tr></table><hr/><p><b>Group 6 </b>Mapping from <code>unspecified code system</code> to <code>unspecified code system</code></p><table class="grid"><tr><td colspan="3"><b>Source Concept Details</b></td><td><b>Relationship</b></td><td colspan="3"><b>Target Concept Details</b></td><td><b>Comment</b></td><td colspan="3"><b>Properties</b></td></tr><tr><td colspan="2"><b>Codes</b> from </td><td><b>Voie_administration@Phastnomenclature</b></td><td/><td colspan="2"><b>Codes</b> from </td><td><b>MedicationRequest.dosageInstruction.route.coding.system</b></td><td/></tr><tr><td style="border-right-width: 0px">Messages/M_prescription_médicaments/Prescription/Elément_prescr_médic/Voie_administration</td><td style="border-left-width: 0px"></td><td>EDQM</td><td><a href="http://hl7.org/fhir/extensions/5.1.0/CodeSystem-concept-map-equivalence.html#equal" title="equal">is equal to</a></td><td style="border-right-width: 0px">MedicationRequest.dosageInstruction.route.coding.code</td><td style="border-left-width: 0px"></td><td>http://standardterms.edqm.eu</td><td/></tr><tr><td style="border-right-width: 0px">Messages/M_prescription_médicaments/Prescription/Elément_prescr_médic/Voie_administration</td><td style="border-left-width: 0px"></td><td>SIPh-CIO_Voie_administration</td><td><a href="http://hl7.org/fhir/extensions/5.1.0/CodeSystem-concept-map-equivalence.html#equivalent" title="equivalent">is equivalent to</a></td><td style="border-right-width: 0px">MedicationRequest.dosageInstruction.route.coding.code</td><td style="border-left-width: 0px"></td><td>http://standardterms.edqm.eu</td><td>le code cible est à trouver dans le mapping SIPh-CIO_Voie_administration / EDMQ</td></tr><tr><td style="border-right-width: 0px">Messages/M_prescription_médicaments/Prescription/Elément_prescr_médic/Voie_administration</td><td style="border-left-width: 0px"></td><td>{Absent}</td><td><a href="http://hl7.org/fhir/extensions/5.1.0/CodeSystem-concept-map-equivalence.html#equivalent" title="equivalent">is equivalent to</a></td><td style="border-right-width: 0px">MedicationRequest.dosageInstruction.route.coding.code</td><td style="border-left-width: 0px"></td><td>http://standardterms.edqm.eu</td><td>le code cible est à trouver dans le mapping SIPh-CIO_Voie_administration / EDMQ</td></tr><tr><td style="border-right-width: 0px">Messages/M_prescription_médicaments/Prescription/Elément_prescr_médic/Voie_administration</td><td style="border-left-width: 0px"></td><td>SIPh-Voie_administration</td><td><a href="http://hl7.org/fhir/extensions/5.1.0/CodeSystem-concept-map-equivalence.html#equivalent" title="equivalent">is equivalent to</a></td><td style="border-right-width: 0px">MedicationRequest.dosageInstruction.route.text</td><td style="border-left-width: 0px"></td><td/><td>Le code SIPh est à traduire en code EDQM si possible à indiquer dans MedicationRequest.dosageInstruction.route.coding.code avec MedicationRequest.dosageInstruction.route.coding.system valorisé à http://standardterms.edqm.eu. Si ce n'est pas possible MedicationRequest.dosageInstruction.route.text peut être utilisé pour mettre le libellé de la voie d'administration</td></tr></table><hr/><p><b>Group 7 </b>Mapping from <code>unspecified code system</code> to <code>unspecified code system</code></p><table class="grid"><tr><td colspan="2"><b>Source Concept Details</b></td><td><b>Relationship</b></td><td colspan="3"><b>Target Concept Details</b></td><td colspan="3"><b>Properties</b></td></tr><tr><td colspan="2"><b>Codes</b> from </td><td/><td colspan="2"><b>Codes</b> from </td><td><b>MedicationRequest.supportingInformation.type</b></td></tr><tr><td style="border-right-width: 0px">Messages/M_prescription_médicaments/Prescription/Elément_prescr_médic/Lieu_administration</td><td style="border-left-width: 0px"></td><td><a href="http://hl7.org/fhir/extensions/5.1.0/CodeSystem-concept-map-equivalence.html#equal" title="equal">is equal to</a></td><td style="border-right-width: 0px">MedicationRequest.dispenseRequest.performer.display</td><td style="border-left-width: 0px"></td><td/></tr><tr><td style="border-right-width: 0px">Messages/M_prescription_médicaments/Prescription/Elément_prescr_médic/Dispositif_associé</td><td style="border-left-width: 0px"></td><td><a href="http://hl7.org/fhir/extensions/5.1.0/CodeSystem-concept-map-equivalence.html#equal" title="equal">is equal to</a></td><td style="border-right-width: 0px">MedicationRequest.supportingInformation.display</td><td style="border-left-width: 0px"></td><td>Device</td></tr><tr><td style="border-right-width: 0px">Messages/M_prescription_médicaments/Prescription/Elément_prescr_médic/Posologie</td><td style="border-left-width: 0px"></td><td><a href="http://hl7.org/fhir/extensions/5.1.0/CodeSystem-concept-map-equivalence.html#equal" title="equal">is equal to</a></td><td style="border-right-width: 0px">MedicationRequest.note.text</td><td style="border-left-width: 0px"></td><td/></tr></table><hr/><p><b>Group 8 </b>Mapping from <code>unspecified code system</code> to <code>unspecified code system</code></p><table class="grid"><tr><td colspan="4"><b>Source Concept Details</b></td><td><b>Relationship</b></td><td colspan="2"><b>Target Concept Details</b></td><td><b>Comment</b></td><td colspan="2"><b>Properties</b></td></tr><tr><td colspan="2"><b>Codes</b> from </td><td><b>Dh_début</b></td><td><b>Dh_fin</b></td><td/><td colspan="2"><b>Codes</b> from </td><td/></tr><tr><td style="border-right-width: 0px">Messages/M_prescription_médicaments/Prescription/Elément_prescr_médic/Dh_début_prescrite</td><td style="border-left-width: 0px"></td><td>{Absent}</td><td/><td><a href="http://hl7.org/fhir/extensions/5.1.0/CodeSystem-concept-map-equivalence.html#equivalent" title="equivalent">is equivalent to</a></td><td style="border-right-width: 0px">MedicationRequest.dosageInstruction.timing.repeat.boundsPeriod.start</td><td style="border-left-width: 0px"></td><td>La date et l'heure sont à mettre au format FHIR avec offset</td></tr><tr><td style="border-right-width: 0px">Messages/M_prescription_médicaments/Prescription/Elément_prescr_médic/Dh_début_prescrite</td><td style="border-left-width: 0px"></td><td>{Présent}</td><td/><td><a href="http://hl7.org/fhir/extensions/5.1.0/CodeSystem-concept-map-equivalence.html#disjoint" title="disjoint">is not related to</a></td><td style="border-right-width: 0px"/><td style="border-left-width: 0px"></td><td>Dans le cas où l'élément Dh_début est présent, Dh_début_prescrite n'est pas mappé</td></tr><tr><td style="border-right-width: 0px">Messages/M_prescription_médicaments/Prescription/Elément_prescr_médic/Dh_début</td><td style="border-left-width: 0px"></td><td/><td/><td><a href="http://hl7.org/fhir/extensions/5.1.0/CodeSystem-concept-map-equivalence.html#equivalent" title="equivalent">is equivalent to</a></td><td style="border-right-width: 0px">MedicationRequest.dosageInstruction.timing.repeat.boundsPeriod.start</td><td style="border-left-width: 0px"></td><td>La date et l'heure sont à mettre au format FHIR avec offset</td></tr><tr><td style="border-right-width: 0px">Messages/M_prescription_médicaments/Prescription/Elément_prescr_médic/Dh_fin_prescrite</td><td style="border-left-width: 0px"></td><td/><td>{Absent}</td><td><a href="http://hl7.org/fhir/extensions/5.1.0/CodeSystem-concept-map-equivalence.html#equivalent" title="equivalent">is equivalent to</a></td><td style="border-right-width: 0px">MedicationRequest.dosageInstruction.timing.repeat.boundsPeriod.end</td><td style="border-left-width: 0px"></td><td>La date et l'heure sont à mettre au format FHIR avec offset</td></tr><tr><td style="border-right-width: 0px">Messages/M_prescription_médicaments/Prescription/Elément_prescr_médic/Dh_fin_prescrite</td><td style="border-left-width: 0px"></td><td/><td>{Présent}</td><td><a href="http://hl7.org/fhir/extensions/5.1.0/CodeSystem-concept-map-equivalence.html#disjoint" title="disjoint">is not related to</a></td><td style="border-right-width: 0px"/><td style="border-left-width: 0px"></td><td>Dans le cas où l'élément Dh_fin est présent, Dh_finprescrite n'est pas mappé</td></tr><tr><td style="border-right-width: 0px">Messages/M_prescription_médicaments/Prescription/Elément_prescr_médic/Dh_fin</td><td style="border-left-width: 0px"></td><td/><td/><td><a href="http://hl7.org/fhir/extensions/5.1.0/CodeSystem-concept-map-equivalence.html#equivalent" title="equivalent">is equivalent to</a></td><td style="border-right-width: 0px">MedicationRequest.dosageInstruction.timing.repeat.boundsPeriod.end</td><td style="border-left-width: 0px"></td><td>La date et l'heure sont à mettre au format FHIR avec offset</td></tr></table><hr/><p><b>Group 9 </b>Mapping from <code>unspecified code system</code> to <code>unspecified code system</code></p><table class="grid"><tr><td><b>Source Code</b></td><td><b>Relationship</b></td><td><b>Target Code</b></td></tr><tr><td>Messages/M_prescription_médicaments/Prescription/Elément_prescr_médic/Indication</td><td><a href="http://hl7.org/fhir/extensions/5.1.0/CodeSystem-concept-map-equivalence.html#equal" title="equal">is equal to</a></td><td>MedicationRequest.note.text</td></tr></table><hr/><p><b>Group 10 </b>Mapping from <code>unspecified code system</code> to <code>unspecified code system</code></p><table class="grid"><tr><td><b>Source Code</b></td><td><b>Relationship</b></td><td><b>Target Code</b></td><td><b>Comment</b></td></tr><tr><td>Messages/M_prescription_médicaments/Prescription/Elément_prescr_médic/Commentaire</td><td><a href="http://hl7.org/fhir/extensions/5.1.0/CodeSystem-concept-map-equivalence.html#equal" title="equal">is equal to</a></td><td>MedicationRequest.note.text</td><td/></tr><tr><td>Messages/M_prescription_médicaments/Prescription/Elément_prescr_médic/Commentaire_structuré/Rôle_auteur</td><td colspan="3" style="background-color: #efefef">(not mapped)</td></tr><tr><td>Messages/M_prescription_médicaments/Prescription/Elément_prescr_médic/Commentaire_structuré/Identification_auteur/Identifiant</td><td><a href="http://hl7.org/fhir/extensions/5.1.0/CodeSystem-concept-map-equivalence.html#equal" title="equal">is equal to</a></td><td>MedicationRequest.note.authorReference.identifier.value</td><td/></tr><tr><td>Messages/M_prescription_médicaments/Prescription/Elément_prescr_médic/Commentaire_structuré/Identification_auteur/Domaine_identification</td><td><a href="http://hl7.org/fhir/extensions/5.1.0/CodeSystem-concept-map-equivalence.html#equal" title="equal">is equal to</a></td><td>MedicationRequest.note.authorReference.identifier.system</td><td/></tr><tr><td>Messages/M_prescription_médicaments/Prescription/Elément_prescr_médic/Commentaire_structuré/Identification_auteur/Nom_usage</td><td><a href="http://hl7.org/fhir/extensions/5.1.0/CodeSystem-concept-map-equivalence.html#relatedto" title="relatedto">is related to</a></td><td>MedicationRequest.note.authorReference.display</td><td>Peut être utilisé pour constituer display en concaténant tout ou partie des éléments relatedto</td></tr><tr><td>Messages/M_prescription_médicaments/Prescription/Elément_prescr_médic/Commentaire_structuré/Identification_auteur/Prénom_usage</td><td><a href="http://hl7.org/fhir/extensions/5.1.0/CodeSystem-concept-map-equivalence.html#relatedto" title="relatedto">is related to</a></td><td>MedicationRequest.note.authorReference.display</td><td>Peut être utilisé pour constituer display en concaténant tout ou partie des éléments relatedto</td></tr><tr><td>Messages/M_prescription_médicaments/Prescription/Elément_prescr_médic/Commentaire_structuré/Identification_auteur/Initiales</td><td><a href="http://hl7.org/fhir/extensions/5.1.0/CodeSystem-concept-map-equivalence.html#relatedto" title="relatedto">is related to</a></td><td>MedicationRequest.note.authorReference.display</td><td>Peut être utilisé pour constituer display en concaténant tout ou partie des éléments relatedto</td></tr><tr><td>Messages/M_prescription_médicaments/Prescription/Elément_prescr_médic/Commentaire_structuré/Identification_auteur/Civilité</td><td><a href="http://hl7.org/fhir/extensions/5.1.0/CodeSystem-concept-map-equivalence.html#relatedto" title="relatedto">is related to</a></td><td>MedicationRequest.note.authorReference.display</td><td>Peut être utilisé pour constituer display en concaténant tout ou partie des éléments relatedto</td></tr><tr><td>Messages/M_prescription_médicaments/Prescription/Elément_prescr_médic/Commentaire_structuré/Identification_auteur/Titre</td><td><a href="http://hl7.org/fhir/extensions/5.1.0/CodeSystem-concept-map-equivalence.html#relatedto" title="relatedto">is related to</a></td><td>MedicationRequest.note.authorReference.display</td><td>Peut être utilisé pour constituer display en concaténant tout ou partie des éléments relatedto</td></tr><tr><td>Messages/M_prescription_médicaments/Prescription/Elément_prescr_médic/Commentaire_structuré/Identification_auteur/Nom_famille</td><td><a href="http://hl7.org/fhir/extensions/5.1.0/CodeSystem-concept-map-equivalence.html#relatedto" title="relatedto">is related to</a></td><td>MedicationRequest.note.authorReference.display</td><td>Peut être utilisé pour constituer display en concaténant tout ou partie des éléments relatedto</td></tr><tr><td>Messages/M_prescription_médicaments/Prescription/Elément_prescr_médic/Commentaire_structuré/Identification_auteur/Prénoms</td><td><a href="http://hl7.org/fhir/extensions/5.1.0/CodeSystem-concept-map-equivalence.html#relatedto" title="relatedto">is related to</a></td><td>MedicationRequest.note.authorReference.display</td><td>Peut être utilisé pour constituer display en concaténant tout ou partie des éléments relatedto</td></tr><tr><td>Messages/M_prescription_médicaments/Prescription/Elément_prescr_médic/Commentaire_structuré/Rôle_destinataire</td><td colspan="3" style="background-color: #efefef">(not mapped)</td></tr><tr><td>Messages/M_prescription_médicaments/Prescription/Elément_prescr_médic/Commentaire_structuré/Identification_destinataire</td><td colspan="3" style="background-color: #efefef">(not mapped)</td></tr><tr><td>Messages/M_prescription_médicaments/Prescription/Elément_prescr_médic/Commentaire_structuré/Criticité</td><td colspan="3" style="background-color: #efefef">(not mapped)</td></tr><tr><td>Messages/M_prescription_médicaments/Prescription/Elément_prescr_médic/Commentaire_structuré/Texte</td><td><a href="http://hl7.org/fhir/extensions/5.1.0/CodeSystem-concept-map-equivalence.html#equal" title="equal">is equal to</a></td><td>MedicationRequest.note.text</td><td/></tr></table><hr/><p><b>Group 11 </b>Mapping from <code>unspecified code system</code> to <code>unspecified code system</code></p><table class="grid"><tr><td colspan="3"><b>Source Concept Details</b></td><td><b>Relationship</b></td><td colspan="4"><b>Target Concept Details</b></td><td colspan="4"><b>Properties</b></td></tr><tr><td colspan="2"><b>Codes</b> from </td><td><b>GoNogo</b></td><td/><td colspan="2"><b>Codes</b> from </td><td><b>MedicationRequest.intent</b></td><td><b>MedicationRequest.status</b></td></tr><tr><td style="border-right-width: 0px; border-bottom-style: none">Messages/M_prescription_médicaments/Prescription/Elément_prescr_médic/Rang_élément_prescr</td><td style="border-left-width: 0px"></td><td colspan="4" style="background-color: #efefef">(not mapped)</td></tr><tr><td style="border-right-width: 0px; border-bottom-style: none">Messages/M_prescription_médicaments/Prescription/Elément_prescr_médic/Id_protocole_prescrit</td><td style="border-left-width: 0px"></td><td colspan="4" style="background-color: #efefef">(not mapped)</td></tr><tr><td style="border-right-width: 0px">Messages/M_prescription_médicaments/Prescription/Elément_prescr_médic/GoNogo</td><td style="border-left-width: 0px"></td><td>0</td><td><a href="http://hl7.org/fhir/extensions/5.1.0/CodeSystem-concept-map-equivalence.html#equivalent" title="equivalent">is equivalent to</a></td><td style="border-right-width: 0px">MedicationRequest.status</td><td style="border-left-width: 0px"></td><td>order</td><td>unknown</td></tr><tr><td style="border-right-width: 0px"/><td style="border-left-width: 0px"></td><td>1</td><td><a href="http://hl7.org/fhir/extensions/5.1.0/CodeSystem-concept-map-equivalence.html#equivalent" title="equivalent">is equivalent to</a></td><td style="border-right-width: 0px">MedicationRequest.status</td><td style="border-left-width: 0px"></td><td>order</td><td>on-hold</td></tr><tr><td style="border-right-width: 0px"/><td style="border-left-width: 0px"></td><td>2</td><td><a href="http://hl7.org/fhir/extensions/5.1.0/CodeSystem-concept-map-equivalence.html#equivalent" title="equivalent">is equivalent to</a></td><td style="border-right-width: 0px">MedicationRequest.status</td><td style="border-left-width: 0px"></td><td>order</td><td>active</td></tr><tr><td style="border-right-width: 0px"/><td style="border-left-width: 0px"></td><td>3</td><td><a href="http://hl7.org/fhir/extensions/5.1.0/CodeSystem-concept-map-equivalence.html#equivalent" title="equivalent">is equivalent to</a></td><td style="border-right-width: 0px">MedicationRequest.status</td><td style="border-left-width: 0px"></td><td>order</td><td>active</td></tr><tr><td style="border-right-width: 0px"/><td style="border-left-width: 0px"></td><td>4</td><td><a href="http://hl7.org/fhir/extensions/5.1.0/CodeSystem-concept-map-equivalence.html#equivalent" title="equivalent">is equivalent to</a></td><td style="border-right-width: 0px">MedicationRequest.status</td><td style="border-left-width: 0px"></td><td>order</td><td>cancelled</td></tr><tr><td style="border-right-width: 0px">Messages/M_prescription_médicaments/Prescription/Elément_prescr_médic/Motif_attente</td><td style="border-left-width: 0px"></td><td/><td><a href="http://hl7.org/fhir/extensions/5.1.0/CodeSystem-concept-map-equivalence.html#equal" title="equal">is equal to</a></td><td style="border-right-width: 0px">MedicationRequest.statusReason.text</td><td style="border-left-width: 0px"></td><td/><td/></tr><tr><td style="border-right-width: 0px; border-bottom-style: none">Messages/M_prescription_médicaments/Prescription/Elément_prescr_médic/Delta_dh_référence</td><td style="border-left-width: 0px"></td><td colspan="4" style="background-color: #efefef">(not mapped)</td></tr><tr><td style="border-right-width: 0px">Messages/M_prescription_médicaments/Prescription/Elément_prescr_médic/Conditions_application</td><td style="border-left-width: 0px"></td><td/><td><a href="http://hl7.org/fhir/extensions/5.1.0/CodeSystem-concept-map-equivalence.html#equal" title="equal">is equal to</a></td><td style="border-right-width: 0px">MedicationRequest.note.text</td><td style="border-left-width: 0px"></td><td/><td/></tr></table><hr/><p><b>Group 12 </b>Mapping from <code>unspecified code system</code> to <code>unspecified code system</code></p><table class="grid"><tr><td><b>Source Code</b></td><td><b>Relationship</b></td><td><b>Target Code</b></td><td><b>Comment</b></td></tr><tr><td>Messages/M_prescription_médicaments/Prescription/Elément_prescr_médic/Composant_prescrit</td><td><a href="http://hl7.org/fhir/extensions/5.1.0/CodeSystem-concept-map-equivalence.html#relatedto" title="relatedto">is related to</a></td><td>MedicationRequest.medicationReference</td><td>Voir les ressources concepMap PN13-FHIR-Prescmedi-medicationComp-conceptmap ou PN13-FHIR-Prescmedi-medicationNonComp-conceptmap pour le détail du mapping de cet élément</td></tr></table><hr/><p><b>Group 13 </b>Mapping from <code>unspecified code system</code> to <code>unspecified code system</code></p><table class="grid"><tr><td><b>Source Code</b></td><td><b>Relationship</b></td><td><b>Target Code</b></td><td><b>Comment</b></td></tr><tr><td>Messages/M_prescription_médicaments/Prescription/Elément_prescr_médic/Elément_posologie</td><td><a href="http://hl7.org/fhir/extensions/5.1.0/CodeSystem-concept-map-equivalence.html#relatedto" title="relatedto">is related to</a></td><td>MedicationRequest.dosageInstruction</td><td>Voir la ressource concepMap PN13-FHIR-prescmed-dosageinstruction-conceptmap pour le détail du mapping de cet élément</td></tr></table><hr/><p><b>Group 14 </b>Mapping from <code>unspecified code system</code> to <code>unspecified code system</code></p><table class="grid"><tr><td><b>Source Code</b></td><td><b>Relationship</b></td><td><b>Target Code</b></td></tr><tr><td>Messages/M_prescription_médicaments/Prescription/Protocole_prescrit_médic</td><td colspan="2" style="background-color: #efefef">(not mapped)</td></tr></table><hr/><p><b>Group 15 </b>Mapping from <code>unspecified code system</code> to <code>unspecified code system</code></p><table class="grid"><tr><td><b>Source Code</b></td><td><b>Relationship</b></td><td><b>Target Code</b></td><td><b>Comment</b></td></tr><tr><td>Messages/M_prescription_médicaments/Prescription/Elément_prescr_médic/Composant_prescrit/Non_substituable</td><td><a href="http://hl7.org/fhir/extensions/5.1.0/CodeSystem-concept-map-equivalence.html#relatedto" title="relatedto">is related to</a></td><td>MedicationRequest.substitution.allowedBoolean</td><td>POINT D'ATTENTION - La logique de cet élément est inversée entre PN13 et FHIR. Ainsi Non-substituable à faux en PN13 est à traduire en substitution.allowedBoolean à vrai en FHIR. Par ailleurs, cet élément est au niveau de médicament dans PN13 et au niveau de la ligne de prescription en FHIR. En cas de médicament composé, un opérateur logique OU Inclusif est à utiliser sur les valeurs PN13: si au moins un composant d'un médicament composé est non substituable, la ligne de prescription est considérée comme non substituable et donc l'élément substitution.allowedBoolean est valorisé à faux.</td></tr></table><hr/><p><b>Group 16 </b>Mapping from <code>unspecified code system</code> to <code>unspecified code system</code></p><table class="grid"><tr><td><b>Source Code</b></td><td><b>Relationship</b></td><td><b>Target Code</b></td><td><b>Comment</b></td></tr><tr><td>Messages/M_prescription_médicaments/Prescription/Elément_prescr_médic/Composant_prescrit/Référent_poso</td><td><a href="http://hl7.org/fhir/extensions/5.1.0/CodeSystem-concept-map-equivalence.html#relatedto" title="relatedto">is related to</a></td><td>MedicationRequest.dosageInstruction.doseAndRate.extension($fr-basis-of-dose-component).valueReference</td><td>Porte la référence à la ressource Medication traduisant l'élément Composant_prescrit de PN13 pour lequel Référent_poso est vrai</td></tr></table></div></text><url value="https://hl7.fr/fhir/fr/medication/ConceptMap/PN13-FHIR-prescmed-medicationrequest-conceptmap"/><version value="0.1.0"/><name value="FrPN13FHIRMedicationPrescriptionMedicationRequestConceptMap"/><title value="Conversion PN13 vers FHIR pour la ligne de prescription d'une prescription de médicaments"/><status value="draft"/><date value="2025-02-05T14:43:21+00:00"/><publisher value="Interop'Santé"/><contact><name value="Interop'Santé"/><telecom><system value="url"/><value value="http://interopsante.org/"/></telecom></contact><description value="ConceptMap pour la conversion PN13 vers FHIR d'une ligne de prescription d'une prescritpion de médicament"/><sourceUri value="https://interopsante.org/pn13/xsd"/><targetUri value="https://hl7.fr/fhir/fr/medication/StructureDefinition/fr-inpatient-medicationrequest3"/><group><element><code value="Messages@Phast-id_message"/><target><code value="MedicationRequest.groupIdentifier.value"/><equivalence value="equal"/><comment value="Si l'identifiant de message n'est pas présent, le groupIdentifier est à attribuer par le system effectuant la traduction de manière à ce qu'il soit unique pour chaque prescription"/><product><property value="MedicationRequest.groupIdentifier.system"/><value value="{A attribuer par le systéme effectuant la traduction}"/></product></target></element><element><code value="Messages/M_prescription_médicaments/Prescription/Mode_communication"/><target><equivalence value="unmatched"/></target></element><element><code value="Messages/M_prescription_médicaments/Prescription/Dh_prescription"/><target><code value="MedicationRequest.authoredOn"/><equivalence value="equivalent"/><comment value="La date et l'heure sont à mettre au format FHIR avec offset"/></target></element><element><code value="Messages/M_prescription_médicaments/Prescription/Unité_hébergement"/><target><code value="MedicationRequest.supportingInformation.identifier"/><equivalence value="equal"/><product><property value="MedicationRequestion.supportingInformation.system"/><value value="{A attribuer par le systéme effectuant la traduction}"/></product><product><property value="MedicationRequestion.supportingInformation.extension.url"/><value value="https://hl7.fr/fhir/fr/medication/StructureDefinition/fr-uf-role"/></product><product><property value="MedicationRequestion.supportingInformation.extension.valueCode"/><value value="UFHEB"/></product></target></element><element><code value="Messages/M_prescription_médicaments/Prescription/Unité_resp_médicale"/><target><code value="MedicationRequest.supportingInformation.identifier"/><equivalence value="equal"/><product><property value="MedicationRequestion.supportingInformation.system"/><value value="{A attribuer par le systéme effectuant la traduction}"/></product><product><property value="MedicationRequestion.supportingInformation.extension.url"/><value value="https://hl7.fr/fhir/fr/medication/StructureDefinition/fr-uf-role"/></product><product><property value="MedicationRequestion.supportingInformation.extension.valueCode"/><value value="UFMED"/></product></target></element></group><group><element><code value="Messages/M_prescription_médicaments/Prescription/Commentaire"/><target><code value="MedicationRequest.note.text"/><equivalence value="equal"/></target></element><element><code value="Messages/M_prescription_médicaments/Prescription/Commentaire_structuré/Rôle_auteur"/><target><equivalence value="unmatched"/></target></element><element><code value="Messages/M_prescription_médicaments/Prescription/Commentaire_structuré/Identification_auteur/Identifiant"/><target><code value="MedicationRequest.note.authorReference.identifier.value"/><equivalence value="equal"/></target></element><element><code value="Messages/M_prescription_médicaments/Prescription/Commentaire_structuré/Identification_auteur/Domaine_identification"/><target><code value="MedicationRequest.note.authorReference.identifier.system"/><equivalence value="equal"/></target></element><element><code value="Messages/M_prescription_médicaments/Prescription/Commentaire_structuré/Identification_auteur/Nom_usage"/><target><code value="MedicationRequest.note.authorReference.display"/><equivalence value="relatedto"/><comment value="Peut être utilisé pour constituer display en concaténant tout ou partie des éléments relatedto"/></target></element><element><code value="Messages/M_prescription_médicaments/Prescription/Commentaire_structuré/Identification_auteur/Prénom_usage"/><target><code value="MedicationRequest.note.authorReference.display"/><equivalence value="relatedto"/><comment value="Peut être utilisé pour constituer display en concaténant tout ou partie des éléments relatedto"/></target></element><element><code value="Messages/M_prescription_médicaments/Prescription/Commentaire_structuré/Identification_auteur/Initiales"/><target><code value="MedicationRequest.note.authorReference.display"/><equivalence value="relatedto"/><comment value="Peut être utilisé pour constituer display en concaténant tout ou partie des éléments relatedto"/></target></element><element><code value="Messages/M_prescription_médicaments/Prescription/Commentaire_structuré/Identification_auteur/Civilité"/><target><code value="MedicationRequest.note.authorReference.display"/><equivalence value="relatedto"/><comment value="Peut être utilisé pour constituer display en concaténant tout ou partie des éléments relatedto"/></target></element><element><code value="Messages/M_prescription_médicaments/Prescription/Commentaire_structuré/Identification_auteur/Titre"/><target><code value="MedicationRequest.note.authorReference.display"/><equivalence value="relatedto"/><comment value="Peut être utilisé pour constituer display en concaténant tout ou partie des éléments relatedto"/></target></element><element><code value="Messages/M_prescription_médicaments/Prescription/Commentaire_structuré/Identification_auteur/Nom_famille"/><target><code value="MedicationRequest.note.authorReference.display"/><equivalence value="relatedto"/><comment value="Peut être utilisé pour constituer display en concaténant tout ou partie des éléments relatedto"/></target></element><element><code value="Messages/M_prescription_médicaments/Prescription/Commentaire_structuré/Identification_auteur/Prénoms"/><target><code value="MedicationRequest.note.authorReference.display"/><equivalence value="relatedto"/><comment value="Peut être utilisé pour constituer display en concaténant tout ou partie des éléments relatedto"/></target></element><element><code value="Messages/M_prescription_médicaments/Prescription/Commentaire_structuré/Rôle_destinataire"/><target><equivalence value="unmatched"/></target></element><element><code value="Messages/M_prescription_médicaments/Prescription/Commentaire_structuré/Identification_destinataire"/><target><equivalence value="unmatched"/></target></element><element><code value="Messages/M_prescription_médicaments/Prescription/Commentaire_structuré/Criticité"/><target><equivalence value="unmatched"/></target></element><element><code value="Messages/M_prescription_médicaments/Prescription/Commentaire_structuré/Texte"/><target><code value="MedicationRequest.note.text"/><equivalence value="equal"/></target></element></group><group><element><code value="Messages/M_prescription_médicaments/Prescription/Rens_compl"/><target><code value="MedicationRequest.supportingInformation.reference"/><equivalence value="relatedto"/><comment value="Ressource Observation à créer en se basant sur la ressourece conceptMap PN13-FHIR-observation-conceptmap et à référencer dans MedicationRequest.supportingInformation.reference"/><dependsOn><property value="Messages/M_prescription_médicaments/Prescription/Rens_compl/Valeur_rens_compl"/><value value="{Absent}"/></dependsOn></target></element><element><code value="Messages/M_prescription_médicaments/Prescription/Rens_compl/Valeur_rens_compl"/><target><code value="MedicationRequest.note.text"/><equivalence value="equivalent"/><comment value="Reprendre la valeur de Valeur_rens_compl en la préfixant par le libellé du type de renseignement complémentaire (Code_rens_compl) issu de la terminologie SIPh_RensComplement"/><dependsOn><property value="Messages/M_prescription_médicaments/Prescription/Rens_compl/Valeur_rens_compl"/><value value="{Présent}"/></dependsOn></target></element></group><group><element><code value="Messages/M_prescription_médicaments/Prescription/Elément_prescr_médic/Id_élément_prescr"/><target><code value="MedicationRequest.identifier.value"/><equivalence value="equal"/><product><property value="MedicationRequest.identifier.system"/><value value="{A attribuer par le systéme effectuant la traduction}"/></product></target></element></group><group><element><code value="Messages/M_prescription_médicaments/Prescription/Elément_prescr_médic/Type_élément_prescr"/><target><equivalence value="unmatched"/></target></element><element><code value="Messages/M_prescription_médicaments/Prescription/Elément_prescr_médic/Forme"/><target><code value="MedicationRequest.medicationReference.reference"/><equivalence value="relatedto"/><comment value="Voir les ressources concepMap PN13-FHIR-Prescmedi-medicationComp-conceptmap ou PN13-FHIR-Prescmedi-medicationNonComp-conceptmap pour le détail du mapping de cet élément"/></target></element><element><code value="Messages/M_prescription_médicaments/Prescription/Elément_prescr_médic/Libellé_élément_prescr"/><target><code value="MedicationRequest.note.text"/><equivalence value="equal"/></target></element><element><code value="Messages/M_prescription_médicaments/Prescription/Elément_prescr_médic/Cré_arr_mod_val"/><target><equivalence value="unmatched"/></target></element><element><code value="Messages/M_prescription_médicaments/Prescription/Elément_prescr_médic/Urgent"/><target><code value="MedicationRequest.priority"/><equivalence value="equivalent"/><dependsOn><property value="Messages/M_prescription_médicaments/Prescription/Elément_prescr_médic/Urgent"/><value value="true"/></dependsOn><product><property value="MedicationRequest.priority"/><value value="urgent"/></product></target></element><element><code value="Messages/M_prescription_médicaments/Prescription/Elément_prescr_médic/Urgent"/><target><code value="MedicationRequest.priority"/><equivalence value="equivalent"/><dependsOn><property value="Messages/M_prescription_médicaments/Prescription/Elément_prescr_médic/Urgent"/><value value="false"/></dependsOn><product><property value="MedicationRequest.priority"/><value value="routine"/></product></target></element><element><code value="Messages/M_prescription_médicaments/Prescription/Elément_prescr_médic/Urgent"/><target><code value="MedicationRequest.priority"/><equivalence value="equivalent"/><dependsOn><property value="Messages/M_prescription_médicaments/Prescription/Elément_prescr_médic/Urgent"/><value value="{Absent}"/></dependsOn><product><property value="MedicationRequest.priority"/><value value="routine"/></product></target></element><element><code value="Messages/M_prescription_médicaments/Prescription/Elément_prescr_médic/Fourniture"/><target><equivalence value="unmatched"/></target></element><element><code value="Messages/M_prescription_médicaments/Prescription/Elément_prescr_médic/Id_prescripteur"/><target><code value="MedicationRequest.requester"/><equivalence value="relatedto"/><comment value="Voir la ressource concepMap PN13-FHIR-prescmed-practitioner-id-seul-conceptmap pour le détail du mapping de cet élément"/></target></element><element><code value="Messages/M_prescription_médicaments/Prescription/Elément_prescr_médic/Identification_prescripteur"/><target><code value="MedicationRequest.requester"/><equivalence value="relatedto"/><comment value="Voir la ressource concepMap PN13-FHIR-presmed-practitioner-identite-conceptmap pour le détail du mapping de cet élément"/></target></element></group><group><element><code value="Messages/M_prescription_médicaments/Prescription/Elément_prescr_médic/Voie_administration"/><target><code value="MedicationRequest.dosageInstruction.route.coding.code"/><equivalence value="equal"/><dependsOn><property value="Messages/M_prescription_médicaments/Prescription/Elément_prescr_médic/Voie_administration@Phast-nomenclature"/><value value="EDQM"/></dependsOn><product><property value="MedicationRequest.dosageInstruction.route.coding.system"/><value value="http://standardterms.edqm.eu"/></product></target></element><element><code value="Messages/M_prescription_médicaments/Prescription/Elément_prescr_médic/Voie_administration"/><target><code value="MedicationRequest.dosageInstruction.route.coding.code"/><equivalence value="equivalent"/><comment value="le code cible est à trouver dans le mapping SIPh-CIO_Voie_administration / EDMQ"/><dependsOn><property value="Messages/M_prescription_médicaments/Prescription/Elément_prescr_médic/Voie_administration@Phast-nomenclature"/><value value="SIPh-CIO_Voie_administration"/></dependsOn><product><property value="MedicationRequest.dosageInstruction.route.coding.system"/><value value="http://standardterms.edqm.eu"/></product></target></element><element><code value="Messages/M_prescription_médicaments/Prescription/Elément_prescr_médic/Voie_administration"/><target><code value="MedicationRequest.dosageInstruction.route.coding.code"/><equivalence value="equivalent"/><comment value="le code cible est à trouver dans le mapping SIPh-CIO_Voie_administration / EDMQ"/><dependsOn><property value="Messages/M_prescription_médicaments/Prescription/Elément_prescr_médic/Voie_administration@Phast-nomenclature"/><value value="{Absent}"/></dependsOn><product><property value="MedicationRequest.dosageInstruction.route.coding.system"/><value value="http://standardterms.edqm.eu"/></product></target></element><element><code value="Messages/M_prescription_médicaments/Prescription/Elément_prescr_médic/Voie_administration"/><target><code value="MedicationRequest.dosageInstruction.route.text"/><equivalence value="equivalent"/><comment value="Le code SIPh est à traduire en code EDQM si possible à indiquer dans MedicationRequest.dosageInstruction.route.coding.code avec MedicationRequest.dosageInstruction.route.coding.system valorisé à http://standardterms.edqm.eu. Si ce n'est pas possible MedicationRequest.dosageInstruction.route.text peut être utilisé pour mettre le libellé de la voie d'administration"/><dependsOn><property value="Messages/M_prescription_médicaments/Prescription/Elément_prescr_médic/Voie_administration@Phast-nomenclature"/><value value="SIPh-Voie_administration"/></dependsOn></target></element></group><group><element><code value="Messages/M_prescription_médicaments/Prescription/Elément_prescr_médic/Lieu_administration"/><target><code value="MedicationRequest.dispenseRequest.performer.display"/><equivalence value="equal"/></target></element><element><code value="Messages/M_prescription_médicaments/Prescription/Elément_prescr_médic/Dispositif_associé"/><target><code value="MedicationRequest.supportingInformation.display"/><equivalence value="equal"/><product><property value="MedicationRequest.supportingInformation.type"/><value value="Device"/></product></target></element><element><code value="Messages/M_prescription_médicaments/Prescription/Elément_prescr_médic/Posologie"/><target><code value="MedicationRequest.note.text"/><equivalence value="equal"/></target></element></group><group><element><code value="Messages/M_prescription_médicaments/Prescription/Elément_prescr_médic/Dh_début_prescrite"/><target><code value="MedicationRequest.dosageInstruction.timing.repeat.boundsPeriod.start"/><equivalence value="equivalent"/><comment value="La date et l'heure sont à mettre au format FHIR avec offset"/><dependsOn><property value="Messages/M_prescription_médicaments/Prescription/Elément_prescr_médic/Dh_début"/><value value="{Absent}"/></dependsOn></target></element><element><code value="Messages/M_prescription_médicaments/Prescription/Elément_prescr_médic/Dh_début_prescrite"/><target><equivalence value="disjoint"/><comment value="Dans le cas où l'élément Dh_début est présent, Dh_début_prescrite n'est pas mappé"/><dependsOn><property value="Messages/M_prescription_médicaments/Prescription/Elément_prescr_médic/Dh_début"/><value value="{Présent}"/></dependsOn></target></element><element><code value="Messages/M_prescription_médicaments/Prescription/Elément_prescr_médic/Dh_début"/><target><code value="MedicationRequest.dosageInstruction.timing.repeat.boundsPeriod.start"/><equivalence value="equivalent"/><comment value="La date et l'heure sont à mettre au format FHIR avec offset"/></target></element><element><code value="Messages/M_prescription_médicaments/Prescription/Elément_prescr_médic/Dh_fin_prescrite"/><target><code value="MedicationRequest.dosageInstruction.timing.repeat.boundsPeriod.end"/><equivalence value="equivalent"/><comment value="La date et l'heure sont à mettre au format FHIR avec offset"/><dependsOn><property value="Messages/M_prescription_médicaments/Prescription/Elément_prescr_médic/Dh_fin"/><value value="{Absent}"/></dependsOn></target></element><element><code value="Messages/M_prescription_médicaments/Prescription/Elément_prescr_médic/Dh_fin_prescrite"/><target><equivalence value="disjoint"/><comment value="Dans le cas où l'élément Dh_fin est présent, Dh_finprescrite n'est pas mappé"/><dependsOn><property value="Messages/M_prescription_médicaments/Prescription/Elément_prescr_médic/Dh_fin"/><value value="{Présent}"/></dependsOn></target></element><element><code value="Messages/M_prescription_médicaments/Prescription/Elément_prescr_médic/Dh_fin"/><target><code value="MedicationRequest.dosageInstruction.timing.repeat.boundsPeriod.end"/><equivalence value="equivalent"/><comment value="La date et l'heure sont à mettre au format FHIR avec offset"/></target></element></group><group><element><code value="Messages/M_prescription_médicaments/Prescription/Elément_prescr_médic/Indication"/><target><code value="MedicationRequest.note.text"/><equivalence value="equal"/></target></element></group><group><element><code value="Messages/M_prescription_médicaments/Prescription/Elément_prescr_médic/Commentaire"/><target><code value="MedicationRequest.note.text"/><equivalence value="equal"/></target></element><element><code value="Messages/M_prescription_médicaments/Prescription/Elément_prescr_médic/Commentaire_structuré/Rôle_auteur"/><target><equivalence value="unmatched"/></target></element><element><code value="Messages/M_prescription_médicaments/Prescription/Elément_prescr_médic/Commentaire_structuré/Identification_auteur/Identifiant"/><target><code value="MedicationRequest.note.authorReference.identifier.value"/><equivalence value="equal"/></target></element><element><code value="Messages/M_prescription_médicaments/Prescription/Elément_prescr_médic/Commentaire_structuré/Identification_auteur/Domaine_identification"/><target><code value="MedicationRequest.note.authorReference.identifier.system"/><equivalence value="equal"/></target></element><element><code value="Messages/M_prescription_médicaments/Prescription/Elément_prescr_médic/Commentaire_structuré/Identification_auteur/Nom_usage"/><target><code value="MedicationRequest.note.authorReference.display"/><equivalence value="relatedto"/><comment value="Peut être utilisé pour constituer display en concaténant tout ou partie des éléments relatedto"/></target></element><element><code value="Messages/M_prescription_médicaments/Prescription/Elément_prescr_médic/Commentaire_structuré/Identification_auteur/Prénom_usage"/><target><code value="MedicationRequest.note.authorReference.display"/><equivalence value="relatedto"/><comment value="Peut être utilisé pour constituer display en concaténant tout ou partie des éléments relatedto"/></target></element><element><code value="Messages/M_prescription_médicaments/Prescription/Elément_prescr_médic/Commentaire_structuré/Identification_auteur/Initiales"/><target><code value="MedicationRequest.note.authorReference.display"/><equivalence value="relatedto"/><comment value="Peut être utilisé pour constituer display en concaténant tout ou partie des éléments relatedto"/></target></element><element><code value="Messages/M_prescription_médicaments/Prescription/Elément_prescr_médic/Commentaire_structuré/Identification_auteur/Civilité"/><target><code value="MedicationRequest.note.authorReference.display"/><equivalence value="relatedto"/><comment value="Peut être utilisé pour constituer display en concaténant tout ou partie des éléments relatedto"/></target></element><element><code value="Messages/M_prescription_médicaments/Prescription/Elément_prescr_médic/Commentaire_structuré/Identification_auteur/Titre"/><target><code value="MedicationRequest.note.authorReference.display"/><equivalence value="relatedto"/><comment value="Peut être utilisé pour constituer display en concaténant tout ou partie des éléments relatedto"/></target></element><element><code value="Messages/M_prescription_médicaments/Prescription/Elément_prescr_médic/Commentaire_structuré/Identification_auteur/Nom_famille"/><target><code value="MedicationRequest.note.authorReference.display"/><equivalence value="relatedto"/><comment value="Peut être utilisé pour constituer display en concaténant tout ou partie des éléments relatedto"/></target></element><element><code value="Messages/M_prescription_médicaments/Prescription/Elément_prescr_médic/Commentaire_structuré/Identification_auteur/Prénoms"/><target><code value="MedicationRequest.note.authorReference.display"/><equivalence value="relatedto"/><comment value="Peut être utilisé pour constituer display en concaténant tout ou partie des éléments relatedto"/></target></element><element><code value="Messages/M_prescription_médicaments/Prescription/Elément_prescr_médic/Commentaire_structuré/Rôle_destinataire"/><target><equivalence value="unmatched"/></target></element><element><code value="Messages/M_prescription_médicaments/Prescription/Elément_prescr_médic/Commentaire_structuré/Identification_destinataire"/><target><equivalence value="unmatched"/></target></element><element><code value="Messages/M_prescription_médicaments/Prescription/Elément_prescr_médic/Commentaire_structuré/Criticité"/><target><equivalence value="unmatched"/></target></element><element><code value="Messages/M_prescription_médicaments/Prescription/Elément_prescr_médic/Commentaire_structuré/Texte"/><target><code value="MedicationRequest.note.text"/><equivalence value="equal"/></target></element></group><group><element><code value="Messages/M_prescription_médicaments/Prescription/Elément_prescr_médic/Rang_élément_prescr"/><target><equivalence value="unmatched"/></target></element><element><code value="Messages/M_prescription_médicaments/Prescription/Elément_prescr_médic/Id_protocole_prescrit"/><target><equivalence value="unmatched"/></target></element><element><code value="Messages/M_prescription_médicaments/Prescription/Elément_prescr_médic/GoNogo"/><target><code value="MedicationRequest.status"/><equivalence value="equivalent"/><dependsOn><property value="Messages/M_prescription_médicaments/Prescription/Elément_prescr_médic/GoNogo"/><value value="0"/></dependsOn><product><property value="MedicationRequest.status"/><value value="unknown"/></product><product><property value="MedicationRequest.intent"/><value value="order"/></product></target></element><element><target><code value="MedicationRequest.status"/><equivalence value="equivalent"/><dependsOn><property value="Messages/M_prescription_médicaments/Prescription/Elément_prescr_médic/GoNogo"/><value value="1"/></dependsOn><product><property value="MedicationRequest.status"/><value value="on-hold"/></product><product><property value="MedicationRequest.intent"/><value value="order"/></product></target></element><element><target><code value="MedicationRequest.status"/><equivalence value="equivalent"/><dependsOn><property value="Messages/M_prescription_médicaments/Prescription/Elément_prescr_médic/GoNogo"/><value value="2"/></dependsOn><product><property value="MedicationRequest.status"/><value value="active"/></product><product><property value="MedicationRequest.intent"/><value value="order"/></product></target></element><element><target><code value="MedicationRequest.status"/><equivalence value="equivalent"/><dependsOn><property value="Messages/M_prescription_médicaments/Prescription/Elément_prescr_médic/GoNogo"/><value value="3"/></dependsOn><product><property value="MedicationRequest.status"/><value value="active"/></product><product><property value="MedicationRequest.intent"/><value value="order"/></product></target></element><element><target><code value="MedicationRequest.status"/><equivalence value="equivalent"/><dependsOn><property value="Messages/M_prescription_médicaments/Prescription/Elément_prescr_médic/GoNogo"/><value value="4"/></dependsOn><product><property value="MedicationRequest.status"/><value value="cancelled"/></product><product><property value="MedicationRequest.intent"/><value value="order"/></product></target></element><element><code value="Messages/M_prescription_médicaments/Prescription/Elément_prescr_médic/Motif_attente"/><target><code value="MedicationRequest.statusReason.text"/><equivalence value="equal"/></target></element><element><code value="Messages/M_prescription_médicaments/Prescription/Elément_prescr_médic/Delta_dh_référence"/><target><equivalence value="unmatched"/></target></element><element><code value="Messages/M_prescription_médicaments/Prescription/Elément_prescr_médic/Conditions_application"/><target><code value="MedicationRequest.note.text"/><equivalence value="equal"/></target></element></group><group><element><code value="Messages/M_prescription_médicaments/Prescription/Elément_prescr_médic/Composant_prescrit"/><target><code value="MedicationRequest.medicationReference"/><equivalence value="relatedto"/><comment value="Voir les ressources concepMap PN13-FHIR-Prescmedi-medicationComp-conceptmap ou PN13-FHIR-Prescmedi-medicationNonComp-conceptmap pour le détail du mapping de cet élément"/></target></element></group><group><element><code value="Messages/M_prescription_médicaments/Prescription/Elément_prescr_médic/Elément_posologie"/><target><code value="MedicationRequest.dosageInstruction"/><equivalence value="relatedto"/><comment value="Voir la ressource concepMap PN13-FHIR-prescmed-dosageinstruction-conceptmap pour le détail du mapping de cet élément"/></target></element></group><group><element><code value="Messages/M_prescription_médicaments/Prescription/Protocole_prescrit_médic"/><target><equivalence value="unmatched"/></target></element></group><group><element><code value="Messages/M_prescription_médicaments/Prescription/Elément_prescr_médic/Composant_prescrit/Non_substituable"/><target><code value="MedicationRequest.substitution.allowedBoolean"/><equivalence value="relatedto"/><comment value="POINT D'ATTENTION - La logique de cet élément est inversée entre PN13 et FHIR. Ainsi Non-substituable à faux en PN13 est à traduire en substitution.allowedBoolean à vrai en FHIR. Par ailleurs, cet élément est au niveau de médicament dans PN13 et au niveau de la ligne de prescription en FHIR. En cas de médicament composé, un opérateur logique OU Inclusif est à utiliser sur les valeurs PN13: si au moins un composant d'un médicament composé est non substituable, la ligne de prescription est considérée comme non substituable et donc l'élément substitution.allowedBoolean est valorisé à faux."/></target></element></group><group><element><code value="Messages/M_prescription_médicaments/Prescription/Elément_prescr_médic/Composant_prescrit/Référent_poso"/><target><code value="MedicationRequest.dosageInstruction.doseAndRate.extension($fr-basis-of-dose-component).valueReference"/><equivalence value="relatedto"/><comment value="Porte la référence à la ressource Medication traduisant l'élément Composant_prescrit de PN13 pour lequel Référent_poso est vrai"/></target></element></group></ConceptMap>