<?xml version="1.0" encoding="UTF-8"?><ValueSet xmlns="http://hl7.org/fhir"><id value="fr-medication-reconciliation-resolution"/><meta><profile value="http://hl7.org/fhir/StructureDefinition/shareablevalueset"/></meta><text><status value="generated"/><div xmlns="http://www.w3.org/1999/xhtml"><p class="res-header-id"><b>Generated Narrative: ValueSet fr-medication-reconciliation-resolution</b></p><a name="fr-medication-reconciliation-resolution"> </a><a name="hcfr-medication-reconciliation-resolution"> </a><a name="fr-medication-reconciliation-resolution-en-US"> </a><ul><li>Include all codes defined in <a href="CodeSystem-fr-medication-reconciliation-resolution.html"><code>https://hl7.fr/fhir/fr/medication/CodeSystem/fr-medication-reconciliation-resolution</code></a></li></ul></div></text><url value="https://hl7.fr/fhir/fr/medication/ValueSet/fr-medication-reconciliation-resolution"/><version value="0.1.0"/><name value="FrMedicationReconciliationResolution"/><title value="value set Interop'Santé - Résolution d'une divergence sur une ligne de traitement d'une FCT"/><status value="draft"/><experimental value="false"/><date value="2025-02-05T14:57:31+00:00"/><publisher value="Interop'Santé"/><contact><name value="Interop'Santé"/><telecom><system value="url"/><value value="http://interopsante.org/"/></telecom></contact><description value="Un jeu de valeurs à utiliser pour coder la résolution d'une divergence sur une ligne de traitement d'une FCT (Fiche de Conciliation des Traitements médicamenteux)."/><immutable value="false"/><compose><include><system value="https://hl7.fr/fhir/fr/medication/CodeSystem/fr-medication-reconciliation-resolution"/></include></compose></ValueSet>