<?xml version="1.0" encoding="UTF-8"?>

<MedicationRequest xmlns="http://hl7.org/fhir">
  <id value="14621"/>
  <meta>
    <profile value="https://hl7.fr/fhir/fr/medication/StructureDefinition/FrInpatientMedicationRequest"/>
  </meta>
  <text>
    <status value="generated"/><div xmlns="http://www.w3.org/1999/xhtml"><p class="res-header-id"><b>Generated Narrative: MedicationRequest 14621</b></p><a name="14621"> </a><a name="hc14621"> </a><a name="hc14621-en-US"> </a><p><b>status</b>: Active</p><p><b>intent</b>: Order</p><p><b>medication</b>: <a href="#hc14621/med-121">Medication médicament contenant seulement nicotine</a></p><p><b>subject</b>: <a href="Patient/phast-14602">Patient/phast-14602</a></p><p><b>authoredOn</b>: 2021-07-19 18:33:41+0000</p><p><b>requester</b>: <a href="Practitioner/smart-Practitioner-71482713">Practitioner/smart-Practitioner-71482713</a></p><blockquote><p><b>dosageInstruction</b></p></blockquote><hr/><blockquote><p class="res-header-id"><b>Generated Narrative: Medication  #med-121</b></p><a name="14621/med-121"> </a><a name="hc14621/med-121"> </a><a name="hc14621/med-121-en-US"> </a><p><b>code</b>: <span title="Codes:{http://snomed.info/sct 776904000}">NICOTINE</span></p><p><b>form</b>: <span title="Codes:{http://snomed.info/sct 764486008}">dispositif transdermique</span></p><p><b>amount</b>: 16 h<span style="background: LightGoldenRodYellow"> (Details: UCUM  codeh = 'h')</span>/1 1<span style="background: LightGoldenRodYellow"> (Details: UCUM  code1 = '1')</span></p><h3>Ingredients</h3><table class="grid"><tr><td style="display: none">-</td><td><b>Item[x]</b></td><td><b>IsActive</b></td><td><b>Strength</b></td></tr><tr><td style="display: none">*</td><td><span title="Codes:{http://snomed.info/sct 68540007}">NICOTINE</span></td><td>true</td><td>15 mg<span style="background: LightGoldenRodYellow"> (Details: UCUM  codemg = 'mg')</span>/1 1<span style="background: LightGoldenRodYellow"> (Details: UCUM  code1 = '1')</span></td></tr></table></blockquote></div>
  </text>
  <contained>
    <Medication>
      <id value="med-121"/>
      <meta>
        <profile value="http://interopsante.org/fhir/StructureDefinition/FrMedicationNonproprietaryName"/>
      </meta>
      <code>
        <coding>
          <system value="http://snomed.info/sct"/>
          <code value="776904000"/>
          <display value="médicament contenant seulement nicotine"/>
        </coding>
        <text value="NICOTINE"/>
      </code>
      <form>
        <coding>
          <system value="http://snomed.info/sct"/>
          <code value="764486008"/>
          <display value="dispositif transdermique à libération prolongée"/>
        </coding>
        <text value="dispositif transdermique"/>
      </form>
      <amount>
        <numerator>
          <value value="16"/>
          <unit value="h"/>
          <system value="http://unitsofmeasure.org"/>
          <code value="h"/>
        </numerator>
        <denominator>
          <value value="1"/>
          <system value="http://unitsofmeasure.org"/>
          <code value="1"/>
        </denominator>
      </amount>
      <ingredient>
        <itemCodeableConcept>
          <coding>
            <system value="http://snomed.info/sct"/>
            <code value="68540007"/>
            <display value="nicotine"/>
          </coding>
          <text value="NICOTINE"/>
        </itemCodeableConcept>
        <isActive value="true"/>
        <strength>
          <numerator>
            <value value="15"/>
            <unit value="mg"/>
            <system value="http://unitsofmeasure.org"/>
            <code value="mg"/>
          </numerator>
          <denominator>
            <value value="1"/>
            <system value="http://unitsofmeasure.org"/>
            <code value="1"/>
          </denominator>
        </strength>
      </ingredient>
    </Medication>
  </contained>
  <status value="active"/>
  <intent value="order"/>
  <medicationReference>
    <reference value="#med-121"/>
  </medicationReference>
  <subject>
    <reference value="Patient/phast-14602"/>
  </subject>
  <authoredOn value="2021-07-19T18:33:41.714Z"/>
  <requester>
    <reference value="Practitioner/smart-Practitioner-71482713"/>
  </requester>
  <dosageInstruction>
    <sequence value="1"/>
    <timing>
      <repeat>
        <boundsPeriod>
          <start value="2021-07-19T18:33:00Z"/>
          <end value="2021-08-02T18:32:59Z"/>
        </boundsPeriod>
        <timeOfDay value="07:00:00"/>
      </repeat>
    </timing>
    <route>
      <coding>
        <system value="http://snomed.info/sct"/>
        <code value="45890007"/>
        <display value="Voie transdermique"/>
      </coding>
      <text value="Voie transdermique"/>
    </route>
    <doseAndRate>
      <type>
        <coding>
          <system value="http://terminology.hl7.org/CodeSystem/dose-rate-type"/>
          <code value="ordered"/>
          <display value="Ordered"/>
        </coding>
        <text value="Ordered"/>
      </type>
      <rateRatio>
        <numerator>
          <value value="1"/>
          <system value="http://unitsofmeasure.org"/>
          <code value="1"/>
        </numerator>
        <denominator>
          <value value="16"/>
          <unit value="h"/>
          <system value="http://unitsofmeasure.org"/>
          <code value="h"/>
        </denominator>
      </rateRatio>
    </doseAndRate>
  </dosageInstruction>
</MedicationRequest>