{"resourceType":"CodeSystem","id":"fr-uf-role-codes","meta":{"profile":["http://hl7.org/fhir/StructureDefinition/shareablecodesystem"]},"text":{"status":"generated","div":"<div xmlns=\"http://www.w3.org/1999/xhtml\"><p class=\"res-header-id\"><b>Generated Narrative: CodeSystem fr-uf-role-codes</b></p><a name=\"fr-uf-role-codes\"> </a><a name=\"hcfr-uf-role-codes\"> </a><a name=\"fr-uf-role-codes-en-US\"> </a><p>This  code system <code>https://hl7.fr/fhir/fr/medication/CodeSystem/fr-uf-role-codes</code> defines the following codes:</p><table class=\"codes\"><tr><td style=\"white-space:nowrap\"><b>Code</b></td><td><b>Display</b></td></tr><tr><td style=\"white-space:nowrap\">UFSOIN<a name=\"fr-uf-role-codes-UFSOIN\"> </a></td><td>UF de responsabilité des soins</td></tr><tr><td style=\"white-space:nowrap\">UFMED<a name=\"fr-uf-role-codes-UFMED\"> </a></td><td>UF de responsabilité médicale</td></tr><tr><td style=\"white-space:nowrap\">UFHEB<a name=\"fr-uf-role-codes-UFHEB\"> </a></td><td>UF d'hébergement</td></tr></table></div>"},"url":"https://hl7.fr/fhir/fr/medication/CodeSystem/fr-uf-role-codes","version":"0.1.0","name":"FrUFRoleCodes","title":"code system Interop'Santé - Codes pour typer le rôle des UF par rapport à un séjour patient","status":"draft","experimental":false,"date":"2025-02-24T15:51:28+00:00","publisher":"Interop'Santé","contact":[{"name":"Interop'Santé","telecom":[{"system":"url","value":"http://interopsante.org/"}]}],"description":"Le système de codage pour les types de rôle qu'une UF peut avoir par rapport à un séjour patient.","content":"complete","count":3,"concept":[{"code":"UFSOIN","display":"UF de responsabilité des soins","designation":[{"use":{"system":"http://terminology.hl7.org/CodeSystem/designation-usage","code":"display"},"value":"UF de responsabilité des soins"}]},{"code":"UFMED","display":"UF de responsabilité médicale","designation":[{"use":{"system":"http://terminology.hl7.org/CodeSystem/designation-usage","code":"display"},"value":"UF de responsabilité médicale"}]},{"code":"UFHEB","display":"UF d'hébergement","designation":[{"use":{"system":"http://terminology.hl7.org/CodeSystem/designation-usage","code":"display"},"value":"UF d'hébergement"}]}]}