{"resourceType":"CodeSystem","id":"fr-additional-when-codes","meta":{"profile":["http://hl7.org/fhir/StructureDefinition/shareablecodesystem"]},"text":{"status":"generated","div":"<div xmlns=\"http://www.w3.org/1999/xhtml\"><p class=\"res-header-id\"><b>Generated Narrative: CodeSystem fr-additional-when-codes</b></p><a name=\"fr-additional-when-codes\"> </a><a name=\"hcfr-additional-when-codes\"> </a><a name=\"fr-additional-when-codes-en-US\"> </a><p>This  code system <code>https://hl7.fr/fhir/fr/medication/CodeSystem/fr-additional-when-codes</code> defines the following codes:</p><table class=\"codes\"><tr><td style=\"white-space:nowrap\"><b>Code</b></td><td><b>Display</b></td></tr><tr><td style=\"white-space:nowrap\">AGU<a name=\"fr-additional-when-codes-AGU\"> </a></td><td>L'événement se produit avant [offset] le levé / event occurs [offset] before getting up</td></tr><tr><td style=\"white-space:nowrap\">PGU<a name=\"fr-additional-when-codes-PGU\"> </a></td><td>L'événement se produit après [offset] le levé / event occurs [offset] after getting up</td></tr><tr><td style=\"white-space:nowrap\">AT<a name=\"fr-additional-when-codes-AT\"> </a></td><td>L'événement se produit avant [offset] la toilette / event occurs [offset] before toilette (self grooming/washing)</td></tr><tr><td style=\"white-space:nowrap\">T<a name=\"fr-additional-when-codes-T\"> </a></td><td>L'événement se produit lors de la toilette / event occurs during toilette (self grooming/washing)</td></tr><tr><td style=\"white-space:nowrap\">PT<a name=\"fr-additional-when-codes-PT\"> </a></td><td>L'événement se produit après [offset] la toilette / event occurs [offset] after toilette (self grooming/washing)</td></tr><tr><td style=\"white-space:nowrap\">ASK<a name=\"fr-additional-when-codes-ASK\"> </a></td><td>L'événement se produit avant [offset] la collation / event occurs [offset] before snack</td></tr><tr><td style=\"white-space:nowrap\">SK<a name=\"fr-additional-when-codes-SK\"> </a></td><td>L'événement se produit lors de la collation / event occurs during snack</td></tr><tr><td style=\"white-space:nowrap\">PSK<a name=\"fr-additional-when-codes-PSK\"> </a></td><td>L'événement se produit après [offset] la collation / event occurs [offset] after snack</td></tr><tr><td style=\"white-space:nowrap\">AMS<a name=\"fr-additional-when-codes-AMS\"> </a></td><td>L'événement se produit avant [offset] la collation du matin / event occurs [offset] before morning snack</td></tr><tr><td style=\"white-space:nowrap\">MS<a name=\"fr-additional-when-codes-MS\"> </a></td><td>L'événement se produit lors de la collation du matin / event occurs during morning snack</td></tr><tr><td style=\"white-space:nowrap\">PMS<a name=\"fr-additional-when-codes-PMS\"> </a></td><td>L'événement se produit après [offset] la collation du matin / event occurs [offset] after morning snack</td></tr><tr><td style=\"white-space:nowrap\">AAS<a name=\"fr-additional-when-codes-AAS\"> </a></td><td>L'événement se produit avant [offset] la collation de l'après-midi / event occurs [offset] before afternoon snack</td></tr><tr><td style=\"white-space:nowrap\">AS<a name=\"fr-additional-when-codes-AS\"> </a></td><td>L'événement se produit lors de la collation de l'après-midi / event occurs during afternoon snack</td></tr><tr><td style=\"white-space:nowrap\">PAS<a name=\"fr-additional-when-codes-PAS\"> </a></td><td>L'événement se produit après [offset] la collation de l'après-midi / event occurs [offset] after afternoon snack</td></tr><tr><td style=\"white-space:nowrap\">ABT<a name=\"fr-additional-when-codes-ABT\"> </a></td><td>L'événement se produit avant [offset] le coucher / event occurs [offset] before going to bed (bedtime)</td></tr><tr><td style=\"white-space:nowrap\">PBT<a name=\"fr-additional-when-codes-PBT\"> </a></td><td>L'événement se produit après [offset] le coucher / event occurs [offset] after going to bed (bedtime)</td></tr></table></div>"},"url":"https://hl7.fr/fhir/fr/medication/CodeSystem/fr-additional-when-codes","version":"0.1.0","name":"FrAdditionalWhenCodes","title":"code system Interop'Santé - Codes additionnels pour l'élément when","status":"draft","experimental":false,"date":"2025-01-12T18:13:34+00:00","publisher":"Interop'Santé","contact":[{"name":"Interop'Santé","telecom":[{"system":"url","value":"http://interopsante.org/"}]}],"description":"Le système de codage pour des périodes d'occurrence qui ne sont pas définies dans FHIR.","content":"complete","count":16,"concept":[{"code":"AGU","display":"L'événement se produit avant [offset] le levé / event occurs [offset] before getting up"},{"code":"PGU","display":"L'événement se produit après [offset] le levé / event occurs [offset] after getting up"},{"code":"AT","display":"L'événement se produit avant [offset] la toilette / event occurs [offset] before toilette (self grooming/washing)"},{"code":"T","display":"L'événement se produit lors de la toilette / event occurs during toilette (self grooming/washing)"},{"code":"PT","display":"L'événement se produit après [offset] la toilette / event occurs [offset] after toilette (self grooming/washing)"},{"code":"ASK","display":"L'événement se produit avant [offset] la collation / event occurs [offset] before snack"},{"code":"SK","display":"L'événement se produit lors de la collation / event occurs during snack"},{"code":"PSK","display":"L'événement se produit après [offset] la collation / event occurs [offset] after snack"},{"code":"AMS","display":"L'événement se produit avant [offset] la collation du matin / event occurs [offset] before morning snack"},{"code":"MS","display":"L'événement se produit lors de la collation du matin / event occurs during morning snack"},{"code":"PMS","display":"L'événement se produit après [offset] la collation du matin / event occurs [offset] after morning snack"},{"code":"AAS","display":"L'événement se produit avant [offset] la collation de l'après-midi / event occurs [offset] before afternoon snack"},{"code":"AS","display":"L'événement se produit lors de la collation de l'après-midi / event occurs during afternoon snack"},{"code":"PAS","display":"L'événement se produit après [offset] la collation de l'après-midi / event occurs [offset] after afternoon snack"},{"code":"ABT","display":"L'événement se produit avant [offset] le coucher / event occurs [offset] before going to bed (bedtime)"},{"code":"PBT","display":"L'événement se produit après [offset] le coucher / event occurs [offset] after going to bed (bedtime)"}]}