{"resourceType":"ConceptMap","id":"PN13-FHIR-FreeSetCIODC-Unite-ConceptMap","language":"fr-FR","text":{"status":"generated","div":"<div xmlns=\"http://www.w3.org/1999/xhtml\" xml:lang=\"fr-FR\" lang=\"fr-FR\"><p class=\"res-header-id\"><b>Generated Narrative: ConceptMap PN13-FHIR-FreeSetCIODC-Unite-ConceptMap</b></p><a name=\"PN13-FHIR-FreeSetCIODC-Unite-ConceptMap\"> </a><a name=\"hcPN13-FHIR-FreeSetCIODC-Unite-ConceptMap\"> </a><a name=\"PN13-FHIR-FreeSetCIODC-Unite-ConceptMap-en-US\"> </a><div style=\"display: inline-block; background-color: #d9e0e7; padding: 6px; margin: 4px; border: 1px solid #8da1b4; border-radius: 5px; line-height: 60%\"><p style=\"margin-bottom: 0px\">Language: fr-FR</p></div><p>Mapping from (not specified) to (not specified)</p><br/><p><b>Group 1 </b>Mapping from <code>https://www.phast.fr/ciodm/|2025</code> to <a href=\"http://terminology.hl7.org/6.0.2/CodeSystem-v3-ucum.html\">Unified Code for Units of Measure (UCUM)</a></p><table class=\"grid\"><tr><td><b>Source Code</b></td><td><b>Relationship</b></td><td><b>Target Code</b></td></tr><tr><td>10*3.bq</td><td><a href=\"http://hl7.org/fhir/R5/codesystem-concept-map-relationship.html#equal\" title=\"equal\">is equal to</a></td><td>kBq</td></tr><tr><td>10*6</td><td><a href=\"http://hl7.org/fhir/R5/codesystem-concept-map-relationship.html#equal\" title=\"equal\">is equal to</a></td><td>10*6 (10n)</td></tr><tr><td>10*6.a</td><td><a href=\"http://hl7.org/fhir/R5/codesystem-concept-map-relationship.html#equal\" title=\"equal\">is equal to</a></td><td>M[arb'U] (106U)</td></tr><tr><td>10*6.bq</td><td><a href=\"http://hl7.org/fhir/R5/codesystem-concept-map-relationship.html#equal\" title=\"equal\">is equal to</a></td><td>MBq</td></tr><tr><td>10*6.iu</td><td><a href=\"http://hl7.org/fhir/R5/codesystem-concept-map-relationship.html#equal\" title=\"equal\">is equal to</a></td><td>M[iU] (106UI)</td></tr><tr><td>10*6.u</td><td><a href=\"http://hl7.org/fhir/R5/codesystem-concept-map-relationship.html#equal\" title=\"equal\">is equal to</a></td><td>M[arb'U] (106U)</td></tr><tr><td>10*9</td><td><a href=\"http://hl7.org/fhir/R5/codesystem-concept-map-relationship.html#equal\" title=\"equal\">is equal to</a></td><td>10*9 (milliard)</td></tr><tr><td>10*9.bq</td><td><a href=\"http://hl7.org/fhir/R5/codesystem-concept-map-relationship.html#equal\" title=\"equal\">is equal to</a></td><td>GBq</td></tr><tr><td>agD_u</td><td><a href=\"http://hl7.org/fhir/R5/codesystem-concept-map-relationship.html#equal\" title=\"equal\">is equal to</a></td><td>[D'ag'U] (U agD)</td></tr><tr><td>ah_u</td><td><a href=\"http://hl7.org/fhir/R5/codesystem-concept-map-relationship.html#equal\" title=\"equal\">is equal to</a></td><td>[arb'U]{anti'hep} (U anti hép.)</td></tr><tr><td>amp</td><td><a href=\"http://hl7.org/fhir/R5/codesystem-concept-map-relationship.html#equal\" title=\"equal\">is equal to</a></td><td>{amp} (amp)</td></tr><tr><td>an</td><td><a href=\"http://hl7.org/fhir/R5/codesystem-concept-map-relationship.html#equal\" title=\"equal\">is equal to</a></td><td>a</td></tr><tr><td>appln</td><td><a href=\"http://hl7.org/fhir/R5/codesystem-concept-map-relationship.html#equal\" title=\"equal\">is equal to</a></td><td>{appln} (appln)</td></tr><tr><td>applr</td><td><a href=\"http://hl7.org/fhir/R5/codesystem-concept-map-relationship.html#equal\" title=\"equal\">is equal to</a></td><td>{applr} (applr)</td></tr><tr><td>arb_u</td><td><a href=\"http://hl7.org/fhir/R5/codesystem-concept-map-relationship.html#equal\" title=\"equal\">is equal to</a></td><td>[arb'U] (U)</td></tr><tr><td>axa_iu</td><td><a href=\"http://hl7.org/fhir/R5/codesystem-concept-map-relationship.html#equal\" title=\"equal\">is equal to</a></td><td>[anti'Xa'U] (U anti Xa)</td></tr><tr><td>baton</td><td><a href=\"http://hl7.org/fhir/R5/codesystem-concept-map-relationship.html#equal\" title=\"equal\">is equal to</a></td><td>{stick} (bâton)</td></tr><tr><td>BBCHE</td><td><a href=\"http://hl7.org/fhir/R5/codesystem-concept-map-relationship.html#equal\" title=\"equal\">is equal to</a></td><td>{mouthw} (b.bche)</td></tr><tr><td>boite</td><td><a href=\"http://hl7.org/fhir/R5/codesystem-concept-map-relationship.html#equal\" title=\"equal\">is equal to</a></td><td>{box} (boîte)</td></tr><tr><td>bouffee</td><td><a href=\"http://hl7.org/fhir/R5/codesystem-concept-map-relationship.html#equal\" title=\"equal\">is equal to</a></td><td>{puff} (bouffée)</td></tr><tr><td>bq</td><td><a href=\"http://hl7.org/fhir/R5/codesystem-concept-map-relationship.html#equal\" title=\"equal\">is equal to</a></td><td>Bq</td></tr><tr><td>btle</td><td><a href=\"http://hl7.org/fhir/R5/codesystem-concept-map-relationship.html#equal\" title=\"equal\">is equal to</a></td><td>{btle} (boutteille)</td></tr><tr><td>c_a_c</td><td><a href=\"http://hl7.org/fhir/R5/codesystem-concept-map-relationship.html#equal\" title=\"equal\">is equal to</a></td><td>[tsp_m] (càc)</td></tr><tr><td>c_a_d</td><td><a href=\"http://hl7.org/fhir/R5/codesystem-concept-map-relationship.html#equal\" title=\"equal\">is equal to</a></td><td>{dsp} (càd)</td></tr><tr><td>c_a_s</td><td><a href=\"http://hl7.org/fhir/R5/codesystem-concept-map-relationship.html#equal\" title=\"equal\">is equal to</a></td><td>[tbs_m] (càs)</td></tr><tr><td>c_mes</td><td><a href=\"http://hl7.org/fhir/R5/codesystem-concept-map-relationship.html#equal\" title=\"equal\">is equal to</a></td><td>{mes'sp} (c.mes.)</td></tr><tr><td>cadre</td><td><a href=\"http://hl7.org/fhir/R5/codesystem-concept-map-relationship.html#equal\" title=\"equal\">is equal to</a></td><td>{frame} (cadre)</td></tr><tr><td>caisse</td><td><a href=\"http://hl7.org/fhir/R5/codesystem-concept-map-relationship.html#equal\" title=\"equal\">is equal to</a></td><td>{crate} (caisse)</td></tr><tr><td>caps</td><td><a href=\"http://hl7.org/fhir/R5/codesystem-concept-map-relationship.html#equal\" title=\"equal\">is equal to</a></td><td>{caps} (caps)</td></tr><tr><td>cart</td><td><a href=\"http://hl7.org/fhir/R5/codesystem-concept-map-relationship.html#equal\" title=\"equal\">is equal to</a></td><td>{cart} (cart)</td></tr><tr><td>catap</td><td><a href=\"http://hl7.org/fhir/R5/codesystem-concept-map-relationship.html#equal\" title=\"equal\">is equal to</a></td><td>{poult} (catapl.)</td></tr><tr><td>ceip_u</td><td><a href=\"http://hl7.org/fhir/R5/codesystem-concept-map-relationship.html#equal\" title=\"equal\">is equal to</a></td><td>[arb'U]{ceip} (U CEIP)</td></tr><tr><td>cpr</td><td><a href=\"http://hl7.org/fhir/R5/codesystem-concept-map-relationship.html#equal\" title=\"equal\">is equal to</a></td><td>{tbl} (cpr)</td></tr><tr><td>cprsse</td><td><a href=\"http://hl7.org/fhir/R5/codesystem-concept-map-relationship.html#equal\" title=\"equal\">is equal to</a></td><td>{dress} (compresse)</td></tr><tr><td>cycle</td><td><a href=\"http://hl7.org/fhir/R5/codesystem-concept-map-relationship.html#equal\" title=\"equal\">is equal to</a></td><td>{cycle} (cycle)</td></tr><tr><td>dc</td><td><a href=\"http://hl7.org/fhir/R5/codesystem-concept-map-relationship.html#equal\" title=\"equal\">is equal to</a></td><td>{cut'dev} (disp.cut.)</td></tr><tr><td>ddose</td><td><a href=\"http://hl7.org/fhir/R5/codesystem-concept-map-relationship.html#equal\" title=\"equal\">is equal to</a></td><td>{meas'dev} (disp.doseur)</td></tr><tr><td>diu</td><td><a href=\"http://hl7.org/fhir/R5/codesystem-concept-map-relationship.html#equal\" title=\"equal\">is equal to</a></td><td>{iud} (diu)</td></tr><tr><td>dose</td><td><a href=\"http://hl7.org/fhir/R5/codesystem-concept-map-relationship.html#equal\" title=\"equal\">is equal to</a></td><td>{dose} (dose)</td></tr><tr><td>dose_kg</td><td><a href=\"http://hl7.org/fhir/R5/codesystem-concept-map-relationship.html#equal\" title=\"equal\">is equal to</a></td><td>{kg'dose} (dose-kg)</td></tr><tr><td>dosevac</td><td><a href=\"http://hl7.org/fhir/R5/codesystem-concept-map-relationship.html#equal\" title=\"equal\">is equal to</a></td><td>{vac'dose} (dose-vac)</td></tr><tr><td>dtd</td><td><a href=\"http://hl7.org/fhir/R5/codesystem-concept-map-relationship.html#equal\" title=\"equal\">is equal to</a></td><td>{patch} (cutaneous patch)</td></tr><tr><td>dvag</td><td><a href=\"http://hl7.org/fhir/R5/codesystem-concept-map-relationship.html#equal\" title=\"equal\">is equal to</a></td><td>{vag'dev} (disp.vagin.)</td></tr><tr><td>EMPMED</td><td><a href=\"http://hl7.org/fhir/R5/codesystem-concept-map-relationship.html#equal\" title=\"equal\">is equal to</a></td><td>{med'plast} (emplâtre méd.)</td></tr><tr><td>eph_u</td><td><a href=\"http://hl7.org/fhir/R5/codesystem-concept-map-relationship.html#equal\" title=\"equal\">is equal to</a></td><td>[arb'U]{eph} (UPE)</td></tr><tr><td>epmed</td><td><a href=\"http://hl7.org/fhir/R5/codesystem-concept-map-relationship.html#equal\" title=\"equal\">is equal to</a></td><td>{med'spng} (éponge méd.)</td></tr><tr><td>feiba_u</td><td><a href=\"http://hl7.org/fhir/R5/codesystem-concept-map-relationship.html#equal\" title=\"equal\">is equal to</a></td><td>[arb'U]{feiba} (U FEIBA)</td></tr><tr><td>feuille</td><td><a href=\"http://hl7.org/fhir/R5/codesystem-concept-map-relationship.html#equal\" title=\"equal\">is equal to</a></td><td>{foil} (feuille)</td></tr><tr><td>film_ths</td><td><a href=\"http://hl7.org/fhir/R5/codesystem-concept-map-relationship.html#equal\" title=\"equal\">is equal to</a></td><td>{blister} (film thermos.)</td></tr><tr><td>flac</td><td><a href=\"http://hl7.org/fhir/R5/codesystem-concept-map-relationship.html#equal\" title=\"equal\">is equal to</a></td><td>{vial} (vial)</td></tr><tr><td>flac c-gttes</td><td><a href=\"http://hl7.org/fhir/R5/codesystem-concept-map-relationship.html#equal\" title=\"equal\">is equal to</a></td><td>{drpr'cont} (flac.c.gttes)</td></tr><tr><td>flac_pres</td><td><a href=\"http://hl7.org/fhir/R5/codesystem-concept-map-relationship.html#equal\" title=\"equal\">is equal to</a></td><td>{prsrd'cont} (flac.press.)</td></tr><tr><td>flac_pulv</td><td><a href=\"http://hl7.org/fhir/R5/codesystem-concept-map-relationship.html#equal\" title=\"equal\">is equal to</a></td><td>{spray} (flac.pulv.)</td></tr><tr><td>flm orodisp</td><td><a href=\"http://hl7.org/fhir/R5/codesystem-concept-map-relationship.html#equal\" title=\"equal\">is equal to</a></td><td>{orodisp'flm} (film orodisp.)</td></tr><tr><td>fut</td><td><a href=\"http://hl7.org/fhir/R5/codesystem-concept-map-relationship.html#equal\" title=\"equal\">is equal to</a></td><td>{bbl} (fût)</td></tr><tr><td>g</td><td><a href=\"http://hl7.org/fhir/R5/codesystem-concept-map-relationship.html#equal\" title=\"equal\">is equal to</a></td><td>g</td></tr><tr><td>g/h</td><td><a href=\"http://hl7.org/fhir/R5/codesystem-concept-map-relationship.html#equal\" title=\"equal\">is equal to</a></td><td>g/h</td></tr><tr><td>g/kg</td><td><a href=\"http://hl7.org/fhir/R5/codesystem-concept-map-relationship.html#equal\" title=\"equal\">is equal to</a></td><td>g/kg</td></tr><tr><td>g/kg/h</td><td><a href=\"http://hl7.org/fhir/R5/codesystem-concept-map-relationship.html#equal\" title=\"equal\">is equal to</a></td><td>g/kg/h</td></tr><tr><td>g/kg/mn</td><td><a href=\"http://hl7.org/fhir/R5/codesystem-concept-map-relationship.html#equal\" title=\"equal\">is equal to</a></td><td>g/kg/min</td></tr><tr><td>g/m2</td><td><a href=\"http://hl7.org/fhir/R5/codesystem-concept-map-relationship.html#equal\" title=\"equal\">is equal to</a></td><td>g/m2 (g/m²)</td></tr><tr><td>g/m2/h</td><td><a href=\"http://hl7.org/fhir/R5/codesystem-concept-map-relationship.html#equal\" title=\"equal\">is equal to</a></td><td>g/m2/h (g/m²/h)</td></tr><tr><td>g/m2/mn</td><td><a href=\"http://hl7.org/fhir/R5/codesystem-concept-map-relationship.html#equal\" title=\"equal\">is equal to</a></td><td>g/m2/min (g/m²/min)</td></tr><tr><td>g/mn</td><td><a href=\"http://hl7.org/fhir/R5/codesystem-concept-map-relationship.html#equal\" title=\"equal\">is equal to</a></td><td>g/min</td></tr><tr><td>gel</td><td><a href=\"http://hl7.org/fhir/R5/codesystem-concept-map-relationship.html#equal\" title=\"equal\">is equal to</a></td><td>{hard'caps} (gelule)</td></tr><tr><td>godet</td><td><a href=\"http://hl7.org/fhir/R5/codesystem-concept-map-relationship.html#equal\" title=\"equal\">is equal to</a></td><td>{cup} (godet)</td></tr><tr><td>gomme</td><td><a href=\"http://hl7.org/fhir/R5/codesystem-concept-map-relationship.html#equal\" title=\"equal\">is equal to</a></td><td>{gum} (gomme)</td></tr><tr><td>granule</td><td><a href=\"http://hl7.org/fhir/R5/codesystem-concept-map-relationship.html#equal\" title=\"equal\">is equal to</a></td><td>{granule} (granule)</td></tr><tr><td>gte</td><td><a href=\"http://hl7.org/fhir/R5/codesystem-concept-map-relationship.html#equal\" title=\"equal\">is equal to</a></td><td>[drp] (gtte)</td></tr><tr><td>h</td><td><a href=\"http://hl7.org/fhir/R5/codesystem-concept-map-relationship.html#equal\" title=\"equal\">is equal to</a></td><td>h</td></tr><tr><td>implant</td><td><a href=\"http://hl7.org/fhir/R5/codesystem-concept-map-relationship.html#equal\" title=\"equal\">is equal to</a></td><td>{implant} (implant)</td></tr><tr><td>inhalateur</td><td><a href=\"http://hl7.org/fhir/R5/codesystem-concept-map-relationship.html#equal\" title=\"equal\">is equal to</a></td><td>{inhaler} (inhalateur)</td></tr><tr><td>inka_u</td><td><a href=\"http://hl7.org/fhir/R5/codesystem-concept-map-relationship.html#equal\" title=\"equal\">is equal to</a></td><td>[arb'U]{kallikrein inactivator} (U IK)</td></tr><tr><td>insert</td><td><a href=\"http://hl7.org/fhir/R5/codesystem-concept-map-relationship.html#equal\" title=\"equal\">is equal to</a></td><td>{insert} (insert)</td></tr><tr><td>inst</td><td><a href=\"http://hl7.org/fhir/R5/codesystem-concept-map-relationship.html#equal\" title=\"equal\">is equal to</a></td><td>{inst} (instill.)</td></tr><tr><td>irrig</td><td><a href=\"http://hl7.org/fhir/R5/codesystem-concept-map-relationship.html#equal\" title=\"equal\">is equal to</a></td><td>{irrig} (irrig.)</td></tr><tr><td>iu</td><td><a href=\"http://hl7.org/fhir/R5/codesystem-concept-map-relationship.html#equal\" title=\"equal\">is equal to</a></td><td>[iU] (UI)</td></tr><tr><td>iu/h</td><td><a href=\"http://hl7.org/fhir/R5/codesystem-concept-map-relationship.html#equal\" title=\"equal\">is equal to</a></td><td>[iU]/h (UI/h)</td></tr><tr><td>iu/kg</td><td><a href=\"http://hl7.org/fhir/R5/codesystem-concept-map-relationship.html#equal\" title=\"equal\">is equal to</a></td><td>[iU]/kg (UI/kg)</td></tr><tr><td>iu/kg/h</td><td><a href=\"http://hl7.org/fhir/R5/codesystem-concept-map-relationship.html#equal\" title=\"equal\">is equal to</a></td><td>[iU]/kg/h (UI/kg/h)</td></tr><tr><td>iu/kg/mn</td><td><a href=\"http://hl7.org/fhir/R5/codesystem-concept-map-relationship.html#equal\" title=\"equal\">is equal to</a></td><td>[iU]/kg/min (UI/kg/min)</td></tr><tr><td>iu/m2</td><td><a href=\"http://hl7.org/fhir/R5/codesystem-concept-map-relationship.html#equal\" title=\"equal\">is equal to</a></td><td>[iU]/m2 (UI/m²)</td></tr><tr><td>iu/m2/h</td><td><a href=\"http://hl7.org/fhir/R5/codesystem-concept-map-relationship.html#equal\" title=\"equal\">is equal to</a></td><td>[iU]/m2/h (UI/m²/h)</td></tr><tr><td>iu/m2/mn</td><td><a href=\"http://hl7.org/fhir/R5/codesystem-concept-map-relationship.html#equal\" title=\"equal\">is equal to</a></td><td>[iU]/m2/min (UI/m²/min)</td></tr><tr><td>iu/mL</td><td><a href=\"http://hl7.org/fhir/R5/codesystem-concept-map-relationship.html#equal\" title=\"equal\">is equal to</a></td><td>[iU]/mL (UI/mL)</td></tr><tr><td>iu/mn</td><td><a href=\"http://hl7.org/fhir/R5/codesystem-concept-map-relationship.html#equal\" title=\"equal\">is equal to</a></td><td>[iU]/min (UI/min)</td></tr><tr><td>j</td><td><a href=\"http://hl7.org/fhir/R5/codesystem-concept-map-relationship.html#equal\" title=\"equal\">is equal to</a></td><td>d (j)</td></tr><tr><td>kg</td><td><a href=\"http://hl7.org/fhir/R5/codesystem-concept-map-relationship.html#equal\" title=\"equal\">is equal to</a></td><td>kg</td></tr><tr><td>kit</td><td><a href=\"http://hl7.org/fhir/R5/codesystem-concept-map-relationship.html#equal\" title=\"equal\">is equal to</a></td><td>{kit} (kit)</td></tr><tr><td>L</td><td><a href=\"http://hl7.org/fhir/R5/codesystem-concept-map-relationship.html#equal\" title=\"equal\">is equal to</a></td><td>L</td></tr><tr><td>L/mn</td><td><a href=\"http://hl7.org/fhir/R5/codesystem-concept-map-relationship.html#equal\" title=\"equal\">is equal to</a></td><td>L/min</td></tr><tr><td>lavg</td><td><a href=\"http://hl7.org/fhir/R5/codesystem-concept-map-relationship.html#equal\" title=\"equal\">is equal to</a></td><td>{wash} (lavage)</td></tr><tr><td>lavmt</td><td><a href=\"http://hl7.org/fhir/R5/codesystem-concept-map-relationship.html#equal\" title=\"equal\">is equal to</a></td><td>{enem} (lavement)</td></tr><tr><td>loo_u</td><td><a href=\"http://hl7.org/fhir/R5/codesystem-concept-map-relationship.html#equal\" title=\"equal\">is equal to</a></td><td>[arb'U]{loo} (Loomis)</td></tr><tr><td>lyoph_or</td><td><a href=\"http://hl7.org/fhir/R5/codesystem-concept-map-relationship.html#equal\" title=\"equal\">is equal to</a></td><td>{oral'lyoph} (lyoph.oral)</td></tr><tr><td>m</td><td><a href=\"http://hl7.org/fhir/R5/codesystem-concept-map-relationship.html#equal\" title=\"equal\">is equal to</a></td><td>m</td></tr><tr><td>m2</td><td><a href=\"http://hl7.org/fhir/R5/codesystem-concept-map-relationship.html#equal\" title=\"equal\">is equal to</a></td><td>m2 (m²)</td></tr><tr><td>matrice</td><td><a href=\"http://hl7.org/fhir/R5/codesystem-concept-map-relationship.html#equal\" title=\"equal\">is equal to</a></td><td>{matrix} (matrice)</td></tr><tr><td>meq</td><td><a href=\"http://hl7.org/fhir/R5/codesystem-concept-map-relationship.html#equal\" title=\"equal\">is equal to</a></td><td>meq</td></tr><tr><td>meq/L</td><td><a href=\"http://hl7.org/fhir/R5/codesystem-concept-map-relationship.html#equal\" title=\"equal\">is equal to</a></td><td>meq/L</td></tr><tr><td>mg</td><td><a href=\"http://hl7.org/fhir/R5/codesystem-concept-map-relationship.html#equal\" title=\"equal\">is equal to</a></td><td>mg</td></tr><tr><td>mg/h</td><td><a href=\"http://hl7.org/fhir/R5/codesystem-concept-map-relationship.html#equal\" title=\"equal\">is equal to</a></td><td>mg/h</td></tr><tr><td>mg/kg</td><td><a href=\"http://hl7.org/fhir/R5/codesystem-concept-map-relationship.html#equal\" title=\"equal\">is equal to</a></td><td>mg/kg</td></tr><tr><td>mg/kg/h</td><td><a href=\"http://hl7.org/fhir/R5/codesystem-concept-map-relationship.html#equal\" title=\"equal\">is equal to</a></td><td>mg/kg/h</td></tr><tr><td>mg/kg/mn</td><td><a href=\"http://hl7.org/fhir/R5/codesystem-concept-map-relationship.html#equal\" title=\"equal\">is equal to</a></td><td>mg/kg/min</td></tr><tr><td>mg/m2</td><td><a href=\"http://hl7.org/fhir/R5/codesystem-concept-map-relationship.html#equal\" title=\"equal\">is equal to</a></td><td>mg/m2 (mg/m²)</td></tr><tr><td>mg/m2/h</td><td><a href=\"http://hl7.org/fhir/R5/codesystem-concept-map-relationship.html#equal\" title=\"equal\">is equal to</a></td><td>mg/m2/h (mg/m²/h)</td></tr><tr><td>mg/m2/mn</td><td><a href=\"http://hl7.org/fhir/R5/codesystem-concept-map-relationship.html#equal\" title=\"equal\">is equal to</a></td><td>mg/m2/min (mg/m²/min)</td></tr><tr><td>mg/mn</td><td><a href=\"http://hl7.org/fhir/R5/codesystem-concept-map-relationship.html#equal\" title=\"equal\">is equal to</a></td><td>mg/min</td></tr><tr><td>mL</td><td><a href=\"http://hl7.org/fhir/R5/codesystem-concept-map-relationship.html#equal\" title=\"equal\">is equal to</a></td><td>mL</td></tr><tr><td>mL/h</td><td><a href=\"http://hl7.org/fhir/R5/codesystem-concept-map-relationship.html#equal\" title=\"equal\">is equal to</a></td><td>mL/h</td></tr><tr><td>mL/kg</td><td><a href=\"http://hl7.org/fhir/R5/codesystem-concept-map-relationship.html#equal\" title=\"equal\">is equal to</a></td><td>mL/kg</td></tr><tr><td>mL/kg/h</td><td><a href=\"http://hl7.org/fhir/R5/codesystem-concept-map-relationship.html#equal\" title=\"equal\">is equal to</a></td><td>mL/kg/h</td></tr><tr><td>mL/kg/mn</td><td><a href=\"http://hl7.org/fhir/R5/codesystem-concept-map-relationship.html#equal\" title=\"equal\">is equal to</a></td><td>mL/kg/min</td></tr><tr><td>mL/m2</td><td><a href=\"http://hl7.org/fhir/R5/codesystem-concept-map-relationship.html#equal\" title=\"equal\">is equal to</a></td><td>mL/m2 (mL/m²)</td></tr><tr><td>mL/m2/h</td><td><a href=\"http://hl7.org/fhir/R5/codesystem-concept-map-relationship.html#equal\" title=\"equal\">is equal to</a></td><td>mL/m2/h (mL/m²/h)</td></tr><tr><td>mL/m2/mn</td><td><a href=\"http://hl7.org/fhir/R5/codesystem-concept-map-relationship.html#equal\" title=\"equal\">is equal to</a></td><td>mL/m2/min (mL/m²/min)</td></tr><tr><td>mL/mn</td><td><a href=\"http://hl7.org/fhir/R5/codesystem-concept-map-relationship.html#equal\" title=\"equal\">is equal to</a></td><td>mL/min</td></tr><tr><td>mmol</td><td><a href=\"http://hl7.org/fhir/R5/codesystem-concept-map-relationship.html#equal\" title=\"equal\">is equal to</a></td><td>mmol</td></tr><tr><td>mmol/L</td><td><a href=\"http://hl7.org/fhir/R5/codesystem-concept-map-relationship.html#equal\" title=\"equal\">is equal to</a></td><td>mmol/L</td></tr><tr><td>mn</td><td><a href=\"http://hl7.org/fhir/R5/codesystem-concept-map-relationship.html#equal\" title=\"equal\">is equal to</a></td><td>min</td></tr><tr><td>mois</td><td><a href=\"http://hl7.org/fhir/R5/codesystem-concept-map-relationship.html#equal\" title=\"equal\">is equal to</a></td><td>mo (m)</td></tr><tr><td>mosm/L</td><td><a href=\"http://hl7.org/fhir/R5/codesystem-concept-map-relationship.html#equal\" title=\"equal\">is equal to</a></td><td>mosm/L</td></tr><tr><td>ng</td><td><a href=\"http://hl7.org/fhir/R5/codesystem-concept-map-relationship.html#equal\" title=\"equal\">is equal to</a></td><td>ng</td></tr><tr><td>ng/kg/mn</td><td><a href=\"http://hl7.org/fhir/R5/codesystem-concept-map-relationship.html#equal\" title=\"equal\">is equal to</a></td><td>ng/kg/min</td></tr><tr><td>nkat</td><td><a href=\"http://hl7.org/fhir/R5/codesystem-concept-map-relationship.html#equal\" title=\"equal\">is equal to</a></td><td>nkat</td></tr><tr><td>ovule</td><td><a href=\"http://hl7.org/fhir/R5/codesystem-concept-map-relationship.html#equal\" title=\"equal\">is equal to</a></td><td>{pess} (ovule)</td></tr><tr><td>paire</td><td><a href=\"http://hl7.org/fhir/R5/codesystem-concept-map-relationship.html#equal\" title=\"equal\">is equal to</a></td><td>{pair} (paire)</td></tr><tr><td>past</td><td><a href=\"http://hl7.org/fhir/R5/codesystem-concept-map-relationship.html#equal\" title=\"equal\">is equal to</a></td><td>{loz} (pastille)</td></tr><tr><td>pâte</td><td><a href=\"http://hl7.org/fhir/R5/codesystem-concept-map-relationship.html#equal\" title=\"equal\">is equal to</a></td><td>{paste} (pâte)</td></tr><tr><td>pièce</td><td><a href=\"http://hl7.org/fhir/R5/codesystem-concept-map-relationship.html#equal\" title=\"equal\">is equal to</a></td><td>{piece} (pièce)</td></tr><tr><td>plaq</td><td><a href=\"http://hl7.org/fhir/R5/codesystem-concept-map-relationship.html#equal\" title=\"equal\">is equal to</a></td><td>{blister} (film thermos.)</td></tr><tr><td>poche</td><td><a href=\"http://hl7.org/fhir/R5/codesystem-concept-map-relationship.html#equal\" title=\"equal\">is equal to</a></td><td>{bag} (poche)</td></tr><tr><td>pot</td><td><a href=\"http://hl7.org/fhir/R5/codesystem-concept-map-relationship.html#equal\" title=\"equal\">is equal to</a></td><td>{jar} (pot)</td></tr><tr><td>ppe_doseuse</td><td><a href=\"http://hl7.org/fhir/R5/codesystem-concept-map-relationship.html#equal\" title=\"equal\">is equal to</a></td><td>{meter'pump} (pompe doseuse)</td></tr><tr><td>pres</td><td><a href=\"http://hl7.org/fhir/R5/codesystem-concept-map-relationship.html#equal\" title=\"equal\">is equal to</a></td><td>{press} (pression)</td></tr><tr><td>pst</td><td><a href=\"http://hl7.org/fhir/R5/codesystem-concept-map-relationship.html#equal\" title=\"equal\">is equal to</a></td><td>{bandg} (pst)</td></tr><tr><td>pulv</td><td><a href=\"http://hl7.org/fhir/R5/codesystem-concept-map-relationship.html#equal\" title=\"equal\">is equal to</a></td><td>{spray} (flac.pulv.)</td></tr><tr><td>rec_dose</td><td><a href=\"http://hl7.org/fhir/R5/codesystem-concept-map-relationship.html#equal\" title=\"equal\">is equal to</a></td><td>{meter'cont} (récip.doseur)</td></tr><tr><td>rec_multi</td><td><a href=\"http://hl7.org/fhir/R5/codesystem-concept-map-relationship.html#equal\" title=\"equal\">is equal to</a></td><td>{multidose'cont} (récip.multidose)</td></tr><tr><td>rec_unidose</td><td><a href=\"http://hl7.org/fhir/R5/codesystem-concept-map-relationship.html#equal\" title=\"equal\">is equal to</a></td><td>{sgldose'cont} (récip.unidose)</td></tr><tr><td>sachet</td><td><a href=\"http://hl7.org/fhir/R5/codesystem-concept-map-relationship.html#equal\" title=\"equal\">is equal to</a></td><td>{sachet} (sachet)</td></tr><tr><td>SDIU</td><td><a href=\"http://hl7.org/fhir/R5/codesystem-concept-map-relationship.html#equal\" title=\"equal\">is equal to</a></td><td>{iud'syst} (sdiu)</td></tr><tr><td>SDV</td><td><a href=\"http://hl7.org/fhir/R5/codesystem-concept-map-relationship.html#equal\" title=\"equal\">is equal to</a></td><td>{vd'syst} (sdvag)</td></tr><tr><td>ser</td><td><a href=\"http://hl7.org/fhir/R5/codesystem-concept-map-relationship.html#equal\" title=\"equal\">is equal to</a></td><td>{syr} (ser)</td></tr><tr><td>ser_prr</td><td><a href=\"http://hl7.org/fhir/R5/codesystem-concept-map-relationship.html#equal\" title=\"equal\">is equal to</a></td><td>{pfs} (ser.préremp)</td></tr><tr><td>set</td><td><a href=\"http://hl7.org/fhir/R5/codesystem-concept-map-relationship.html#equal\" title=\"equal\">is equal to</a></td><td>{set} (set)</td></tr><tr><td>stylo_prr</td><td><a href=\"http://hl7.org/fhir/R5/codesystem-concept-map-relationship.html#equal\" title=\"equal\">is equal to</a></td><td>{pfp} (stylo préremp)</td></tr><tr><td>suppo</td><td><a href=\"http://hl7.org/fhir/R5/codesystem-concept-map-relationship.html#equal\" title=\"equal\">is equal to</a></td><td>{suppo} (suppo.)</td></tr><tr><td>tube</td><td><a href=\"http://hl7.org/fhir/R5/codesystem-concept-map-relationship.html#equal\" title=\"equal\">is equal to</a></td><td>{tube} (tube)</td></tr><tr><td>u</td><td><a href=\"http://hl7.org/fhir/R5/codesystem-concept-map-relationship.html#equal\" title=\"equal\">is equal to</a></td><td>U</td></tr><tr><td>ug</td><td><a href=\"http://hl7.org/fhir/R5/codesystem-concept-map-relationship.html#equal\" title=\"equal\">is equal to</a></td><td>ug (µg)</td></tr><tr><td>ug/h</td><td><a href=\"http://hl7.org/fhir/R5/codesystem-concept-map-relationship.html#equal\" title=\"equal\">is equal to</a></td><td>ug/h (µg/h)</td></tr><tr><td>ug/kg</td><td><a href=\"http://hl7.org/fhir/R5/codesystem-concept-map-relationship.html#equal\" title=\"equal\">is equal to</a></td><td>ug/kg (µg/kg)</td></tr><tr><td>ug/kg/h</td><td><a href=\"http://hl7.org/fhir/R5/codesystem-concept-map-relationship.html#equal\" title=\"equal\">is equal to</a></td><td>ug/kg/h (µg/kg/h)</td></tr><tr><td>ug/kg/mn</td><td><a href=\"http://hl7.org/fhir/R5/codesystem-concept-map-relationship.html#equal\" title=\"equal\">is equal to</a></td><td>ug/kg/min (µg/kg/min)</td></tr><tr><td>ug/m2</td><td><a href=\"http://hl7.org/fhir/R5/codesystem-concept-map-relationship.html#equal\" title=\"equal\">is equal to</a></td><td>ug/m2 (µg/m²)</td></tr><tr><td>ug/m2/h</td><td><a href=\"http://hl7.org/fhir/R5/codesystem-concept-map-relationship.html#equal\" title=\"equal\">is equal to</a></td><td>ug/m2/h (µg/m²/h)</td></tr><tr><td>ug/m2/mn</td><td><a href=\"http://hl7.org/fhir/R5/codesystem-concept-map-relationship.html#equal\" title=\"equal\">is equal to</a></td><td>ug/m2/min (µg/m²/min)</td></tr><tr><td>ug/mn</td><td><a href=\"http://hl7.org/fhir/R5/codesystem-concept-map-relationship.html#equal\" title=\"equal\">is equal to</a></td><td>ug/min (µg/min)</td></tr><tr><td>ug_hagglu</td><td><a href=\"http://hl7.org/fhir/R5/codesystem-concept-map-relationship.html#equal\" title=\"equal\">is equal to</a></td><td>ug{hagglu} (µg hémagglut.)</td></tr><tr><td>ukat</td><td><a href=\"http://hl7.org/fhir/R5/codesystem-concept-map-relationship.html#equal\" title=\"equal\">is equal to</a></td><td>ukat (µkat)</td></tr><tr><td>uL</td><td><a href=\"http://hl7.org/fhir/R5/codesystem-concept-map-relationship.html#equal\" title=\"equal\">is equal to</a></td><td>uL (µL)</td></tr><tr><td>VAPO</td><td><a href=\"http://hl7.org/fhir/R5/codesystem-concept-map-relationship.html#equal\" title=\"equal\">is equal to</a></td><td>{evaporator} (évaporateur)</td></tr></table></div>"},"url":"https://hl7.fr/fhir/fr/medication/ConceptMap/PN13-FHIR-unite-conceptmap","version":"0.1.0","name":"FrPN13FHIRFreeSetCIODCUniteConceptMap","title":"Mapping Free Set CIO-DC UNITE","status":"draft","date":"2025-02-10T11:15:38Z","publisher":"Interop'Santé","contact":[{"name":"Interop'Santé","telecom":[{"system":"url","value":"http://interopsante.org/"}]}],"description":"ConceptMap pour la conversion des codes d'unité d'administration de médicaments entre CIO et UCUM","group":[{"source":"https://www.phast.fr/ciodm/","sourceVersion":"2025","target":"http://unitsofmeasure.org","element":[{"code":"10*3.bq","target":[{"code":"kBq","display":"kBq","equivalence":"equal"}]},{"code":"10*6","target":[{"code":"10*6","display":"10n","equivalence":"equal"}]},{"code":"10*6.a","target":[{"code":"M[arb'U]","display":"106U","equivalence":"equal"}]},{"code":"10*6.bq","target":[{"code":"MBq","display":"MBq","equivalence":"equal"}]},{"code":"10*6.iu","target":[{"code":"M[iU]","display":"106UI","equivalence":"equal"}]},{"code":"10*6.u","target":[{"code":"M[arb'U]","display":"106U","equivalence":"equal"}]},{"code":"10*9","target":[{"code":"10*9","display":"milliard","equivalence":"equal"}]},{"code":"10*9.bq","target":[{"code":"GBq","display":"GBq","equivalence":"equal"}]},{"code":"agD_u","target":[{"code":"[D'ag'U]","display":"U agD","equivalence":"equal"}]},{"code":"ah_u","target":[{"code":"[arb'U]{anti'hep}","display":"U anti hép.","equivalence":"equal"}]},{"code":"amp","target":[{"code":"{amp}","display":"amp","equivalence":"equal"}]},{"code":"an","target":[{"code":"a","display":"a","equivalence":"equal"}]},{"code":"appln","target":[{"code":"{appln}","display":"appln","equivalence":"equal"}]},{"code":"applr","target":[{"code":"{applr}","display":"applr","equivalence":"equal"}]},{"code":"arb_u","target":[{"code":"[arb'U]","display":"U","equivalence":"equal"}]},{"code":"axa_iu","target":[{"code":"[anti'Xa'U]","display":"U anti Xa","equivalence":"equal"}]},{"code":"baton","target":[{"code":"{stick}","display":"bâton","equivalence":"equal"}]},{"code":"BBCHE","target":[{"code":"{mouthw}","display":"b.bche","equivalence":"equal"}]},{"code":"boite","target":[{"code":"{box}","display":"boîte","equivalence":"equal"}]},{"code":"bouffee","target":[{"code":"{puff}","display":"bouffée","equivalence":"equal"}]},{"code":"bq","target":[{"code":"Bq","display":"Bq","equivalence":"equal"}]},{"code":"btle","target":[{"code":"{btle}","display":"boutteille","equivalence":"equal"}]},{"code":"c_a_c","target":[{"code":"[tsp_m]","display":"càc","equivalence":"equal"}]},{"code":"c_a_d","target":[{"code":"{dsp}","display":"càd","equivalence":"equal"}]},{"code":"c_a_s","target":[{"code":"[tbs_m]","display":"càs","equivalence":"equal"}]},{"code":"c_mes","target":[{"code":"{mes'sp}","display":"c.mes.","equivalence":"equal"}]},{"code":"cadre","target":[{"code":"{frame}","display":"cadre","equivalence":"equal"}]},{"code":"caisse","target":[{"code":"{crate}","display":"caisse","equivalence":"equal"}]},{"code":"caps","target":[{"code":"{caps}","display":"caps","equivalence":"equal"}]},{"code":"cart","target":[{"code":"{cart}","display":"cart","equivalence":"equal"}]},{"code":"catap","target":[{"code":"{poult}","display":"catapl.","equivalence":"equal"}]},{"code":"ceip_u","target":[{"code":"[arb'U]{ceip}","display":"U CEIP","equivalence":"equal"}]},{"code":"cpr","target":[{"code":"{tbl}","display":"cpr","equivalence":"equal"}]},{"code":"cprsse","target":[{"code":"{dress}","display":"compresse","equivalence":"equal"}]},{"code":"cycle","target":[{"code":"{cycle}","display":"cycle","equivalence":"equal"}]},{"code":"dc","target":[{"code":"{cut'dev}","display":"disp.cut.","equivalence":"equal"}]},{"code":"ddose","target":[{"code":"{meas'dev}","display":"disp.doseur","equivalence":"equal"}]},{"code":"diu","target":[{"code":"{iud}","display":"diu","equivalence":"equal"}]},{"code":"dose","target":[{"code":"{dose}","display":"dose","equivalence":"equal"}]},{"code":"dose_kg","target":[{"code":"{kg'dose}","display":"dose-kg","equivalence":"equal"}]},{"code":"dosevac","target":[{"code":"{vac'dose}","display":"dose-vac","equivalence":"equal"}]},{"code":"dtd","target":[{"code":"{patch}","display":"cutaneous patch","equivalence":"equal"}]},{"code":"dvag","target":[{"code":"{vag'dev}","display":"disp.vagin.","equivalence":"equal"}]},{"code":"EMPMED","target":[{"code":"{med'plast}","display":"emplâtre méd.","equivalence":"equal"}]},{"code":"eph_u","target":[{"code":"[arb'U]{eph}","display":"UPE","equivalence":"equal"}]},{"code":"epmed","target":[{"code":"{med'spng}","display":"éponge méd.","equivalence":"equal"}]},{"code":"feiba_u","target":[{"code":"[arb'U]{feiba}","display":"U FEIBA","equivalence":"equal"}]},{"code":"feuille","target":[{"code":"{foil}","display":"feuille","equivalence":"equal"}]},{"code":"film_ths","target":[{"code":"{blister}","display":"film thermos.","equivalence":"equal"}]},{"code":"flac","target":[{"code":"{vial}","display":"vial","equivalence":"equal"}]},{"code":"flac c-gttes","target":[{"code":"{drpr'cont}","display":"flac.c.gttes","equivalence":"equal"}]},{"code":"flac_pres","target":[{"code":"{prsrd'cont}","display":"flac.press.","equivalence":"equal"}]},{"code":"flac_pulv","target":[{"code":"{spray}","display":"flac.pulv.","equivalence":"equal"}]},{"code":"flm orodisp","target":[{"code":"{orodisp'flm}","display":"film orodisp.","equivalence":"equal"}]},{"code":"fut","target":[{"code":"{bbl}","display":"fût","equivalence":"equal"}]},{"code":"g","target":[{"code":"g","display":"g","equivalence":"equal"}]},{"code":"g/h","target":[{"code":"g/h","display":"g/h","equivalence":"equal"}]},{"code":"g/kg","target":[{"code":"g/kg","display":"g/kg","equivalence":"equal"}]},{"code":"g/kg/h","target":[{"code":"g/kg/h","display":"g/kg/h","equivalence":"equal"}]},{"code":"g/kg/mn","target":[{"code":"g/kg/min","display":"g/kg/min","equivalence":"equal"}]},{"code":"g/m2","target":[{"code":"g/m2","display":"g/m²","equivalence":"equal"}]},{"code":"g/m2/h","target":[{"code":"g/m2/h","display":"g/m²/h","equivalence":"equal"}]},{"code":"g/m2/mn","target":[{"code":"g/m2/min","display":"g/m²/min","equivalence":"equal"}]},{"code":"g/mn","target":[{"code":"g/min","display":"g/min","equivalence":"equal"}]},{"code":"gel","target":[{"code":"{hard'caps}","display":"gelule","equivalence":"equal"}]},{"code":"godet","target":[{"code":"{cup}","display":"godet","equivalence":"equal"}]},{"code":"gomme","target":[{"code":"{gum}","display":"gomme","equivalence":"equal"}]},{"code":"granule","target":[{"code":"{granule}","display":"granule","equivalence":"equal"}]},{"code":"gte","target":[{"code":"[drp]","display":"gtte","equivalence":"equal"}]},{"code":"h","target":[{"code":"h","display":"h","equivalence":"equal"}]},{"code":"implant","target":[{"code":"{implant}","display":"implant","equivalence":"equal"}]},{"code":"inhalateur","target":[{"code":"{inhaler}","display":"inhalateur","equivalence":"equal"}]},{"code":"inka_u","target":[{"code":"[arb'U]{kallikrein inactivator}","display":"U IK","equivalence":"equal"}]},{"code":"insert","target":[{"code":"{insert}","display":"insert","equivalence":"equal"}]},{"code":"inst","target":[{"code":"{inst}","display":"instill.","equivalence":"equal"}]},{"code":"irrig","target":[{"code":"{irrig}","display":"irrig.","equivalence":"equal"}]},{"code":"iu","target":[{"code":"[iU]","display":"UI","equivalence":"equal"}]},{"code":"iu/h","target":[{"code":"[iU]/h","display":"UI/h","equivalence":"equal"}]},{"code":"iu/kg","target":[{"code":"[iU]/kg","display":"UI/kg","equivalence":"equal"}]},{"code":"iu/kg/h","target":[{"code":"[iU]/kg/h","display":"UI/kg/h","equivalence":"equal"}]},{"code":"iu/kg/mn","target":[{"code":"[iU]/kg/min","display":"UI/kg/min","equivalence":"equal"}]},{"code":"iu/m2","target":[{"code":"[iU]/m2","display":"UI/m²","equivalence":"equal"}]},{"code":"iu/m2/h","target":[{"code":"[iU]/m2/h","display":"UI/m²/h","equivalence":"equal"}]},{"code":"iu/m2/mn","target":[{"code":"[iU]/m2/min","display":"UI/m²/min","equivalence":"equal"}]},{"code":"iu/mL","target":[{"code":"[iU]/mL","display":"UI/mL","equivalence":"equal"}]},{"code":"iu/mn","target":[{"code":"[iU]/min","display":"UI/min","equivalence":"equal"}]},{"code":"j","target":[{"code":"d","display":"j","equivalence":"equal"}]},{"code":"kg","target":[{"code":"kg","display":"kg","equivalence":"equal"}]},{"code":"kit","target":[{"code":"{kit}","display":"kit","equivalence":"equal"}]},{"code":"L","target":[{"code":"L","display":"L","equivalence":"equal"}]},{"code":"L/mn","target":[{"code":"L/min","display":"L/min","equivalence":"equal"}]},{"code":"lavg","target":[{"code":"{wash}","display":"lavage","equivalence":"equal"}]},{"code":"lavmt","target":[{"code":"{enem}","display":"lavement","equivalence":"equal"}]},{"code":"loo_u","target":[{"code":"[arb'U]{loo}","display":"Loomis","equivalence":"equal"}]},{"code":"lyoph_or","target":[{"code":"{oral'lyoph}","display":"lyoph.oral","equivalence":"equal"}]},{"code":"m","target":[{"code":"m","display":"m","equivalence":"equal"}]},{"code":"m2","target":[{"code":"m2","display":"m²","equivalence":"equal"}]},{"code":"matrice","target":[{"code":"{matrix}","display":"matrice","equivalence":"equal"}]},{"code":"meq","target":[{"code":"meq","display":"meq","equivalence":"equal"}]},{"code":"meq/L","target":[{"code":"meq/L","display":"meq/L","equivalence":"equal"}]},{"code":"mg","target":[{"code":"mg","display":"mg","equivalence":"equal"}]},{"code":"mg/h","target":[{"code":"mg/h","display":"mg/h","equivalence":"equal"}]},{"code":"mg/kg","target":[{"code":"mg/kg","display":"mg/kg","equivalence":"equal"}]},{"code":"mg/kg/h","target":[{"code":"mg/kg/h","display":"mg/kg/h","equivalence":"equal"}]},{"code":"mg/kg/mn","target":[{"code":"mg/kg/min","display":"mg/kg/min","equivalence":"equal"}]},{"code":"mg/m2","target":[{"code":"mg/m2","display":"mg/m²","equivalence":"equal"}]},{"code":"mg/m2/h","target":[{"code":"mg/m2/h","display":"mg/m²/h","equivalence":"equal"}]},{"code":"mg/m2/mn","target":[{"code":"mg/m2/min","display":"mg/m²/min","equivalence":"equal"}]},{"code":"mg/mn","target":[{"code":"mg/min","display":"mg/min","equivalence":"equal"}]},{"code":"mL","target":[{"code":"mL","display":"mL","equivalence":"equal"}]},{"code":"mL/h","target":[{"code":"mL/h","display":"mL/h","equivalence":"equal"}]},{"code":"mL/kg","target":[{"code":"mL/kg","display":"mL/kg","equivalence":"equal"}]},{"code":"mL/kg/h","target":[{"code":"mL/kg/h","display":"mL/kg/h","equivalence":"equal"}]},{"code":"mL/kg/mn","target":[{"code":"mL/kg/min","display":"mL/kg/min","equivalence":"equal"}]},{"code":"mL/m2","target":[{"code":"mL/m2","display":"mL/m²","equivalence":"equal"}]},{"code":"mL/m2/h","target":[{"code":"mL/m2/h","display":"mL/m²/h","equivalence":"equal"}]},{"code":"mL/m2/mn","target":[{"code":"mL/m2/min","display":"mL/m²/min","equivalence":"equal"}]},{"code":"mL/mn","target":[{"code":"mL/min","display":"mL/min","equivalence":"equal"}]},{"code":"mmol","target":[{"code":"mmol","display":"mmol","equivalence":"equal"}]},{"code":"mmol/L","target":[{"code":"mmol/L","display":"mmol/L","equivalence":"equal"}]},{"code":"mn","target":[{"code":"min","display":"min","equivalence":"equal"}]},{"code":"mois","target":[{"code":"mo","display":"m","equivalence":"equal"}]},{"code":"mosm/L","target":[{"code":"mosm/L","display":"mosm/L","equivalence":"equal"}]},{"code":"ng","target":[{"code":"ng","display":"ng","equivalence":"equal"}]},{"code":"ng/kg/mn","target":[{"code":"ng/kg/min","display":"ng/kg/min","equivalence":"equal"}]},{"code":"nkat","target":[{"code":"nkat","display":"nkat","equivalence":"equal"}]},{"code":"ovule","target":[{"code":"{pess}","display":"ovule","equivalence":"equal"}]},{"code":"paire","target":[{"code":"{pair}","display":"paire","equivalence":"equal"}]},{"code":"past","target":[{"code":"{loz}","display":"pastille","equivalence":"equal"}]},{"code":"pâte","target":[{"code":"{paste}","display":"pâte","equivalence":"equal"}]},{"code":"pièce","target":[{"code":"{piece}","display":"pièce","equivalence":"equal"}]},{"code":"plaq","target":[{"code":"{blister}","display":"film thermos.","equivalence":"equal"}]},{"code":"poche","target":[{"code":"{bag}","display":"poche","equivalence":"equal"}]},{"code":"pot","target":[{"code":"{jar}","display":"pot","equivalence":"equal"}]},{"code":"ppe_doseuse","target":[{"code":"{meter'pump}","display":"pompe doseuse","equivalence":"equal"}]},{"code":"pres","target":[{"code":"{press}","display":"pression","equivalence":"equal"}]},{"code":"pst","target":[{"code":"{bandg}","display":"pst","equivalence":"equal"}]},{"code":"pulv","target":[{"code":"{spray}","display":"flac.pulv.","equivalence":"equal"}]},{"code":"rec_dose","target":[{"code":"{meter'cont}","display":"récip.doseur","equivalence":"equal"}]},{"code":"rec_multi","target":[{"code":"{multidose'cont}","display":"récip.multidose","equivalence":"equal"}]},{"code":"rec_unidose","target":[{"code":"{sgldose'cont}","display":"récip.unidose","equivalence":"equal"}]},{"code":"sachet","target":[{"code":"{sachet}","display":"sachet","equivalence":"equal"}]},{"code":"SDIU","target":[{"code":"{iud'syst}","display":"sdiu","equivalence":"equal"}]},{"code":"SDV","target":[{"code":"{vd'syst}","display":"sdvag","equivalence":"equal"}]},{"code":"ser","target":[{"code":"{syr}","display":"ser","equivalence":"equal"}]},{"code":"ser_prr","target":[{"code":"{pfs}","display":"ser.préremp","equivalence":"equal"}]},{"code":"set","target":[{"code":"{set}","display":"set","equivalence":"equal"}]},{"code":"stylo_prr","target":[{"code":"{pfp}","display":"stylo préremp","equivalence":"equal"}]},{"code":"suppo","target":[{"code":"{suppo}","display":"suppo.","equivalence":"equal"}]},{"code":"tube","target":[{"code":"{tube}","display":"tube","equivalence":"equal"}]},{"code":"u","target":[{"code":"U","display":"U","equivalence":"equal"}]},{"code":"ug","target":[{"code":"ug","display":"µg","equivalence":"equal"}]},{"code":"ug/h","target":[{"code":"ug/h","display":"µg/h","equivalence":"equal"}]},{"code":"ug/kg","target":[{"code":"ug/kg","display":"µg/kg","equivalence":"equal"}]},{"code":"ug/kg/h","target":[{"code":"ug/kg/h","display":"µg/kg/h","equivalence":"equal"}]},{"code":"ug/kg/mn","target":[{"code":"ug/kg/min","display":"µg/kg/min","equivalence":"equal"}]},{"code":"ug/m2","target":[{"code":"ug/m2","display":"µg/m²","equivalence":"equal"}]},{"code":"ug/m2/h","target":[{"code":"ug/m2/h","display":"µg/m²/h","equivalence":"equal"}]},{"code":"ug/m2/mn","target":[{"code":"ug/m2/min","display":"µg/m²/min","equivalence":"equal"}]},{"code":"ug/mn","target":[{"code":"ug/min","display":"µg/min","equivalence":"equal"}]},{"code":"ug_hagglu","target":[{"code":"ug{hagglu}","display":"µg hémagglut.","equivalence":"equal"}]},{"code":"ukat","target":[{"code":"ukat","display":"µkat","equivalence":"equal"}]},{"code":"uL","target":[{"code":"uL","display":"µL","equivalence":"equal"}]},{"code":"VAPO","target":[{"code":"{evaporator}","display":"évaporateur","equivalence":"equal"}]}]}]}