{"resourceType":"ConceptMap","id":"PN13-FHIR-prescmed-medicationNonProp-conceptmap","text":{"status":"generated","div":"<div xmlns=\"http://www.w3.org/1999/xhtml\"><p class=\"res-header-id\"><b>Generated Narrative: ConceptMap PN13-FHIR-prescmed-medicationNonProp-conceptmap</b></p><a name=\"PN13-FHIR-prescmed-medicationNonProp-conceptmap\"> </a><a name=\"hcPN13-FHIR-prescmed-medicationNonProp-conceptmap\"> </a><a name=\"PN13-FHIR-prescmed-medicationNonProp-conceptmap-en-US\"> </a><p>Mapping from https://interopsante.org/pn13/xsd to <a href=\"StructureDefinition-fr-medication-nonproprietary-name.html\">French non proprietary name Medication</a></p><br/><p><b>Group 1 </b>Mapping from <code>unspecified code system</code> to <code>unspecified code system</code></p><table class=\"grid\"><tr><td colspan=\"3\"><b>Source Concept Details</b></td><td><b>Relationship</b></td><td colspan=\"3\"><b>Target Concept Details</b></td><td><b>Comment</b></td><td colspan=\"3\"><b>Properties</b></td></tr><tr><td colspan=\"2\"><b>Codes</b> from </td><td><b>Forme@Phastnomenclature</b></td><td/><td colspan=\"2\"><b>Codes</b> from </td><td><b>Medication.form.coding.system</b></td><td/></tr><tr><td style=\"border-right-width: 0px\">Messages/M_prescription_médicaments/Prescription/Elément_prescr_médic/Forme</td><td style=\"border-left-width: 0px\"></td><td>SIPh-CIO_Forme</td><td><a href=\"http://hl7.org/fhir/extensions/5.1.0/CodeSystem-concept-map-equivalence.html#equivalent\" title=\"equivalent\">is equivalent to</a></td><td style=\"border-right-width: 0px\">Medication.form.coding.code</td><td style=\"border-left-width: 0px\"></td><td/><td>L'équivalence est donnée par le mapping à fournir par PHAST</td></tr><tr><td style=\"border-right-width: 0px\"/><td style=\"border-left-width: 0px\"></td><td>&lt;Null&gt;</td><td><a href=\"http://hl7.org/fhir/extensions/5.1.0/CodeSystem-concept-map-equivalence.html#equivalent\" title=\"equivalent\">is equivalent to</a></td><td style=\"border-right-width: 0px\">Medication.form.coding.code</td><td style=\"border-left-width: 0px\"></td><td/><td>L'équivalence est donnée par le mapping à fournir par PHAST</td></tr><tr><td style=\"border-right-width: 0px\"/><td style=\"border-left-width: 0px\"></td><td>EDQM</td><td><a href=\"http://hl7.org/fhir/extensions/5.1.0/CodeSystem-concept-map-equivalence.html#equal\" title=\"equal\">is equal to</a></td><td style=\"border-right-width: 0px\">Medication.form.coding.code</td><td style=\"border-left-width: 0px\"></td><td>http://standardterms.edqm.eu</td><td/></tr><tr><td style=\"border-right-width: 0px\"/><td style=\"border-left-width: 0px\"></td><td>SIPh-Forme</td><td><a href=\"http://hl7.org/fhir/extensions/5.1.0/CodeSystem-concept-map-equivalence.html#relatedto\" title=\"relatedto\">is related to</a></td><td style=\"border-right-width: 0px\">Medication.form.coding.code</td><td style=\"border-left-width: 0px\"></td><td/><td/></tr></table></div>"},"url":"https://hl7.fr/fhir/fr/medication/ConceptMap/PN13-FHIR-prescmed-medicationNonProp-conceptmap","version":"0.1.0","name":"FrPN13FHIRMedicationPrescriptionMedicationNonPropConceptMap","title":"Conversion PN13 vers FHIR pour un médicament en DC d'une prescription de médicaments","status":"draft","date":"2025-01-11T17:10:04+00:00","publisher":"Interop'Santé","contact":[{"name":"Interop'Santé","telecom":[{"system":"url","value":"http://interopsante.org/"}]}],"description":"ConceptMap pour la conversion PN13 vers FHIR d'un médicament en DC d'une prescritpion de médicament","sourceUri":"https://interopsante.org/pn13/xsd","targetUri":"https://hl7.fr/fhir/fr/medication/StructureDefinition/fr-medication-nonproprietary-name","group":[{"element":[{"code":"Messages/M_prescription_médicaments/Prescription/Elément_prescr_médic/Forme","target":[{"code":"Medication.form.coding.code","equivalence":"equivalent","comment":"L'équivalence est donnée par le mapping à fournir par PHAST","dependsOn":[{"property":"Messages/M_prescription_médicaments/Prescription/Elément_prescr_médic/Forme@Phast-nomenclature","value":"SIPh-CIO_Forme"}]}]},{"target":[{"code":"Medication.form.coding.code","equivalence":"equivalent","comment":"L'équivalence est donnée par le mapping à fournir par PHAST","dependsOn":[{"property":"Messages/M_prescription_médicaments/Prescription/Elément_prescr_médic/Forme@Phast-nomenclature","value":"<Null>"}]}]},{"target":[{"code":"Medication.form.coding.code","equivalence":"equal","dependsOn":[{"property":"Messages/M_prescription_médicaments/Prescription/Elément_prescr_médic/Forme@Phast-nomenclature","value":"EDQM"}],"product":[{"property":"Medication.form.coding.system","value":"http://standardterms.edqm.eu"}]}]},{"target":[{"code":"Medication.form.coding.code","equivalence":"relatedto","dependsOn":[{"property":"Messages/M_prescription_médicaments/Prescription/Elément_prescr_médic/Forme@Phast-nomenclature","value":"SIPh-Forme"}]}]}]}]}