{"resourceType":"ValueSet","id":"fr-medication-reconciliation-status","meta":{"profile":["http://hl7.org/fhir/StructureDefinition/shareablevalueset"]},"text":{"status":"generated","div":"<div xmlns=\"http://www.w3.org/1999/xhtml\"><p class=\"res-header-id\"><b>Generated Narrative: ValueSet fr-medication-reconciliation-status</b></p><a name=\"fr-medication-reconciliation-status\"> </a><a name=\"hcfr-medication-reconciliation-status\"> </a><a name=\"fr-medication-reconciliation-status-en-US\"> </a><ul><li>Include all codes defined in <a href=\"CodeSystem-fr-medication-reconciliation-status.html\"><code>https://hl7.fr/fhir/fr/medication/CodeSystem/fr-medication-reconciliation-status</code></a></li></ul></div>"},"url":"https://hl7.fr/fhir/fr/medication/ValueSet/fr-medication-reconciliation-status","version":"0.1.0","name":"FrMedicationReconciliationStatus","title":"value set Interop'Santé - Statut d'une ligne de traitement d'une FCT","status":"draft","experimental":false,"date":"2025-02-19T14:27:03+00:00","publisher":"Interop'Santé","contact":[{"name":"Interop'Santé","telecom":[{"system":"url","value":"http://interopsante.org/"}]}],"description":"Le jeu de valeurs à utiliser pour coder le statut d'une ligne de traitement d'une FCT (Fiche de Conciliation des Traitements médicamenteux).","immutable":false,"compose":{"include":[{"system":"https://hl7.fr/fhir/fr/medication/CodeSystem/fr-medication-reconciliation-status"}]}}