{"resourceType":"ValueSet","id":"medication-ingredient-strength-codes","meta":{"profile":["http://hl7.org/fhir/StructureDefinition/shareablevalueset"]},"text":{"status":"generated","div":"<div xmlns=\"http://www.w3.org/1999/xhtml\"><p class=\"res-header-id\"><b>Generated Narrative: ValueSet medication-ingredient-strength-codes</b></p><a name=\"medication-ingredient-strength-codes\"> </a><a name=\"hcmedication-ingredient-strength-codes\"> </a><a name=\"medication-ingredient-strength-codes-en-US\"> </a><ul><li>Include all codes defined in <a href=\"CodeSystem-medication-ingredient-strength-codes.html\"><code>http://hl7.org/fhir/CodeSystem/medication-ingredientstrength</code></a></li></ul></div>"},"extension":[{"url":"http://hl7.org/fhir/StructureDefinition/structuredefinition-wg","valueCode":"phx"},{"url":"http://hl7.org/fhir/StructureDefinition/structuredefinition-standards-status","valueCode":"draft"},{"url":"http://hl7.org/fhir/StructureDefinition/structuredefinition-fmm","valueInteger":1}],"url":"http://hl7.org/fhir/ValueSet/medication-ingredientstrength","identifier":[{"system":"urn:ietf:rfc:3986","value":"urn:oid:2.16.840.1.113883.4.642.3.1426"}],"version":"0.1.0","name":"MedicationIngredientStrengthCodes","status":"draft","date":"2024-12-27T09:52:33+00:00","publisher":"Interop'Santé","contact":[{"name":"Interop'Santé","telecom":[{"system":"url","value":"http://interopsante.org/"}]}],"description":"Medication Ingredient Strength Codes","compose":{"include":[{"system":"http://hl7.org/fhir/CodeSystem/medication-ingredientstrength"}]}}