{"resourceType":"ValueSet","id":"fr-medication-reconciliation-resolution","meta":{"profile":["http://hl7.org/fhir/StructureDefinition/shareablevalueset"]},"text":{"status":"generated","div":"<div xmlns=\"http://www.w3.org/1999/xhtml\"><p class=\"res-header-id\"><b>Generated Narrative: ValueSet fr-medication-reconciliation-resolution</b></p><a name=\"fr-medication-reconciliation-resolution\"> </a><a name=\"hcfr-medication-reconciliation-resolution\"> </a><a name=\"fr-medication-reconciliation-resolution-en-US\"> </a><ul><li>Include all codes defined in <a href=\"CodeSystem-fr-medication-reconciliation-resolution.html\"><code>https://hl7.fr/fhir/fr/medication/CodeSystem/fr-medication-reconciliation-resolution</code></a></li></ul></div>"},"url":"https://hl7.fr/fhir/fr/medication/ValueSet/fr-medication-reconciliation-resolution","version":"0.1.0","name":"FrMedicationReconciliationResolution","title":"value set Interop'Santé - Résolution d'une divergence sur une ligne de traitement d'une FCT","status":"draft","experimental":false,"date":"2025-01-20T09:27:26+00:00","publisher":"Interop'Santé","contact":[{"name":"Interop'Santé","telecom":[{"system":"url","value":"http://interopsante.org/"}]}],"description":"Un jeu de valeurs à utiliser pour coder la résolution d'une divergence sur une ligne de traitement d'une FCT (Fiche de Conciliation des Traitements médicamenteux).","immutable":false,"compose":{"include":[{"system":"https://hl7.fr/fhir/fr/medication/CodeSystem/fr-medication-reconciliation-resolution"}]}}