<?xml version="1.0" encoding="UTF-8"?>

<Bundle xmlns="http://hl7.org/fhir">
  <id value="HAS-05-2-Presc-ACTISKENAN"/>
  <meta>
    <profile value="https://hl7.fr/ig/fhir/medication/StructureDefinition/fr-prescription-bundle-for-example"/>
  </meta>
  <type value="searchset"/>
  <entry>
    <resource>
      <MedicationRequest>
        <id value="medicationrequest-HAS-5-2-Presc-ACTISKENAN"/>
        <meta>
          <profile value="https://hl7.fr/ig/fhir/medication/StructureDefinition/fr-medicationrequest"/>
        </meta>
        <text>
          <status value="extensions"/><div xmlns="http://www.w3.org/1999/xhtml"><a name="MedicationRequest_medicationrequest-HAS-5-2-Presc-ACTISKENAN"> </a><p class="res-header-id"><b>Narratif généré : PrescriptionMédicamenteuseTODO medicationrequest-HAS-5-2-Presc-ACTISKENAN</b></p><a name="medicationrequest-HAS-5-2-Presc-ACTISKENAN"> </a><a name="hcmedicationrequest-HAS-5-2-Presc-ACTISKENAN"> </a><div style="display: inline-block; background-color: #d9e0e7; padding: 6px; margin: 4px; border: 1px solid #8da1b4; border-radius: 5px; line-height: 60%"><p style="margin-bottom: 0px"/><p style="margin-bottom: 0px">Profil: <a href="StructureDefinition-fr-medicationrequest.html">FR Medication Request</a></p></div><p><b>Extension Definition for MedicationRequest.renderedDosageInstruction for Version 5.0</b>: </p><div><p>dix milligrammes par jour pendant sept jours</p>
</div><p><b>status</b>: Active</p><p><b>intent</b>: Order</p><p><b>priority</b>: Routine</p><p><b>medication</b>: <span title="Codes:{http://data.esante.gouv.fr/ansm/medicament/UCD 3400892083926}">ACTISKENAN 10MG GELU</span></p><p><b>subject</b>: <a href="Patient/14602">Patient/14602</a></p><p><b>authoredOn</b>: 2025-07-23 10:33:00+0100</p><p><b>requester</b>: <a href="Practitioner/smart-Practitioner-71482713">Practitioner/smart-Practitioner-71482713</a></p><p><b>note</b>: </p><blockquote><div><p>Prescription textuelle: ACTISKENAN® 10 mg gélule : dix milligrammes par jour pendant sept jours</p>
</div></blockquote><blockquote><p><b>dosageInstruction</b></p><p><b>timing</b>: Once per 1 day</p><h3>DoseAndRates</h3><table class="grid"><tr><td style="display: none">-</td><td><b>Dose[x]</b></td></tr><tr><td style="display: none">*</td><td>10 mg<span style="background: LightGoldenRodYellow"> (Details: UCUM  codemg = 'mg')</span></td></tr></table></blockquote></div>
        </text>
        <extension url="http://hl7.org/fhir/5.0/StructureDefinition/extension-MedicationRequest.renderedDosageInstruction">
          <valueMarkdown value="dix milligrammes par jour pendant sept jours"/>
        </extension>
        <status value="active"/>
        <intent value="order"/>
        <priority value="routine"/>
        <medicationCodeableConcept>
          <coding>
            <system value="http://data.esante.gouv.fr/ansm/medicament/UCD"/>
            <code value="3400892083926"/>
            <display value="ACTISKENAN 10MG GELU"/>
          </coding>
        </medicationCodeableConcept>
        <subject>
          <reference value="Patient/14602"/>
        </subject>
        <authoredOn value="2025-07-23T10:33:00+01:00"/>
        <requester>
          <reference value="Practitioner/smart-Practitioner-71482713"/>
        </requester>
        <note>
          <text value="Prescription textuelle: ACTISKENAN® 10 mg gélule : dix milligrammes par jour pendant sept jours"/>
        </note>
        <dosageInstruction>
          <timing>
            <repeat>
              <boundsDuration>
                <value value="7"/>
                <unit value="jour"/>
                <system value="http://unitsofmeasure.org"/>
                <code value="d"/>
              </boundsDuration>
              <frequency value="1"/>
              <period value="1"/>
              <periodUnit value="d"/>
            </repeat>
          </timing>
          <doseAndRate>
            <doseQuantity>
              <value value="10"/>
              <unit value="mg"/>
              <system value="http://unitsofmeasure.org"/>
              <code value="mg"/>
            </doseQuantity>
          </doseAndRate>
        </dosageInstruction>
      </MedicationRequest>
    </resource>
  </entry>
</Bundle>