<?xml version="1.0" encoding="UTF-8"?><ValueSet xmlns="http://hl7.org/fhir"><id value="fr-treatment-intent"/><meta><profile value="http://hl7.org/fhir/StructureDefinition/shareablevalueset"/></meta><text><status value="generated"/><div xmlns="http://www.w3.org/1999/xhtml"><p class="res-header-id"><b>Generated Narrative: ValueSet fr-treatment-intent</b></p><a name="fr-treatment-intent"> </a><a name="hcfr-treatment-intent"> </a><a name="fr-treatment-intent-en-US"> </a><ul><li>Include codes from<a href="http://www.snomed.org/"><code>http://snomed.info/sct</code></a> where constraint  = &lt; 363675004 |Intents (nature of procedure values) (qualifier value)|</li></ul></div></text><url value="https://hl7.fr/fhir/fr/medication/ValueSet/fr-treatment-intent"/><version value="0.1.0"/><name value="FrTreatmentIntent"/><title value="French overall intention of the treatment"/><status value="draft"/><experimental value="false"/><date value="2024-12-23T15:06:22+00:00"/><publisher value="Interop'Santé"/><contact><name value="Interop'Santé"/><telecom><system value="url"/><value value="http://interopsante.org/"/></telecom></contact><description value="Le jeu de valeurs à utiliser pour coder l'élément *treatmentIntent* de la ressource *FrInpatientMedicationRequest*."/><immutable value="false"/><compose><include><system value="http://snomed.info/sct"/><filter><property value="constraint"/><op value="="/><value value="&lt; 363675004 |Intents (nature of procedure values) (qualifier value)|"/></filter></include></compose></ValueSet>