{
  "resourceType" : "Bundle",
  "id" : "Bundle-Exemple-01-34-01",
  "meta" : {
    "profile" : ["https://hl7.fr/fhir/fr/medication/StructureDefinition/fr-prescription-bundle-for-example"]
  },
  "type" : "searchset",
  "entry" : [{
    "resource" : {
      "resourceType" : "Medication",
      "id" : "med-01-34-01",
      "meta" : {
        "profile" : ["https://hl7.fr/fhir/fr/medication/StructureDefinition/fr-medication-noncompound"]
      },
      "text" : {
        "status" : "generated",
        "div" : "<div xmlns=\"http://www.w3.org/1999/xhtml\"><a name=\"Medication_med-01-34-01\"> </a><p class=\"res-header-id\"><b>Generated Narrative: Medication med-01-34-01</b></p><a name=\"med-01-34-01\"> </a><a name=\"hcmed-01-34-01\"> </a><a name=\"med-01-34-01-en-US\"> </a><p><b>code</b>: <span title=\"Codes:{http://data.esante.gouv.fr/ansm/medicament/UCD 3400892169026}\">DOLIPRANE 1 000 mg, cpr efferv</span></p></div>"
      },
      "code" : {
        "coding" : [{
          "system" : "http://data.esante.gouv.fr/ansm/medicament/UCD",
          "code" : "3400892169026",
          "display" : "DOLIPRANE 1000MG CPR EFFV"
        }],
        "text" : "DOLIPRANE 1 000 mg, cpr efferv"
      }
    }
  },
  {
    "resource" : {
      "resourceType" : "MedicationRequest",
      "meta" : {
        "profile" : ["https://hl7.fr/fhir/fr/medication/StructureDefinition/fr-inpatient-medicationrequest3"]
      },
      "text" : {
        "status" : "generated",
        "div" : "<div xmlns=\"http://www.w3.org/1999/xhtml\"><a name=\"MedicationRequest_null\"> </a><p class=\"res-header-id\"><b>Generated Narrative: MedicationRequest </b></p><p><b>identifier</b>: <code>https://somehospital.fr/PrescrptionLine-ID</code>/id1</p><p><b>status</b>: Active</p><p><b>intent</b>: Order</p><p><b>priority</b>: Routine</p><p><b>medication</b>: <code>#med-01-34-01</code></p><p><b>subject</b>: Identifier: <code>https://somehospital.fr/IPP</code>/123456</p><p><b>encounter</b>: Identifier: <code>https://somehospital.fr/Sejour</code>/234567</p><p><b>supportingInformation</b>: Identifier: <code>https://somehospital.fr/UF</code>/2571</p><p><b>authoredOn</b>: 2007-12-27 10:33:00+0100</p><p><b>requester</b>: Identifier: <code>https://somehospital.fr/EI</code>/345678</p><p><b>groupIdentifier</b>: <code>https://somehospital.fr/Prescrption-ID</code>/IdentifiantAttribuéPourLaTraductionEnFHIR</p><blockquote><p><b>dosageInstruction</b></p><p><b>timing</b>: Code , Once</p><p><b>route</b>: <span title=\"Codes:{http://standardterms.edqm.eu 20053000}\">Voie orale</span></p><h3>DoseAndRates</h3><table class=\"grid\"><tr><td style=\"display: none\">-</td><td><b>Dose[x]</b></td></tr><tr><td style=\"display: none\">*</td><td>1 Comprimé<span style=\"background: LightGoldenRodYellow\"> (Details: standardterms.edqm.eu  code10219000 = 'Tablet')</span></td></tr></table></blockquote></div>"
      },
      "identifier" : [{
        "system" : "https://somehospital.fr/PrescrptionLine-ID",
        "value" : "id1"
      }],
      "status" : "active",
      "intent" : "order",
      "priority" : "routine",
      "medicationReference" : {
        "reference" : "#med-01-34-01"
      },
      "subject" : {
        "identifier" : {
          "system" : "https://somehospital.fr/IPP",
          "value" : "123456"
        }
      },
      "encounter" : {
        "identifier" : {
          "system" : "https://somehospital.fr/Sejour",
          "value" : "234567"
        }
      },
      "supportingInformation" : [{
        "type" : "Organization",
        "identifier" : {
          "system" : "https://somehospital.fr/UF",
          "value" : "2571"
        }
      }],
      "authoredOn" : "2007-12-27T10:33:00+01:00",
      "requester" : {
        "identifier" : {
          "system" : "https://somehospital.fr/EI",
          "value" : "345678"
        }
      },
      "groupIdentifier" : {
        "system" : "https://somehospital.fr/Prescrption-ID",
        "value" : "IdentifiantAttribuéPourLaTraductionEnFHIR"
      },
      "dosageInstruction" : [{
        "timing" : {
          "repeat" : {
            "boundsPeriod" : {
              "start" : "2007-12-28T07:00:00+01:00",
              "end" : "2007-12-30T18:00:00+01:00"
            }
          },
          "code" : {
            "coding" : [{
              "system" : "https://CH-Biorel.fr/Frequence",
              "code" : "3",
              "display" : "Trois fois par jour"
            }]
          }
        },
        "route" : {
          "coding" : [{
            "system" : "http://standardterms.edqm.eu",
            "code" : "20053000",
            "display" : "Voie orale"
          }]
        },
        "doseAndRate" : [{
          "doseQuantity" : {
            "value" : 1,
            "unit" : "Comprimé",
            "system" : "http://standardterms.edqm.eu",
            "code" : "10219000"
          }
        }]
      }]
    }
  }]
}