{
  "resourceType" : "CodeSystem",
  "id" : "fr-medication-profile-list",
  "text" : {
    "status" : "generated",
    "div" : "<div xmlns=\"http://www.w3.org/1999/xhtml\"><p class=\"res-header-id\"><b>Generated Narrative: CodeSystem fr-medication-profile-list</b></p><a name=\"fr-medication-profile-list\"> </a><a name=\"hcfr-medication-profile-list\"> </a><a name=\"fr-medication-profile-list-en-US\"> </a><p>This  code system <code>https://hl7.fr/fhir/fr/medication/CodeSystem/fr-medication-profile-list</code> defines the following codes:</p><table class=\"codes\"><tr><td style=\"white-space:nowrap\"><b>Code</b></td><td><b>Display</b></td></tr><tr><td style=\"white-space:nowrap\">FrMedicationUcd<a name=\"fr-medication-profile-list-FrMedicationUcd\"> </a></td><td>French branded name Medication</td></tr><tr><td style=\"white-space:nowrap\">FrMedicationNonproprietaryName<a name=\"fr-medication-profile-list-FrMedicationNonproprietaryName\"> </a></td><td>French non proprietary name Medication</td></tr><tr><td style=\"white-space:nowrap\">FrMedicationCompound<a name=\"fr-medication-profile-list-FrMedicationCompound\"> </a></td><td>French compound Medication</td></tr></table></div>"
  },
  "url" : "https://hl7.fr/fhir/fr/medication/CodeSystem/fr-medication-profile-list",
  "version" : "0.1.0",
  "name" : "FrMedicationIGMedicationProfileList",
  "title" : "Liste des profils définis par l'IG Medication pour la ressource Medication",
  "status" : "draft",
  "experimental" : false,
  "date" : "2025-01-02T15:15:39+00:00",
  "publisher" : "Interop'Santé",
  "contact" : [{
    "name" : "Interop'Santé",
    "telecom" : [{
      "system" : "url",
      "value" : "http://interopsante.org/"
    }]
  }],
  "description" : "Liste des noms associés aux titres",
  "content" : "complete",
  "count" : 3,
  "concept" : [{
    "code" : "FrMedicationUcd",
    "display" : "French branded name Medication"
  },
  {
    "code" : "FrMedicationNonproprietaryName",
    "display" : "French non proprietary name Medication"
  },
  {
    "code" : "FrMedicationCompound",
    "display" : "French compound Medication"
  }]
}