{
  "resourceType" : "CodeSystem",
  "id" : "fr-medication-reconciliation-resolution",
  "meta" : {
    "profile" : ["http://hl7.org/fhir/StructureDefinition/shareablecodesystem"]
  },
  "text" : {
    "status" : "generated",
    "div" : "<div xmlns=\"http://www.w3.org/1999/xhtml\"><p class=\"res-header-id\"><b>Generated Narrative: CodeSystem fr-medication-reconciliation-resolution</b></p><a name=\"fr-medication-reconciliation-resolution\"> </a><a name=\"hcfr-medication-reconciliation-resolution\"> </a><a name=\"fr-medication-reconciliation-resolution-en-US\"> </a><p>This  code system <code>https://hl7.fr/fhir/fr/medication/CodeSystem/fr-medication-reconciliation-resolution</code> defines the following codes:</p><table class=\"codes\"><tr><td style=\"white-space:nowrap\"><b>Code</b></td><td><b>Display</b></td><td><b>Definition</b></td></tr><tr><td style=\"white-space:nowrap\">10000001<a name=\"fr-medication-reconciliation-resolution-10000001\"> </a></td><td>Dose corrigée</td><td>La dose initialement prescrite a été corrigée.</td></tr><tr><td style=\"white-space:nowrap\">10000002<a name=\"fr-medication-reconciliation-resolution-10000002\"> </a></td><td>Repris</td><td>La prescription interrompue a été reprise.</td></tr><tr><td style=\"white-space:nowrap\">10000003<a name=\"fr-medication-reconciliation-resolution-10000003\"> </a></td><td>Spécialité corrigée</td><td>Le choix de la spécialité prescrite a été corrigé.</td></tr><tr><td style=\"white-space:nowrap\">10000004<a name=\"fr-medication-reconciliation-resolution-10000004\"> </a></td><td>Forme corrigée</td><td>La forme galénique prescrite a été corrigée.</td></tr><tr><td style=\"white-space:nowrap\">10000005<a name=\"fr-medication-reconciliation-resolution-10000005\"> </a></td><td>Arrêt</td><td>La prescription a été arrêtée.</td></tr></table></div>"
  },
  "url" : "https://hl7.fr/fhir/fr/medication/CodeSystem/fr-medication-reconciliation-resolution",
  "version" : "0.1.0",
  "name" : "FrMedicationReconciliationResolution",
  "title" : "code system Interop'Santé - Résolution d'une divergence sur une ligne de traitement d'une FCT",
  "status" : "draft",
  "experimental" : false,
  "date" : "2025-01-02T08:36:24+00:00",
  "publisher" : "Interop'Santé",
  "contact" : [{
    "name" : "Interop'Santé",
    "telecom" : [{
      "system" : "url",
      "value" : "http://interopsante.org/"
    }]
  }],
  "description" : "Le système de codage de la résolution d'une divergence sur une ligne de traitement d'une FCT (Fiche de Conciliation des Traitements médicamenteux).",
  "content" : "complete",
  "count" : 5,
  "concept" : [{
    "code" : "10000001",
    "display" : "Dose corrigée",
    "definition" : "La dose initialement prescrite a été corrigée."
  },
  {
    "code" : "10000002",
    "display" : "Repris",
    "definition" : "La prescription interrompue a été reprise."
  },
  {
    "code" : "10000003",
    "display" : "Spécialité corrigée",
    "definition" : "Le choix de la spécialité prescrite a été corrigé."
  },
  {
    "code" : "10000004",
    "display" : "Forme corrigée",
    "definition" : "La forme galénique prescrite a été corrigée."
  },
  {
    "code" : "10000005",
    "display" : "Arrêt",
    "definition" : "La prescription a été arrêtée."
  }]
}