{
  "resourceType" : "CodeSystem",
  "id" : "fr-medication-history-source-type",
  "meta" : {
    "profile" : ["http://hl7.org/fhir/StructureDefinition/shareablecodesystem"]
  },
  "text" : {
    "status" : "generated",
    "div" : "<div xmlns=\"http://www.w3.org/1999/xhtml\"><p class=\"res-header-id\"><b>Generated Narrative: CodeSystem fr-medication-history-source-type</b></p><a name=\"fr-medication-history-source-type\"> </a><a name=\"hcfr-medication-history-source-type\"> </a><a name=\"fr-medication-history-source-type-en-US\"> </a><p>This  code system <code>https://hl7.fr/fhir/fr/medication/CodeSystem/fr-medication-history-source-type</code> defines the following codes:</p><table class=\"codes\"><tr><td style=\"white-space:nowrap\"><b>Code</b></td><td><b>Display</b></td></tr><tr><td style=\"white-space:nowrap\">10000001<a name=\"fr-medication-history-source-type-10000001\"> </a></td><td>Entretien avec le patient</td></tr><tr><td style=\"white-space:nowrap\">10000002<a name=\"fr-medication-history-source-type-10000002\"> </a></td><td>Entretien avec les proches</td></tr><tr><td style=\"white-space:nowrap\">10000003<a name=\"fr-medication-history-source-type-10000003\"> </a></td><td>Entretien avec le pharmacien d’officine</td></tr><tr><td style=\"white-space:nowrap\">10000004<a name=\"fr-medication-history-source-type-10000004\"> </a></td><td>Entretien avec le pharmacien hospitalier</td></tr><tr><td style=\"white-space:nowrap\">10000005<a name=\"fr-medication-history-source-type-10000005\"> </a></td><td>Entretien avec le médecin traitant</td></tr><tr><td style=\"white-space:nowrap\">10000006<a name=\"fr-medication-history-source-type-10000006\"> </a></td><td>Lettre du médecin traitant</td></tr><tr><td style=\"white-space:nowrap\">10000007<a name=\"fr-medication-history-source-type-10000007\"> </a></td><td>Le dossier médical partagé</td></tr><tr><td style=\"white-space:nowrap\">10000008<a name=\"fr-medication-history-source-type-10000008\"> </a></td><td>Lettres de liaison</td></tr><tr><td style=\"white-space:nowrap\">10000009<a name=\"fr-medication-history-source-type-10000009\"> </a></td><td>Dossier pharmaceutique</td></tr><tr><td style=\"white-space:nowrap\">10000010<a name=\"fr-medication-history-source-type-10000010\"> </a></td><td>Bilan de médication par le pharmacien d'officine</td></tr><tr><td style=\"white-space:nowrap\">10000011<a name=\"fr-medication-history-source-type-10000011\"> </a></td><td>Compte-rendu de télé expertise entre deux médecins généralistes pour un patient admis en EHPAD</td></tr><tr><td style=\"white-space:nowrap\">10000012<a name=\"fr-medication-history-source-type-10000012\"> </a></td><td>Médicaments apportés par le patient</td></tr><tr><td style=\"white-space:nowrap\">10000013<a name=\"fr-medication-history-source-type-10000013\"> </a></td><td>Ordonnances apportées par le patient</td></tr><tr><td style=\"white-space:nowrap\">10000014<a name=\"fr-medication-history-source-type-10000014\"> </a></td><td>Fiche de liaison de l’EHPAD</td></tr><tr><td style=\"white-space:nowrap\">10000015<a name=\"fr-medication-history-source-type-10000015\"> </a></td><td>Entretien ou lettre du médecin spécialiste</td></tr><tr><td style=\"white-space:nowrap\">10000016<a name=\"fr-medication-history-source-type-10000016\"> </a></td><td>Fiche de liaison avec le service de soins à domicile</td></tr><tr><td style=\"white-space:nowrap\">10000017<a name=\"fr-medication-history-source-type-10000017\"> </a></td><td>Dossier patient d’une précédente hospitalisation</td></tr><tr><td style=\"white-space:nowrap\">10000018<a name=\"fr-medication-history-source-type-10000018\"> </a></td><td>Volet de synthèse médicale</td></tr></table></div>"
  },
  "url" : "https://hl7.fr/fhir/fr/medication/CodeSystem/fr-medication-history-source-type",
  "version" : "0.1.0",
  "name" : "FrMedicationHistorySourceType",
  "title" : "code system Interop'Santé - Nature des sources d'un Bilan Médicamenteux",
  "status" : "draft",
  "experimental" : false,
  "date" : "2025-01-02T08:46:33+00:00",
  "publisher" : "Interop'Santé",
  "contact" : [{
    "name" : "Interop'Santé",
    "telecom" : [{
      "system" : "url",
      "value" : "http://interopsante.org/"
    }]
  }],
  "description" : "Le système de codage des sources d'un Bilan Médicamenteux.",
  "content" : "complete",
  "count" : 18,
  "concept" : [{
    "code" : "10000001",
    "display" : "Entretien avec le patient"
  },
  {
    "code" : "10000002",
    "display" : "Entretien avec les proches"
  },
  {
    "code" : "10000003",
    "display" : "Entretien avec le pharmacien d’officine"
  },
  {
    "code" : "10000004",
    "display" : "Entretien avec le pharmacien hospitalier"
  },
  {
    "code" : "10000005",
    "display" : "Entretien avec le médecin traitant"
  },
  {
    "code" : "10000006",
    "display" : "Lettre du médecin traitant"
  },
  {
    "code" : "10000007",
    "display" : "Le dossier médical partagé"
  },
  {
    "code" : "10000008",
    "display" : "Lettres de liaison"
  },
  {
    "code" : "10000009",
    "display" : "Dossier pharmaceutique"
  },
  {
    "code" : "10000010",
    "display" : "Bilan de médication par le pharmacien d'officine"
  },
  {
    "code" : "10000011",
    "display" : "Compte-rendu de télé expertise entre deux médecins généralistes pour un patient admis en EHPAD"
  },
  {
    "code" : "10000012",
    "display" : "Médicaments apportés par le patient"
  },
  {
    "code" : "10000013",
    "display" : "Ordonnances apportées par le patient"
  },
  {
    "code" : "10000014",
    "display" : "Fiche de liaison de l’EHPAD"
  },
  {
    "code" : "10000015",
    "display" : "Entretien ou lettre du médecin spécialiste"
  },
  {
    "code" : "10000016",
    "display" : "Fiche de liaison avec le service de soins à domicile"
  },
  {
    "code" : "10000017",
    "display" : "Dossier patient d’une précédente hospitalisation"
  },
  {
    "code" : "10000018",
    "display" : "Volet de synthèse médicale"
  }]
}