{
  "resourceType" : "ConceptMap",
  "id" : "PN13-FHIR-prescmed-practitioner-identite-conceptmap",
  "text" : {
    "status" : "generated",
    "div" : "<div xmlns=\"http://www.w3.org/1999/xhtml\"><p class=\"res-header-id\"><b>Generated Narrative: ConceptMap PN13-FHIR-prescmed-practitioner-identite-conceptmap</b></p><a name=\"PN13-FHIR-prescmed-practitioner-identite-conceptmap\"> </a><a name=\"hcPN13-FHIR-prescmed-practitioner-identite-conceptmap\"> </a><a name=\"PN13-FHIR-prescmed-practitioner-identite-conceptmap-en-US\"> </a><p>Mapping from https://interopsante.org/pn13/xsd to <a href=\"https://hl7.fr/ig/fhir/core/2.1.0/StructureDefinition-fr-core-practitioner.html\">FR Core Practitioner Profile</a></p><br/><p><b>Group 1 </b>Mapping from <code>unspecified code system</code> to <code>unspecified code system</code></p><table class=\"grid\"><tr><td><b>Source Code</b></td><td><b>Relationship</b></td><td><b>Target Code</b></td><td><b>Comment</b></td></tr><tr><td>Messages/M_prescription_médicaments/Prescription/Elément_prescr_médic/Identification_prescripteur/Identifiant</td><td><a href=\"http://hl7.org/fhir/extensions/5.1.0/CodeSystem-concept-map-equivalence.html#equal\" title=\"equal\">is equal to</a></td><td>Practitioner.identifier.value</td><td/></tr><tr><td>Messages/M_prescription_médicaments/Prescription/Elément_prescr_médic/Identification_prescripteur/Domaine_identification</td><td><a href=\"http://hl7.org/fhir/extensions/5.1.0/CodeSystem-concept-map-equivalence.html#equivalent\" title=\"equivalent\">is equivalent to</a></td><td>Practitioner.identifier.system</td><td>Le domaine d'identification PN13 doit être exprimé sous le format uri pour alimenter patient.identifer.system. Par exemple, les domaines d'identification sous forme d'OID doivent être préfixés par urn:oid:</td></tr></table><hr/><p><b>Group 2 </b>Mapping from <code>unspecified code system</code> to <code>unspecified code system</code></p><table class=\"grid\"><tr><td colspan=\"2\"><b>Source Concept Details</b></td><td><b>Relationship</b></td><td colspan=\"3\"><b>Target Concept Details</b></td><td><b>Comment</b></td><td colspan=\"3\"><b>Properties</b></td></tr><tr><td colspan=\"2\"><b>Codes</b> from </td><td/><td colspan=\"2\"><b>Codes</b> from </td><td><b>Practitioner.name.use</b></td><td/></tr><tr><td style=\"border-right-width: 0px\">Messages/M_prescription_médicaments/Prescription/Elément_prescr_médic/Identification_prescripteur/Nom_usage</td><td style=\"border-left-width: 0px\"></td><td><a href=\"http://hl7.org/fhir/extensions/5.1.0/CodeSystem-concept-map-equivalence.html#equal\" title=\"equal\">is equal to</a></td><td style=\"border-right-width: 0px\">Practitioner.name.family</td><td style=\"border-left-width: 0px\"></td><td>usual</td><td/></tr><tr><td style=\"border-right-width: 0px\">Messages/M_prescription_médicaments/Prescription/Elément_prescr_médic/Identification_prescripteur/Prénom_usage</td><td style=\"border-left-width: 0px\"></td><td><a href=\"http://hl7.org/fhir/extensions/5.1.0/CodeSystem-concept-map-equivalence.html#equal\" title=\"equal\">is equal to</a></td><td style=\"border-right-width: 0px\">Practitioner.name.given</td><td style=\"border-left-width: 0px\"></td><td/><td/></tr><tr><td style=\"border-right-width: 0px\">Messages/M_prescription_médicaments/Prescription/Elément_prescr_médic/Identification_prescripteur/Civilité</td><td style=\"border-left-width: 0px\"></td><td><a href=\"http://hl7.org/fhir/extensions/5.1.0/CodeSystem-concept-map-equivalence.html#equivalent\" title=\"equivalent\">is equivalent to</a></td><td style=\"border-right-width: 0px\">Practitioner.name.prefix</td><td style=\"border-left-width: 0px\"></td><td/><td>Les civilités sont libres dans PN13 alors qu'elles proviennent d'un jeu de valeurs extensible dans le profil FrCorePractitioner</td></tr><tr><td style=\"border-right-width: 0px\">Messages/M_prescription_médicaments/Prescription/Elément_prescr_médic/Identification_prescripteur/Titre</td><td style=\"border-left-width: 0px\"></td><td><a href=\"http://hl7.org/fhir/extensions/5.1.0/CodeSystem-concept-map-equivalence.html#equivalent\" title=\"equivalent\">is equivalent to</a></td><td style=\"border-right-width: 0px\">Practitioner.name.suffix</td><td style=\"border-left-width: 0px\"></td><td/><td>Les titres sont libres dans PN13 alors qu'ils proviennent d'un jeu de valeurs extensible dans le profil FrCorePractitioner</td></tr></table><hr/><p><b>Group 3 </b>Mapping from <code>unspecified code system</code> to <code>unspecified code system</code></p><table class=\"grid\"><tr><td colspan=\"2\"><b>Source Concept Details</b></td><td><b>Relationship</b></td><td colspan=\"3\"><b>Target Concept Details</b></td><td><b>Comment</b></td><td colspan=\"3\"><b>Properties</b></td></tr><tr><td colspan=\"2\"><b>Codes</b> from </td><td/><td colspan=\"2\"><b>Codes</b> from </td><td><b>Practitioner.name.use</b></td><td/></tr><tr><td style=\"border-right-width: 0px\">Messages/M_prescription_médicaments/Prescription/Elément_prescr_médic/Identification_prescripteur/Nom_famille</td><td style=\"border-left-width: 0px\"></td><td><a href=\"http://hl7.org/fhir/extensions/5.1.0/CodeSystem-concept-map-equivalence.html#equal\" title=\"equal\">is equal to</a></td><td style=\"border-right-width: 0px\">Practitioner.name.family</td><td style=\"border-left-width: 0px\"></td><td>official</td><td/></tr><tr><td style=\"border-right-width: 0px\">Messages/M_prescription_médicaments/Prescription/Elément_prescr_médic/Identification_prescripteur/Prénoms</td><td style=\"border-left-width: 0px\"></td><td><a href=\"http://hl7.org/fhir/extensions/5.1.0/CodeSystem-concept-map-equivalence.html#equivalent\" title=\"equivalent\">is equivalent to</a></td><td style=\"border-right-width: 0px\">Practitioner.name.given</td><td style=\"border-left-width: 0px\"></td><td/><td>L'élément PN13 contient une liste de prénoms difficile à parser pour en extraire les différents prénoms à mettre dans une répétition de given en FHIR</td></tr></table><hr/><p><b>Group 4 </b>Mapping from <code>unspecified code system</code> to <code>unspecified code system</code></p><table class=\"grid\"><tr><td><b>Source Code</b></td><td><b>Relationship</b></td><td><b>Target Code</b></td></tr><tr><td>Messages/M_prescription_médicaments/Prescription/Elément_prescr_médic/Identification_prescripteur/Initiales</td><td colspan=\"2\" style=\"background-color: #efefef\">(not mapped)</td></tr></table></div>"
  },
  "url" : "https://hl7.fr/fhir/fr/medication/ConceptMap/PN13-FHIR-prescmed-practitioner-identite-conceptmap",
  "version" : "0.1.0",
  "name" : "FrPN13FHIRMedicationPrescriptionPractitionerIdentiteConceptMap",
  "title" : "Conversion PN13 vers FHIR pour le professionnel prescripteur d'une prescription de médicaments avec d'autres éléments qu'uniquement l'identifiant",
  "status" : "draft",
  "date" : "2025-01-11T17:10:04+00:00",
  "publisher" : "Interop'Santé",
  "contact" : [{
    "name" : "Interop'Santé",
    "telecom" : [{
      "system" : "url",
      "value" : "http://interopsante.org/"
    }]
  }],
  "description" : "ConceptMap pour la conversion PN13 vers FHIR du professionnel prescripteur d'une prescritpion de médicament avec d'autres éléments qu'uniquement l'identifiant",
  "sourceUri" : "https://interopsante.org/pn13/xsd",
  "targetUri" : "https://hl7.fr/ig/fhir/core/StructureDefinition/fr-core-practitioner",
  "group" : [{
    "element" : [{
      "code" : "Messages/M_prescription_médicaments/Prescription/Elément_prescr_médic/Identification_prescripteur/Identifiant",
      "target" : [{
        "code" : "Practitioner.identifier.value",
        "equivalence" : "equal"
      }]
    },
    {
      "code" : "Messages/M_prescription_médicaments/Prescription/Elément_prescr_médic/Identification_prescripteur/Domaine_identification",
      "target" : [{
        "code" : "Practitioner.identifier.system",
        "equivalence" : "equivalent",
        "comment" : "Le domaine d'identification PN13 doit être exprimé sous le format uri pour alimenter patient.identifer.system. Par exemple, les domaines d'identification sous forme d'OID doivent être préfixés par urn:oid:"
      }]
    }]
  },
  {
    "element" : [{
      "code" : "Messages/M_prescription_médicaments/Prescription/Elément_prescr_médic/Identification_prescripteur/Nom_usage",
      "target" : [{
        "code" : "Practitioner.name.family",
        "equivalence" : "equal",
        "product" : [{
          "property" : "Practitioner.name.use",
          "value" : "usual"
        }]
      }]
    },
    {
      "code" : "Messages/M_prescription_médicaments/Prescription/Elément_prescr_médic/Identification_prescripteur/Prénom_usage",
      "target" : [{
        "code" : "Practitioner.name.given",
        "equivalence" : "equal"
      }]
    },
    {
      "code" : "Messages/M_prescription_médicaments/Prescription/Elément_prescr_médic/Identification_prescripteur/Civilité",
      "target" : [{
        "code" : "Practitioner.name.prefix",
        "equivalence" : "equivalent",
        "comment" : "Les civilités sont libres dans PN13 alors qu'elles proviennent d'un jeu de valeurs extensible dans le profil FrCorePractitioner"
      }]
    },
    {
      "code" : "Messages/M_prescription_médicaments/Prescription/Elément_prescr_médic/Identification_prescripteur/Titre",
      "target" : [{
        "code" : "Practitioner.name.suffix",
        "equivalence" : "equivalent",
        "comment" : "Les titres sont libres dans PN13 alors qu'ils proviennent d'un jeu de valeurs extensible dans le profil FrCorePractitioner"
      }]
    }]
  },
  {
    "element" : [{
      "code" : "Messages/M_prescription_médicaments/Prescription/Elément_prescr_médic/Identification_prescripteur/Nom_famille",
      "target" : [{
        "code" : "Practitioner.name.family",
        "equivalence" : "equal",
        "product" : [{
          "property" : "Practitioner.name.use",
          "value" : "official"
        }]
      }]
    },
    {
      "code" : "Messages/M_prescription_médicaments/Prescription/Elément_prescr_médic/Identification_prescripteur/Prénoms",
      "target" : [{
        "code" : "Practitioner.name.given",
        "equivalence" : "equivalent",
        "comment" : "L'élément PN13 contient une liste de prénoms difficile à parser pour en extraire les différents prénoms à mettre dans une répétition de given en FHIR"
      }]
    }]
  },
  {
    "element" : [{
      "code" : "Messages/M_prescription_médicaments/Prescription/Elément_prescr_médic/Identification_prescripteur/Initiales",
      "target" : [{
        "equivalence" : "unmatched"
      }]
    }]
  }]
}