{
  "resourceType" : "ConceptMap",
  "id" : "PN13-FHIR-prescmed-dosageinstruction-conceptmap",
  "text" : {
    "status" : "generated",
    "div" : "<div xmlns=\"http://www.w3.org/1999/xhtml\"><p class=\"res-header-id\"><b>Generated Narrative: ConceptMap PN13-FHIR-prescmed-dosageinstruction-conceptmap</b></p><a name=\"PN13-FHIR-prescmed-dosageinstruction-conceptmap\"> </a><a name=\"hcPN13-FHIR-prescmed-dosageinstruction-conceptmap\"> </a><a name=\"PN13-FHIR-prescmed-dosageinstruction-conceptmap-en-US\"> </a><p>Mapping from https://interopsante.org/pn13/xsd/M_prescription_medicaments/Prescription/Element_prescr_medic/Element_posologie to https://hl7.org/fhir/R4/dosage</p><br/><p><b>Group 1 </b>Mapping from <code>unspecified code system</code> to <code>unspecified code system</code></p><table class=\"grid\"><tr><td colspan=\"4\"><b>Source Concept Details</b></td><td><b>Relationship</b></td><td colspan=\"4\"><b>Target Concept Details</b></td><td><b>Comment</b></td><td colspan=\"4\"><b>Properties</b></td></tr><tr><td colspan=\"2\"><b>Codes</b> from </td><td><b>Fréquence</b></td><td><b>Fréquence_structurée</b></td><td/><td colspan=\"2\"><b>Codes</b> from </td><td><b>Dosage.timing.repeat.period</b></td><td><b>Dosage.timing.repeat.periodUnit</b></td><td/></tr><tr><td style=\"border-right-width: 0px\">Elément_posologie</td><td style=\"border-left-width: 0px\"></td><td>&lt;Null&gt;</td><td>&lt;Null&gt;</td><td><a href=\"http://hl7.org/fhir/extensions/5.1.0/CodeSystem-concept-map-equivalence.html#relatedto\" title=\"relatedto\">is related to</a></td><td style=\"border-right-width: 0px\">Dosage.timing</td><td style=\"border-left-width: 0px\"></td><td>1</td><td>d</td><td>en l'absence de Fréquence et Fréquence_structurée la fréquence par défaut est d'une fois par jour</td></tr></table><hr/><p><b>Group 2 </b>Mapping from <code>unspecified code system</code> to <code>unspecified code system</code></p><table class=\"grid\"><tr><td colspan=\"2\"><b>Source Concept Details</b></td><td><b>Relationship</b></td><td colspan=\"2\"><b>Target Concept Details</b></td><td><b>Comment</b></td><td colspan=\"2\"><b>Properties</b></td></tr><tr><td colspan=\"2\"><b>Codes</b> from </td><td/><td colspan=\"2\"><b>Codes</b> from </td><td/></tr><tr><td style=\"border-right-width: 0px; border-bottom-style: none\">Elément_posologie/Fréquence</td><td style=\"border-left-width: 0px; border-bottom-style: none\"></td><td><a href=\"http://hl7.org/fhir/extensions/5.1.0/CodeSystem-concept-map-equivalence.html#relatedto\" title=\"relatedto\">is related to</a></td><td style=\"border-right-width: 0px\">Dosage.timing.frequency</td><td style=\"border-left-width: 0px\"></td><td>la terminologie locale utilisée dans le message PN13 est à traduire entre timing.frequency, timing.period et timing.periodUnit</td></tr><tr><td style=\"border-right-width: 0px; border-top-style: none; border-bottom-style: none\"/><td style=\"border-left-width: 0px; border-top-style: none; border-bottom-style: none\"/><td><a href=\"http://hl7.org/fhir/extensions/5.1.0/CodeSystem-concept-map-equivalence.html#relatedto\" title=\"relatedto\">is related to</a></td><td style=\"border-right-width: 0px\">Dosage.timing.period</td><td style=\"border-left-width: 0px\"></td><td>la terminologie locale utilisée dans le message PN13 est à traduire entre timing.frequency, timing.period et timing.periodUnit</td></tr><tr><td style=\"border-right-width: 0px; border-top-style: none\"/><td style=\"border-top-style: none; border-left-width: 0px\"/><td><a href=\"http://hl7.org/fhir/extensions/5.1.0/CodeSystem-concept-map-equivalence.html#relatedto\" title=\"relatedto\">is related to</a></td><td style=\"border-right-width: 0px\">Dosage.timing.periodUnit</td><td style=\"border-left-width: 0px\"></td><td>la terminologie locale utilisée dans le message PN13 est à traduire entre timing.frequency, timing.period et timing.periodUnit</td></tr></table><hr/><p><b>Group 3 </b>Mapping from <code>unspecified code system</code> to <code>unspecified code system</code></p><table class=\"grid\"><tr><td colspan=\"3\"><b>Source Concept Details</b></td><td><b>Relationship</b></td><td colspan=\"3\"><b>Target Concept Details</b></td><td colspan=\"3\"><b>Properties</b></td></tr><tr><td colspan=\"2\"><b>Codes</b> from </td><td><b>Frq_échelle</b></td><td/><td colspan=\"2\"><b>Codes</b> from </td><td><b>Dosage.timing.repeat.periodUnit</b></td></tr><tr><td style=\"border-right-width: 0px\">Elément_posologie/Fréquence_structurée/Frq_échelle</td><td style=\"border-left-width: 0px\"></td><td>1</td><td><a href=\"http://hl7.org/fhir/extensions/5.1.0/CodeSystem-concept-map-equivalence.html#equivalent\" title=\"equivalent\">is equivalent to</a></td><td style=\"border-right-width: 0px\">Dosage.timing.repeat.periodUnit</td><td style=\"border-left-width: 0px\"></td><td>s</td></tr><tr><td style=\"border-right-width: 0px\"/><td style=\"border-left-width: 0px\"></td><td>2</td><td><a href=\"http://hl7.org/fhir/extensions/5.1.0/CodeSystem-concept-map-equivalence.html#equivalent\" title=\"equivalent\">is equivalent to</a></td><td style=\"border-right-width: 0px\">Dosage.timing.repeat.periodUnit</td><td style=\"border-left-width: 0px\"></td><td>min</td></tr><tr><td style=\"border-right-width: 0px\"/><td style=\"border-left-width: 0px\"></td><td>3</td><td><a href=\"http://hl7.org/fhir/extensions/5.1.0/CodeSystem-concept-map-equivalence.html#equivalent\" title=\"equivalent\">is equivalent to</a></td><td style=\"border-right-width: 0px\">Dosage.timing.repeat.periodUnit</td><td style=\"border-left-width: 0px\"></td><td>h</td></tr><tr><td style=\"border-right-width: 0px\"/><td style=\"border-left-width: 0px\"></td><td>4</td><td><a href=\"http://hl7.org/fhir/extensions/5.1.0/CodeSystem-concept-map-equivalence.html#equivalent\" title=\"equivalent\">is equivalent to</a></td><td style=\"border-right-width: 0px\">Dosage.timing.repeat.periodUnit</td><td style=\"border-left-width: 0px\"></td><td>d</td></tr><tr><td style=\"border-right-width: 0px\"/><td style=\"border-left-width: 0px\"></td><td>5</td><td><a href=\"http://hl7.org/fhir/extensions/5.1.0/CodeSystem-concept-map-equivalence.html#equivalent\" title=\"equivalent\">is equivalent to</a></td><td style=\"border-right-width: 0px\">Dosage.timing.repeat.periodUnit</td><td style=\"border-left-width: 0px\"></td><td>wk</td></tr><tr><td style=\"border-right-width: 0px\"/><td style=\"border-left-width: 0px\"></td><td>6</td><td><a href=\"http://hl7.org/fhir/extensions/5.1.0/CodeSystem-concept-map-equivalence.html#equivalent\" title=\"equivalent\">is equivalent to</a></td><td style=\"border-right-width: 0px\">Dosage.timing.repeat.periodUnit</td><td style=\"border-left-width: 0px\"></td><td>mo</td></tr><tr><td style=\"border-right-width: 0px\"/><td style=\"border-left-width: 0px\"></td><td>7</td><td><a href=\"http://hl7.org/fhir/extensions/5.1.0/CodeSystem-concept-map-equivalence.html#equivalent\" title=\"equivalent\">is equivalent to</a></td><td style=\"border-right-width: 0px\">Dosage.timing.repeat.periodUnit</td><td style=\"border-left-width: 0px\"></td><td>a</td></tr></table><hr/><p><b>Group 4 </b>Mapping from <code>unspecified code system</code> to <code>unspecified code system</code></p><table class=\"grid\"><tr><td colspan=\"4\"><b>Source Concept Details</b></td><td><b>Relationship</b></td><td colspan=\"3\"><b>Target Concept Details</b></td><td colspan=\"3\"><b>Properties</b></td></tr><tr><td colspan=\"2\"><b>Codes</b> from </td><td><b>Frq_durée</b></td><td><b>Frq_filtre</b></td><td/><td colspan=\"2\"><b>Codes</b> from </td><td><b>Dosage.timing.repeat.period</b></td></tr><tr><td style=\"border-right-width: 0px; border-bottom-style: none\">Elément_posologie/Fréquence_structurée/Frq_durée</td><td style=\"border-left-width: 0px; border-bottom-style: none\"></td><td>&lt;Null&gt;</td><td>&lt;Null&gt;</td><td><a href=\"http://hl7.org/fhir/extensions/5.1.0/CodeSystem-concept-map-equivalence.html#equivalent\" title=\"equivalent\">is equivalent to</a></td><td style=\"border-right-width: 0px\">Dosage.timing.repeat.period</td><td style=\"border-left-width: 0px\"></td><td>1</td></tr><tr><td style=\"border-right-width: 0px; border-top-style: none\"/><td style=\"border-top-style: none; border-left-width: 0px\"/><td/><td/><td><a href=\"http://hl7.org/fhir/extensions/5.1.0/CodeSystem-concept-map-equivalence.html#equal\" title=\"equal\">is equal to</a></td><td style=\"border-right-width: 0px\">Dosage.timing.repeat.period</td><td style=\"border-left-width: 0px\"></td><td/></tr></table><hr/><p><b>Group 5 </b>Mapping from <code>unspecified code system</code> to <code>unspecified code system</code></p><table class=\"grid\"><tr><td colspan=\"3\"><b>Source Concept Details</b></td><td><b>Relationship</b></td><td colspan=\"3\"><b>Target Concept Details</b></td><td><b>Comment</b></td><td colspan=\"3\"><b>Properties</b></td></tr><tr><td colspan=\"2\"><b>Codes</b> from </td><td><b>Frq_filtreVal_1_J</b></td><td/><td colspan=\"2\"><b>Codes</b> from </td><td><b>Dosage.timing.repeat.dayOfWeek</b></td><td/></tr><tr><td style=\"border-right-width: 0px\">Elément_posologie/Fréquence_structurée/Frq_filtre/Frq_filtreVal_1_J</td><td style=\"border-left-width: 0px\"></td><td>1</td><td><a href=\"http://hl7.org/fhir/extensions/5.1.0/CodeSystem-concept-map-equivalence.html#equivalent\" title=\"equivalent\">is equivalent to</a></td><td style=\"border-right-width: 0px\">Dosage.timing.repeat.dayOfWeek</td><td style=\"border-left-width: 0px\"></td><td>mon</td><td>Si présence d'élémént(s) Frq_filtreVal_1_N, chaque Frq_filtreVal_1_N donne lieu à une occurrence de dosageInstruction reprenant dans les éléments et indiquant dans timing.repeat.boundsPeriod la semaine concernée</td></tr><tr><td style=\"border-right-width: 0px\">Elément_posologie/Fréquence_structurée/Frq_filtre/Frq_filtreVal_1_J</td><td style=\"border-left-width: 0px\"></td><td>2</td><td><a href=\"http://hl7.org/fhir/extensions/5.1.0/CodeSystem-concept-map-equivalence.html#equivalent\" title=\"equivalent\">is equivalent to</a></td><td style=\"border-right-width: 0px\">Dosage.timing.repeat.dayOfWeek</td><td style=\"border-left-width: 0px\"></td><td>tue</td><td>Si présence d'élémént(s) Frq_filtreVal_1_N, chaque Frq_filtreVal_1_N donne lieu à une occurrence de dosageInstruction reprenant dans les éléments et indiquant dans timing.repeat.boundsPeriod la semaine concernée</td></tr><tr><td style=\"border-right-width: 0px\">Elément_posologie/Fréquence_structurée/Frq_filtre/Frq_filtreVal_1_J</td><td style=\"border-left-width: 0px\"></td><td>3</td><td><a href=\"http://hl7.org/fhir/extensions/5.1.0/CodeSystem-concept-map-equivalence.html#equivalent\" title=\"equivalent\">is equivalent to</a></td><td style=\"border-right-width: 0px\">Dosage.timing.repeat.dayOfWeek</td><td style=\"border-left-width: 0px\"></td><td>wed</td><td>Si présence d'élémént(s) Frq_filtreVal_1_N, chaque Frq_filtreVal_1_N donne lieu à une occurrence de dosageInstruction reprenant dans les éléments et indiquant dans timing.repeat.boundsPeriod la semaine concernée</td></tr><tr><td style=\"border-right-width: 0px\">Elément_posologie/Fréquence_structurée/Frq_filtre/Frq_filtreVal_1_J</td><td style=\"border-left-width: 0px\"></td><td>4</td><td><a href=\"http://hl7.org/fhir/extensions/5.1.0/CodeSystem-concept-map-equivalence.html#equivalent\" title=\"equivalent\">is equivalent to</a></td><td style=\"border-right-width: 0px\">Dosage.timing.repeat.dayOfWeek</td><td style=\"border-left-width: 0px\"></td><td>thu</td><td>Si présence d'élémént(s) Frq_filtreVal_1_N, chaque Frq_filtreVal_1_N donne lieu à une occurrence de dosageInstruction reprenant dans les éléments et indiquant dans timing.repeat.boundsPeriod la semaine concernée</td></tr><tr><td style=\"border-right-width: 0px\">Elément_posologie/Fréquence_structurée/Frq_filtre/Frq_filtreVal_1_J</td><td style=\"border-left-width: 0px\"></td><td>5</td><td><a href=\"http://hl7.org/fhir/extensions/5.1.0/CodeSystem-concept-map-equivalence.html#equivalent\" title=\"equivalent\">is equivalent to</a></td><td style=\"border-right-width: 0px\">Dosage.timing.repeat.dayOfWeek</td><td style=\"border-left-width: 0px\"></td><td>fri</td><td>Si présence d'élémént(s) Frq_filtreVal_1_N, chaque Frq_filtreVal_1_N donne lieu à une occurrence de dosageInstruction reprenant dans les éléments et indiquant dans timing.repeat.boundsPeriod la semaine concernée</td></tr><tr><td style=\"border-right-width: 0px\">Elément_posologie/Fréquence_structurée/Frq_filtre/Frq_filtreVal_1_J</td><td style=\"border-left-width: 0px\"></td><td>6</td><td><a href=\"http://hl7.org/fhir/extensions/5.1.0/CodeSystem-concept-map-equivalence.html#equivalent\" title=\"equivalent\">is equivalent to</a></td><td style=\"border-right-width: 0px\">Dosage.timing.repeat.dayOfWeek</td><td style=\"border-left-width: 0px\"></td><td>sat</td><td>Si présence d'élémént(s) Frq_filtreVal_1_N, chaque Frq_filtreVal_1_N donne lieu à une occurrence de dosageInstruction reprenant dans les éléments et indiquant dans timing.repeat.boundsPeriod la semaine concernée</td></tr><tr><td style=\"border-right-width: 0px\">Elément_posologie/Fréquence_structurée/Frq_filtre/Frq_filtreVal_1_J</td><td style=\"border-left-width: 0px\"></td><td>7</td><td><a href=\"http://hl7.org/fhir/extensions/5.1.0/CodeSystem-concept-map-equivalence.html#equivalent\" title=\"equivalent\">is equivalent to</a></td><td style=\"border-right-width: 0px\">Dosage.timing.repeat.dayOfWeek</td><td style=\"border-left-width: 0px\"></td><td>sun</td><td>Si présence d'élémént(s) Frq_filtreVal_1_N, chaque Frq_filtreVal_1_N donne lieu à une occurrence de dosageInstruction reprenant dans les éléments et indiquant dans timing.repeat.boundsPeriod la semaine concernée</td></tr></table><hr/><p><b>Group 6 </b>Mapping from <code>unspecified code system</code> to <code>unspecified code system</code></p><table class=\"grid\"><tr><td><b>Source Code</b></td><td><b>Relationship</b></td><td><b>Target Code</b></td><td><b>Comment</b></td></tr><tr><td>Elément_posologie/Fréquence_structurée/Frq_filtre/Frq_filtreVal_1_N</td><td><a href=\"http://hl7.org/fhir/extensions/5.1.0/CodeSystem-concept-map-equivalence.html#inexact\" title=\"inexact\">maps loosely to</a></td><td>Dosage.timing.repeat</td><td>Frq_filtreVal_1_N indique l'index du jour sur la période indiquée par &lt;Frq_échelle&gt;. Chaque Frq_filtreVal_1_N fait l'objet d'une nouvelle répétition de MedicationRequest.dosageInstruction. Cf. page transformation PN13 vers FHIR</td></tr></table><hr/><p><b>Group 7 </b>Mapping from <code>unspecified code system</code> to <code>unspecified code system</code></p><table class=\"grid\"><tr><td><b>Source Code</b></td><td><b>Relationship</b></td><td><b>Target Code</b></td><td><b>Comment</b></td></tr><tr><td>Elément_posologie/Fréquence_structurée/Frq_filtre/Frq_filtreVal_2</td><td><a href=\"http://hl7.org/fhir/extensions/5.1.0/CodeSystem-concept-map-equivalence.html#inexact\" title=\"inexact\">maps loosely to</a></td><td>Dosage.timing.repeat</td><td>Frq_filtreVal_2 indique le nombre du jour du mois. Chaque Frq_filtreVal_2 fait l'objet d'une nouvelle répétition de MedicationRequest.dosageInstruction. Cf. page transformation PN13 vers FHIR</td></tr></table><hr/><p><b>Group 8 </b>Mapping from <code>unspecified code system</code> to <code>unspecified code system</code></p><table class=\"grid\"><tr><td><b>Source Code</b></td><td><b>Relationship</b></td><td><b>Target Code</b></td><td><b>Comment</b></td></tr><tr><td>Elément_posologie/Fréquence_structurée/Frq_filtre/Frq_filtreVal_3</td><td><a href=\"http://hl7.org/fhir/extensions/5.1.0/CodeSystem-concept-map-equivalence.html#inexact\" title=\"inexact\">maps loosely to</a></td><td>Dosage.timing.repeat</td><td>Frq_filtreVal_3 indique le nombre du jour de l'année. Chaque Frq_filtreVal_3 fait l'objet d'une nouvelle répétition de MedicationRequest.dosageInstruction. Cf. page transformation PN13 vers FHIR</td></tr></table><hr/><p><b>Group 9 </b>Mapping from <code>unspecified code system</code> to <code>unspecified code system</code></p><table class=\"grid\"><tr><td><b>Source Code</b></td><td><b>Relationship</b></td><td><b>Target Code</b></td><td><b>Comment</b></td></tr><tr><td>Elément_posologie/Fréquence_structurée/Frq_filtre/Frq_filtreVal_4</td><td><a href=\"http://hl7.org/fhir/extensions/5.1.0/CodeSystem-concept-map-equivalence.html#inexact\" title=\"inexact\">maps loosely to</a></td><td>Dosage.timing.repeat</td><td>Frq_filtreVal_4 indique le nombre de la semaine. Chaque Frq_filtreVal_4 fait l'objet d'une nouvelle répétition de MedicationRequest.dosageInstruction. Cf. page transformation PN13 vers FHIR</td></tr></table><hr/><p><b>Group 10 </b>Mapping from <code>unspecified code system</code> to <code>unspecified code system</code></p><table class=\"grid\"><tr><td><b>Source Code</b></td><td><b>Relationship</b></td><td><b>Target Code</b></td><td><b>Comment</b></td></tr><tr><td>Elément_posologie/Fréquence_structurée/Frq_filtre/Frq_filtreVal_5</td><td><a href=\"http://hl7.org/fhir/extensions/5.1.0/CodeSystem-concept-map-equivalence.html#inexact\" title=\"inexact\">maps loosely to</a></td><td>Dosage.timing.repeat</td><td>Frq_filtreVal_5 indique le nombre du mois. Chaque Frq_filtreVal_5 fait l'objet d'une nouvelle répétition de MedicationRequest.dosageInstruction. Cf. page transformation PN13 vers FHIR</td></tr></table><hr/><p><b>Group 11 </b>Mapping from <code>unspecified code system</code> to <code>unspecified code system</code></p><table class=\"grid\"><tr><td><b>Source Code</b></td><td><b>Relationship</b></td><td><b>Target Code</b></td><td><b>Comment</b></td></tr><tr><td>Elément_posologie/Fréquence_structurée/Frq_filtre/Frq_filtreVal_6</td><td><a href=\"http://hl7.org/fhir/extensions/5.1.0/CodeSystem-concept-map-equivalence.html#inexact\" title=\"inexact\">maps loosely to</a></td><td>Dosage.timing.repeat</td><td>Frq_filtreVal_6 indique le rang de l’occurrence, inférieur ou égal au nombre d’occurrences définies par les autres clauses de filtrage. Chaque Frq_filtreVal_6 combiné avec les autre Frq_filtreVal_X fait l'objet d'une nouvelle répétition de MedicationRequest.dosageInstruction. Cf. page transformation PN13 vers FHIR</td></tr></table><hr/><p><b>Group 12 </b>Mapping from <code>unspecified code system</code> to <code>unspecified code system</code></p><table class=\"grid\"><tr><td colspan=\"4\"><b>Source Concept Details</b></td><td><b>Relationship</b></td><td colspan=\"3\"><b>Target Concept Details</b></td><td colspan=\"3\"><b>Properties</b></td></tr><tr><td colspan=\"2\"><b>Codes</b> from </td><td><b>Frq_multiplicité</b></td><td><b>Frq_filtre</b></td><td/><td colspan=\"2\"><b>Codes</b> from </td><td><b>Dosage.timing.repeat.frequency</b></td></tr><tr><td style=\"border-right-width: 0px; border-bottom-style: none\">Elément_posologie/Fréquence_structurée/Frq_multiplicité</td><td style=\"border-left-width: 0px; border-bottom-style: none\"></td><td>&lt;Null&gt;</td><td>&lt;Null&gt;</td><td><a href=\"http://hl7.org/fhir/extensions/5.1.0/CodeSystem-concept-map-equivalence.html#equivalent\" title=\"equivalent\">is equivalent to</a></td><td style=\"border-right-width: 0px\">Dosage.timing.repeat.frequency</td><td style=\"border-left-width: 0px\"></td><td>1</td></tr><tr><td style=\"border-right-width: 0px; border-top-style: none\"/><td style=\"border-top-style: none; border-left-width: 0px\"/><td/><td/><td><a href=\"http://hl7.org/fhir/extensions/5.1.0/CodeSystem-concept-map-equivalence.html#equal\" title=\"equal\">is equal to</a></td><td style=\"border-right-width: 0px\">Dosage.timing.repeat.frequency</td><td style=\"border-left-width: 0px\"></td><td/></tr></table><hr/><p><b>Group 13 </b>Mapping from <code>unspecified code system</code> to <code>unspecified code system</code></p><table class=\"grid\"><tr><td><b>Source Code</b></td><td><b>Relationship</b></td><td><b>Target Code</b></td><td><b>Comment</b></td></tr><tr><td>Elément_posologie/Fréquence_structurée/Frq_libellé</td><td><a href=\"http://hl7.org/fhir/extensions/5.1.0/CodeSystem-concept-map-equivalence.html#wider\" title=\"wider\">maps to wider concept</a></td><td>Dosage.text</td><td>Frq_Libellé est une partie de MedicationRequest.dosageInstruction.text. Cf. page transformation PN13 vers FHIR</td></tr></table><hr/><p><b>Group 14 </b>Mapping from <code>unspecified code system</code> to <code>unspecified code system</code></p><table class=\"grid\"><tr><td colspan=\"3\"><b>Source Concept Details</b></td><td><b>Relationship</b></td><td colspan=\"2\"><b>Target Concept Details</b></td><td><b>Comment</b></td><td colspan=\"2\"><b>Properties</b></td></tr><tr><td colspan=\"2\"><b>Codes</b> from </td><td><b>Type_événement_début</b></td><td/><td colspan=\"2\"><b>Codes</b> from </td><td/></tr><tr><td style=\"border-right-width: 0px\">Elément_posologie/Int_temps_év_début</td><td style=\"border-left-width: 0px\"></td><td>1</td><td><a href=\"http://hl7.org/fhir/extensions/5.1.0/CodeSystem-concept-map-equivalence.html#equivalent\" title=\"equivalent\">is equivalent to</a></td><td style=\"border-right-width: 0px\">Dosage.timing.repeat.timeOfDay</td><td style=\"border-left-width: 0px\"></td><td>Valable uniquement pour les versions de PN13 antérieures à la v3.3. timeOfDay est à calculer à partir de Int_temps_év_début/Nombre et Int_temps_év_début/Unité pour traduire la période en heure du jour à partir de l'heure zéro</td></tr></table><hr/><p><b>Group 15 </b>Mapping from <code>unspecified code system</code> to <code>unspecified code system</code></p><table class=\"grid\"><tr><td><b>Source Code</b></td><td><b>Relationship</b></td><td><b>Target Code</b></td><td><b>Comment</b></td></tr><tr><td>Elément_posologie/Evénement_début</td><td><a href=\"http://hl7.org/fhir/extensions/5.1.0/CodeSystem-concept-map-equivalence.html#inexact\" title=\"inexact\">maps loosely to</a></td><td>Dosage.timing</td><td>Valable uniquement pour les versions de PN13 antérieures à la v3.3. La valeur de Evénement_début est liée à une terminologie locale, le mapping est à faire au cas par cas en fonction de la nomenclature locale</td></tr></table><hr/><p><b>Group 16 </b>Mapping from <code>unspecified code system</code> to <code>unspecified code system</code></p><table class=\"grid\"><tr><td colspan=\"4\"><b>Source Concept Details</b></td><td><b>Relationship</b></td><td colspan=\"3\"><b>Target Concept Details</b></td><td><b>Comment</b></td><td colspan=\"3\"><b>Properties</b></td></tr><tr><td colspan=\"2\"><b>Codes</b> from </td><td><b>Evt_activité_code</b></td><td><b>Evt_opérateur</b></td><td/><td colspan=\"2\"><b>Codes</b> from </td><td><b>Dosage.timing.repeat.when</b></td><td/></tr><tr><td style=\"border-right-width: 0px\">Elément_posologie/Evt_structuré_début/Evénement_structuré/Evt_objet/Evt_activité/Evt_activité_code</td><td style=\"border-left-width: 0px\"></td><td>1</td><td>3</td><td><a href=\"http://hl7.org/fhir/extensions/5.1.0/CodeSystem-concept-map-equivalence.html#equivalent\" title=\"equivalent\">is equivalent to</a></td><td style=\"border-right-width: 0px\">Dosage.timing.repeat.when</td><td style=\"border-left-width: 0px\"></td><td>AC</td><td/></tr><tr><td style=\"border-right-width: 0px\">Elément_posologie/Int_temps_év_début</td><td style=\"border-left-width: 0px\"></td><td/><td/><td><a href=\"http://hl7.org/fhir/extensions/5.1.0/CodeSystem-concept-map-equivalence.html#equivalent\" title=\"equivalent\">is equivalent to</a></td><td style=\"border-right-width: 0px\">Dosage.timing.repeat.offset</td><td style=\"border-left-width: 0px\"></td><td/><td>offset est à calculer à partir de Int_temps_év_début/Nombre et Int_temps_év_début/Unité pour avoir un offset en minute</td></tr></table><hr/><p><b>Group 17 </b>Mapping from <code>unspecified code system</code> to <code>unspecified code system</code></p><table class=\"grid\"><tr><td colspan=\"4\"><b>Source Concept Details</b></td><td><b>Relationship</b></td><td colspan=\"4\"><b>Target Concept Details</b></td><td colspan=\"4\"><b>Properties</b></td></tr><tr><td colspan=\"2\"><b>Codes</b> from </td><td><b>Evt_activité_code</b></td><td><b>Evt_opérateur</b></td><td/><td colspan=\"2\"><b>Codes</b> from </td><td><b>Dosage.timing.repeat.offset</b></td><td><b>Dosage.timing.repeat.when</b></td></tr><tr><td style=\"border-right-width: 0px\">Elément_posologie/Evt_structuré_début/Evénement_structuré/Evt_objet/Evt_activité/Evt_activité_code</td><td style=\"border-left-width: 0px\"></td><td>1</td><td>4</td><td><a href=\"http://hl7.org/fhir/extensions/5.1.0/CodeSystem-concept-map-equivalence.html#equivalent\" title=\"equivalent\">is equivalent to</a></td><td style=\"border-right-width: 0px\">Dosage.timing.repeat.when</td><td style=\"border-left-width: 0px\"></td><td>0</td><td>AC</td></tr></table><hr/><p><b>Group 18 </b>Mapping from <code>unspecified code system</code> to <code>unspecified code system</code></p><table class=\"grid\"><tr><td colspan=\"4\"><b>Source Concept Details</b></td><td><b>Relationship</b></td><td colspan=\"3\"><b>Target Concept Details</b></td><td colspan=\"3\"><b>Properties</b></td></tr><tr><td colspan=\"2\"><b>Codes</b> from </td><td><b>Evt_activité_code</b></td><td><b>Evt_opérateur</b></td><td/><td colspan=\"2\"><b>Codes</b> from </td><td><b>Dosage.timing.repeat.when</b></td></tr><tr><td style=\"border-right-width: 0px\">Elément_posologie/Evt_structuré_début/Evénement_structuré/Evt_objet/Evt_activité/Evt_activité_code</td><td style=\"border-left-width: 0px\"></td><td>1</td><td>5</td><td><a href=\"http://hl7.org/fhir/extensions/5.1.0/CodeSystem-concept-map-equivalence.html#equivalent\" title=\"equivalent\">is equivalent to</a></td><td style=\"border-right-width: 0px\">Dosage.timing.repeat.when</td><td style=\"border-left-width: 0px\"></td><td>C</td></tr></table><hr/><p><b>Group 19 </b>Mapping from <code>unspecified code system</code> to <code>unspecified code system</code></p><table class=\"grid\"><tr><td colspan=\"4\"><b>Source Concept Details</b></td><td><b>Relationship</b></td><td colspan=\"4\"><b>Target Concept Details</b></td><td colspan=\"4\"><b>Properties</b></td></tr><tr><td colspan=\"2\"><b>Codes</b> from </td><td><b>Evt_activité_code</b></td><td><b>Evt_opérateur</b></td><td/><td colspan=\"2\"><b>Codes</b> from </td><td><b>Dosage.timing.repeat.offset</b></td><td><b>Dosage.timing.repeat.when</b></td></tr><tr><td style=\"border-right-width: 0px\">Elément_posologie/Evt_structuré_début/Evénement_structuré/Evt_objet/Evt_activité/Evt_activité_code</td><td style=\"border-left-width: 0px\"></td><td>1</td><td>6</td><td><a href=\"http://hl7.org/fhir/extensions/5.1.0/CodeSystem-concept-map-equivalence.html#equivalent\" title=\"equivalent\">is equivalent to</a></td><td style=\"border-right-width: 0px\">Dosage.timing.repeat.when</td><td style=\"border-left-width: 0px\"></td><td>0</td><td>PC</td></tr></table><hr/><p><b>Group 20 </b>Mapping from <code>unspecified code system</code> to <code>unspecified code system</code></p><table class=\"grid\"><tr><td colspan=\"4\"><b>Source Concept Details</b></td><td><b>Relationship</b></td><td colspan=\"3\"><b>Target Concept Details</b></td><td><b>Comment</b></td><td colspan=\"3\"><b>Properties</b></td></tr><tr><td colspan=\"2\"><b>Codes</b> from </td><td><b>Evt_activité_code</b></td><td><b>Evt_opérateur</b></td><td/><td colspan=\"2\"><b>Codes</b> from </td><td><b>Dosage.timing.repeat.when</b></td><td/></tr><tr><td style=\"border-right-width: 0px\">Elément_posologie/Evt_structuré_début/Evénement_structuré/Evt_objet/Evt_activité/Evt_activité_code</td><td style=\"border-left-width: 0px\"></td><td>1</td><td>7</td><td><a href=\"http://hl7.org/fhir/extensions/5.1.0/CodeSystem-concept-map-equivalence.html#equivalent\" title=\"equivalent\">is equivalent to</a></td><td style=\"border-right-width: 0px\">Dosage.timing.repeat.when</td><td style=\"border-left-width: 0px\"></td><td>PC</td><td/></tr><tr><td style=\"border-right-width: 0px\">Elément_posologie/Int_temps_év_début</td><td style=\"border-left-width: 0px\"></td><td/><td/><td><a href=\"http://hl7.org/fhir/extensions/5.1.0/CodeSystem-concept-map-equivalence.html#equivalent\" title=\"equivalent\">is equivalent to</a></td><td style=\"border-right-width: 0px\">Dosage.timing.repeat.offset</td><td style=\"border-left-width: 0px\"></td><td/><td>offset est à calculer à partir de Int_temps_év_début/Nombre et Int_temps_év_début/Unité pour avoir un offset en minute</td></tr></table></div>"
  },
  "url" : "https://hl7.fr/fhir/fr/medication/ConceptMap/PN13-FHIR-prescmed-dosageinstruction-conceptmap",
  "version" : "0.1.0",
  "name" : "FrPN13FHIRMedicationPrescriptionDosageInstructiontConceptMap",
  "title" : "Conversion PN13 vers FHIR pour la posologie d'une prescription de médicaments",
  "status" : "draft",
  "date" : "2024-12-31T09:40:44+00:00",
  "publisher" : "Interop'Santé",
  "contact" : [{
    "name" : "Interop'Santé",
    "telecom" : [{
      "system" : "url",
      "value" : "http://interopsante.org/"
    }]
  }],
  "description" : "ConceptMap pour la conversion PN13 vers FHIR d'une posologie d'une prescritpion de médicament",
  "sourceUri" : "https://interopsante.org/pn13/xsd/M_prescription_medicaments/Prescription/Element_prescr_medic/Element_posologie",
  "targetUri" : "https://hl7.org/fhir/R4/dosage",
  "group" : [{
    "element" : [{
      "code" : "Elément_posologie",
      "target" : [{
        "code" : "Dosage.timing",
        "equivalence" : "relatedto",
        "comment" : "en l'absence de Fréquence et Fréquence_structurée la fréquence par défaut est d'une fois par jour",
        "dependsOn" : [{
          "property" : "Elément_posologie/Fréquence",
          "value" : "<Null>"
        },
        {
          "property" : "Elément_posologie/Fréquence_structurée",
          "value" : "<Null>"
        }],
        "product" : [{
          "property" : "Dosage.timing.repeat.periodUnit",
          "value" : "d"
        },
        {
          "property" : "Dosage.timing.repeat.period",
          "value" : "1"
        }]
      }]
    }]
  },
  {
    "element" : [{
      "code" : "Elément_posologie/Fréquence",
      "target" : [{
        "code" : "Dosage.timing.frequency",
        "equivalence" : "relatedto",
        "comment" : "la terminologie locale utilisée dans le message PN13 est à traduire entre timing.frequency, timing.period et timing.periodUnit"
      },
      {
        "code" : "Dosage.timing.period",
        "equivalence" : "relatedto",
        "comment" : "la terminologie locale utilisée dans le message PN13 est à traduire entre timing.frequency, timing.period et timing.periodUnit"
      },
      {
        "code" : "Dosage.timing.periodUnit",
        "equivalence" : "relatedto",
        "comment" : "la terminologie locale utilisée dans le message PN13 est à traduire entre timing.frequency, timing.period et timing.periodUnit"
      }]
    }]
  },
  {
    "element" : [{
      "code" : "Elément_posologie/Fréquence_structurée/Frq_échelle",
      "target" : [{
        "code" : "Dosage.timing.repeat.periodUnit",
        "equivalence" : "equivalent",
        "dependsOn" : [{
          "property" : "Elément_posologie/Fréquence_structurée/Frq_échelle",
          "value" : "1"
        }],
        "product" : [{
          "property" : "Dosage.timing.repeat.periodUnit",
          "value" : "s"
        }]
      }]
    },
    {
      "target" : [{
        "code" : "Dosage.timing.repeat.periodUnit",
        "equivalence" : "equivalent",
        "dependsOn" : [{
          "property" : "Elément_posologie/Fréquence_structurée/Frq_échelle",
          "value" : "2"
        }],
        "product" : [{
          "property" : "Dosage.timing.repeat.periodUnit",
          "value" : "min"
        }]
      }]
    },
    {
      "target" : [{
        "code" : "Dosage.timing.repeat.periodUnit",
        "equivalence" : "equivalent",
        "dependsOn" : [{
          "property" : "Elément_posologie/Fréquence_structurée/Frq_échelle",
          "value" : "3"
        }],
        "product" : [{
          "property" : "Dosage.timing.repeat.periodUnit",
          "value" : "h"
        }]
      }]
    },
    {
      "target" : [{
        "code" : "Dosage.timing.repeat.periodUnit",
        "equivalence" : "equivalent",
        "dependsOn" : [{
          "property" : "Elément_posologie/Fréquence_structurée/Frq_échelle",
          "value" : "4"
        }],
        "product" : [{
          "property" : "Dosage.timing.repeat.periodUnit",
          "value" : "d"
        }]
      }]
    },
    {
      "target" : [{
        "code" : "Dosage.timing.repeat.periodUnit",
        "equivalence" : "equivalent",
        "dependsOn" : [{
          "property" : "Elément_posologie/Fréquence_structurée/Frq_échelle",
          "value" : "5"
        }],
        "product" : [{
          "property" : "Dosage.timing.repeat.periodUnit",
          "value" : "wk"
        }]
      }]
    },
    {
      "target" : [{
        "code" : "Dosage.timing.repeat.periodUnit",
        "equivalence" : "equivalent",
        "dependsOn" : [{
          "property" : "Elément_posologie/Fréquence_structurée/Frq_échelle",
          "value" : "6"
        }],
        "product" : [{
          "property" : "Dosage.timing.repeat.periodUnit",
          "value" : "mo"
        }]
      }]
    },
    {
      "target" : [{
        "code" : "Dosage.timing.repeat.periodUnit",
        "equivalence" : "equivalent",
        "dependsOn" : [{
          "property" : "Elément_posologie/Fréquence_structurée/Frq_échelle",
          "value" : "7"
        }],
        "product" : [{
          "property" : "Dosage.timing.repeat.periodUnit",
          "value" : "a"
        }]
      }]
    }]
  },
  {
    "element" : [{
      "code" : "Elément_posologie/Fréquence_structurée/Frq_durée",
      "target" : [{
        "code" : "Dosage.timing.repeat.period",
        "equivalence" : "equivalent",
        "dependsOn" : [{
          "property" : "Elément_posologie/Fréquence_structurée/Frq_durée",
          "value" : "<Null>"
        },
        {
          "property" : "Elément_posologie/Fréquence_structurée/Frq_filtre",
          "value" : "<Null>"
        }],
        "product" : [{
          "property" : "Dosage.timing.repeat.period",
          "value" : "1"
        }]
      },
      {
        "code" : "Dosage.timing.repeat.period",
        "equivalence" : "equal"
      }]
    }]
  },
  {
    "element" : [{
      "code" : "Elément_posologie/Fréquence_structurée/Frq_filtre/Frq_filtreVal_1_J",
      "target" : [{
        "code" : "Dosage.timing.repeat.dayOfWeek",
        "equivalence" : "equivalent",
        "comment" : "Si présence d'élémént(s) Frq_filtreVal_1_N, chaque Frq_filtreVal_1_N donne lieu à une occurrence de dosageInstruction reprenant dans les éléments et indiquant dans timing.repeat.boundsPeriod la semaine concernée",
        "dependsOn" : [{
          "property" : "Elément_posologie/Fréquence_structurée/Frq_filtre/Frq_filtreVal_1_J",
          "value" : "1"
        }],
        "product" : [{
          "property" : "Dosage.timing.repeat.dayOfWeek",
          "value" : "mon"
        }]
      }]
    },
    {
      "code" : "Elément_posologie/Fréquence_structurée/Frq_filtre/Frq_filtreVal_1_J",
      "target" : [{
        "code" : "Dosage.timing.repeat.dayOfWeek",
        "equivalence" : "equivalent",
        "comment" : "Si présence d'élémént(s) Frq_filtreVal_1_N, chaque Frq_filtreVal_1_N donne lieu à une occurrence de dosageInstruction reprenant dans les éléments et indiquant dans timing.repeat.boundsPeriod la semaine concernée",
        "dependsOn" : [{
          "property" : "Elément_posologie/Fréquence_structurée/Frq_filtre/Frq_filtreVal_1_J",
          "value" : "2"
        }],
        "product" : [{
          "property" : "Dosage.timing.repeat.dayOfWeek",
          "value" : "tue"
        }]
      }]
    },
    {
      "code" : "Elément_posologie/Fréquence_structurée/Frq_filtre/Frq_filtreVal_1_J",
      "target" : [{
        "code" : "Dosage.timing.repeat.dayOfWeek",
        "equivalence" : "equivalent",
        "comment" : "Si présence d'élémént(s) Frq_filtreVal_1_N, chaque Frq_filtreVal_1_N donne lieu à une occurrence de dosageInstruction reprenant dans les éléments et indiquant dans timing.repeat.boundsPeriod la semaine concernée",
        "dependsOn" : [{
          "property" : "Elément_posologie/Fréquence_structurée/Frq_filtre/Frq_filtreVal_1_J",
          "value" : "3"
        }],
        "product" : [{
          "property" : "Dosage.timing.repeat.dayOfWeek",
          "value" : "wed"
        }]
      }]
    },
    {
      "code" : "Elément_posologie/Fréquence_structurée/Frq_filtre/Frq_filtreVal_1_J",
      "target" : [{
        "code" : "Dosage.timing.repeat.dayOfWeek",
        "equivalence" : "equivalent",
        "comment" : "Si présence d'élémént(s) Frq_filtreVal_1_N, chaque Frq_filtreVal_1_N donne lieu à une occurrence de dosageInstruction reprenant dans les éléments et indiquant dans timing.repeat.boundsPeriod la semaine concernée",
        "dependsOn" : [{
          "property" : "Elément_posologie/Fréquence_structurée/Frq_filtre/Frq_filtreVal_1_J",
          "value" : "4"
        }],
        "product" : [{
          "property" : "Dosage.timing.repeat.dayOfWeek",
          "value" : "thu"
        }]
      }]
    },
    {
      "code" : "Elément_posologie/Fréquence_structurée/Frq_filtre/Frq_filtreVal_1_J",
      "target" : [{
        "code" : "Dosage.timing.repeat.dayOfWeek",
        "equivalence" : "equivalent",
        "comment" : "Si présence d'élémént(s) Frq_filtreVal_1_N, chaque Frq_filtreVal_1_N donne lieu à une occurrence de dosageInstruction reprenant dans les éléments et indiquant dans timing.repeat.boundsPeriod la semaine concernée",
        "dependsOn" : [{
          "property" : "Elément_posologie/Fréquence_structurée/Frq_filtre/Frq_filtreVal_1_J",
          "value" : "5"
        }],
        "product" : [{
          "property" : "Dosage.timing.repeat.dayOfWeek",
          "value" : "fri"
        }]
      }]
    },
    {
      "code" : "Elément_posologie/Fréquence_structurée/Frq_filtre/Frq_filtreVal_1_J",
      "target" : [{
        "code" : "Dosage.timing.repeat.dayOfWeek",
        "equivalence" : "equivalent",
        "comment" : "Si présence d'élémént(s) Frq_filtreVal_1_N, chaque Frq_filtreVal_1_N donne lieu à une occurrence de dosageInstruction reprenant dans les éléments et indiquant dans timing.repeat.boundsPeriod la semaine concernée",
        "dependsOn" : [{
          "property" : "Elément_posologie/Fréquence_structurée/Frq_filtre/Frq_filtreVal_1_J",
          "value" : "6"
        }],
        "product" : [{
          "property" : "Dosage.timing.repeat.dayOfWeek",
          "value" : "sat"
        }]
      }]
    },
    {
      "code" : "Elément_posologie/Fréquence_structurée/Frq_filtre/Frq_filtreVal_1_J",
      "target" : [{
        "code" : "Dosage.timing.repeat.dayOfWeek",
        "equivalence" : "equivalent",
        "comment" : "Si présence d'élémént(s) Frq_filtreVal_1_N, chaque Frq_filtreVal_1_N donne lieu à une occurrence de dosageInstruction reprenant dans les éléments et indiquant dans timing.repeat.boundsPeriod la semaine concernée",
        "dependsOn" : [{
          "property" : "Elément_posologie/Fréquence_structurée/Frq_filtre/Frq_filtreVal_1_J",
          "value" : "7"
        }],
        "product" : [{
          "property" : "Dosage.timing.repeat.dayOfWeek",
          "value" : "sun"
        }]
      }]
    }]
  },
  {
    "element" : [{
      "code" : "Elément_posologie/Fréquence_structurée/Frq_filtre/Frq_filtreVal_1_N",
      "target" : [{
        "code" : "Dosage.timing.repeat",
        "equivalence" : "inexact",
        "comment" : "Frq_filtreVal_1_N indique l'index du jour sur la période indiquée par <Frq_échelle>. Chaque Frq_filtreVal_1_N fait l'objet d'une nouvelle répétition de MedicationRequest.dosageInstruction. Cf. page transformation PN13 vers FHIR"
      }]
    }]
  },
  {
    "element" : [{
      "code" : "Elément_posologie/Fréquence_structurée/Frq_filtre/Frq_filtreVal_2",
      "target" : [{
        "code" : "Dosage.timing.repeat",
        "equivalence" : "inexact",
        "comment" : "Frq_filtreVal_2 indique le nombre du jour du mois. Chaque Frq_filtreVal_2 fait l'objet d'une nouvelle répétition de MedicationRequest.dosageInstruction. Cf. page transformation PN13 vers FHIR"
      }]
    }]
  },
  {
    "element" : [{
      "code" : "Elément_posologie/Fréquence_structurée/Frq_filtre/Frq_filtreVal_3",
      "target" : [{
        "code" : "Dosage.timing.repeat",
        "equivalence" : "inexact",
        "comment" : "Frq_filtreVal_3 indique le nombre du jour de l'année. Chaque Frq_filtreVal_3 fait l'objet d'une nouvelle répétition de MedicationRequest.dosageInstruction. Cf. page transformation PN13 vers FHIR"
      }]
    }]
  },
  {
    "element" : [{
      "code" : "Elément_posologie/Fréquence_structurée/Frq_filtre/Frq_filtreVal_4",
      "target" : [{
        "code" : "Dosage.timing.repeat",
        "equivalence" : "inexact",
        "comment" : "Frq_filtreVal_4 indique le nombre de la semaine. Chaque Frq_filtreVal_4 fait l'objet d'une nouvelle répétition de MedicationRequest.dosageInstruction. Cf. page transformation PN13 vers FHIR"
      }]
    }]
  },
  {
    "element" : [{
      "code" : "Elément_posologie/Fréquence_structurée/Frq_filtre/Frq_filtreVal_5",
      "target" : [{
        "code" : "Dosage.timing.repeat",
        "equivalence" : "inexact",
        "comment" : "Frq_filtreVal_5 indique le nombre du mois. Chaque Frq_filtreVal_5 fait l'objet d'une nouvelle répétition de MedicationRequest.dosageInstruction. Cf. page transformation PN13 vers FHIR"
      }]
    }]
  },
  {
    "element" : [{
      "code" : "Elément_posologie/Fréquence_structurée/Frq_filtre/Frq_filtreVal_6",
      "target" : [{
        "code" : "Dosage.timing.repeat",
        "equivalence" : "inexact",
        "comment" : "Frq_filtreVal_6 indique le rang de l’occurrence, inférieur ou égal au nombre d’occurrences définies par les autres clauses de filtrage. Chaque Frq_filtreVal_6 combiné avec les autre Frq_filtreVal_X fait l'objet d'une nouvelle répétition de MedicationRequest.dosageInstruction. Cf. page transformation PN13 vers FHIR"
      }]
    }]
  },
  {
    "element" : [{
      "code" : "Elément_posologie/Fréquence_structurée/Frq_multiplicité",
      "target" : [{
        "code" : "Dosage.timing.repeat.frequency",
        "equivalence" : "equivalent",
        "dependsOn" : [{
          "property" : "Elément_posologie/Fréquence_structurée/Frq_multiplicité",
          "value" : "<Null>"
        },
        {
          "property" : "Elément_posologie/Fréquence_structurée/Frq_filtre",
          "value" : "<Null>"
        }],
        "product" : [{
          "property" : "Dosage.timing.repeat.frequency",
          "value" : "1"
        }]
      },
      {
        "code" : "Dosage.timing.repeat.frequency",
        "equivalence" : "equal"
      }]
    }]
  },
  {
    "element" : [{
      "code" : "Elément_posologie/Fréquence_structurée/Frq_libellé",
      "target" : [{
        "code" : "Dosage.text",
        "equivalence" : "wider",
        "comment" : "Frq_Libellé est une partie de MedicationRequest.dosageInstruction.text. Cf. page transformation PN13 vers FHIR"
      }]
    }]
  },
  {
    "element" : [{
      "code" : "Elément_posologie/Int_temps_év_début",
      "target" : [{
        "code" : "Dosage.timing.repeat.timeOfDay",
        "equivalence" : "equivalent",
        "comment" : "Valable uniquement pour les versions de PN13 antérieures à la v3.3. timeOfDay est à calculer à partir de Int_temps_év_début/Nombre et Int_temps_év_début/Unité pour traduire la période en heure du jour à partir de l'heure zéro",
        "dependsOn" : [{
          "property" : "#Elément_posologie/Type_événement_début",
          "value" : "1"
        }]
      }]
    }]
  },
  {
    "element" : [{
      "code" : "Elément_posologie/Evénement_début",
      "target" : [{
        "code" : "Dosage.timing",
        "equivalence" : "inexact",
        "comment" : "Valable uniquement pour les versions de PN13 antérieures à la v3.3. La valeur de Evénement_début est liée à une terminologie locale, le mapping est à faire au cas par cas en fonction de la nomenclature locale"
      }]
    }]
  },
  {
    "element" : [{
      "code" : "Elément_posologie/Evt_structuré_début/Evénement_structuré/Evt_objet/Evt_activité/Evt_activité_code",
      "target" : [{
        "code" : "Dosage.timing.repeat.when",
        "equivalence" : "equivalent",
        "dependsOn" : [{
          "property" : "Elément_posologie/Evt_structuré_début/Evénement_structuré/Evt_objet/Evt_activité/Evt_activité_code",
          "value" : "1"
        },
        {
          "property" : "Elément_posologie/Evt_structuré_début/Evénement_structuré/Evt_opérateur",
          "value" : "3"
        }],
        "product" : [{
          "property" : "Dosage.timing.repeat.when",
          "value" : "AC"
        }]
      }]
    },
    {
      "code" : "Elément_posologie/Int_temps_év_début",
      "target" : [{
        "code" : "Dosage.timing.repeat.offset",
        "equivalence" : "equivalent",
        "comment" : "offset est à calculer à partir de Int_temps_év_début/Nombre et Int_temps_év_début/Unité pour avoir un offset en minute"
      }]
    }]
  },
  {
    "element" : [{
      "code" : "Elément_posologie/Evt_structuré_début/Evénement_structuré/Evt_objet/Evt_activité/Evt_activité_code",
      "target" : [{
        "code" : "Dosage.timing.repeat.when",
        "equivalence" : "equivalent",
        "dependsOn" : [{
          "property" : "Elément_posologie/Evt_structuré_début/Evénement_structuré/Evt_objet/Evt_activité/Evt_activité_code",
          "value" : "1"
        },
        {
          "property" : "Elément_posologie/Evt_structuré_début/Evénement_structuré/Evt_opérateur",
          "value" : "4"
        }],
        "product" : [{
          "property" : "Dosage.timing.repeat.when",
          "value" : "AC"
        },
        {
          "property" : "Dosage.timing.repeat.offset",
          "value" : "0"
        }]
      }]
    }]
  },
  {
    "element" : [{
      "code" : "Elément_posologie/Evt_structuré_début/Evénement_structuré/Evt_objet/Evt_activité/Evt_activité_code",
      "target" : [{
        "code" : "Dosage.timing.repeat.when",
        "equivalence" : "equivalent",
        "dependsOn" : [{
          "property" : "Elément_posologie/Evt_structuré_début/Evénement_structuré/Evt_objet/Evt_activité/Evt_activité_code",
          "value" : "1"
        },
        {
          "property" : "Elément_posologie/Evt_structuré_début/Evénement_structuré/Evt_opérateur",
          "value" : "5"
        }],
        "product" : [{
          "property" : "Dosage.timing.repeat.when",
          "value" : "C"
        }]
      }]
    }]
  },
  {
    "element" : [{
      "code" : "Elément_posologie/Evt_structuré_début/Evénement_structuré/Evt_objet/Evt_activité/Evt_activité_code",
      "target" : [{
        "code" : "Dosage.timing.repeat.when",
        "equivalence" : "equivalent",
        "dependsOn" : [{
          "property" : "Elément_posologie/Evt_structuré_début/Evénement_structuré/Evt_objet/Evt_activité/Evt_activité_code",
          "value" : "1"
        },
        {
          "property" : "Elément_posologie/Evt_structuré_début/Evénement_structuré/Evt_opérateur",
          "value" : "6"
        }],
        "product" : [{
          "property" : "Dosage.timing.repeat.when",
          "value" : "PC"
        },
        {
          "property" : "Dosage.timing.repeat.offset",
          "value" : "0"
        }]
      }]
    }]
  },
  {
    "element" : [{
      "code" : "Elément_posologie/Evt_structuré_début/Evénement_structuré/Evt_objet/Evt_activité/Evt_activité_code",
      "target" : [{
        "code" : "Dosage.timing.repeat.when",
        "equivalence" : "equivalent",
        "dependsOn" : [{
          "property" : "Elément_posologie/Evt_structuré_début/Evénement_structuré/Evt_objet/Evt_activité/Evt_activité_code",
          "value" : "1"
        },
        {
          "property" : "Elément_posologie/Evt_structuré_début/Evénement_structuré/Evt_opérateur",
          "value" : "7"
        }],
        "product" : [{
          "property" : "Dosage.timing.repeat.when",
          "value" : "PC"
        }]
      }]
    },
    {
      "code" : "Elément_posologie/Int_temps_év_début",
      "target" : [{
        "code" : "Dosage.timing.repeat.offset",
        "equivalence" : "equivalent",
        "comment" : "offset est à calculer à partir de Int_temps_év_début/Nombre et Int_temps_év_début/Unité pour avoir un offset en minute"
      }]
    }]
  }]
}