{
  "resourceType" : "ValueSet",
  "id" : "fr-uf-role-code-for-prescription",
  "text" : {
    "status" : "generated",
    "div" : "<div xmlns=\"http://www.w3.org/1999/xhtml\"><p class=\"res-header-id\"><b>Generated Narrative: ValueSet fr-uf-role-code-for-prescription</b></p><a name=\"fr-uf-role-code-for-prescription\"> </a><a name=\"hcfr-uf-role-code-for-prescription\"> </a><a name=\"fr-uf-role-code-for-prescription-en-US\"> </a><ul><li>Include all codes defined in <a href=\"CodeSystem-fr-uf-role-codes.html\"><code>https://hl7.fr/fhir/fr/medication/CodeSystem/fr-uf-role-codes</code></a></li></ul></div>"
  },
  "url" : "https://hl7.fr/fhir/fr/medication/ValueSet/fr-uf-role-code-for-prescription",
  "version" : "0.1.0",
  "name" : "FrUfRoleCodesForPrescriptionValueSet",
  "title" : "value set Interop'Santé - Types de rôle d’une UF par rapport à un séjour patient dans une prescription",
  "status" : "draft",
  "experimental" : false,
  "date" : "2025-01-12T18:13:34+00:00",
  "publisher" : "Interop'Santé",
  "contact" : [{
    "name" : "Interop'Santé",
    "telecom" : [{
      "system" : "url",
      "value" : "http://interopsante.org/"
    }]
  }],
  "description" : "Le jeu de valeurs à utiliser dans l'extension pour indiquer le type d'UF référencée dans Medication.supportingInfo",
  "immutable" : false,
  "compose" : {
    "include" : [{
      "system" : "https://hl7.fr/fhir/fr/medication/CodeSystem/fr-uf-role-codes"
    }]
  }
}