{
  "resourceType" : "ValueSet",
  "id" : "FrMedicinalProductOnly",
  "meta" : {
    "profile" : ["http://hl7.org/fhir/StructureDefinition/shareablevalueset"]
  },
  "text" : {
    "status" : "generated",
    "div" : "<div xmlns=\"http://www.w3.org/1999/xhtml\"><p class=\"res-header-id\"><b>Generated Narrative: ValueSet FrMedicinalProductOnly</b></p><a name=\"FrMedicinalProductOnly\"> </a><a name=\"hcFrMedicinalProductOnly\"> </a><a name=\"FrMedicinalProductOnly-en-US\"> </a><ul><li>Include codes from<a href=\"http://www.snomed.org/\"><code>http://snomed.info/sct</code></a> where constraint  = &lt; 763158003 |Medicinal product (product)| : 766952006 |Count of base of active ingredient (attribute)| = * ,  [0..0] 411116001 |Has manufactured dose form (attribute)| = *</li></ul></div>"
  },
  "url" : "https://hl7.fr/fhir/fr/medication/ValueSet/FrMedicinalProductOnly",
  "version" : "0.1.0",
  "name" : "FrMedicinalProductOnly",
  "title" : "French Medicinal Product only",
  "status" : "draft",
  "experimental" : false,
  "date" : "2025-01-20T14:47:39+00:00",
  "publisher" : "Interop'Santé",
  "contact" : [{
    "name" : "Interop'Santé",
    "telecom" : [{
      "system" : "url",
      "value" : "http://interopsante.org/"
    }]
  }],
  "description" : "Le jeu de valeurs à utiliser pour coder l'élément *code* de la ressource *FrMedicationNonproprietaryName*.",
  "immutable" : false,
  "compose" : {
    "include" : [{
      "system" : "http://snomed.info/sct",
      "filter" : [{
        "property" : "constraint",
        "op" : "=",
        "value" : "< 763158003 |Medicinal product (product)| : 766952006 |Count of base of active ingredient (attribute)| = * ,  [0..0] 411116001 |Has manufactured dose form (attribute)| = *"
      }]
    }]
  }
}