{
  "resourceType" : "ValueSet",
  "id" : "fr-medication-reconciliation-type",
  "meta" : {
    "profile" : ["http://hl7.org/fhir/StructureDefinition/shareablevalueset"]
  },
  "text" : {
    "status" : "generated",
    "div" : "<div xmlns=\"http://www.w3.org/1999/xhtml\"><p class=\"res-header-id\"><b>Generated Narrative: ValueSet fr-medication-reconciliation-type</b></p><a name=\"fr-medication-reconciliation-type\"> </a><a name=\"hcfr-medication-reconciliation-type\"> </a><a name=\"fr-medication-reconciliation-type-en-US\"> </a><ul><li>Include all codes defined in <a href=\"CodeSystem-fr-medication-reconciliation-type.html\"><code>https://hl7.fr/fhir/fr/medication/CodeSystem/fr-medication-reconciliation-type</code></a></li></ul></div>"
  },
  "url" : "https://hl7.fr/fhir/fr/medication/ValueSet/fr-medication-reconciliation-type",
  "version" : "0.1.0",
  "name" : "FrMedicationReconciliationType",
  "title" : "value set InterOp'Santé - Type d'écart/erreur sur une ligne de traitement d'une FCT",
  "status" : "draft",
  "experimental" : false,
  "date" : "2024-12-26T15:51:21+00:00",
  "publisher" : "Interop'Santé",
  "contact" : [{
    "name" : "Interop'Santé",
    "telecom" : [{
      "system" : "url",
      "value" : "http://interopsante.org/"
    }]
  }],
  "description" : "Le jeu de valeurs à utiliser pour coder le type d'écart/erreur sur une ligne de traitement d'une FCT (Fiche de Conciliation des Traitements médicamenteux).",
  "immutable" : false,
  "compose" : {
    "include" : [{
      "system" : "https://hl7.fr/fhir/fr/medication/CodeSystem/fr-medication-reconciliation-type"
    }]
  }
}