<?xml version="1.0" encoding="UTF-8"?>

<MedicationRequest xmlns="http://hl7.org/fhir">
  <id value="14643"/>
  <meta>
    <profile value="https://hl7.fr/fhir/fr/medication/StructureDefinition/FrInpatientMedicationRequest"/>
  </meta>
  <text>
    <status value="generated"/><div xmlns="http://www.w3.org/1999/xhtml"><p class="res-header-id"><b>Generated Narrative: MedicationRequest 14643</b></p><a name="14643"> </a><a name="hc14643"> </a><a name="14643-en-US"> </a><p><b>status</b>: Active</p><p><b>intent</b>: Order</p><p><b>medication</b>: <a href="#hc14643/med-231">Medication CLARADOL 500 mg, cpr séc</a></p><p><b>subject</b>: <a href="Patient/phast-14602">Patient/phast-14602</a></p><p><b>authoredOn</b>: 2021-08-12 14:48:44+0000</p><p><b>requester</b>: <a href="Practitioner/smart-Practitioner-71482713">Practitioner/smart-Practitioner-71482713</a></p><blockquote><p><b>dosageInstruction</b></p></blockquote><hr/><blockquote><p class="res-header-id"><b>Generated Narrative: Medication  #med-231</b></p><a name="14643/med-231"> </a><a name="hc14643/med-231"> </a><a name="14643/med-231-en-US"> </a><p><b>code</b>: <span title="Codes:{http://phast.fr/fhir/ValueSet/Pharmacy/CIOdc/SIPh-CIO_UCD 3400891705256}">CLARADOL 500 mg, cpr séc</span></p><p><b>form</b>: <span title="Codes:{http://snomed.info/sct 421026006}">comprimé</span></p><h3>Ingredients</h3><table class="grid"><tr><td style="display: none">-</td><td><b>Item[x]</b></td><td><b>IsActive</b></td></tr><tr><td style="display: none">*</td><td><span title="Codes:{http://snomed.info/sct 387517004}">PARACETAMOL</span></td><td>true</td></tr></table></blockquote></div>
  </text>
  <contained>
    <Medication>
      <id value="med-231"/>
      <meta>
        <profile value="http://interopsante.org/fhir/StructureDefinition/FrMedicationUcd"/>
      </meta>
      <code>
        <coding>
          <system value="http://phast.fr/fhir/ValueSet/Pharmacy/CIOdc/SIPh-CIO_UCD"/>
          <code value="3400891705256"/>
          <display value="CLARADOL 500 mg, cpr séc"/>
        </coding>
        <text value="CLARADOL 500 mg, cpr séc"/>
      </code>
      <form>
        <coding>
          <system value="http://snomed.info/sct"/>
          <code value="421026006"/>
          <display value="comprimé oral"/>
        </coding>
        <text value="comprimé"/>
      </form>
      <ingredient>
        <itemCodeableConcept>
          <coding>
            <system value="http://snomed.info/sct"/>
            <code value="387517004"/>
            <display value="paracétamol"/>
          </coding>
          <text value="PARACETAMOL"/>
        </itemCodeableConcept>
        <isActive value="true"/>
      </ingredient>
    </Medication>
  </contained>
  <status value="active"/>
  <intent value="order"/>
  <medicationReference>
    <reference value="#med-231"/>
  </medicationReference>
  <subject>
    <reference value="Patient/phast-14602"/>
  </subject>
  <authoredOn value="2021-08-12T14:48:44.461Z"/>
  <requester>
    <reference value="Practitioner/smart-Practitioner-71482713"/>
  </requester>
  <dosageInstruction>
    <sequence value="1"/>
    <timing>
      <repeat>
        <boundsPeriod>
          <start value="2021-08-12T14:48:00Z"/>
          <end value="2021-08-17T14:47:59Z"/>
        </boundsPeriod>
        <period value="6"/>
        <periodUnit value="h"/>
      </repeat>
    </timing>
    <route>
      <coding>
        <system value="http://snomed.info/sct"/>
        <code value="26643006"/>
        <display value="Voie orale"/>
      </coding>
      <text value="Voie orale"/>
    </route>
    <doseAndRate>
      <type>
        <coding>
          <system value="http://terminology.hl7.org/CodeSystem/dose-rate-type"/>
          <code value="ordered"/>
          <display value="Ordered"/>
        </coding>
        <text value="Ordered"/>
      </type>
      <doseQuantity>
        <value value="1"/>
        <system value="http://unitsofmeasure.org"/>
        <code value="1"/>
      </doseQuantity>
    </doseAndRate>
  </dosageInstruction>
</MedicationRequest>