{
  "codeSystems" : [
    {
      "url" : "http://hl7.org/fhir/ValueSet/additional-instruction-codes",
      "version" : "4.0.1",
      "status" : "draft",
      "name" : "SNOMEDCTAdditionalDosageInstructions",
      "title" : "SNOMED CT Additional Dosage Instructions",
      "description" : "This value set includes all SNOMED CT Additional Dosage Instructions.",
      "systems" : ["http://snomed.info/sct"],
      "oids" : ["2.16.840.1.113883.4.642.3.95"],
      "sources" : ["2.16.840.1.113883.4.642.3.95"],
      "uses" : {
      },
      "StructureDefinition-FrMedicationReconciliationMedicationStatement.html" : "FrMedicationReconciliationMedicationStatement",
      "StructureDefinition-FrCurrentMedicationMedicationStatement.html" : "FrCurrentMedicationMedicationStatement",
      "StructureDefinition-FrMedicationHistoryMedicationStatement.html" : "FrMedicationHistoryMedicationStatement",
      "StructureDefinition-FrInpatientMedicationRequest.html" : "French Inpatient MedicationRequest"
    },
    {
      "url" : "http://hl7.org/fhir/ValueSet/administration-method-codes",
      "version" : "4.0.1",
      "status" : "draft",
      "name" : "SNOMEDCTAdministrationMethodCodes",
      "title" : "SNOMED CT Administration Method Codes",
      "description" : "This value set includes some method codes from SNOMED CT - provided as an exemplar",
      "systems" : ["http://snomed.info/sct"],
      "oids" : ["2.16.840.1.113883.4.642.3.97"],
      "sources" : ["2.16.840.1.113883.4.642.3.97"],
      "uses" : {
      },
      "StructureDefinition-FrMedicationReconciliationMedicationStatement.html" : "FrMedicationReconciliationMedicationStatement",
      "StructureDefinition-FrCurrentMedicationMedicationStatement.html" : "FrCurrentMedicationMedicationStatement",
      "StructureDefinition-FrMedicationHistoryMedicationStatement.html" : "FrMedicationHistoryMedicationStatement"
    },
    {
      "url" : "http://hl7.org/fhir/ValueSet/administrative-gender",
      "version" : "4.0.1",
      "status" : "active",
      "name" : "AdministrativeGender",
      "title" : "AdministrativeGender",
      "description" : "The gender of a person used for administrative purposes.",
      "systems" : ["http://hl7.org/fhir/administrative-gender"],
      "oids" : ["2.16.840.1.113883.4.642.3.1"],
      "sources" : ["2.16.840.1.113883.4.642.3.1"],
      "uses" : {
      },
      "ConceptMap-fr-PN13-FHIR-gender-conceptmap.html" : "Conversion PN13 FHIR des code de sexe administratif"
    },
    {
      "url" : "http://hl7.org/fhir/ValueSet/approach-site-codes",
      "version" : "4.0.1",
      "status" : "draft",
      "name" : "SNOMEDCTAnatomicalStructureForAdministrationSiteCodes",
      "title" : "SNOMED CT Anatomical Structure for Administration Site Codes",
      "description" : "This value set includes Anatomical Structure codes from SNOMED CT - provided as an exemplar.",
      "systems" : ["http://snomed.info/sct"],
      "oids" : ["2.16.840.1.113883.4.642.3.346"],
      "sources" : ["2.16.840.1.113883.4.642.3.346"],
      "uses" : {
      },
      "StructureDefinition-FrMedicationReconciliationMedicationStatement.html" : "FrMedicationReconciliationMedicationStatement",
      "StructureDefinition-FrCurrentMedicationMedicationStatement.html" : "FrCurrentMedicationMedicationStatement",
      "StructureDefinition-FrMedicationHistoryMedicationStatement.html" : "FrMedicationHistoryMedicationStatement",
      "StructureDefinition-FrInpatientMedicationRequest.html" : "French Inpatient MedicationRequest"
    },
    {
      "url" : "http://hl7.org/fhir/ValueSet/common-tags",
      "version" : "4.0.1",
      "status" : "draft",
      "name" : "CommonTags",
      "title" : "Common Tags",
      "description" : "Common Tag Codes defined by FHIR project",
      "systems" : ["http://terminology.hl7.org/CodeSystem/common-tags"],
      "oids" : ["2.16.840.1.113883.4.642.3.79"],
      "sources" : ["2.16.840.1.113883.4.642.3.79"],
      "uses" : {
      },
      "StructureDefinition-FrMedicationReconciliationMedicationStatement.html" : "FrMedicationReconciliationMedicationStatement",
      "StructureDefinition-FrMedicationHistoryMedicationStatement.html" : "FrMedicationHistoryMedicationStatement",
      "StructureDefinition-FrMedication.html" : "FrMedication"
    },
    {
      "url" : "http://hl7.org/fhir/ValueSet/composition-attestation-mode",
      "version" : "4.0.1",
      "status" : "draft",
      "name" : "CompositionAttestationMode",
      "title" : "CompositionAttestationMode",
      "description" : "The way in which a person authenticated a composition.",
      "systems" : ["http://hl7.org/fhir/composition-attestation-mode"],
      "oids" : ["2.16.840.1.113883.4.642.3.238"],
      "sources" : ["2.16.840.1.113883.4.642.3.238"],
      "uses" : {
      },
      "StructureDefinition-FrMedicationHistoryComposition.html" : "FrMedicationHistoryComposition",
      "StructureDefinition-FrMedicationReconciliationComposition.html" : "FrMedicationReconciliationComposition",
      "StructureDefinition-FrOnAdmissionRetroactiveMedicationReconciliationComposition.html" : "FrOnAdmissionRetroactiveMedicationReconciliationComposition",
      "StructureDefinition-FrOnAdmissionMedicationComposition.html" : "FrOnAdmissionMedicationComposition",
      "StructureDefinition-FrCurrentMedicationComposition.html" : "FrCurrentMedicationComposition"
    },
    {
      "url" : "http://hl7.org/fhir/ValueSet/composition-status",
      "version" : "4.0.1",
      "status" : "draft",
      "name" : "CompositionStatus",
      "title" : "CompositionStatus",
      "description" : "The workflow/clinical status of the composition.",
      "systems" : ["http://hl7.org/fhir/composition-status"],
      "oids" : ["2.16.840.1.113883.4.642.3.241"],
      "sources" : ["2.16.840.1.113883.4.642.3.241"],
      "uses" : {
      },
      "StructureDefinition-FrMedicationHistoryComposition.html" : "FrMedicationHistoryComposition",
      "StructureDefinition-FrMedicationReconciliationComposition.html" : "FrMedicationReconciliationComposition",
      "StructureDefinition-FrOnAdmissionRetroactiveMedicationReconciliationComposition.html" : "FrOnAdmissionRetroactiveMedicationReconciliationComposition",
      "StructureDefinition-FrOnAdmissionMedicationComposition.html" : "FrOnAdmissionMedicationComposition",
      "StructureDefinition-FrCurrentMedicationComposition.html" : "FrCurrentMedicationComposition"
    },
    {
      "url" : "http://hl7.org/fhir/ValueSet/condition-code",
      "version" : "4.0.1",
      "status" : "draft",
      "name" : "Condition/Problem/DiagnosisCodes",
      "title" : "Condition/Problem/Diagnosis Codes",
      "description" : "Example value set for Condition/Problem/Diagnosis codes.",
      "systems" : ["http://snomed.info/sct"],
      "oids" : ["2.16.840.1.113883.4.642.3.161"],
      "sources" : ["2.16.840.1.113883.4.642.3.161"],
      "uses" : {
      },
      "StructureDefinition-FrMedicationReconciliationMedicationStatement.html" : "FrMedicationReconciliationMedicationStatement",
      "StructureDefinition-FrCurrentMedicationMedicationStatement.html" : "FrCurrentMedicationMedicationStatement",
      "StructureDefinition-FrMedicationHistoryMedicationStatement.html" : "FrMedicationHistoryMedicationStatement",
      "StructureDefinition-FrInpatientMedicationRequest.html" : "French Inpatient MedicationRequest",
      "StructureDefinition-FrInpatientMedicationRequest2.html" : "FrInpatientMedicationRequest2"
    },
    {
      "url" : "http://hl7.org/fhir/ValueSet/doc-section-codes",
      "version" : "4.0.1",
      "status" : "draft",
      "name" : "DocumentSectionCodes",
      "title" : "Document Section Codes",
      "description" : "Document section codes (LOINC codes used in CCDA sections).",
      "systems" : ["http://loinc.org"],
      "oids" : ["2.16.840.1.113883.4.642.3.237"],
      "sources" : ["2.16.840.1.113883.4.642.3.237"],
      "uses" : {
      },
      "StructureDefinition-FrMedicationHistoryComposition.html" : "FrMedicationHistoryComposition",
      "StructureDefinition-FrMedicationReconciliationComposition.html" : "FrMedicationReconciliationComposition",
      "StructureDefinition-FrOnAdmissionRetroactiveMedicationReconciliationComposition.html" : "FrOnAdmissionRetroactiveMedicationReconciliationComposition",
      "StructureDefinition-FrOnAdmissionMedicationComposition.html" : "FrOnAdmissionMedicationComposition",
      "StructureDefinition-FrCurrentMedicationComposition.html" : "FrCurrentMedicationComposition"
    },
    {
      "url" : "http://hl7.org/fhir/ValueSet/doc-typecodes",
      "version" : "4.0.1",
      "status" : "draft",
      "name" : "FHIRDocumentTypeCodes",
      "title" : "FHIR Document Type Codes",
      "description" : "FHIR Document Codes - all LOINC codes where scale type = 'DOC'.",
      "systems" : ["http://loinc.org"],
      "oids" : ["2.16.840.1.113883.4.642.3.240"],
      "sources" : ["2.16.840.1.113883.4.642.3.240"],
      "uses" : {
      },
      "StructureDefinition-FrMedicationHistoryComposition.html" : "FrMedicationHistoryComposition"
    },
    {
      "url" : "http://hl7.org/fhir/ValueSet/document-classcodes",
      "version" : "4.0.1",
      "status" : "active",
      "name" : "DocumentClassValueSet",
      "title" : "Document Class Value Set",
      "description" : "This is the code specifying the high-level kind of document (e.g. Prescription, Discharge Summary, Report, etc.). Note: Class code for documents comes from LOINC, and is based upon one of the following:The type of service described by the document. It is described at a very high level in Section 7.3 of the LOINC Manual. The type study performed. It was determined by identifying modalities for study reports. The section of the chart where the document is placed. It was determined from the SETs created for Claims Attachment requests.",
      "systems" : ["http://loinc.org"],
      "oids" : ["2.16.840.1.113883.3.88.12.80.46"],
      "sources" : ["2.16.840.1.113883.3.88.12.80.46"],
      "uses" : {
      },
      "StructureDefinition-FrMedicationHistoryComposition.html" : "FrMedicationHistoryComposition",
      "StructureDefinition-FrMedicationReconciliationComposition.html" : "FrMedicationReconciliationComposition",
      "StructureDefinition-FrOnAdmissionRetroactiveMedicationReconciliationComposition.html" : "FrOnAdmissionRetroactiveMedicationReconciliationComposition",
      "StructureDefinition-FrOnAdmissionMedicationComposition.html" : "FrOnAdmissionMedicationComposition",
      "StructureDefinition-FrCurrentMedicationComposition.html" : "FrCurrentMedicationComposition"
    },
    {
      "url" : "http://hl7.org/fhir/ValueSet/document-relationship-type",
      "version" : "4.0.1",
      "status" : "draft",
      "name" : "DocumentRelationshipType",
      "title" : "DocumentRelationshipType",
      "description" : "The type of relationship between documents.",
      "systems" : ["http://hl7.org/fhir/document-relationship-type"],
      "oids" : ["2.16.840.1.113883.4.642.3.244"],
      "sources" : ["2.16.840.1.113883.4.642.3.244"],
      "uses" : {
      },
      "StructureDefinition-FrMedicationHistoryComposition.html" : "FrMedicationHistoryComposition",
      "StructureDefinition-FrMedicationReconciliationComposition.html" : "FrMedicationReconciliationComposition",
      "StructureDefinition-FrOnAdmissionRetroactiveMedicationReconciliationComposition.html" : "FrOnAdmissionRetroactiveMedicationReconciliationComposition",
      "StructureDefinition-FrOnAdmissionMedicationComposition.html" : "FrOnAdmissionMedicationComposition",
      "StructureDefinition-FrCurrentMedicationComposition.html" : "FrCurrentMedicationComposition"
    },
    {
      "url" : "http://hl7.org/fhir/ValueSet/dose-rate-type",
      "version" : "4.0.1",
      "status" : "draft",
      "name" : "DoseAndRateType",
      "title" : "DoseAndRateType",
      "description" : "The kind of dose or rate specified.",
      "systems" : ["http://terminology.hl7.org/CodeSystem/dose-rate-type"],
      "oids" : ["2.16.840.1.113883.4.642.3.981"],
      "sources" : ["2.16.840.1.113883.4.642.3.981"],
      "uses" : {
      },
      "StructureDefinition-FrMedicationReconciliationMedicationStatement.html" : "FrMedicationReconciliationMedicationStatement",
      "StructureDefinition-FrCurrentMedicationMedicationStatement.html" : "FrCurrentMedicationMedicationStatement",
      "StructureDefinition-FrMedicationHistoryMedicationStatement.html" : "FrMedicationHistoryMedicationStatement",
      "StructureDefinition-FrInpatientMedicationRequest.html" : "French Inpatient MedicationRequest"
    },
    {
      "url" : "http://hl7.org/fhir/ValueSet/duration-units",
      "version" : "4.0.1",
      "status" : "active",
      "name" : "CommonUCUMCodesForDuration",
      "title" : "Common UCUM Codes for Duration",
      "description" : "Unified Code for Units of Measure (UCUM). This value set includes all UCUM codes",
      "systems" : ["http://unitsofmeasure.org"],
      "oids" : ["2.16.840.1.113883.4.642.3.61"],
      "sources" : ["2.16.840.1.113883.4.642.3.61"],
      "uses" : {
      },
      "StructureDefinition-FrInpatientMedicationRequest.html" : "French Inpatient MedicationRequest",
      "StructureDefinition-FrInpatientMedicationRequest2.html" : "FrInpatientMedicationRequest2"
    },
    {
      "url" : "http://hl7.org/fhir/ValueSet/languages",
      "version" : "4.0.1",
      "status" : "draft",
      "name" : "CommonLanguages",
      "title" : "Common Languages",
      "description" : "This value set includes common codes from BCP-47 (http://tools.ietf.org/html/bcp47)",
      "systems" : ["urn:ietf:bcp:47"],
      "oids" : ["2.16.840.1.113883.4.642.3.20"],
      "sources" : ["2.16.840.1.113883.4.642.3.20"],
      "uses" : {
      },
      "StructureDefinition-FrInpatientMedicationDispense.html" : "FrInpatientMedicationDispense",
      "StructureDefinition-FrMedicationHistoryComposition.html" : "FrMedicationHistoryComposition",
      "StructureDefinition-FrMedicationReconciliationMedicationStatement.html" : "FrMedicationReconciliationMedicationStatement",
      "StructureDefinition-FrMedicationReconciliationComposition.html" : "FrMedicationReconciliationComposition",
      "StructureDefinition-FrOnAdmissionRetroactiveMedicationReconciliationComposition.html" : "FrOnAdmissionRetroactiveMedicationReconciliationComposition",
      "StructureDefinition-FrOnAdmissionMedicationComposition.html" : "FrOnAdmissionMedicationComposition",
      "StructureDefinition-FrMedicationUcd.html" : "French branded name Medication",
      "StructureDefinition-FrInpatientMedicationRequest.html" : "French Inpatient MedicationRequest",
      "StructureDefinition-FrInpatientMedicationRequest2.html" : "FrInpatientMedicationRequest2",
      "StructureDefinition-FrCurrentMedicationComposition.html" : "FrCurrentMedicationComposition",
      "StructureDefinition-FrMedication.html" : "FrMedication",
      "StructureDefinition-FrMedicationUcdPart.html" : "French Ucd Part Medication",
      "StructureDefinition-FrMedication2unique.html" : "FrMedication2unique",
      "StructureDefinition-FrCurrentMedicationMedicationStatement.html" : "FrCurrentMedicationMedicationStatement",
      "StructureDefinition-FrMedicationNonproprietaryName.html" : "French non proprietary name Medication",
      "StructureDefinition-FrMedicationHistoryMedicationStatement.html" : "FrMedicationHistoryMedicationStatement",
      "StructureDefinition-FrMedicationCompound.html" : "French compound Medication"
    },
    {
      "url" : "http://hl7.org/fhir/ValueSet/list-empty-reason",
      "version" : "4.0.1",
      "status" : "draft",
      "name" : "ListEmptyReasons",
      "title" : "List Empty Reasons",
      "description" : "General reasons for a list to be empty. Reasons are either related to a summary list (i.e. problem or medication list) or to a workflow related list (i.e. consultation list).",
      "systems" : ["http://terminology.hl7.org/CodeSystem/list-empty-reason"],
      "oids" : ["2.16.840.1.113883.4.642.3.322"],
      "sources" : ["2.16.840.1.113883.4.642.3.322"],
      "uses" : {
      },
      "StructureDefinition-FrMedicationHistoryComposition.html" : "FrMedicationHistoryComposition",
      "StructureDefinition-FrMedicationReconciliationComposition.html" : "FrMedicationReconciliationComposition",
      "StructureDefinition-FrOnAdmissionRetroactiveMedicationReconciliationComposition.html" : "FrOnAdmissionRetroactiveMedicationReconciliationComposition",
      "StructureDefinition-FrOnAdmissionMedicationComposition.html" : "FrOnAdmissionMedicationComposition",
      "StructureDefinition-FrCurrentMedicationComposition.html" : "FrCurrentMedicationComposition"
    },
    {
      "url" : "http://hl7.org/fhir/ValueSet/list-mode",
      "version" : "4.0.1",
      "status" : "draft",
      "name" : "ListMode",
      "title" : "ListMode",
      "description" : "The processing mode that applies to this list.",
      "systems" : ["http://hl7.org/fhir/list-mode"],
      "oids" : ["2.16.840.1.113883.4.642.3.318"],
      "sources" : ["2.16.840.1.113883.4.642.3.318"],
      "uses" : {
      },
      "StructureDefinition-FrMedicationHistoryComposition.html" : "FrMedicationHistoryComposition",
      "StructureDefinition-FrMedicationReconciliationComposition.html" : "FrMedicationReconciliationComposition",
      "StructureDefinition-FrOnAdmissionRetroactiveMedicationReconciliationComposition.html" : "FrOnAdmissionRetroactiveMedicationReconciliationComposition",
      "StructureDefinition-FrOnAdmissionMedicationComposition.html" : "FrOnAdmissionMedicationComposition",
      "StructureDefinition-FrCurrentMedicationComposition.html" : "FrCurrentMedicationComposition"
    },
    {
      "url" : "http://hl7.org/fhir/ValueSet/list-order",
      "version" : "4.0.1",
      "status" : "draft",
      "name" : "ListOrderCodes",
      "title" : "List Order Codes",
      "description" : "Base values for the order of the items in a list resource.",
      "systems" : ["http://terminology.hl7.org/CodeSystem/list-order"],
      "oids" : ["2.16.840.1.113883.4.642.3.324"],
      "sources" : ["2.16.840.1.113883.4.642.3.324"],
      "uses" : {
      },
      "StructureDefinition-FrMedicationHistoryComposition.html" : "FrMedicationHistoryComposition",
      "StructureDefinition-FrMedicationReconciliationComposition.html" : "FrMedicationReconciliationComposition",
      "StructureDefinition-FrOnAdmissionRetroactiveMedicationReconciliationComposition.html" : "FrOnAdmissionRetroactiveMedicationReconciliationComposition",
      "StructureDefinition-FrOnAdmissionMedicationComposition.html" : "FrOnAdmissionMedicationComposition",
      "StructureDefinition-FrCurrentMedicationComposition.html" : "FrCurrentMedicationComposition"
    },
    {
      "url" : "http://hl7.org/fhir/ValueSet/medication-as-needed-reason",
      "version" : "4.0.1",
      "status" : "draft",
      "name" : "SNOMEDCTMedicationAsNeededReasonCodes",
      "title" : "SNOMED CT Medication As Needed Reason Codes",
      "description" : "This value set includes all clinical findings from SNOMED CT - provided as an exemplar value set.",
      "systems" : ["http://snomed.info/sct"],
      "oids" : ["2.16.840.1.113883.4.642.3.96"],
      "sources" : ["2.16.840.1.113883.4.642.3.96"],
      "uses" : {
      },
      "StructureDefinition-FrMedicationReconciliationMedicationStatement.html" : "FrMedicationReconciliationMedicationStatement",
      "StructureDefinition-FrCurrentMedicationMedicationStatement.html" : "FrCurrentMedicationMedicationStatement",
      "StructureDefinition-FrMedicationHistoryMedicationStatement.html" : "FrMedicationHistoryMedicationStatement",
      "StructureDefinition-FrInpatientMedicationRequest.html" : "French Inpatient MedicationRequest"
    },
    {
      "url" : "http://hl7.org/fhir/ValueSet/medication-codes",
      "version" : "4.0.1",
      "status" : "draft",
      "name" : "SNOMEDCTMedicationCodes",
      "title" : "SNOMED CT Medication Codes",
      "description" : "This value set includes all drug or medicament substance codes and all pharmaceutical/biologic products from SNOMED CT - provided as an exemplar value set.",
      "systems" : ["http://snomed.info/sct"],
      "oids" : ["2.16.840.1.113883.4.642.3.375"],
      "sources" : ["2.16.840.1.113883.4.642.3.375"],
      "uses" : {
      },
      "StructureDefinition-FrInpatientMedicationDispense.html" : "FrInpatientMedicationDispense",
      "StructureDefinition-FrMedication2unique.html" : "FrMedication2unique",
      "StructureDefinition-FrMedicationCompound.html" : "French compound Medication",
      "StructureDefinition-FrInpatientMedicationRequest2.html" : "FrInpatientMedicationRequest2",
      "StructureDefinition-FrMedication.html" : "FrMedication",
      "StructureDefinition-FrMedicationUcdPart.html" : "French Ucd Part Medication"
    },
    {
      "url" : "http://hl7.org/fhir/ValueSet/medication-form-codes",
      "version" : "4.0.1",
      "status" : "draft",
      "name" : "SNOMEDCTFormCodes",
      "title" : "SNOMED CT Form Codes",
      "description" : "This value set includes all dose form codes from SNOMED CT - provided as an exemplar.",
      "systems" : ["http://snomed.info/sct"],
      "oids" : ["2.16.840.1.113883.4.642.3.374"],
      "sources" : ["2.16.840.1.113883.4.642.3.374"],
      "uses" : {
      },
      "StructureDefinition-FrMedication2unique.html" : "FrMedication2unique",
      "StructureDefinition-FrMedication.html" : "FrMedication"
    },
    {
      "url" : "http://hl7.org/fhir/ValueSet/medication-ingredientstrength",
      "version" : "0.1.0",
      "status" : "draft",
      "name" : "MedicationIngredientStrengthCodes",
      "title" : null,
      "description" : "Medication Ingredient Strength Codes",
      "systems" : [
        "http://hl7.org/fhir/CodeSystem/medication-ingredientstrength"
      ],
      "oids" : ["2.16.840.1.113883.4.642.3.1426"],
      "sources" : ["2.16.840.1.113883.4.642.3.1426"],
      "uses" : {
      },
      "StructureDefinition-FrStrengthCodeableConcept.html" : "Strength CodeableConcept"
    },
    {
      "url" : "http://hl7.org/fhir/ValueSet/medication-statement-category",
      "version" : "4.0.1",
      "status" : "draft",
      "name" : "Medication usage category codes",
      "title" : "Medication usage category codes",
      "description" : "Medication Status Codes",
      "systems" : [
        "http://terminology.hl7.org/CodeSystem/medication-statement-category"
      ],
      "oids" : ["2.16.840.1.113883.4.642.3.370"],
      "sources" : ["2.16.840.1.113883.4.642.3.370"],
      "uses" : {
      },
      "StructureDefinition-FrMedicationReconciliationMedicationStatement.html" : "FrMedicationReconciliationMedicationStatement",
      "StructureDefinition-FrCurrentMedicationMedicationStatement.html" : "FrCurrentMedicationMedicationStatement",
      "StructureDefinition-FrMedicationHistoryMedicationStatement.html" : "FrMedicationHistoryMedicationStatement"
    },
    {
      "url" : "http://hl7.org/fhir/ValueSet/medication-statement-status",
      "version" : "4.0.1",
      "status" : "draft",
      "name" : "Medication Status Codes",
      "title" : "Medication  status  codes",
      "description" : "Medication Status Codes",
      "systems" : ["http://hl7.org/fhir/CodeSystem/medication-statement-status"],
      "oids" : ["2.16.840.1.113883.4.642.3.367"],
      "sources" : ["2.16.840.1.113883.4.642.3.367"],
      "uses" : {
      },
      "StructureDefinition-FrMedicationReconciliationMedicationStatement.html" : "FrMedicationReconciliationMedicationStatement",
      "StructureDefinition-FrCurrentMedicationMedicationStatement.html" : "FrCurrentMedicationMedicationStatement",
      "StructureDefinition-FrMedicationHistoryMedicationStatement.html" : "FrMedicationHistoryMedicationStatement"
    },
    {
      "url" : "http://hl7.org/fhir/ValueSet/medication-status",
      "version" : "4.0.1",
      "status" : "draft",
      "name" : "Medication Status Codes",
      "title" : "Medication  status  codes",
      "description" : "Medication Status Codes",
      "systems" : ["http://hl7.org/fhir/CodeSystem/medication-status"],
      "oids" : ["2.16.840.1.113883.4.642.3.376"],
      "sources" : ["2.16.840.1.113883.4.642.3.376"],
      "uses" : {
      },
      "StructureDefinition-FrMedication2unique.html" : "FrMedication2unique",
      "StructureDefinition-FrMedicationNonproprietaryName.html" : "French non proprietary name Medication",
      "StructureDefinition-FrMedicationUcd.html" : "French branded name Medication",
      "StructureDefinition-FrMedicationCompound.html" : "French compound Medication",
      "StructureDefinition-FrMedication.html" : "FrMedication",
      "StructureDefinition-FrMedicationUcdPart.html" : "French Ucd Part Medication"
    },
    {
      "url" : "http://hl7.org/fhir/ValueSet/medicationdispense-category",
      "version" : "4.0.1",
      "status" : "draft",
      "name" : "MedicationDispense Category Codes",
      "title" : "Medication dispense  category  codes",
      "description" : "MedicationDispense Category Codes",
      "systems" : [
        "http://terminology.hl7.org/fhir/CodeSystem/medicationdispense-category"
      ],
      "oids" : ["2.16.840.1.113883.4.642.3.1314"],
      "sources" : ["2.16.840.1.113883.4.642.3.1314"],
      "uses" : {
      },
      "StructureDefinition-FrInpatientMedicationDispense.html" : "FrInpatientMedicationDispense"
    },
    {
      "url" : "http://hl7.org/fhir/ValueSet/medicationdispense-performer-function",
      "version" : "4.0.1",
      "status" : "draft",
      "name" : "MedicationDispense Performer Function Codes",
      "title" : "Medication dispense  performer  function  codes",
      "description" : "MedicationDispense Performer Function Codes",
      "systems" : [
        "http://terminology.hl7.org/CodeSystem/medicationdispense-performer-function"
      ],
      "oids" : ["2.16.840.1.113883.4.642.3.1318"],
      "sources" : ["2.16.840.1.113883.4.642.3.1318"],
      "uses" : {
      },
      "StructureDefinition-FrInpatientMedicationDispense.html" : "FrInpatientMedicationDispense"
    },
    {
      "url" : "http://hl7.org/fhir/ValueSet/medicationdispense-status",
      "version" : "4.0.1",
      "status" : "draft",
      "name" : "MedicationDispense Status Codes",
      "title" : "Medication dispense  status  codes",
      "description" : "MedicationDispense Status Codes",
      "systems" : [
        "http://terminology.hl7.org/CodeSystem/medicationdispense-status"
      ],
      "oids" : ["2.16.840.1.113883.4.642.3.1312"],
      "sources" : ["2.16.840.1.113883.4.642.3.1312"],
      "uses" : {
      },
      "StructureDefinition-FrInpatientMedicationDispense.html" : "FrInpatientMedicationDispense"
    },
    {
      "url" : "http://hl7.org/fhir/ValueSet/medicationdispense-status-reason",
      "version" : "4.0.1",
      "status" : "draft",
      "name" : "MedicationDispense Status Reason Codes",
      "title" : "Medication dispense  status  reason  codes",
      "description" : "MedicationDispense Status Codes",
      "systems" : [
        "http://terminology.hl7.org/fhir/CodeSystem/medicationdispense-status-reason"
      ],
      "oids" : ["2.16.840.1.113883.4.642.3.1316"],
      "sources" : ["2.16.840.1.113883.4.642.3.1316"],
      "uses" : {
      },
      "StructureDefinition-FrInpatientMedicationDispense.html" : "FrInpatientMedicationDispense"
    },
    {
      "url" : "http://hl7.org/fhir/ValueSet/medicationknowledge-characteristic",
      "version" : "4.0.1",
      "status" : "draft",
      "name" : "medicationKnowledge Characteristic Codes",
      "title" : "Medication knowledge  characteristic  codes",
      "description" : "MedicationKnowledge Characteristic Codes",
      "systems" : [
        "http://terminology.hl7.org/CodeSystem/medicationknowledge-characteristic"
      ],
      "oids" : ["2.16.840.1.113883.4.642.3.1337"],
      "sources" : ["2.16.840.1.113883.4.642.3.1337"],
      "uses" : {
      },
      "StructureDefinition-FrDrugCharacteristic.html" : "Medication descriptive properties"
    },
    {
      "url" : "http://hl7.org/fhir/ValueSet/medicationrequest-category",
      "version" : "4.0.1",
      "status" : "draft",
      "name" : "medicationRequest Category Codes",
      "title" : "Medication request  category  codes",
      "description" : "MedicationRequest Category Codes",
      "systems" : [
        "http://terminology.hl7.org/CodeSystem/medicationrequest-category"
      ],
      "oids" : ["2.16.840.1.113883.4.642.3.1322"],
      "sources" : ["2.16.840.1.113883.4.642.3.1322"],
      "uses" : {
      },
      "StructureDefinition-FrInpatientMedicationRequest.html" : "French Inpatient MedicationRequest",
      "StructureDefinition-FrInpatientMedicationRequest2.html" : "FrInpatientMedicationRequest2"
    },
    {
      "url" : "http://hl7.org/fhir/ValueSet/medicationrequest-course-of-therapy",
      "version" : "4.0.1",
      "status" : "draft",
      "name" : "medicationRequest Course of Therapy Codes",
      "title" : "Medication request  course of  therapy  codes",
      "description" : "MedicationRequest Course of Therapy Codes",
      "systems" : [
        "http://terminology.hl7.org/CodeSystem/medicationrequest-course-of-therapy"
      ],
      "oids" : ["2.16.840.1.113883.4.642.3.1326"],
      "sources" : ["2.16.840.1.113883.4.642.3.1326"],
      "uses" : {
      },
      "StructureDefinition-FrInpatientMedicationRequest.html" : "French Inpatient MedicationRequest",
      "StructureDefinition-FrInpatientMedicationRequest2.html" : "FrInpatientMedicationRequest2"
    },
    {
      "url" : "http://hl7.org/fhir/ValueSet/medicationrequest-intent",
      "version" : "4.0.1",
      "status" : "draft",
      "name" : "medicationRequest Intent",
      "title" : "Medication request  intent",
      "description" : "MedicationRequest Intent Codes",
      "systems" : ["http://hl7.org/fhir/CodeSystem/medicationrequest-intent"],
      "oids" : ["2.16.840.1.113883.4.642.3.1321"],
      "sources" : ["2.16.840.1.113883.4.642.3.1321"],
      "uses" : {
      },
      "StructureDefinition-FrInpatientMedicationRequest.html" : "French Inpatient MedicationRequest",
      "StructureDefinition-FrInpatientMedicationRequest2.html" : "FrInpatientMedicationRequest2"
    },
    {
      "url" : "http://hl7.org/fhir/ValueSet/medicationrequest-status",
      "version" : "4.0.1",
      "status" : "draft",
      "name" : "medicationrequest Status",
      "title" : "Medicationrequest  status",
      "description" : "MedicationRequest Status Codes",
      "systems" : ["http://hl7.org/fhir/CodeSystem/medicationrequest-status"],
      "oids" : ["2.16.840.1.113883.4.642.3.1320"],
      "sources" : ["2.16.840.1.113883.4.642.3.1320"],
      "uses" : {
      },
      "StructureDefinition-FrInpatientMedicationRequest.html" : "French Inpatient MedicationRequest",
      "StructureDefinition-FrInpatientMedicationRequest2.html" : "FrInpatientMedicationRequest2"
    },
    {
      "url" : "http://hl7.org/fhir/ValueSet/medicationrequest-status-reason",
      "version" : "4.0.1",
      "status" : "draft",
      "name" : "medicationRequest Status Reason Codes",
      "title" : "Medication request  status  reason  codes",
      "description" : "MedicationRequest Status Reason Codes",
      "systems" : [
        "http://terminology.hl7.org/CodeSystem/medicationrequest-status-reason"
      ],
      "oids" : ["2.16.840.1.113883.4.642.3.1324"],
      "sources" : ["2.16.840.1.113883.4.642.3.1324"],
      "uses" : {
      },
      "StructureDefinition-FrInpatientMedicationRequest.html" : "French Inpatient MedicationRequest",
      "StructureDefinition-FrInpatientMedicationRequest2.html" : "FrInpatientMedicationRequest2"
    },
    {
      "url" : "http://hl7.org/fhir/ValueSet/performer-role",
      "version" : "4.0.1",
      "status" : "draft",
      "name" : "ProcedurePerformerRoleCodes",
      "title" : "Procedure Performer Role Codes",
      "description" : "This example value set defines the set of codes that can be used to indicate a role of a procedure performer.",
      "systems" : ["http://snomed.info/sct"],
      "oids" : ["2.16.840.1.113883.4.642.3.433"],
      "sources" : ["2.16.840.1.113883.4.642.3.433"],
      "uses" : {
      },
      "StructureDefinition-FrInpatientMedicationRequest.html" : "French Inpatient MedicationRequest",
      "StructureDefinition-FrInpatientMedicationRequest2.html" : "FrInpatientMedicationRequest2"
    },
    {
      "url" : "http://hl7.org/fhir/ValueSet/quantity-comparator",
      "version" : "4.0.1",
      "status" : "active",
      "name" : "QuantityComparator",
      "title" : "QuantityComparator",
      "description" : "How the Quantity should be understood and represented.",
      "systems" : ["http://hl7.org/fhir/quantity-comparator"],
      "oids" : ["2.16.840.1.113883.4.642.3.59"],
      "sources" : ["2.16.840.1.113883.4.642.3.59"],
      "uses" : {
      },
      "StructureDefinition-FrInpatientMedicationRequest.html" : "French Inpatient MedicationRequest",
      "StructureDefinition-FrSimpleQuantityUcum.html" : "SimpleQuantity with UCUM quantity unit"
    },
    {
      "url" : "http://hl7.org/fhir/ValueSet/reason-medication-status-codes",
      "version" : "4.0.1",
      "status" : "draft",
      "name" : "SNOMEDCTDrugTherapyStatusCodes",
      "title" : "SNOMED CT Drug Therapy Status codes ",
      "description" : "This value set includes some taken and not taken reason codes from SNOMED CT - provided as an exemplar",
      "systems" : ["http://snomed.info/sct"],
      "oids" : ["2.16.840.1.113883.4.642.3.369"],
      "sources" : ["2.16.840.1.113883.4.642.3.369"],
      "uses" : {
      },
      "StructureDefinition-FrMedicationReconciliationMedicationStatement.html" : "FrMedicationReconciliationMedicationStatement",
      "StructureDefinition-FrCurrentMedicationMedicationStatement.html" : "FrCurrentMedicationMedicationStatement",
      "StructureDefinition-FrMedicationHistoryMedicationStatement.html" : "FrMedicationHistoryMedicationStatement"
    },
    {
      "url" : "http://hl7.org/fhir/ValueSet/request-priority",
      "version" : "4.0.1",
      "status" : "draft",
      "name" : "RequestPriority",
      "title" : "Request priority",
      "description" : "The clinical priority of a diagnostic order.",
      "systems" : ["http://hl7.org/fhir/request-priority"],
      "oids" : ["2.16.840.1.113883.4.642.3.115"],
      "sources" : ["2.16.840.1.113883.4.642.3.115"],
      "uses" : {
      },
      "StructureDefinition-FrInpatientMedicationRequest.html" : "French Inpatient MedicationRequest",
      "StructureDefinition-FrInpatientMedicationRequest2.html" : "FrInpatientMedicationRequest2"
    },
    {
      "url" : "http://hl7.org/fhir/ValueSet/resource-types",
      "version" : "4.0.1",
      "status" : "active",
      "name" : "ResourceType",
      "title" : "ResourceType",
      "description" : "One of the resource types defined as part of this version of FHIR.",
      "systems" : ["http://hl7.org/fhir/resource-types"],
      "oids" : ["2.16.840.1.113883.4.642.3.27"],
      "sources" : ["2.16.840.1.113883.4.642.3.27"],
      "uses" : {
      },
      "StructureDefinition-FrMedicationHistoryComposition.html" : "FrMedicationHistoryComposition",
      "StructureDefinition-FrMedicationReconciliationMedicationStatement.html" : "FrMedicationReconciliationMedicationStatement",
      "StructureDefinition-FrMedicationReconciliationComposition.html" : "FrMedicationReconciliationComposition",
      "StructureDefinition-FrOnAdmissionRetroactiveMedicationReconciliationComposition.html" : "FrOnAdmissionRetroactiveMedicationReconciliationComposition",
      "StructureDefinition-FrCurrentMedicationMedicationStatement.html" : "FrCurrentMedicationMedicationStatement",
      "StructureDefinition-FrOnAdmissionMedicationComposition.html" : "FrOnAdmissionMedicationComposition",
      "StructureDefinition-FrMedicationHistoryMedicationStatement.html" : "FrMedicationHistoryMedicationStatement",
      "StructureDefinition-FrCurrentMedicationComposition.html" : "FrCurrentMedicationComposition"
    },
    {
      "url" : "http://hl7.org/fhir/ValueSet/route-codes",
      "version" : "4.0.1",
      "status" : "draft",
      "name" : "SNOMEDCTRouteCodes",
      "title" : "SNOMED CT Route Codes",
      "description" : "This value set includes all Route codes from SNOMED CT - provided as an exemplar.",
      "systems" : ["http://snomed.info/sct"],
      "oids" : ["2.16.840.1.113883.4.642.3.98"],
      "sources" : ["2.16.840.1.113883.4.642.3.98"],
      "uses" : {
      },
      "StructureDefinition-FrMedicationReconciliationMedicationStatement.html" : "FrMedicationReconciliationMedicationStatement",
      "StructureDefinition-FrCurrentMedicationMedicationStatement.html" : "FrCurrentMedicationMedicationStatement",
      "StructureDefinition-FrMedicationHistoryMedicationStatement.html" : "FrMedicationHistoryMedicationStatement"
    },
    {
      "url" : "http://hl7.org/fhir/ValueSet/security-labels",
      "version" : "4.0.1",
      "status" : "active",
      "name" : "All Security Labels",
      "title" : "SecurityLabels",
      "description" : "A single value set for all security labels defined by FHIR.",
      "systems" : [
        "http://terminology.hl7.org/CodeSystem/v3-ActReason",
        "http://terminology.hl7.org/CodeSystem/v3-ActUSPrivacyLaw",
        "http://terminology.hl7.org/CodeSystem/v3-ObservationValue",
        "http://terminology.hl7.org/CodeSystem/v3-ActCode",
        "http://terminology.hl7.org/CodeSystem/v3-Confidentiality"
      ],
      "oids" : ["2.16.840.1.113883.4.642.3.47"],
      "sources" : ["2.16.840.1.113883.4.642.3.47"],
      "uses" : {
      },
      "StructureDefinition-FrMedicationReconciliationMedicationStatement.html" : "FrMedicationReconciliationMedicationStatement",
      "StructureDefinition-FrMedicationHistoryMedicationStatement.html" : "FrMedicationHistoryMedicationStatement",
      "StructureDefinition-FrMedication.html" : "FrMedication"
    },
    {
      "url" : "http://interopsante.org/fhir/ValueSet/fr-current-medication-document-type",
      "version" : "0.1.0",
      "status" : "draft",
      "name" : "FrCurrentMedicationDocumentType",
      "title" : "value set InterOp'Santé - type de document de la ressource Composition d'une FCT",
      "description" : "Le jeu de valeurs à utiliser pour coder le type de document de la ressource *Composition* d'une liste des Traitements Médicamenteux Courants.",
      "systems" : ["http://interopsante.org/fhir/CodeSystem/fr-document-type"],
      "uses" : {
      },
      "StructureDefinition-FrOnAdmissionMedicationComposition.html" : "FrOnAdmissionMedicationComposition",
      "StructureDefinition-FrCurrentMedicationComposition.html" : "FrCurrentMedicationComposition"
    },
    {
      "url" : "http://interopsante.org/fhir/ValueSet/fr-editorial-status",
      "version" : "0.1.0",
      "status" : "draft",
      "name" : "FrEditorialStatus",
      "title" : "value set InterOp'Santé - Statut éditorial d'une valeur",
      "description" : "Le jeu de valeurs à utiliser pour coder le statut éditorial d'une valeur.",
      "systems" : [
        "http://interopsante.org/fhir/CodeSystem/fr-editorial-status"
      ],
      "uses" : {
      },
      "StructureDefinition-FrMedicationStatementReconciliationProperties.html" : "FrMedicationStatementReconciliationProperties"
    },
    {
      "url" : "http://interopsante.org/fhir/ValueSet/fr-medication-history-source-type",
      "version" : "0.1.0",
      "status" : "draft",
      "name" : "FrMedicationHistorySourceType",
      "title" : "value set SIPh - Nature des sources d'un Bilan Médicamenteux",
      "description" : "Un jeu de valeurs à utiliser pour coder les sources d'un Bilan Médicamenteux.",
      "systems" : [
        "http://interopsante.org/fhir/CodeSystem/fr-medication-history-source-type"
      ],
      "uses" : {
      },
      "StructureDefinition-fr-medication-history-sources.html" : "FrMedicationHistorySources"
    },
    {
      "url" : "http://interopsante.org/fhir/ValueSet/fr-medication-reconciliation-document-type",
      "version" : "0.1.0",
      "status" : "draft",
      "name" : "FrMedicationReconciliationDocumentType",
      "title" : "value set InterOp'Santé - type de document de la ressource Composition d'une FCT",
      "description" : "Le jeu de valeurs à utiliser pour coder le type de document de la ressource *Composition* d'une FCT (Fiche de Conciliation des Traitements médicamenteux).",
      "systems" : ["http://interopsante.org/fhir/CodeSystem/fr-document-type"],
      "uses" : {
      },
      "StructureDefinition-FrMedicationReconciliationComposition.html" : "FrMedicationReconciliationComposition",
      "StructureDefinition-FrOnAdmissionRetroactiveMedicationReconciliationComposition.html" : "FrOnAdmissionRetroactiveMedicationReconciliationComposition"
    },
    {
      "url" : "http://interopsante.org/fhir/ValueSet/fr-medication-reconciliation-outcome",
      "version" : "0.1.0",
      "status" : "draft",
      "name" : "FrMedicationReconciliationOutcome",
      "title" : "value set InterOp'Santé - Gravité de l'erreur sur une ligne de traitement d'une FCT",
      "description" : "Le jeu de valeurs à utiliser pour coder la gravité de l'erreur sur une ligne de traitement d'une FCT (Fiche de Conciliation des Traitements médicamenteux).",
      "systems" : [
        "http://interopsante.org/fhir/CodeSystem/fr-medication-reconciliation-outcome"
      ],
      "uses" : {
      },
      "StructureDefinition-FrMedicationStatementReconciliationProperties.html" : "FrMedicationStatementReconciliationProperties"
    },
    {
      "url" : "http://interopsante.org/fhir/ValueSet/fr-medication-reconciliation-resolution",
      "version" : "0.1.0",
      "status" : "draft",
      "name" : "FrMedicationReconciliationResolution",
      "title" : "value set InterOp'Santé - Résolution d'une divergence sur une ligne de traitement d'une FCT",
      "description" : "Un jeu de valeurs à utiliser pour coder la résolution d'une divergence sur une ligne de traitement d'une FCT (Fiche de Conciliation des Traitements médicamenteux).",
      "systems" : [
        "http://interopsante.org/fhir/CodeSystem/fr-medication-reconciliation-resolution"
      ],
      "uses" : {
      },
      "StructureDefinition-FrMedicationStatementReconciliationProperties.html" : "FrMedicationStatementReconciliationProperties"
    },
    {
      "url" : "http://interopsante.org/fhir/ValueSet/fr-medication-reconciliation-status",
      "version" : "0.1.0",
      "status" : "draft",
      "name" : "FrMedicationReconciliationStatus",
      "title" : "value set InterOp'Santé - Statut d'une ligne de traitement d'une FCT",
      "description" : "Le jeu de valeurs à utiliser pour coder le statut d'une ligne de traitement d'une FCT (Fiche de Conciliation des Traitements médicamenteux).",
      "systems" : [
        "http://interopsante.org/fhir/CodeSystem/fr-medication-reconciliation-status"
      ],
      "uses" : {
      },
      "StructureDefinition-FrMedicationStatementReconciliationProperties.html" : "FrMedicationStatementReconciliationProperties"
    },
    {
      "url" : "http://interopsante.org/fhir/ValueSet/fr-medication-reconciliation-type",
      "version" : "0.1.0",
      "status" : "draft",
      "name" : "FrMedicationReconciliationType",
      "title" : "value set InterOp'Santé - Type d'écart/erreur sur une ligne de traitement d'une FCT",
      "description" : "Le jeu de valeurs à utiliser pour coder le type d'écart/erreur sur une ligne de traitement d'une FCT (Fiche de Conciliation des Traitements médicamenteux).",
      "systems" : [
        "http://interopsante.org/fhir/CodeSystem/fr-medication-reconciliation-type"
      ],
      "uses" : {
      },
      "StructureDefinition-FrMedicationStatementReconciliationProperties.html" : "FrMedicationStatementReconciliationProperties"
    },
    {
      "url" : "http://interopsante.org/fhir/ValueSet/fr-medicinal-product-only",
      "version" : "0.1.0",
      "status" : "draft",
      "name" : "FrMedicinalProductOnly",
      "title" : "French Medicinal Product only",
      "description" : "Le jeu de valeurs à utiliser pour coder l'élément *code* de la ressource *FrMedicationNonproprietaryName*.",
      "systems" : ["http://snomed.info/sct"],
      "uses" : {
      },
      "StructureDefinition-FrMedication2unique.html" : "FrMedication2unique",
      "StructureDefinition-FrMedicationNonproprietaryName.html" : "French non proprietary name Medication"
    },
    {
      "url" : "http://interopsante.org/fhir/ValueSet/fr-method-of-administration",
      "version" : "0.1.0",
      "status" : "draft",
      "name" : "FrMethodOfAdministration",
      "title" : "French Method Of Administration",
      "description" : "Le jeu de valeurs à utiliser pour coder l'élément *dosageInstruction.method* de la ressource *FrMedicationRequest*.",
      "systems" : ["http://snomed.info/sct"],
      "uses" : {
      },
      "StructureDefinition-FrInpatientMedicationRequest.html" : "French Inpatient MedicationRequest"
    },
    {
      "url" : "http://interopsante.org/fhir/ValueSet/fr-mp-dose-form",
      "version" : "0.1.0",
      "status" : "draft",
      "name" : "FrMpDoseForm",
      "title" : "French Medicinal product Dose form",
      "description" : "Le jeu de valeurs à utiliser pour coder l'élément *doseForm* des ressources *FrMedicationUcd*, *FrMedicationUcdPart* ou *FrMedicationNonProprietaryName*.",
      "systems" : ["http://snomed.info/sct"],
      "uses" : {
      },
      "StructureDefinition-FrMedicationNonproprietaryName.html" : "French non proprietary name Medication",
      "StructureDefinition-FrMedicationUcd.html" : "French branded name Medication",
      "StructureDefinition-FrMedicationCompound.html" : "French compound Medication",
      "StructureDefinition-FrMedicationUcdPart.html" : "French Ucd Part Medication"
    },
    {
      "url" : "http://interopsante.org/fhir/ValueSet/fr-mp-substance-active",
      "version" : "0.1.0",
      "status" : "draft",
      "name" : "FrMpSubstanceActive",
      "title" : "French Medicinal product Active substance",
      "description" : "Le jeu de valeurs à utiliser pour coder l'élément *ingredient.itemCodeableConcept* des ressources *FrMedicationUcd*, *FrMedicationUcdPart* et *FrMedicationNonproprietaryName*.",
      "systems" : ["http://snomed.info/sct"],
      "uses" : {
      },
      "StructureDefinition-FrMPSubstanceActive.html" : "French Active Substance of a Medicinal Product",
      "StructureDefinition-FrMPSubstance2Active.html" : "FrMPSubstance2Active"
    },
    {
      "url" : "http://interopsante.org/fhir/ValueSet/fr-mp-unit-of-presentation",
      "version" : "0.1.0",
      "status" : "draft",
      "name" : "FrMpUnitOfPresentation",
      "title" : "French Medicinal product Unit of Presentation",
      "description" : "Le jeu de valeurs à utiliser pour coder l'unité de présentation de la dose.",
      "systems" : ["http://snomed.info/sct"]
    },
    {
      "url" : "http://interopsante.org/fhir/ValueSet/fr-route-of-administration",
      "version" : "0.1.0",
      "status" : "draft",
      "name" : "FrRouteOfAdministration",
      "title" : "French Route of Administration",
      "description" : "Le jeu de valeurs à utiliser pour coder l'élément *dosageInstruction.route* de la ressource *FrMedicationRequest*.",
      "systems" : ["http://snomed.info/sct"],
      "uses" : {
      },
      "StructureDefinition-FrInpatientMedicationRequest.html" : "French Inpatient MedicationRequest"
    },
    {
      "url" : "http://interopsante.org/fhir/ValueSet/fr-treatment-intent",
      "version" : "0.1.0",
      "status" : "draft",
      "name" : "FrTreatmentIntent",
      "title" : "French overall intention of the treatment",
      "description" : "Le jeu de valeurs à utiliser pour coder l'élément *treatmentIntent* de la ressource *FrInpatientMedicationRequest*.",
      "systems" : ["http://snomed.info/sct"],
      "uses" : {
      },
      "StructureDefinition-FrInpatientMedicationRequest.html" : "French Inpatient MedicationRequest",
      "StructureDefinition-FrTeatmentIntent.html" : "MedicationRequest overall treatment intent"
    },
    {
      "url" : "http://terminology.hl7.org/ValueSet/v3-ActCode",
      "version" : "3.0.0",
      "status" : "active",
      "name" : "ActCode",
      "title" : "v3 Code System ActCode",
      "description" : "A code specifying the particular kind of Act that the Act-instance represents within its class.  Constraints:\r\nThe kind of Act (e.g. physical examination, serum potassium, inpatient encounter, charge financial transaction, etc.) is specified with a code from one of several, typically external, coding systems.  The coding system will depend on the class of Act, such as LOINC for observations, etc. Conceptually, the Act.code must be a specialization of the Act.classCode. This is why the structure of ActClass domain should be reflected in the superstructure of the ActCode domain and then individual codes or externally referenced vocabularies subordinated under these domains that reflect the ActClass structure. Act.classCode and Act.code are not modifiers of each other but the Act.code concept should really imply the Act.classCode concept. For a negative example, it is not appropriate to use an Act.code \"potassium\" together with and Act.classCode for \"laboratory observation\" to somehow mean \"potassium laboratory observation\" and then use the same Act.code for \"potassium\" together with Act.classCode for \"medication\" to mean \"substitution of potassium\". This mutually modifying use of Act.code and Act.classCode is not permitted.",
      "systems" : ["http://terminology.hl7.org/CodeSystem/v3-ActCode"],
      "uses" : {
      },
      "StructureDefinition-FrMedicationHistoryComposition.html" : "FrMedicationHistoryComposition",
      "StructureDefinition-FrMedicationReconciliationComposition.html" : "FrMedicationReconciliationComposition",
      "StructureDefinition-FrOnAdmissionRetroactiveMedicationReconciliationComposition.html" : "FrOnAdmissionRetroactiveMedicationReconciliationComposition",
      "StructureDefinition-FrOnAdmissionMedicationComposition.html" : "FrOnAdmissionMedicationComposition",
      "StructureDefinition-FrCurrentMedicationComposition.html" : "FrCurrentMedicationComposition"
    },
    {
      "url" : "http://terminology.hl7.org/ValueSet/v3-ActPharmacySupplyType",
      "version" : "3.0.0",
      "status" : "active",
      "name" : "ActPharmacySupplyType",
      "title" : "ActPharmacySupplyType",
      "description" : "Identifies types of dispensing events",
      "systems" : ["http://terminology.hl7.org/CodeSystem/v3-ActCode"],
      "oids" : ["2.16.840.1.113883.1.11.16208"],
      "sources" : ["2.16.840.1.113883.1.11.16208"],
      "uses" : {
      },
      "StructureDefinition-FrInpatientMedicationDispense.html" : "FrInpatientMedicationDispense"
    },
    {
      "url" : "http://terminology.hl7.org/ValueSet/v3-ActSubstanceAdminSubstitutionCode",
      "version" : "3.0.0",
      "status" : "active",
      "name" : "ActSubstanceAdminSubstitutionCode",
      "title" : "ActSubstanceAdminSubstitutionCode",
      "description" : "***No description***",
      "systems" : [
        "http://terminology.hl7.org/CodeSystem/v3-substanceAdminSubstitution"
      ],
      "oids" : ["2.16.840.1.113883.1.11.16621"],
      "sources" : ["2.16.840.1.113883.1.11.16621"],
      "uses" : {
      },
      "StructureDefinition-FrInpatientMedicationDispense.html" : "FrInpatientMedicationDispense",
      "StructureDefinition-FrInpatientMedicationRequest.html" : "French Inpatient MedicationRequest",
      "StructureDefinition-FrInpatientMedicationRequest2.html" : "FrInpatientMedicationRequest2"
    },
    {
      "url" : "http://terminology.hl7.org/ValueSet/v3-ConfidentialityClassification",
      "version" : "2014-03-26",
      "status" : "active",
      "name" : "v3.ConfidentialityClassification",
      "title" : "V3 Value SetConfidentialityClassification",
      "description" : "Set of codes used to value Act.Confidentiality and Role.Confidentiality attribute in accordance with the definition for concept domain \"Confidentiality\".",
      "systems" : ["http://terminology.hl7.org/CodeSystem/v3-Confidentiality"],
      "oids" : ["2.16.840.1.113883.1.11.10228"],
      "sources" : ["2.16.840.1.113883.1.11.10228"],
      "uses" : {
      },
      "StructureDefinition-FrMedicationHistoryComposition.html" : "FrMedicationHistoryComposition",
      "StructureDefinition-FrMedicationReconciliationComposition.html" : "FrMedicationReconciliationComposition",
      "StructureDefinition-FrOnAdmissionRetroactiveMedicationReconciliationComposition.html" : "FrOnAdmissionRetroactiveMedicationReconciliationComposition",
      "StructureDefinition-FrOnAdmissionMedicationComposition.html" : "FrOnAdmissionMedicationComposition",
      "StructureDefinition-FrCurrentMedicationComposition.html" : "FrCurrentMedicationComposition"
    },
    {
      "url" : "http://terminology.hl7.org/ValueSet/v3-SubstanceAdminSubstitutionReason",
      "version" : "3.0.0",
      "status" : "active",
      "name" : "SubstanceAdminSubstitutionReason",
      "title" : "SubstanceAdminSubstitutionReason",
      "description" : "***No description***",
      "systems" : ["http://terminology.hl7.org/CodeSystem/v3-ActReason"],
      "oids" : ["2.16.840.1.113883.1.11.19377"],
      "sources" : ["2.16.840.1.113883.1.11.19377"],
      "uses" : {
      },
      "StructureDefinition-FrInpatientMedicationDispense.html" : "FrInpatientMedicationDispense",
      "StructureDefinition-FrInpatientMedicationRequest.html" : "French Inpatient MedicationRequest",
      "StructureDefinition-FrInpatientMedicationRequest2.html" : "FrInpatientMedicationRequest2"
    },
    {
      "url" : "https://hl7.fr/fhir/fr/medication/ValueSet/FrMedicationReconciliationQualifiedDiscrepancy",
      "version" : "0.1.0",
      "status" : "draft",
      "name" : "FrMedicationReconciliationQualifiedDiscrepancy",
      "title" : "value set InterOp'Santé - qualification de la divergence identifiée sur une ligne de traitement d'une FCT",
      "description" : "Le jeu de valeurs à utiliser pour coder la qualification de la divergence identifiée sur une ligne de traitement d'une FCT (Fiche de Conciliation des Traitements médicamenteux).",
      "systems" : [
        "http://interopsante.org/fhir/CodeSystem/fr-medication-reconciliation-discrepancy"
      ],
      "uses" : {
      },
      "StructureDefinition-FrMedicationStatementReconciliationProperties.html" : "FrMedicationStatementReconciliationProperties"
    }
  ]
}
