{"resourceType":"ValueSet","id":"fr-editorial-status","meta":{"profile":["http://hl7.org/fhir/StructureDefinition/shareablevalueset"]},"text":{"status":"generated","div":"<div xmlns=\"http://www.w3.org/1999/xhtml\"><p class=\"res-header-id\"><b>Generated Narrative: ValueSet fr-editorial-status</b></p><a name=\"fr-editorial-status\"> </a><a name=\"hcfr-editorial-status\"> </a><a name=\"fr-editorial-status-en-US\"> </a><ul><li>Include all codes defined in <a href=\"CodeSystem-fr-editorial-status.html\"><code>https://hl7.fr/fhir/fr/medication/CodeSystem/fr-editorial-status</code></a></li></ul></div>"},"url":"https://hl7.fr/fhir/fr/medication/ValueSet/fr-editorial-status","version":"0.1.0","name":"FrEditorialStatus","title":"value set Interop'Santé - Statut éditorial d'une valeur","status":"draft","experimental":false,"date":"2025-02-05T13:40:24+00:00","publisher":"Interop'Santé","contact":[{"name":"Interop'Santé","telecom":[{"system":"url","value":"http://interopsante.org/"}]}],"description":"Le jeu de valeurs à utiliser pour coder le statut éditorial d'une valeur.","immutable":false,"compose":{"include":[{"system":"https://hl7.fr/fhir/fr/medication/CodeSystem/fr-editorial-status"}]}}