<?xml version="1.0" encoding="UTF-8"?><ValueSet xmlns="http://hl7.org/fhir"><id value="fr-treatment-intent"/><meta><profile value="http://hl7.org/fhir/StructureDefinition/shareablevalueset"/></meta><text><status value="generated"/><div xmlns="http://www.w3.org/1999/xhtml"><p class="res-header-id"><b>Generated Narrative: ValueSet fr-treatment-intent</b></p><a name="fr-treatment-intent"> </a><a name="hcfr-treatment-intent"> </a><div style="display: inline-block; background-color: #d9e0e7; padding: 6px; margin: 4px; border: 1px solid #8da1b4; border-radius: 5px; line-height: 60%"><p style="margin-bottom: 0px"/><p style="margin-bottom: 0px">Profile: <a href="http://hl7.org/fhir/R4/shareablevalueset.html">Shareable ValueSet</a></p></div><ul><li>Include codes from<a href="http://www.snomed.org/"><code>http://snomed.info/sct</code></a> where constraint  = &lt; 363675004 |Intents (nature of procedure values) (qualifier value)|</li></ul></div></text><url value="https://hl7.fr/ig/fhir/medication/ValueSet/fr-treatment-intent"/><version value="0.1.0"/><name value="FrTreatmentIntent"/><title value="French overall intention of the treatment"/><status value="draft"/><experimental value="false"/><date value="2025-07-18T15:58:54+00:00"/><publisher value="Interop'Santé"/><contact><name value="Interop'Santé"/><telecom><system value="url"/><value value="http://interopsante.org/"/></telecom></contact><description value="Le jeu de valeurs à utiliser pour coder l'élément *treatmentIntent* de la ressource *FrInpatientMedicationRequest*."/><immutable value="false"/><compose><include><system value="http://snomed.info/sct"/><filter><property value="constraint"/><op value="="/><value value="&lt; 363675004 |Intents (nature of procedure values) (qualifier value)|"/></filter></include></compose></ValueSet>