<?xml version="1.0" encoding="UTF-8"?><ValueSet xmlns="http://hl7.org/fhir"><id value="fr-additional-action-relationship-type-value-set"/><meta><profile value="http://hl7.org/fhir/StructureDefinition/shareablevalueset"/></meta><text><status value="generated"/><div xmlns="http://www.w3.org/1999/xhtml"><p class="res-header-id"><b>Generated Narrative: ValueSet fr-additional-action-relationship-type-value-set</b></p><a name="fr-additional-action-relationship-type-value-set"> </a><a name="hcfr-additional-action-relationship-type-value-set"> </a><div style="display: inline-block; background-color: #d9e0e7; padding: 6px; margin: 4px; border: 1px solid #8da1b4; border-radius: 5px; line-height: 60%"><p style="margin-bottom: 0px"/><p style="margin-bottom: 0px">Profile: <a href="http://hl7.org/fhir/R4/shareablevalueset.html">Shareable ValueSet</a></p></div><ul><li>Include all codes defined in <a href="CodeSystem-fr-additional-action-relationship-type.html"><code>https://hl7.fr/ig/fhir/medication/CodeSystem/fr-additional-action-relationship-type</code></a></li></ul></div></text><url value="https://hl7.fr/ig/fhir/medication/ValueSet/fr-additional-action-relationship-type-value-set"/><version value="0.1.0"/><name value="FrAdditionalRequestGroupRelationshipValueSet"/><title value="Interop'Santé value set - Additional codes for relationship between action"/><status value="draft"/><experimental value="false"/><date value="2025-07-15T15:27:28+00:00"/><publisher value="Interop'Santé"/><contact><name value="Interop'Santé"/><telecom><system value="url"/><value value="http://interopsante.org/"/></telecom></contact><description value="Codes to specify relationship between action in a RequestGroup that are not in the valueSet http://hl7.org/fhir/ValueSet/action-relationship-type."/><immutable value="false"/><compose><include><system value="https://hl7.fr/ig/fhir/medication/CodeSystem/fr-additional-action-relationship-type"/></include></compose></ValueSet>