{
  "resourceType" : "Bundle",
  "id" : "HAS-22-Presc-Prednisolone",
  "meta" : {
    "profile" : ["https://hl7.fr/fhir/fr/medication/StructureDefinition/fr-prescription-bundle-for-example"]
  },
  "type" : "searchset",
  "entry" : [{
    "resource" : {
      "resourceType" : "MedicationRequest",
      "id" : "medicationrequest-HAS-22-Presc-Prednisolone",
      "meta" : {
        "profile" : ["https://hl7.fr/fhir/fr/medication/StructureDefinition/fr-inpatient-medicationrequest"]
      },
      "text" : {
        "status" : "generated",
        "div" : "<div xmlns=\"http://www.w3.org/1999/xhtml\"><a name=\"MedicationRequest_medicationrequest-HAS-22-Presc-Prednisolone\"> </a><p class=\"res-header-id\"><b>Generated Narrative: MedicationRequest medicationrequest-HAS-22-Presc-Prednisolone</b></p><a name=\"medicationrequest-HAS-22-Presc-Prednisolone\"> </a><a name=\"hcmedicationrequest-HAS-22-Presc-Prednisolone\"> </a><div style=\"display: inline-block; background-color: #d9e0e7; padding: 6px; margin: 4px; border: 1px solid #8da1b4; border-radius: 5px; line-height: 60%\"><p style=\"margin-bottom: 0px\"/><p style=\"margin-bottom: 0px\">Profile: <a href=\"StructureDefinition-fr-inpatient-medicationrequest.html\">FrInpatientMedicationRequest</a></p></div><p><b>status</b>: Active</p><p><b>intent</b>: Order</p><p><b>priority</b>: Routine</p><p><b>medication</b>: <span title=\"Codes:{http://BogusSystemMedicabase.com MV00002248}\">PREDNISOLONE 20 mg comprimé</span></p><p><b>subject</b>: <a href=\"Patient/14602\">Patient/14602</a></p><p><b>requester</b>: <a href=\"Practitioner/smart-Practitioner-71482713\">Practitioner/smart-Practitioner-71482713</a></p><p><b>note</b>: </p><blockquote><div><p>Prescription textuelle: PREDNISOLONE 20 mg comprimé (sécable) : 60 mg jusqu'à obtenir 3 bandelettes urinaires négatives, puis 50 mg pendant 1 semaine, puis 40 mg pendant 1 semaine, puis 30 mg pendant 1 semaine, puis 20 mg pendant 1 semaine, puis 10 mg pendant 1 semaine, puis revoir pour l'arrêt selon évolution</p>\n</div></blockquote><blockquote><p><b>dosageInstruction</b></p><p><b>sequence</b>: 1</p><p><b>additionalInstruction</b>: <span title=\"Codes:\">Jusqu'à obtenir 3 bandelettes urinaires négatives</span></p><p><b>timing</b>: Once</p><h3>DoseAndRates</h3><table class=\"grid\"><tr><td style=\"display: none\">-</td><td><b>Dose[x]</b></td></tr><tr><td style=\"display: none\">*</td><td>60 mg<span style=\"background: LightGoldenRodYellow\"> (Details: UCUM  codemg = 'mg')</span></td></tr></table></blockquote><blockquote><p><b>dosageInstruction</b></p><p><b>sequence</b>: 2</p><p><b>timing</b>: Duration 1week , Once</p><h3>DoseAndRates</h3><table class=\"grid\"><tr><td style=\"display: none\">-</td><td><b>Dose[x]</b></td></tr><tr><td style=\"display: none\">*</td><td>50 mg<span style=\"background: LightGoldenRodYellow\"> (Details: UCUM  codemg = 'mg')</span></td></tr></table></blockquote><blockquote><p><b>dosageInstruction</b></p><p><b>sequence</b>: 3</p><p><b>timing</b>: Duration 1week , Once</p><h3>DoseAndRates</h3><table class=\"grid\"><tr><td style=\"display: none\">-</td><td><b>Dose[x]</b></td></tr><tr><td style=\"display: none\">*</td><td>40 mg<span style=\"background: LightGoldenRodYellow\"> (Details: UCUM  codemg = 'mg')</span></td></tr></table></blockquote><blockquote><p><b>dosageInstruction</b></p><p><b>sequence</b>: 4</p><p><b>timing</b>: Duration 1week , Once</p><h3>DoseAndRates</h3><table class=\"grid\"><tr><td style=\"display: none\">-</td><td><b>Dose[x]</b></td></tr><tr><td style=\"display: none\">*</td><td>30 mg<span style=\"background: LightGoldenRodYellow\"> (Details: UCUM  codemg = 'mg')</span></td></tr></table></blockquote><blockquote><p><b>dosageInstruction</b></p><p><b>sequence</b>: 5</p><p><b>timing</b>: Duration 1week , Once</p><h3>DoseAndRates</h3><table class=\"grid\"><tr><td style=\"display: none\">-</td><td><b>Dose[x]</b></td></tr><tr><td style=\"display: none\">*</td><td>20 mg<span style=\"background: LightGoldenRodYellow\"> (Details: UCUM  codemg = 'mg')</span></td></tr></table></blockquote><blockquote><p><b>dosageInstruction</b></p><p><b>sequence</b>: 6</p><p><b>timing</b>: Duration 1week , Once</p><h3>DoseAndRates</h3><table class=\"grid\"><tr><td style=\"display: none\">-</td><td><b>Dose[x]</b></td></tr><tr><td style=\"display: none\">*</td><td>10 mg<span style=\"background: LightGoldenRodYellow\"> (Details: UCUM  codemg = 'mg')</span></td></tr></table></blockquote><blockquote><p><b>dosageInstruction</b></p><p><b>sequence</b>: 7</p><p><b>additionalInstruction</b>: <span title=\"Codes:\">Revoir pour l'arrêt selon évolution</span></p></blockquote></div>"
      },
      "status" : "active",
      "intent" : "order",
      "priority" : "routine",
      "medicationCodeableConcept" : {
        "coding" : [{
          "system" : "http://BogusSystemMedicabase.com",
          "code" : "MV00002248",
          "display" : "PREDNISOLONE 20 mg comprimé"
        }]
      },
      "subject" : {
        "reference" : "Patient/14602"
      },
      "requester" : {
        "reference" : "Practitioner/smart-Practitioner-71482713"
      },
      "note" : [{
        "extension" : [{
          "url" : "https://hl7.fr/fhir/fr/medication/StructureDefinition/fr-medicationrequest-note-scope",
          "valueCode" : "LIPRESCTXT"
        }],
        "text" : "Prescription textuelle: PREDNISOLONE 20 mg comprimé (sécable) : 60 mg jusqu'à obtenir 3 bandelettes urinaires négatives, puis 50 mg pendant 1 semaine, puis 40 mg pendant 1 semaine, puis 30 mg pendant 1 semaine, puis 20 mg pendant 1 semaine, puis 10 mg pendant 1 semaine, puis revoir pour l'arrêt selon évolution"
      }],
      "dosageInstruction" : [{
        "sequence" : 1,
        "additionalInstruction" : [{
          "text" : "Jusqu'à obtenir 3 bandelettes urinaires négatives"
        }],
        "timing" : {
          "repeat" : {
            "frequency" : 1,
            "periodUnit" : "wk"
          }
        },
        "doseAndRate" : [{
          "doseQuantity" : {
            "value" : 60,
            "unit" : "mg",
            "system" : "http://unitsofmeasure.org",
            "code" : "mg"
          }
        }]
      },
      {
        "sequence" : 2,
        "timing" : {
          "repeat" : {
            "duration" : 1,
            "durationUnit" : "wk",
            "frequency" : 1,
            "periodUnit" : "wk"
          }
        },
        "doseAndRate" : [{
          "doseQuantity" : {
            "value" : 50,
            "unit" : "mg",
            "system" : "http://unitsofmeasure.org",
            "code" : "mg"
          }
        }]
      },
      {
        "sequence" : 3,
        "timing" : {
          "repeat" : {
            "duration" : 1,
            "durationUnit" : "wk",
            "frequency" : 1,
            "periodUnit" : "wk"
          }
        },
        "doseAndRate" : [{
          "doseQuantity" : {
            "value" : 40,
            "unit" : "mg",
            "system" : "http://unitsofmeasure.org",
            "code" : "mg"
          }
        }]
      },
      {
        "sequence" : 4,
        "timing" : {
          "repeat" : {
            "duration" : 1,
            "durationUnit" : "wk",
            "frequency" : 1,
            "periodUnit" : "wk"
          }
        },
        "doseAndRate" : [{
          "doseQuantity" : {
            "value" : 30,
            "unit" : "mg",
            "system" : "http://unitsofmeasure.org",
            "code" : "mg"
          }
        }]
      },
      {
        "sequence" : 5,
        "timing" : {
          "repeat" : {
            "duration" : 1,
            "durationUnit" : "wk",
            "frequency" : 1,
            "periodUnit" : "wk"
          }
        },
        "doseAndRate" : [{
          "doseQuantity" : {
            "value" : 20,
            "unit" : "mg",
            "system" : "http://unitsofmeasure.org",
            "code" : "mg"
          }
        }]
      },
      {
        "sequence" : 6,
        "timing" : {
          "repeat" : {
            "duration" : 1,
            "durationUnit" : "wk",
            "frequency" : 1,
            "periodUnit" : "wk"
          }
        },
        "doseAndRate" : [{
          "doseQuantity" : {
            "value" : 10,
            "unit" : "mg",
            "system" : "http://unitsofmeasure.org",
            "code" : "mg"
          }
        }]
      },
      {
        "sequence" : 7,
        "additionalInstruction" : [{
          "text" : "Revoir pour l'arrêt selon évolution"
        }]
      }]
    }
  }]
}