{
  "resourceType" : "Bundle",
  "id" : "HAS-1-Presc-Pantoprazole-DC",
  "meta" : {
    "profile" : ["https://hl7.fr/fhir/fr/medication/StructureDefinition/fr-prescription-bundle-for-example"]
  },
  "type" : "searchset",
  "entry" : [{
    "resource" : {
      "resourceType" : "Medication",
      "id" : "medication-HAS-1-Presc-Pantoprazole-DC",
      "meta" : {
        "profile" : ["https://hl7.fr/fhir/fr/medication/StructureDefinition/fr-medication-noncompound"]
      },
      "text" : {
        "status" : "generated",
        "div" : "<div xmlns=\"http://www.w3.org/1999/xhtml\"><a name=\"Medication_medication-HAS-1-Presc-Pantoprazole-DC\"> </a><p class=\"res-header-id\"><b>Generated Narrative: Medication medication-HAS-1-Presc-Pantoprazole-DC</b></p><a name=\"medication-HAS-1-Presc-Pantoprazole-DC\"> </a><a name=\"hcmedication-HAS-1-Presc-Pantoprazole-DC\"> </a><div style=\"display: inline-block; background-color: #d9e0e7; padding: 6px; margin: 4px; border: 1px solid #8da1b4; border-radius: 5px; line-height: 60%\"><p style=\"margin-bottom: 0px\"/><p style=\"margin-bottom: 0px\">Profile: <a href=\"StructureDefinition-fr-medication-noncompound.html\">FrMedicationNonCompound</a></p></div><p><b>code</b>: <span title=\"Codes:{http://data.esante.gouv.fr/ansm/medicament/codeSMS 100000092491}\">pantoprazole</span></p><p><b>form</b>: <span title=\"Codes:{http://standardterms.edqm.eu 10219000}\">comprimé</span></p><p><b style=\"color: maroon\">Exception Generating Narrative: Cannot invoke &quot;org.hl7.fhir.r5.renderers.utils.ResourceWrapper.has(String)&quot; because &quot;q&quot; is null </b></p></div>"
      },
      "code" : {
        "coding" : [{
          "system" : "http://data.esante.gouv.fr/ansm/medicament/codeSMS",
          "code" : "100000092491",
          "display" : "pantoprazole"
        }]
      },
      "form" : {
        "coding" : [{
          "system" : "http://standardterms.edqm.eu",
          "code" : "10219000",
          "display" : "comprimé"
        }]
      },
      "ingredient" : [{
        "itemCodeableConcept" : {
          "coding" : [{
            "system" : "http://data.esante.gouv.fr/ansm/medicament/codeSMS",
            "code" : "100000092491",
            "display" : "pantoprazole"
          }]
        },
        "strength" : {
          "numerator" : {
            "value" : 40,
            "unit" : "mg",
            "system" : "http://unitsofmeasure.org",
            "code" : "mg"
          }
        }
      }]
    }
  },
  {
    "resource" : {
      "resourceType" : "MedicationRequest",
      "id" : "medicationrequest-HAS-1-Presc-Pantoprazole-DC",
      "meta" : {
        "profile" : ["https://hl7.fr/fhir/fr/medication/StructureDefinition/fr-inpatient-medicationrequest"]
      },
      "text" : {
        "status" : "generated",
        "div" : "<div xmlns=\"http://www.w3.org/1999/xhtml\"><a name=\"MedicationRequest_medicationrequest-HAS-1-Presc-Pantoprazole-DC\"> </a><p class=\"res-header-id\"><b>Generated Narrative: MedicationRequest medicationrequest-HAS-1-Presc-Pantoprazole-DC</b></p><a name=\"medicationrequest-HAS-1-Presc-Pantoprazole-DC\"> </a><a name=\"hcmedicationrequest-HAS-1-Presc-Pantoprazole-DC\"> </a><div style=\"display: inline-block; background-color: #d9e0e7; padding: 6px; margin: 4px; border: 1px solid #8da1b4; border-radius: 5px; line-height: 60%\"><p style=\"margin-bottom: 0px\"/><p style=\"margin-bottom: 0px\">Profile: <a href=\"StructureDefinition-fr-inpatient-medicationrequest.html\">FrInpatientMedicationRequest</a></p></div><p><b>status</b>: Active</p><p><b>intent</b>: Order</p><p><b>priority</b>: Routine</p><p><b>medication</b>: <code>#medication-HAS-1-Presc-Pantoprazole-DC</code></p><p><b>subject</b>: <a href=\"Patient/14602\">Patient/14602</a></p><p><b>requester</b>: <a href=\"Practitioner/smart-Practitioner-71482713\">Practitioner/smart-Practitioner-71482713</a></p><p><b>note</b>: </p><blockquote><div><p>Prescription textuelle: PANTOPRAZOLE 40 mg comprimé: 40 mg le soir</p>\n</div></blockquote><blockquote><p><b>dosageInstruction</b></p><p><b>timing</b>: Evening, Once</p><h3>DoseAndRates</h3><table class=\"grid\"><tr><td style=\"display: none\">-</td><td><b>Dose[x]</b></td></tr><tr><td style=\"display: none\">*</td><td>40 mg<span style=\"background: LightGoldenRodYellow\"> (Details: UCUM  codemg = 'mg')</span></td></tr></table></blockquote></div>"
      },
      "status" : "active",
      "intent" : "order",
      "priority" : "routine",
      "medicationReference" : {
        "reference" : "#medication-HAS-1-Presc-Pantoprazole-DC"
      },
      "subject" : {
        "reference" : "Patient/14602"
      },
      "requester" : {
        "reference" : "Practitioner/smart-Practitioner-71482713"
      },
      "note" : [{
        "extension" : [{
          "url" : "https://hl7.fr/fhir/fr/medication/StructureDefinition/fr-medicationrequest-note-scope",
          "valueCode" : "LIPRESCTXT"
        }],
        "text" : "Prescription textuelle: PANTOPRAZOLE 40 mg comprimé: 40 mg le soir"
      }],
      "dosageInstruction" : [{
        "timing" : {
          "repeat" : {
            "when" : ["EVE"]
          }
        },
        "doseAndRate" : [{
          "doseQuantity" : {
            "value" : 40,
            "unit" : "mg",
            "system" : "http://unitsofmeasure.org",
            "code" : "mg"
          }
        }]
      }]
    }
  }]
}