{"resourceType":"ConceptMap","id":"PN13-FHIR-prescmed-patient-id-seul-conceptmap","text":{"status":"generated","div":"<div xmlns=\"http://www.w3.org/1999/xhtml\"><p class=\"res-header-id\"><b>Narratif généré : CarteDeConcepts PN13-FHIR-prescmed-patient-id-seul-conceptmap</b></p><a name=\"PN13-FHIR-prescmed-patient-id-seul-conceptmap\"> </a><a name=\"hcPN13-FHIR-prescmed-patient-id-seul-conceptmap\"> </a><p>Mapping from https://interopsante.org/pn13/xsd to <a href=\"StructureDefinition-fr-inpatient-medicationrequest.html\">FR Inpatient MedicationRequest</a></p><br/><p><b>Group 1 </b>Mapping from <code>unspecified code system</code> to <code>unspecified code system</code></p><table class=\"grid\"><tr><td colspan=\"2\"><b>Source Concept Details</b></td><td><b>relation</b></td><td colspan=\"4\"><b>Target Concept Details</b></td></tr><tr><td colspan=\"2\"><b>Codes</b> from </td><td/><td colspan=\"2\"><b>Codes</b> from </td><td><b>MedicationRequest.subject.type</b></td><td><b>MedicationRequest.subject.identifier.use</b></td></tr><tr><td style=\"border-right-width: 0px\">Messages/M_prescription_médicaments/Patient/IPP</td><td style=\"border-left-width: 0px\"></td><td><a href=\"http://hl7.org/fhir/R5/codesystem-concept-map-relationship.html#equal\" title=\"equal\">is equal to</a></td><td style=\"border-right-width: 0px\">MedicationRequest.subject.identifier.value</td><td style=\"border-left-width: 0px\"></td><td>Patient</td><td>usual</td></tr></table></div>"},"url":"https://hl7.fr/ig/fhir/medication/ConceptMap/PN13-FHIR-prescmed-patient-id-seul-conceptmap","version":"0.1.0","name":"FrPN13FHIRMedicationPrescriptionPatientIdSeulConceptMap","title":"Conversion PN13 vers FHIR pour le patient d'une prescription de médicaments avec uniquement un identifiant fourni","status":"draft","date":"2025-07-26T07:31:15+00:00","publisher":"Interop'Santé","contact":[{"name":"Interop'Santé","telecom":[{"system":"url","value":"http://interopsante.org/"}]}],"description":"ConceptMap pour la conversion PN13 vers FHIR du patient d'une prescritpion de médicament avec uniquement un identifiant fourni","jurisdiction":[{"coding":[{"system":"urn:iso:std:iso:3166","code":"FR","display":"FRANCE"}]}],"sourceUri":"https://interopsante.org/pn13/xsd","targetUri":"https://hl7.fr/ig/fhir/medication/StructureDefinition/fr-inpatient-medicationrequest","group":[{"element":[{"code":"Messages/M_prescription_médicaments/Patient/IPP","target":[{"code":"MedicationRequest.subject.identifier.value","equivalence":"equal","product":[{"property":"MedicationRequest.subject.identifier.use","value":"usual"},{"property":"MedicationRequest.subject.type","value":"Patient"}]}]}]}]}