{
  "resourceType" : "MedicationRequest",
  "id" : "14622",
  "meta" : {
    "profile" : ["https://hl7.fr/fhir/fr/medication/StructureDefinition/fr-inpatient-medicationrequest"]
  },
  "text" : {
    "status" : "generated",
    "div" : "<div xmlns=\"http://www.w3.org/1999/xhtml\"><p class=\"res-header-id\"><b>Generated Narrative: MedicationRequest 14622</b></p><a name=\"14622\"> </a><a name=\"hc14622\"> </a><a name=\"14622-en-US\"> </a><p><b>status</b>: Active</p><p><b>intent</b>: Order</p><p><b>medication</b>: <a href=\"#hc14622/med-141\">Medication médicament contenant seulement fentanyl</a></p><p><b>subject</b>: <a href=\"Patient/phast-14602\">Patient/phast-14602</a></p><p><b>authoredOn</b>: 2021-07-20 19:05:30+0000</p><p><b>requester</b>: <a href=\"Practitioner/smart-Practitioner-71482713\">Practitioner/smart-Practitioner-71482713</a></p><blockquote><p><b>dosageInstruction</b></p><p><b>sequence</b>: 1</p><p><b>timing</b>: Once</p><p><b>route</b>: <span title=\"Codes:{http://snomed.info/sct 45890007}\">Voie transdermique</span></p><h3>DoseAndRates</h3><table class=\"grid\"><tr><td style=\"display: none\">-</td><td><b>Type</b></td><td><b>Rate[x]</b></td></tr><tr><td style=\"display: none\">*</td><td><span title=\"Codes:{http://terminology.hl7.org/CodeSystem/dose-rate-type ordered}\">Ordered</span></td><td>1 1<span style=\"background: LightGoldenRodYellow\"> (Details: UCUM  code1 = '1')</span>/72 h<span style=\"background: LightGoldenRodYellow\"> (Details: UCUM  codeh = 'h')</span></td></tr></table></blockquote><hr/><blockquote><p class=\"res-header-id\"><b>Generated Narrative: Medication #med-141</b></p><a name=\"14622/med-141\"> </a><a name=\"hc14622/med-141\"> </a><a name=\"14622/med-141-en-US\"> </a><p><b>code</b>: <span title=\"Codes:{http://snomed.info/sct 775934002}\">FENTANYL</span></p><p><b>form</b>: <span title=\"Codes:{http://snomed.info/sct 385114002}\">dispositif cutané</span></p><p><b>amount</b>: 72 h<span style=\"background: LightGoldenRodYellow\"> (Details: UCUM  codeh = 'h')</span>/1 1<span style=\"background: LightGoldenRodYellow\"> (Details: UCUM  code1 = '1')</span></p><h3>Ingredients</h3><table class=\"grid\"><tr><td style=\"display: none\">-</td><td><b>Item[x]</b></td><td><b>IsActive</b></td><td><b>Strength</b></td></tr><tr><td style=\"display: none\">*</td><td><span title=\"Codes:{http://snomed.info/sct 68540007}\">FENTANYL</span></td><td>true</td><td>75 µg<span style=\"background: LightGoldenRodYellow\"> (Details: UCUM  codeug = 'ug')</span>/ h<span style=\"background: LightGoldenRodYellow\"> (Details: UCUM  codeh = 'h')</span></td></tr></table></blockquote></div>"
  },
  "contained" : [{
    "resourceType" : "Medication",
    "id" : "med-141",
    "meta" : {
      "profile" : ["https://hl7.fr/fhir/fr/medication/StructureDefinition/fr-medication-nonproprietary-name"]
    },
    "code" : {
      "coding" : [{
        "system" : "http://snomed.info/sct",
        "code" : "775934002",
        "display" : "médicament contenant seulement fentanyl"
      }],
      "text" : "FENTANYL"
    },
    "form" : {
      "coding" : [{
        "system" : "http://snomed.info/sct",
        "code" : "385114002",
        "display" : "dispositif cutané"
      }],
      "text" : "dispositif cutané"
    },
    "amount" : {
      "numerator" : {
        "value" : 72,
        "unit" : "h",
        "system" : "http://unitsofmeasure.org",
        "code" : "h"
      },
      "denominator" : {
        "value" : 1,
        "system" : "http://unitsofmeasure.org",
        "code" : "1"
      }
    },
    "ingredient" : [{
      "itemCodeableConcept" : {
        "coding" : [{
          "system" : "http://snomed.info/sct",
          "code" : "68540007",
          "display" : "fentanyl"
        }],
        "text" : "FENTANYL"
      },
      "isActive" : true,
      "strength" : {
        "numerator" : {
          "value" : 75,
          "unit" : "µg",
          "system" : "http://unitsofmeasure.org",
          "code" : "ug"
        },
        "denominator" : {
          "unit" : "h",
          "system" : "http://unitsofmeasure.org",
          "code" : "h"
        }
      }
    }]
  }],
  "status" : "active",
  "intent" : "order",
  "medicationReference" : {
    "reference" : "#med-141"
  },
  "subject" : {
    "reference" : "Patient/phast-14602"
  },
  "authoredOn" : "2021-07-20T19:05:30.603Z",
  "requester" : {
    "reference" : "Practitioner/smart-Practitioner-71482713"
  },
  "dosageInstruction" : [{
    "sequence" : 1,
    "timing" : {
      "repeat" : {
        "boundsPeriod" : {
          "start" : "2021-07-20T19:05:00Z",
          "end" : "2021-07-28T19:04:59Z"
        },
        "timeOfDay" : ["07:00:00"]
      }
    },
    "route" : {
      "coding" : [{
        "system" : "http://snomed.info/sct",
        "code" : "45890007",
        "display" : "Voie transdermique"
      }],
      "text" : "Voie transdermique"
    },
    "doseAndRate" : [{
      "type" : {
        "coding" : [{
          "system" : "http://terminology.hl7.org/CodeSystem/dose-rate-type",
          "code" : "ordered",
          "display" : "Ordered"
        }],
        "text" : "Ordered"
      },
      "rateRatio" : {
        "numerator" : {
          "value" : 1,
          "system" : "http://unitsofmeasure.org",
          "code" : "1"
        },
        "denominator" : {
          "value" : 72,
          "unit" : "h",
          "system" : "http://unitsofmeasure.org",
          "code" : "h"
        }
      }
    }]
  }]
}