{
  "resourceType" : "MedicationRequest",
  "id" : "14637u",
  "meta" : {
    "profile" : ["http://interopsante.org/fhir/StructureDefinition/FrInpatientMedicationRequest2"]
  },
  "text" : {
    "status" : "generated",
    "div" : "<div xmlns=\"http://www.w3.org/1999/xhtml\"><p class=\"res-header-id\"><b>Generated Narrative: MedicationRequest 14637u</b></p><a name=\"14637u\"> </a><a name=\"hc14637u\"> </a><a name=\"14637u-en-US\"> </a><p><b>status</b>: Active</p><p><b>intent</b>: Order</p><p><b>medication</b>: <a href=\"#hc14637u/med-171\">Medication </a></p><p><b>subject</b>: <a href=\"Patient/phast-14602\">Patient/phast-14602</a></p><p><b>authoredOn</b>: 2021-08-02 16:27:47+0000</p><p><b>requester</b>: <a href=\"Practitioner/smart-Practitioner-71482713\">Practitioner/smart-Practitioner-71482713</a></p><blockquote><p><b>dosageInstruction</b></p><p><b>sequence</b>: 1</p><p><b>timing</b>: Once</p><p><b>route</b>: <span title=\"Codes:{http://snomed.info/sct 47625008}\">Voie intraveineuse</span></p><h3>DoseAndRates</h3><table class=\"grid\"><tr><td style=\"display: none\">-</td><td><b>Type</b></td><td><b>Rate[x]</b></td></tr><tr><td style=\"display: none\">*</td><td><span title=\"Codes:{http://terminology.hl7.org/CodeSystem/dose-rate-type ordered}\">Ordered</span></td><td>1 1<span style=\"background: LightGoldenRodYellow\"> (Details: UCUM  code1 = '1')</span>/12 h<span style=\"background: LightGoldenRodYellow\"> (Details: UCUM  codeh = 'h')</span></td></tr></table></blockquote><hr/><blockquote><p class=\"res-header-id\"><b>Generated Narrative: Medication #med-172</b></p><a name=\"14637u/med-172\"> </a><a name=\"hc14637u/med-172\"> </a><a name=\"14637u/med-172-en-US\"> </a><p><b>code</b>: <span title=\"Codes:{http://snomed.info/sct 776119003}\">GLUCOSE</span></p><p><b>form</b>: <span title=\"Codes:{http://snomed.info/sct 385229008}\">solution pour perfusion</span></p><p><b>amount</b>: 500 mL<span style=\"background: LightGoldenRodYellow\"> (Details: UCUM  codemL = 'mL')</span>/1 1<span style=\"background: LightGoldenRodYellow\"> (Details: UCUM  code1 = '1')</span></p><h3>Ingredients</h3><table class=\"grid\"><tr><td style=\"display: none\">-</td><td><b>Item[x]</b></td><td><b>IsActive</b></td><td><b>Strength</b></td></tr><tr><td style=\"display: none\">*</td><td><span title=\"Codes:{http://snomed.info/sct 67079006}\">GLUCOSE</span></td><td>true</td><td>50 mg<span style=\"background: LightGoldenRodYellow\"> (Details: UCUM  codemg = 'mg')</span>/ mL<span style=\"background: LightGoldenRodYellow\"> (Details: UCUM  codemL = 'mL')</span></td></tr></table></blockquote><hr/><blockquote><p class=\"res-header-id\"><b>Generated Narrative: Medication #med-173</b></p><a name=\"14637u/med-173\"> </a><a name=\"hc14637u/med-173\"> </a><a name=\"14637u/med-173-en-US\"> </a><p><b>code</b>: <span title=\"Codes:{http://snomed.info/sct 777553004}\">SODIUM CHLORURE</span></p><p><b>form</b>: <span title=\"Codes:{http://snomed.info/sct 385219001}\">solution injectable</span></p><h3>Ingredients</h3><table class=\"grid\"><tr><td style=\"display: none\">-</td><td><b>Item[x]</b></td><td><b>IsActive</b></td><td><b>Strength</b></td></tr><tr><td style=\"display: none\">*</td><td><span title=\"Codes:{http://snomed.info/sct 387390002}\">SODIUM CHLORURE</span></td><td>true</td><td>2 g<span style=\"background: LightGoldenRodYellow\"> (Details: UCUM  codeg = 'g')</span>/1 1<span style=\"background: LightGoldenRodYellow\"> (Details: UCUM  code1 = '1')</span></td></tr></table></blockquote><hr/><blockquote><p class=\"res-header-id\"><b>Generated Narrative: Medication #med-174</b></p><a name=\"14637u/med-174\"> </a><a name=\"hc14637u/med-174\"> </a><a name=\"14637u/med-174-en-US\"> </a><p><b>code</b>: <span title=\"Codes:{http://snomed.info/sct 777274002}\">POTASSIUM CHLORURE</span></p><p><b>form</b>: <span title=\"Codes:{http://snomed.info/sct 385219001}\">solution injectable</span></p><h3>Ingredients</h3><table class=\"grid\"><tr><td style=\"display: none\">-</td><td><b>Item[x]</b></td><td><b>IsActive</b></td><td><b>Strength</b></td></tr><tr><td style=\"display: none\">*</td><td><span title=\"Codes:{http://snomed.info/sct 8631001}\">POTASSIUM CHLORURE</span></td><td>true</td><td>1 g<span style=\"background: LightGoldenRodYellow\"> (Details: UCUM  codeg = 'g')</span>/1 1<span style=\"background: LightGoldenRodYellow\"> (Details: UCUM  code1 = '1')</span></td></tr></table></blockquote><hr/><blockquote><p class=\"res-header-id\"><b>Generated Narrative: Medication #med-171</b></p><a name=\"14637u/med-171\"> </a><a name=\"hc14637u/med-171\"> </a><a name=\"14637u/med-171-en-US\"> </a><p><b>code</b>: <span title=\"Codes:\">G5 500mL + NaCl 2g + KCl 1g</span></p><blockquote><p><b>ingredient</b></p><p><b>item</b>: <a href=\"#hc14637u/med-172\">Medication médicament contenant seulement glucose</a></p><p><b>isActive</b>: true</p></blockquote><blockquote><p><b>ingredient</b></p><p><b>item</b>: <a href=\"#hc14637u/med-173\">Medication médicament contenant seulement chlorure de sodium</a></p><p><b>isActive</b>: true</p></blockquote><blockquote><p><b>ingredient</b></p><p><b>item</b>: <a href=\"#hc14637u/med-174\">Medication médicament contenant seulement chlorure de potassium</a></p><p><b>isActive</b>: true</p></blockquote></blockquote></div>"
  },
  "contained" : [{
    "resourceType" : "Medication",
    "id" : "med-172",
    "meta" : {
      "profile" : ["http://interopsante.org/fhir/StructureDefinition/FrMedication2unique"]
    },
    "code" : {
      "coding" : [{
        "system" : "http://snomed.info/sct",
        "code" : "776119003",
        "display" : "médicament contenant seulement glucose"
      }],
      "text" : "GLUCOSE"
    },
    "form" : {
      "coding" : [{
        "system" : "http://snomed.info/sct",
        "code" : "385229008",
        "display" : "solution pour perfusion"
      }],
      "text" : "solution pour perfusion"
    },
    "amount" : {
      "numerator" : {
        "value" : 500,
        "unit" : "mL",
        "system" : "http://unitsofmeasure.org",
        "code" : "mL"
      },
      "denominator" : {
        "value" : 1,
        "system" : "http://unitsofmeasure.org",
        "code" : "1"
      }
    },
    "ingredient" : [{
      "itemCodeableConcept" : {
        "coding" : [{
          "system" : "http://snomed.info/sct",
          "code" : "67079006",
          "display" : "glucose"
        }],
        "text" : "GLUCOSE"
      },
      "isActive" : true,
      "strength" : {
        "numerator" : {
          "value" : 50,
          "unit" : "mg",
          "system" : "http://unitsofmeasure.org",
          "code" : "mg"
        },
        "denominator" : {
          "unit" : "mL",
          "system" : "http://unitsofmeasure.org",
          "code" : "mL"
        }
      }
    }]
  },
  {
    "resourceType" : "Medication",
    "id" : "med-173",
    "meta" : {
      "profile" : ["http://interopsante.org/fhir/StructureDefinition/FrMedication2unique"]
    },
    "code" : {
      "coding" : [{
        "system" : "http://snomed.info/sct",
        "code" : "777553004",
        "display" : "médicament contenant seulement chlorure de sodium"
      }],
      "text" : "SODIUM CHLORURE"
    },
    "form" : {
      "coding" : [{
        "system" : "http://snomed.info/sct",
        "code" : "385219001",
        "display" : "solution injectable"
      }],
      "text" : "solution injectable"
    },
    "ingredient" : [{
      "itemCodeableConcept" : {
        "coding" : [{
          "system" : "http://snomed.info/sct",
          "code" : "387390002",
          "display" : "chlorure de sodium"
        }],
        "text" : "SODIUM CHLORURE"
      },
      "isActive" : true,
      "strength" : {
        "numerator" : {
          "value" : 2,
          "unit" : "g",
          "system" : "http://unitsofmeasure.org",
          "code" : "g"
        },
        "denominator" : {
          "value" : 1,
          "system" : "http://unitsofmeasure.org",
          "code" : "1"
        }
      }
    }]
  },
  {
    "resourceType" : "Medication",
    "id" : "med-174",
    "meta" : {
      "profile" : ["http://interopsante.org/fhir/StructureDefinition/FrMedication2unique"]
    },
    "code" : {
      "coding" : [{
        "system" : "http://snomed.info/sct",
        "code" : "777274002",
        "display" : "médicament contenant seulement chlorure de potassium"
      }],
      "text" : "POTASSIUM CHLORURE"
    },
    "form" : {
      "coding" : [{
        "system" : "http://snomed.info/sct",
        "code" : "385219001",
        "display" : "solution injectable"
      }],
      "text" : "solution injectable"
    },
    "ingredient" : [{
      "itemCodeableConcept" : {
        "coding" : [{
          "system" : "http://snomed.info/sct",
          "code" : "8631001",
          "display" : "chlorure de potassium"
        }],
        "text" : "POTASSIUM CHLORURE"
      },
      "isActive" : true,
      "strength" : {
        "numerator" : {
          "value" : 1,
          "unit" : "g",
          "system" : "http://unitsofmeasure.org",
          "code" : "g"
        },
        "denominator" : {
          "value" : 1,
          "system" : "http://unitsofmeasure.org",
          "code" : "1"
        }
      }
    }]
  },
  {
    "resourceType" : "Medication",
    "id" : "med-171",
    "meta" : {
      "profile" : ["http://interopsante.org/fhir/StructureDefinition/FrMedication2unique"]
    },
    "code" : {
      "text" : "G5 500mL + NaCl 2g + KCl 1g"
    },
    "ingredient" : [{
      "itemReference" : {
        "reference" : "#med-172"
      },
      "isActive" : true
    },
    {
      "itemReference" : {
        "reference" : "#med-173"
      },
      "isActive" : true
    },
    {
      "itemReference" : {
        "reference" : "#med-174"
      },
      "isActive" : true
    }]
  }],
  "status" : "active",
  "intent" : "order",
  "medicationReference" : {
    "reference" : "#med-171"
  },
  "subject" : {
    "reference" : "Patient/phast-14602"
  },
  "authoredOn" : "2021-08-02T16:27:47.623Z",
  "requester" : {
    "reference" : "Practitioner/smart-Practitioner-71482713"
  },
  "dosageInstruction" : [{
    "sequence" : 1,
    "timing" : {
      "repeat" : {
        "boundsPeriod" : {
          "start" : "2021-08-02T16:27:00Z",
          "end" : "2021-08-07T16:26:59Z"
        },
        "timeOfDay" : ["10:00:00",
        "22:00:00"]
      }
    },
    "route" : {
      "coding" : [{
        "system" : "http://snomed.info/sct",
        "code" : "47625008",
        "display" : "Voie intraveineuse"
      }],
      "text" : "Voie intraveineuse"
    },
    "doseAndRate" : [{
      "type" : {
        "coding" : [{
          "system" : "http://terminology.hl7.org/CodeSystem/dose-rate-type",
          "code" : "ordered",
          "display" : "Ordered"
        }],
        "text" : "Ordered"
      },
      "rateRatio" : {
        "numerator" : {
          "value" : 1,
          "system" : "http://unitsofmeasure.org",
          "code" : "1"
        },
        "denominator" : {
          "value" : 12,
          "unit" : "h",
          "system" : "http://unitsofmeasure.org",
          "code" : "h"
        }
      }
    }]
  }]
}