<?xml version="1.0" encoding="UTF-8"?>

<MedicationRequest xmlns="http://hl7.org/fhir">
  <id value="14640"/>
  <meta>
    <profile value="https://hl7.fr/fhir/fr/medication/StructureDefinition/fr-inpatient-medicationrequest"/>
  </meta>
  <text>
    <status value="generated"/><div xmlns="http://www.w3.org/1999/xhtml"><p class="res-header-id"><b>Generated Narrative: MedicationRequest 14640</b></p><a name="14640"> </a><a name="hc14640"> </a><a name="14640-en-US"> </a><p><b>status</b>: Active</p><p><b>intent</b>: Order</p><p><b>medication</b>: <a href="#hc14640/med-201">Medication médicament contenant seulement paracétamol</a></p><p><b>subject</b>: <a href="Patient/phast-14602">Patient/phast-14602</a></p><p><b>authoredOn</b>: 2021-08-12 11:59:40+0000</p><p><b>requester</b>: <a href="Practitioner/smart-Practitioner-71482713">Practitioner/smart-Practitioner-71482713</a></p><blockquote><p><b>dosageInstruction</b></p><p><b>sequence</b>: 1</p><p><b>additionalInstruction</b>: <span title="Codes:">Délais minimum entre 2 prises : 4h</span></p><p><b>timing</b>: Once</p><p><b>asNeeded</b>: <span title="Codes:{http://snomed.info/sct 22253000}">Si douleurs</span></p><p><b>route</b>: <span title="Codes:{http://snomed.info/sct 26643006}">Voie orale</span></p><h3>DoseAndRates</h3><table class="grid"><tr><td style="display: none">-</td><td><b>Type</b></td><td><b>Dose[x]</b></td></tr><tr><td style="display: none">*</td><td><span title="Codes:{http://terminology.hl7.org/CodeSystem/dose-rate-type ordered}">Ordered</span></td><td>500 mg<span style="background: LightGoldenRodYellow"> (Details: UCUM  codemg = 'mg')</span></td></tr></table><p><b>maxDosePerPeriod</b>: 3 g<span style="background: LightGoldenRodYellow"> (Details: UCUM  codeg = 'g')</span>/24 h<span style="background: LightGoldenRodYellow"> (Details: UCUM  codeh = 'h')</span></p><p><b>maxDosePerAdministration</b>: 1 g<span style="background: LightGoldenRodYellow"> (Details: UCUM  codeg = 'g')</span></p></blockquote><hr/><blockquote><p class="res-header-id"><b>Generated Narrative: Medication #med-201</b></p><a name="14640/med-201"> </a><a name="hc14640/med-201"> </a><a name="14640/med-201-en-US"> </a><p><b>code</b>: <span title="Codes:{http://snomed.info/sct 777067000}">PARACETAMOL</span></p><h3>Ingredients</h3><table class="grid"><tr><td style="display: none">-</td><td><b>Item[x]</b></td><td><b>IsActive</b></td></tr><tr><td style="display: none">*</td><td><span title="Codes:{http://snomed.info/sct 387517004}">PARACETAMOL</span></td><td>true</td></tr></table></blockquote></div>
  </text>
  <contained>
    <Medication>
      <id value="med-201"/>
      <meta>
        <profile value="https://hl7.fr/fhir/fr/medication/StructureDefinition/fr-medication-nonproprietary-name"/>
      </meta>
      <code>
        <coding>
          <system value="http://snomed.info/sct"/>
          <code value="777067000"/>
          <display value="médicament contenant seulement paracétamol"/>
        </coding>
        <text value="PARACETAMOL"/>
      </code>
      <ingredient>
        <itemCodeableConcept>
          <coding>
            <system value="http://snomed.info/sct"/>
            <code value="387517004"/>
            <display value="paracétamol"/>
          </coding>
          <text value="PARACETAMOL"/>
        </itemCodeableConcept>
        <isActive value="true"/>
      </ingredient>
    </Medication>
  </contained>
  <status value="active"/>
  <intent value="order"/>
  <medicationReference>
    <reference value="#med-201"/>
  </medicationReference>
  <subject>
    <reference value="Patient/phast-14602"/>
  </subject>
  <authoredOn value="2021-08-12T11:59:40.552Z"/>
  <requester>
    <reference value="Practitioner/smart-Practitioner-71482713"/>
  </requester>
  <dosageInstruction>
    <sequence value="1"/>
    <additionalInstruction>
      <text value="Délais minimum entre 2 prises : 4h"/>
    </additionalInstruction>
    <timing>
      <repeat>
        <boundsPeriod>
          <start value="2021-08-12T11:59:00Z"/>
          <end value="2021-08-17T11:58:59Z"/>
        </boundsPeriod>
      </repeat>
    </timing>
    <asNeededCodeableConcept>
      <coding>
        <system value="http://snomed.info/sct"/>
        <code value="22253000"/>
        <display value="douleur"/>
      </coding>
      <text value="Si douleurs"/>
    </asNeededCodeableConcept>
    <route>
      <coding>
        <system value="http://snomed.info/sct"/>
        <code value="26643006"/>
        <display value="Voie orale"/>
      </coding>
      <text value="Voie orale"/>
    </route>
    <doseAndRate>
      <type>
        <coding>
          <system value="http://terminology.hl7.org/CodeSystem/dose-rate-type"/>
          <code value="ordered"/>
          <display value="Ordered"/>
        </coding>
        <text value="Ordered"/>
      </type>
      <doseQuantity>
        <value value="500"/>
        <unit value="mg"/>
        <system value="http://unitsofmeasure.org"/>
        <code value="mg"/>
      </doseQuantity>
    </doseAndRate>
    <maxDosePerPeriod>
      <numerator>
        <value value="3"/>
        <unit value="g"/>
        <system value="http://unitsofmeasure.org"/>
        <code value="g"/>
      </numerator>
      <denominator>
        <value value="24"/>
        <unit value="h"/>
        <system value="http://unitsofmeasure.org"/>
        <code value="h"/>
      </denominator>
    </maxDosePerPeriod>
    <maxDosePerAdministration>
      <value value="1"/>
      <unit value="g"/>
      <system value="http://unitsofmeasure.org"/>
      <code value="g"/>
    </maxDosePerAdministration>
  </dosageInstruction>
</MedicationRequest>