<?xml version="1.0" encoding="UTF-8"?>

<Bundle xmlns="http://hl7.org/fhir">
  <id value="Presc-EFFERALGAN"/>
  <meta>
    <profile value="https://hl7.fr/ig/fhir/medication/StructureDefinition/fr-prescription-bundle-for-example"/>
  </meta>
  <type value="searchset"/>
  <entry>
    <resource>
      <Medication>
        <id value="medication-Presc-EFFERALGAN"/>
        <meta>
          <profile value="https://hl7.fr/ig/fhir/medication/StructureDefinition/fr-medication-noncompound"/>
        </meta>
        <text>
          <status value="generated"/><div xmlns="http://www.w3.org/1999/xhtml"><a name="Medication_medication-Presc-EFFERALGAN"> </a><p class="res-header-id"><b>Narratif généré : Médication medication-Presc-EFFERALGAN</b></p><a name="medication-Presc-EFFERALGAN"> </a><a name="hcmedication-Presc-EFFERALGAN"> </a><div style="display: inline-block; background-color: #d9e0e7; padding: 6px; margin: 4px; border: 1px solid #8da1b4; border-radius: 5px; line-height: 60%"><p style="margin-bottom: 0px"/><p style="margin-bottom: 0px">Profil: <a href="StructureDefinition-fr-medication-noncompound.html">FR Medication Non Compound</a></p></div><p><b>code</b>: <span title="Codes:{http://data.esante.gouv.fr/ansm/medicament/UCD 3400893766521}">EFFERALGAN® 1 000 mg, cpr</span></p><p><b>form</b>: <span title="Codes:{http://standardterms.edqm.eu 10219000}">Comprimé</span></p><p><b style="color: maroon">Exception Generating Narrative: Cannot invoke &quot;org.hl7.fhir.r5.renderers.utils.ResourceWrapper.has(String)&quot; because &quot;q&quot; is null </b></p></div>
        </text>
        <code>
          <coding>
            <system value="http://data.esante.gouv.fr/ansm/medicament/UCD"/>
            <code value="3400893766521"/>
            <display value="EFFERALGANMED 1000MG CPR"/>
          </coding>
          <text value="EFFERALGAN® 1 000 mg, cpr"/>
        </code>
        <form>
          <coding>
            <system value="http://standardterms.edqm.eu"/>
            <code value="10219000"/>
            <display value="Comprimé"/>
          </coding>
        </form>
        <ingredient>
          <itemCodeableConcept>
            <coding>
              <system value="http://data.esante.gouv.fr/ansm/medicament/codeSMS"/>
              <code value="100000090270"/>
              <display value="paracétamol"/>
            </coding>
            <text value="PARACETAMOL"/>
          </itemCodeableConcept>
          <isActive value="true"/>
          <strength>
            <numerator>
              <value value="1000"/>
              <unit value="mg"/>
              <system value="http://unitsofmeasure.org"/>
              <code value="mg"/>
            </numerator>
          </strength>
        </ingredient>
      </Medication>
    </resource>
  </entry>
  <entry>
    <resource>
      <MedicationRequest>
        <id value="medicationrequest-Presc-EFFERALGAN"/>
        <meta>
          <profile value="https://hl7.fr/ig/fhir/medication/StructureDefinition/fr-inpatient-medicationrequest"/>
        </meta>
        <text>
          <status value="generated"/><div xmlns="http://www.w3.org/1999/xhtml"><a name="MedicationRequest_medicationrequest-Presc-EFFERALGAN"> </a><p class="res-header-id"><b>Narratif généré : PrescriptionMédicamenteuseTODO medicationrequest-Presc-EFFERALGAN</b></p><a name="medicationrequest-Presc-EFFERALGAN"> </a><a name="hcmedicationrequest-Presc-EFFERALGAN"> </a><div style="display: inline-block; background-color: #d9e0e7; padding: 6px; margin: 4px; border: 1px solid #8da1b4; border-radius: 5px; line-height: 60%"><p style="margin-bottom: 0px"/><p style="margin-bottom: 0px">Profil: <a href="StructureDefinition-fr-inpatient-medicationrequest.html">FR Inpatient MedicationRequest</a></p></div><p><b>status</b>: Active</p><p><b>intent</b>: Order</p><p><b>priority</b>: Routine</p><p><b>medication</b>: <code>#medication-Presc-EFFERALGAN</code></p><p><b>subject</b>: <a href="Patient/14602">Patient/14602</a></p><p><b>authoredOn</b>: 2021-07-28 14:52:40+0000</p><p><b>requester</b>: <a href="Practitioner/smart-Practitioner-71482713">Practitioner/smart-Practitioner-71482713</a></p><p><b>groupIdentifier</b>: <code>https://somehospital.fr/Prescrption-ID</code>/Presc-14624</p><blockquote><p><b>dosageInstruction</b></p><p><b>sequence</b>: 1</p><p><b>timing</b>: Once</p><p><b>route</b>: <span title="Codes:{http://standardterms.edqm.eu 20053000}">Voie orale</span></p><h3>DoseAndRates</h3><table class="grid"><tr><td style="display: none">-</td><td><b>Type</b></td><td><b>Dose[x]</b></td></tr><tr><td style="display: none">*</td><td><span title="Codes:{http://terminology.hl7.org/CodeSystem/dose-rate-type ordered}">Ordered</span></td><td>1 Comprimé<span style="background: LightGoldenRodYellow"> (Details: standardterms.edqm.eu  code15054000 = 'Tablet')</span></td></tr></table></blockquote></div>
        </text>
        <status value="active"/>
        <intent value="order"/>
        <priority value="routine"/>
        <medicationReference>
          <reference value="#medication-Presc-EFFERALGAN"/>
        </medicationReference>
        <subject>
          <reference value="Patient/14602"/>
        </subject>
        <authoredOn value="2021-07-28T14:52:40.936Z"/>
        <requester>
          <reference value="Practitioner/smart-Practitioner-71482713"/>
        </requester>
        <groupIdentifier>
          <system value="https://somehospital.fr/Prescrption-ID"/>
          <value value="Presc-14624"/>
        </groupIdentifier>
        <dosageInstruction>
          <sequence value="1"/>
          <timing>
            <repeat>
              <boundsPeriod>
                <start value="2021-07-28T14:52:00Z"/>
                <end value="2021-08-02T14:51:59Z"/>
              </boundsPeriod>
              <timeOfDay value="07:00:00"/>
              <timeOfDay value="12:00:00"/>
              <timeOfDay value="18:00:00"/>
            </repeat>
          </timing>
          <route>
            <coding>
              <system value="http://standardterms.edqm.eu"/>
              <code value="20053000"/>
              <display value="Voie orale"/>
            </coding>
            <text value="Voie orale"/>
          </route>
          <doseAndRate>
            <type>
              <coding>
                <system value="http://terminology.hl7.org/CodeSystem/dose-rate-type"/>
                <code value="ordered"/>
                <display value="Ordered"/>
              </coding>
              <text value="Ordered"/>
            </type>
            <doseQuantity>
              <value value="1"/>
              <unit value="Comprimé"/>
              <system value="http://standardterms.edqm.eu"/>
              <code value="15054000"/>
            </doseQuantity>
          </doseAndRate>
        </dosageInstruction>
      </MedicationRequest>
    </resource>
  </entry>
</Bundle>