<?xml version="1.0" encoding="UTF-8"?>

<Bundle xmlns="http://hl7.org/fhir">
  <id value="HAS-17-Presc-Budesonide"/>
  <meta>
    <profile value="https://hl7.fr/ig/fhir/medication/StructureDefinition/fr-prescription-bundle-for-example"/>
  </meta>
  <type value="searchset"/>
  <entry>
    <resource>
      <MedicationRequest>
        <id value="medicationrequest-HAS-17-Presc-Budesonide"/>
        <meta>
          <profile value="https://hl7.fr/ig/fhir/medication/StructureDefinition/fr-medicationrequest"/>
          <profile value="https://hl7.fr/fhir/fr/medication/StructureDefinition/fr-inpatient-medicationrequest"/>
        </meta>
        <text>
          <status value="extensions"/><div xmlns="http://www.w3.org/1999/xhtml"><a name="MedicationRequest_medicationrequest-HAS-17-Presc-Budesonide"> </a><p class="res-header-id"><b>Narratif généré : PrescriptionMédicamenteuseTODO medicationrequest-HAS-17-Presc-Budesonide</b></p><a name="medicationrequest-HAS-17-Presc-Budesonide"> </a><a name="hcmedicationrequest-HAS-17-Presc-Budesonide"> </a><div style="display: inline-block; background-color: #d9e0e7; padding: 6px; margin: 4px; border: 1px solid #8da1b4; border-radius: 5px; line-height: 60%"><p style="margin-bottom: 0px"/><p style="margin-bottom: 0px">Profils: <a href="StructureDefinition-fr-medicationrequest.html">FR Medication Request</a>, <code>https://hl7.fr/fhir/fr/medication/StructureDefinition/fr-inpatient-medicationrequest</code></p></div><p><b>Extension Definition for MedicationRequest.renderedDosageInstruction for Version 5.0</b>: </p><div><p>A administrer en 20 min à 8h, 14h, 18h, et 22h à partir du 16/03/2023</p>
</div><p><b>status</b>: Active</p><p><b>intent</b>: Order</p><p><b>priority</b>: Routine</p><p><b>medication</b>: <span title="Codes:{http://BogusSystemMedicabase.com MV00004231}">Budésonide 1 mg/2 ml (0,5 mg/ml) suspension pour inhalation par nébuliseur en récipient unidose</span></p><p><b>subject</b>: <a href="Patient/14602">Patient/14602</a></p><p><b>requester</b>: <a href="Practitioner/smart-Practitioner-71482713">Practitioner/smart-Practitioner-71482713</a></p><p><b>note</b>: </p><blockquote><div><p>Prescription textuelle: Préparation pour nébuliseur ultrasonique: 1 récipient unidose (soit 2 mL) de BUDESONIDE  1mg/2mL) suspension pour inhalation par nébuliseur à compléter par de l’eau pour préparation injectable si nécessaire en fonction du modèle de nébuliseur. A administrer en 20 min à 8h, 14h, 18h, et 22h à partir du 16/03/2023</p>
</div></blockquote><blockquote><p><b>dosageInstruction</b></p><p><b>timing</b>: Durée 20?? , Once</p><h3>DoseAndRates</h3><table class="grid"><tr><td style="display: none">-</td><td><b>Dose[x]</b></td></tr><tr><td style="display: none">*</td><td>1 mg<span style="background: LightGoldenRodYellow"> (Details: UCUM  codemg = 'mg')</span></td></tr></table></blockquote></div>
        </text>
        <extension url="http://hl7.org/fhir/5.0/StructureDefinition/extension-MedicationRequest.renderedDosageInstruction">
          <valueMarkdown value="A administrer en 20 min à 8h, 14h, 18h, et 22h à partir du 16/03/2023"/>
        </extension>
        <status value="active"/>
        <intent value="order"/>
        <priority value="routine"/>
        <medicationCodeableConcept>
          <coding>
            <system value="http://BogusSystemMedicabase.com"/>
            <code value="MV00004231"/>
            <display value="Budésonide 1 mg/2 ml (0,5 mg/ml) suspension pour inhalation par nébuliseur en récipient unidose"/>
          </coding>
        </medicationCodeableConcept>
        <subject>
          <reference value="Patient/14602"/>
        </subject>
        <requester>
          <reference value="Practitioner/smart-Practitioner-71482713"/>
        </requester>
        <note>
          <text value="Prescription textuelle: Préparation pour nébuliseur ultrasonique: 1 récipient unidose (soit 2 mL) de BUDESONIDE  1mg/2mL) suspension pour inhalation par nébuliseur à compléter par de l’eau pour préparation injectable si nécessaire en fonction du modèle de nébuliseur. A administrer en 20 min à 8h, 14h, 18h, et 22h à partir du 16/03/2023"/>
        </note>
        <dosageInstruction>
          <timing>
            <repeat>
              <boundsPeriod>
                <start value="2023-03-16"/>
              </boundsPeriod>
              <duration value="20"/>
              <durationUnit value="min"/>
              <timeOfDay value="08:00:00"/>
              <timeOfDay value="14:00:00"/>
              <timeOfDay value="18:00:00"/>
              <timeOfDay value="22:00:00"/>
            </repeat>
          </timing>
          <doseAndRate>
            <doseQuantity>
              <value value="1"/>
              <unit value="mg"/>
              <system value="http://unitsofmeasure.org"/>
              <code value="mg"/>
            </doseQuantity>
          </doseAndRate>
        </dosageInstruction>
      </MedicationRequest>
    </resource>
  </entry>
</Bundle>