<?xml version="1.0" encoding="UTF-8"?>

<Bundle xmlns="http://hl7.org/fhir">
  <id value="HAS-23-1-Presc-Fluindione"/>
  <meta>
    <profile value="https://hl7.fr/ig/fhir/medication/StructureDefinition/fr-prescription-bundle-for-example"/>
  </meta>
  <type value="searchset"/>
  <entry>
    <resource>
      <MedicationRequest>
        <id value="medicationrequest-HAS-23-1-Presc-Fluindione"/>
        <meta>
          <profile value="https://hl7.fr/ig/fhir/medication/StructureDefinition/fr-medicationrequest"/>
        </meta>
        <text>
          <status value="extensions"/><div xmlns="http://www.w3.org/1999/xhtml"><a name="MedicationRequest_medicationrequest-HAS-23-1-Presc-Fluindione"> </a><p class="res-header-id"><b>Narratif généré : PrescriptionMédicamenteuseTODO medicationrequest-HAS-23-1-Presc-Fluindione</b></p><a name="medicationrequest-HAS-23-1-Presc-Fluindione"> </a><a name="hcmedicationrequest-HAS-23-1-Presc-Fluindione"> </a><div style="display: inline-block; background-color: #d9e0e7; padding: 6px; margin: 4px; border: 1px solid #8da1b4; border-radius: 5px; line-height: 60%"><p style="margin-bottom: 0px"/><p style="margin-bottom: 0px">Profil: <a href="StructureDefinition-fr-medicationrequest.html">FR Medication Request</a></p></div><p><b>Extension Definition for MedicationRequest.renderedDosageInstruction for Version 5.0</b>: </p><div><p>0,5 comprimé au jour 1, et puis 0,75 comprimé au jour 2. Recommencer le cycle de 2 jours, à répéter sur le mois</p>
</div><p><b>status</b>: Active</p><p><b>intent</b>: Order</p><p><b>priority</b>: Routine</p><p><b>medication</b>: <span title="Codes:{http://BogusSystemMedicabase.com MV00001070}">FLUINDIONE 20 mg comprimé quadrisécable</span></p><p><b>subject</b>: <a href="Patient/14602">Patient/14602</a></p><p><b>authoredOn</b>: 2025-07-23 10:33:00+0100</p><p><b>requester</b>: <a href="Practitioner/smart-Practitioner-71482713">Practitioner/smart-Practitioner-71482713</a></p><p><b>note</b>: </p><blockquote><div><p>Prescription textuelle: FLUINDIONE 20 mg comprimé quadrisécable: 0,5 comprimé au jour 1, et puis 0,75 comprimé au jour 2. Recommencer le cycle de 2 jours, à répéter sur le mois.</p>
</div></blockquote><blockquote><p><b>dosageInstruction</b></p><p><b>additionalInstruction</b>: <span title="Codes:">le premier jour du cycle de 2 jours</span></p><p><b>timing</b>: Once per 2 days</p><h3>DoseAndRates</h3><table class="grid"><tr><td style="display: none">-</td><td><b>Dose[x]</b></td></tr><tr><td style="display: none">*</td><td>0.5 Comprimé<span style="background: LightGoldenRodYellow"> (Details: standardterms.edqm.eu  code15054000 = 'Tablet')</span></td></tr></table></blockquote><blockquote><p><b>dosageInstruction</b></p><p><b>additionalInstruction</b>: <span title="Codes:">le second jour du cycle de 2 jours</span></p><p><b>timing</b>: Once per 2 days</p><h3>DoseAndRates</h3><table class="grid"><tr><td style="display: none">-</td><td><b>Dose[x]</b></td></tr><tr><td style="display: none">*</td><td>0.75 Comprimé<span style="background: LightGoldenRodYellow"> (Details: standardterms.edqm.eu  code15054000 = 'Tablet')</span></td></tr></table></blockquote></div>
        </text>
        <extension url="http://hl7.org/fhir/5.0/StructureDefinition/extension-MedicationRequest.renderedDosageInstruction">
          <valueMarkdown value="0,5 comprimé au jour 1, et puis 0,75 comprimé au jour 2. Recommencer le cycle de 2 jours, à répéter sur le mois"/>
        </extension>
        <status value="active"/>
        <intent value="order"/>
        <priority value="routine"/>
        <medicationCodeableConcept>
          <coding>
            <system value="http://BogusSystemMedicabase.com"/>
            <code value="MV00001070"/>
            <display value="FLUINDIONE 20 mg comprimé quadrisécable"/>
          </coding>
        </medicationCodeableConcept>
        <subject>
          <reference value="Patient/14602"/>
        </subject>
        <authoredOn value="2025-07-23T10:33:00+01:00"/>
        <requester>
          <reference value="Practitioner/smart-Practitioner-71482713"/>
        </requester>
        <note>
          <text value="Prescription textuelle: FLUINDIONE 20 mg comprimé quadrisécable: 0,5 comprimé au jour 1, et puis 0,75 comprimé au jour 2. Recommencer le cycle de 2 jours, à répéter sur le mois."/>
        </note>
        <dosageInstruction>
          <additionalInstruction>
            <text value="le premier jour du cycle de 2 jours"/>
          </additionalInstruction>
          <timing>
            <repeat>
              <boundsDuration>
                <value value="1"/>
                <unit value="mois"/>
                <system value="http://unitsofmeasure.org"/>
                <code value="mo"/>
              </boundsDuration>
              <frequency value="1"/>
              <period value="2"/>
              <periodUnit value="d"/>
            </repeat>
          </timing>
          <doseAndRate>
            <doseQuantity>
              <value value="0.5"/>
              <unit value="Comprimé"/>
              <system value="http://standardterms.edqm.eu"/>
              <code value="15054000"/>
            </doseQuantity>
          </doseAndRate>
        </dosageInstruction>
        <dosageInstruction>
          <additionalInstruction>
            <text value="le second jour du cycle de 2 jours"/>
          </additionalInstruction>
          <timing>
            <repeat>
              <boundsDuration>
                <value value="1"/>
                <unit value="mois"/>
                <system value="http://unitsofmeasure.org"/>
                <code value="mo"/>
              </boundsDuration>
              <frequency value="1"/>
              <period value="2"/>
              <periodUnit value="d"/>
            </repeat>
          </timing>
          <doseAndRate>
            <doseQuantity>
              <value value="0.75"/>
              <unit value="Comprimé"/>
              <system value="http://standardterms.edqm.eu"/>
              <code value="15054000"/>
            </doseQuantity>
          </doseAndRate>
        </dosageInstruction>
      </MedicationRequest>
    </resource>
  </entry>
</Bundle>