{
  "resourceType" : "ValueSet",
  "id" : "fr-medication-code",
  "text" : {
    "status" : "generated",
    "div" : "<div xmlns=\"http://www.w3.org/1999/xhtml\"><p class=\"res-header-id\"><b>Narratif généré : EnsembleValeurs fr-medication-code</b></p><a name=\"fr-medication-code\"> </a><a name=\"hcfr-medication-code\"> </a><p>Ce jeu de valeur (ValueSet) inclut les codes selon les règles suivantes :</p><ul><li>Inclut tous les codes définis dans <code>http://data.esante.gouv.fr/ansm/medicament/UCD</code></li><li>Inclut tous les codes définis dans <code>http://data.esante.gouv.fr/ansm/medicament/codeSMS</code></li><li>Inclut tous les codes définis dans <code>http://data.esante.gouv.fr/ansm/medicament/substance</code></li></ul></div>"
  },
  "url" : "https://hl7.fr/ig/fhir/medication/ValueSet/fr-medication-code",
  "version" : "0.1.0",
  "name" : "FRMedicationCodes",
  "title" : "value set Interop'Santé - Codes identifiant les médicaments",
  "status" : "draft",
  "experimental" : false,
  "date" : "2025-09-23T12:31:20+00:00",
  "publisher" : "Interop'Santé",
  "contact" : [{
    "name" : "Interop'Santé",
    "telecom" : [{
      "system" : "url",
      "value" : "http://interopsante.org/"
    }]
  }],
  "description" : "Le jeu de valeurs à utiliser pour indiquer le médicament dans Medication.code.coding.code",
  "jurisdiction" : [{
    "coding" : [{
      "system" : "urn:iso:std:iso:3166",
      "code" : "FR",
      "display" : "FRANCE"
    }]
  }],
  "immutable" : false,
  "compose" : {
    "include" : [{
      "system" : "http://data.esante.gouv.fr/ansm/medicament/UCD"
    },
    {
      "system" : "http://data.esante.gouv.fr/ansm/medicament/codeSMS"
    },
    {
      "system" : "http://data.esante.gouv.fr/ansm/medicament/substance"
    }]
  }
}