<?xml version="1.0" encoding="UTF-8"?>

<MedicationRequest xmlns="http://hl7.org/fhir">
  <id value="14624"/>
  <meta>
    <profile value="https://hl7.fr/fhir/fr/medication/StructureDefinition/fr-inpatient-medicationrequest"/>
  </meta>
  <text>
    <status value="generated"/><div xmlns="http://www.w3.org/1999/xhtml"><p class="res-header-id"><b>Generated Narrative: MedicationRequest 14624</b></p><a name="14624"> </a><a name="hc14624"> </a><a name="14624-en-US"> </a><div style="display: inline-block; background-color: #d9e0e7; padding: 6px; margin: 4px; border: 1px solid #8da1b4; border-radius: 5px; line-height: 60%"><p style="margin-bottom: 0px"/><p style="margin-bottom: 0px">Profile: <a href="StructureDefinition-fr-inpatient-medicationrequest.html">French Inpatient MedicationRequest</a></p></div><p><b>status</b>: Active</p><p><b>intent</b>: Order</p><p><b>medication</b>: <a href="#hc14624/med-21">Medication EFFERALGAN 1 000 mg, cpr</a></p><p><b>subject</b>: <a href="Patient/14602">Patient/14602</a></p><p><b>authoredOn</b>: 2021-07-28 14:52:40+0000</p><p><b>requester</b>: <a href="Practitioner/smart-Practitioner-71482713">Practitioner/smart-Practitioner-71482713</a></p><blockquote><p><b>dosageInstruction</b></p><p><b>sequence</b>: 1</p><p><b>timing</b>: Once</p><p><b>route</b>: <span title="Codes:{http://snomed.info/sct 26643006}">Voie orale</span></p><h3>DoseAndRates</h3><table class="grid"><tr><td style="display: none">-</td><td><b>Type</b></td><td><b>Dose[x]</b></td></tr><tr><td style="display: none">*</td><td><span title="Codes:{http://terminology.hl7.org/CodeSystem/dose-rate-type ordered}">Ordered</span></td><td>1 1<span style="background: LightGoldenRodYellow"> (Details: UCUM  code1 = '1')</span></td></tr></table></blockquote><hr/><blockquote><p class="res-header-id"><b>Generated Narrative: Medication #med-21</b></p><a name="14624/med-21"> </a><a name="hc14624/med-21"> </a><a name="14624/med-21-en-US"> </a><div style="display: inline-block; background-color: #d9e0e7; padding: 6px; margin: 4px; border: 1px solid #8da1b4; border-radius: 5px; line-height: 60%"><p style="margin-bottom: 0px"/><p style="margin-bottom: 0px">Profile: <a href="StructureDefinition-fr-medication-ucd.html">French branded name Medication</a></p></div><p><b>code</b>: <span title="Codes:{http://phast.fr/fhir/ValueSet/Pharmacy/CIOdc/SIPh-CIO_UCD 3400893766521}">EFFERALGAN 1 000 mg, cpr</span></p><p><b>form</b>: <span title="Codes:{http://snomed.info/sct 421026006}">comprimé</span></p><h3>Ingredients</h3><table class="grid"><tr><td style="display: none">-</td><td><b>Item[x]</b></td><td><b>IsActive</b></td><td><b>Strength</b></td></tr><tr><td style="display: none">*</td><td><span title="Codes:{http://snomed.info/sct 387517004}">PARACETAMOL</span></td><td>true</td><td>1000 mg<span style="background: LightGoldenRodYellow"> (Details: UCUM  codemg = 'mg')</span>/1 1<span style="background: LightGoldenRodYellow"> (Details: UCUM  code1 = '1')</span></td></tr></table></blockquote></div>
  </text>
  <contained>
    <Medication>
      <id value="med-21"/>
      <meta>
        <profile value="https://hl7.fr/fhir/fr/medication/StructureDefinition/fr-medication-ucd"/>
      </meta>
      <code>
        <coding>
          <system value="http://phast.fr/fhir/ValueSet/Pharmacy/CIOdc/SIPh-CIO_UCD"/>
          <code value="3400893766521"/>
          <display value="EFFERALGAN 1 000 mg, cpr"/>
        </coding>
        <text value="EFFERALGAN 1 000 mg, cpr"/>
      </code>
      <form>
        <coding>
          <system value="http://snomed.info/sct"/>
          <code value="421026006"/>
          <display value="comprimé oral"/>
        </coding>
        <text value="comprimé"/>
      </form>
      <ingredient>
        <itemCodeableConcept>
          <coding>
            <system value="http://snomed.info/sct"/>
            <code value="387517004"/>
            <display value="paracétamol"/>
          </coding>
          <text value="PARACETAMOL"/>
        </itemCodeableConcept>
        <isActive value="true"/>
        <strength>
          <numerator>
            <value value="1000"/>
            <unit value="mg"/>
            <system value="http://unitsofmeasure.org"/>
            <code value="mg"/>
          </numerator>
          <denominator>
            <value value="1"/>
            <system value="http://unitsofmeasure.org"/>
            <code value="1"/>
          </denominator>
        </strength>
      </ingredient>
    </Medication>
  </contained>
  <status value="active"/>
  <intent value="order"/>
  <medicationReference>
    <reference value="#med-21"/>
  </medicationReference>
  <subject>
    <reference value="Patient/14602"/>
  </subject>
  <authoredOn value="2021-07-28T14:52:40.936Z"/>
  <requester>
    <reference value="Practitioner/smart-Practitioner-71482713"/>
  </requester>
  <dosageInstruction>
    <sequence value="1"/>
    <timing>
      <repeat>
        <boundsPeriod>
          <start value="2021-07-28T14:52:00Z"/>
          <end value="2021-08-02T14:51:59Z"/>
        </boundsPeriod>
        <timeOfDay value="07:00:00"/>
        <timeOfDay value="12:00:00"/>
        <timeOfDay value="18:00:00"/>
      </repeat>
    </timing>
    <route>
      <coding>
        <system value="http://snomed.info/sct"/>
        <code value="26643006"/>
        <display value="Voie orale"/>
      </coding>
      <text value="Voie orale"/>
    </route>
    <doseAndRate>
      <type>
        <coding>
          <system value="http://terminology.hl7.org/CodeSystem/dose-rate-type"/>
          <code value="ordered"/>
          <display value="Ordered"/>
        </coding>
        <text value="Ordered"/>
      </type>
      <doseQuantity>
        <value value="1"/>
        <system value="http://unitsofmeasure.org"/>
        <code value="1"/>
      </doseQuantity>
    </doseAndRate>
  </dosageInstruction>
</MedicationRequest>