<?xml version="1.0" encoding="UTF-8"?>

<ConceptMap xmlns="http://hl7.org/fhir">
  <id value="PN13-FHIR-prescmed-medicationUCD-conceptmap"/>
  <text>
    <status value="generated"/><div xmlns="http://www.w3.org/1999/xhtml"><p class="res-header-id"><b>Generated Narrative: ConceptMap PN13-FHIR-prescmed-medicationUCD-conceptmap</b></p><a name="PN13-FHIR-prescmed-medicationUCD-conceptmap"> </a><a name="hcPN13-FHIR-prescmed-medicationUCD-conceptmap"> </a><a name="PN13-FHIR-prescmed-medicationUCD-conceptmap-en-US"> </a><p>Mapping from https://interopsante.org/pn13/xsd to https://hl7.fr/ig/fhir/medication/StructureDefinition/FrMedicationUcd</p><br/><p><b>Group 1 </b>Mapping from <code>unspecified code system</code> to <code>unspecified code system</code></p><table class="grid"><tr><td colspan="3"><b>Source Concept Details</b></td><td><b>Relationship</b></td><td colspan="3"><b>Target Concept Details</b></td><td><b>Comment</b></td><td colspan="3"><b>Properties</b></td></tr><tr><td colspan="2"><b>Codes</b> from </td><td><b>Forme@Phastnomenclature</b></td><td/><td colspan="2"><b>Codes</b> from </td><td><b>Medication.form.coding.system</b></td><td/></tr><tr><td style="border-right-width: 0px">Messages/M_prescription_médicaments/Prescription/Elément_prescr_médic/Forme</td><td style="border-left-width: 0px"></td><td>SIPh-CIO_Forme</td><td><a href="http://hl7.org/fhir/extensions/5.1.0/CodeSystem-concept-map-equivalence.html#equivalent" title="equivalent">is equivalent to</a></td><td style="border-right-width: 0px">Medication.form.coding.code</td><td style="border-left-width: 0px"></td><td/><td>L'équivalence est donnée par le mapping à fournir par PHAST</td></tr><tr><td style="border-right-width: 0px">Messages/M_prescription_médicaments/Prescription/Elément_prescr_médic/Forme</td><td style="border-left-width: 0px"></td><td>&lt;Null&gt;</td><td><a href="http://hl7.org/fhir/extensions/5.1.0/CodeSystem-concept-map-equivalence.html#equivalent" title="equivalent">is equivalent to</a></td><td style="border-right-width: 0px">Medication.form.coding.code</td><td style="border-left-width: 0px"></td><td/><td>L'équivalence est donnée par le mapping à fournir par PHAST</td></tr><tr><td style="border-right-width: 0px">Messages/M_prescription_médicaments/Prescription/Elément_prescr_médic/Forme</td><td style="border-left-width: 0px"></td><td>EDQM</td><td><a href="http://hl7.org/fhir/extensions/5.1.0/CodeSystem-concept-map-equivalence.html#equal" title="equal">is equal to</a></td><td style="border-right-width: 0px">Medication.form.coding.code</td><td style="border-left-width: 0px"></td><td>http://standardterms.edqm.eu</td><td/></tr><tr><td style="border-right-width: 0px">Messages/M_prescription_médicaments/Prescription/Elément_prescr_médic/Forme</td><td style="border-left-width: 0px"></td><td>SIPh-Forme</td><td><a href="http://hl7.org/fhir/extensions/5.1.0/CodeSystem-concept-map-equivalence.html#relatedto" title="relatedto">is related to</a></td><td style="border-right-width: 0px">Medication.form.coding.code</td><td style="border-left-width: 0px"></td><td/><td/></tr></table></div>
  </text>
  <url value="https://hl7.fr/fhir/fr/medication/ConceptMap/PN13-FHIR-prescmed-medicationUCD-conceptmap"/>
  <version value="0.1.0"/>
  <name value="FrPN13FHIRMedicationPrescriptionMedicationUCDConceptMap"/>
  <title value="Conversion PN13 vers FHIR pour un médicament UCD d'une prescription de médicaments"/>
  <status value="draft"/>
  <date value="2024-11-20T16:15:47+00:00"/>
  <publisher value="Interop'Santé"/>
  <contact>
    <name value="Interop'Santé"/>
    <telecom>
      <system value="url"/>
      <value value="http://interopsante.org/"/>
    </telecom>
  </contact>
  <description value="ConceptMap pour la conversion PN13 vers FHIR d'un médicament UCD d'une prescritpion de médicament"/>
  <sourceUri value="https://interopsante.org/pn13/xsd"/>
  <targetUri value="https://hl7.fr/ig/fhir/medication/StructureDefinition/FrMedicationUcd"/>
  <group>
    <element>
      <code value="Messages/M_prescription_médicaments/Prescription/Elément_prescr_médic/Forme"/>
      <target>
        <code value="Medication.form.coding.code"/>
        <equivalence value="equivalent"/>
        <comment value="L'équivalence est donnée par le mapping à fournir par PHAST"/>
        <dependsOn>
          <property value="Messages/M_prescription_médicaments/Prescription/Elément_prescr_médic/Forme@Phast-nomenclature"/>
          <value value="SIPh-CIO_Forme"/>
        </dependsOn>
      </target>
    </element>
    <element>
      <code value="Messages/M_prescription_médicaments/Prescription/Elément_prescr_médic/Forme"/>
      <target>
        <code value="Medication.form.coding.code"/>
        <equivalence value="equivalent"/>
        <comment value="L'équivalence est donnée par le mapping à fournir par PHAST"/>
        <dependsOn>
          <property value="Messages/M_prescription_médicaments/Prescription/Elément_prescr_médic/Forme@Phast-nomenclature"/>
          <value value="&lt;Null&gt;"/>
        </dependsOn>
      </target>
    </element>
    <element>
      <code value="Messages/M_prescription_médicaments/Prescription/Elément_prescr_médic/Forme"/>
      <target>
        <code value="Medication.form.coding.code"/>
        <equivalence value="equal"/>
        <dependsOn>
          <property value="Messages/M_prescription_médicaments/Prescription/Elément_prescr_médic/Forme@Phast-nomenclature"/>
          <value value="EDQM"/>
        </dependsOn>
        <product>
          <property value="Medication.form.coding.system"/>
          <value value="http://standardterms.edqm.eu"/>
        </product>
      </target>
    </element>
    <element>
      <code value="Messages/M_prescription_médicaments/Prescription/Elément_prescr_médic/Forme"/>
      <target>
        <code value="Medication.form.coding.code"/>
        <equivalence value="relatedto"/>
        <dependsOn>
          <property value="Messages/M_prescription_médicaments/Prescription/Elément_prescr_médic/Forme@Phast-nomenclature"/>
          <value value="SIPh-Forme"/>
        </dependsOn>
      </target>
    </element>
  </group>
</ConceptMap>