<?xml version="1.0" encoding="UTF-8"?>

<CodeSystem xmlns="http://hl7.org/fhir">
  <id value="medication-ingredient-strength-codes"/>
  <meta>
    <profile value="http://hl7.org/fhir/StructureDefinition/shareablecodesystem"/>
  </meta>
  <text>
    <status value="generated"/><div xmlns="http://www.w3.org/1999/xhtml"><p class="res-header-id"><b>Generated Narrative: CodeSystem medication-ingredient-strength-codes</b></p><a name="medication-ingredient-strength-codes"> </a><a name="hcmedication-ingredient-strength-codes"> </a><a name="medication-ingredient-strength-codes-en-US"> </a><p>This case-sensitive code system <code>http://hl7.org/fhir/CodeSystem/medication-ingredientstrength</code> defines the following codes:</p><table class="codes"><tr><td style="white-space:nowrap"><b>Code</b></td><td><b>Display</b></td><td><b>Definition</b></td></tr><tr><td style="white-space:nowrap">qs<a name="medication-ingredient-strength-codes-qs"> </a></td><td>QS</td><td>As much as is sufficient.</td></tr><tr><td style="white-space:nowrap">trace<a name="medication-ingredient-strength-codes-trace"> </a></td><td>Trace</td><td>Very small amount.</td></tr></table></div>
  </text>
  <extension url="http://hl7.org/fhir/StructureDefinition/structuredefinition-wg">
    <valueCode value="phx"/>
  </extension>
  <url value="http://hl7.org/fhir/CodeSystem/medication-ingredientstrength"/>
  <identifier>
    <system value="urn:ietf:rfc:3986"/>
    <value value="urn:oid:2.16.840.1.113883.4.642.1.1427"/>
  </identifier>
  <version value="0.1.0"/>
  <name value="Medication_Ingredient_Strength_Codes"/>
  <status value="draft"/>
  <experimental value="false"/>
  <date value="2024-08-13T15:46:10+00:00"/>
  <publisher value="Interop'Santé"/>
  <contact>
    <name value="Interop'Santé"/>
    <telecom>
      <system value="url"/>
      <value value="http://interopsante.org/"/>
    </telecom>
  </contact>
  <caseSensitive value="true"/>
  <valueSet value="http://hl7.org/fhir/ValueSet/medication-ingredientstrength"/>
  <content value="complete"/>
  <count value="2"/>
  <concept>
    <code value="qs"/>
    <display value="QS"/>
    <definition value="As much as is sufficient."/>
  </concept>
  <concept>
    <code value="trace"/>
    <display value="Trace"/>
    <definition value="Very small amount."/>
  </concept>
</CodeSystem>