{
  "resourceType" : "ConceptMap",
  "id" : "PN13-FHIR-TypoComposant-conceptmap",
  "text" : {
    "status" : "generated",
    "div" : "<div xmlns=\"http://www.w3.org/1999/xhtml\"><p class=\"res-header-id\"><b>Generated Narrative: ConceptMap PN13-FHIR-TypoComposant-conceptmap</b></p><a name=\"PN13-FHIR-TypoComposant-conceptmap\"> </a><a name=\"hcPN13-FHIR-TypoComposant-conceptmap\"> </a><a name=\"PN13-FHIR-TypoComposant-conceptmap-en-US\"> </a><p>Mapping from https://interopsante.org/pn13/SIPh_TypeComposant to <a href=\"CodeSystem-FrMedicationIGMedicationProfileList.html\">https://hl7.fr/ig/fhir/Medication/CodeSystem/fr-medication-profil-list</a></p><br/><p><b>Group 1 </b>Mapping from <code>unspecified code system</code> to <code>unspecified code system</code></p><table class=\"grid\"><tr><td><b>Source Code</b></td><td><b>Relationship</b></td><td><b>Target Code</b></td></tr><tr><td>SPEC</td><td><a href=\"http://hl7.org/fhir/extensions/5.1.0/CodeSystem-concept-map-equivalence.html#inexact\" title=\"inexact\">maps loosely to</a></td><td>FrMedicationUcd</td></tr><tr><td>ATUN</td><td><a href=\"http://hl7.org/fhir/extensions/5.1.0/CodeSystem-concept-map-equivalence.html#inexact\" title=\"inexact\">maps loosely to</a></td><td>FrMedicationUcd</td></tr><tr><td>PRAC</td><td><a href=\"http://hl7.org/fhir/extensions/5.1.0/CodeSystem-concept-map-equivalence.html#inexact\" title=\"inexact\">maps loosely to</a></td><td>FrMedicationNonproprietaryName</td></tr><tr><td>PRHO</td><td><a href=\"http://hl7.org/fhir/extensions/5.1.0/CodeSystem-concept-map-equivalence.html#inexact\" title=\"inexact\">maps loosely to</a></td><td>FrMedicationCompound</td></tr><tr><td>IMPO</td><td><a href=\"http://hl7.org/fhir/extensions/5.1.0/CodeSystem-concept-map-equivalence.html#inexact\" title=\"inexact\">maps loosely to</a></td><td>FrMedicationUcd</td></tr><tr><td>ATUC</td><td><a href=\"http://hl7.org/fhir/extensions/5.1.0/CodeSystem-concept-map-equivalence.html#inexact\" title=\"inexact\">maps loosely to</a></td><td>FrMedicationUcd</td></tr><tr><td>PRMA</td><td><a href=\"http://hl7.org/fhir/extensions/5.1.0/CodeSystem-concept-map-equivalence.html#inexact\" title=\"inexact\">maps loosely to</a></td><td>FrMedicationCompound</td></tr><tr><td>MAPR</td><td><a href=\"http://hl7.org/fhir/extensions/5.1.0/CodeSystem-concept-map-equivalence.html#inexact\" title=\"inexact\">maps loosely to</a></td><td>FrMedicationNonproprietaryName</td></tr><tr><td>MVTS</td><td><a href=\"http://hl7.org/fhir/extensions/5.1.0/CodeSystem-concept-map-equivalence.html#inexact\" title=\"inexact\">maps loosely to</a></td><td>FrMedicationNonproprietaryName</td></tr><tr><td>MVTR</td><td><a href=\"http://hl7.org/fhir/extensions/5.1.0/CodeSystem-concept-map-equivalence.html#inexact\" title=\"inexact\">maps loosely to</a></td><td>FrMedicationNonproprietaryName</td></tr><tr><td>MVBC</td><td><a href=\"http://hl7.org/fhir/extensions/5.1.0/CodeSystem-concept-map-equivalence.html#inexact\" title=\"inexact\">maps loosely to</a></td><td>FrMedicationNonproprietaryName</td></tr><tr><td>MVVI</td><td><a href=\"http://hl7.org/fhir/extensions/5.1.0/CodeSystem-concept-map-equivalence.html#inexact\" title=\"inexact\">maps loosely to</a></td><td>FrMedicationNonproprietaryName</td></tr><tr><td>DC</td><td><a href=\"http://hl7.org/fhir/extensions/5.1.0/CodeSystem-concept-map-equivalence.html#inexact\" title=\"inexact\">maps loosely to</a></td><td>FrMedicationNonproprietaryName</td></tr><tr><td>MVMB</td><td><a href=\"http://hl7.org/fhir/extensions/5.1.0/CodeSystem-concept-map-equivalence.html#inexact\" title=\"inexact\">maps loosely to</a></td><td>FrMedicationNonproprietaryName</td></tr></table></div>"
  },
  "url" : "https://hl7.fr/fhir/fr/medication/ConceptMap/PN13-FHIR-TypoComposant-conceptmap",
  "version" : "0.1.0",
  "name" : "FrPN13FHIRTypeComposantConceptMap",
  "title" : "Conversion des types de composants prescrits en PN13 vers les profiles de la ressource Medication en FHIR",
  "status" : "draft",
  "date" : "2024-08-14T16:13:05+00:00",
  "publisher" : "Interop'Santé",
  "contact" : [{
    "name" : "Interop'Santé",
    "telecom" : [{
      "system" : "url",
      "value" : "http://interopsante.org/"
    }]
  }],
  "description" : "ConceptMap pour la conversion des types de composants prescrits en PN13 vers les profiles de la ressource Medication en FHIR",
  "sourceUri" : "https://interopsante.org/pn13/SIPh_TypeComposant",
  "targetUri" : "https://hl7.fr/ig/fhir/Medication/CodeSystem/fr-medication-profil-list",
  "group" : [{
    "element" : [{
      "code" : "SPEC",
      "target" : [{
        "modifierExtension" : [{
          "url" : "http://hl7.org/fhir/1.0/StructureDefinition/extension-ConceptMap.element.target.equivalence",
          "valueCode" : "inexact"
        }],
        "code" : "FrMedicationUcd",
        "equivalence" : "inexact"
      }]
    },
    {
      "code" : "ATUN",
      "target" : [{
        "modifierExtension" : [{
          "url" : "http://hl7.org/fhir/1.0/StructureDefinition/extension-ConceptMap.element.target.equivalence",
          "valueCode" : "inexact"
        }],
        "code" : "FrMedicationUcd",
        "equivalence" : "inexact"
      }]
    },
    {
      "code" : "PRAC",
      "target" : [{
        "modifierExtension" : [{
          "url" : "http://hl7.org/fhir/1.0/StructureDefinition/extension-ConceptMap.element.target.equivalence",
          "valueCode" : "inexact"
        }],
        "code" : "FrMedicationNonproprietaryName",
        "equivalence" : "inexact"
      }]
    },
    {
      "code" : "PRHO",
      "target" : [{
        "modifierExtension" : [{
          "url" : "http://hl7.org/fhir/1.0/StructureDefinition/extension-ConceptMap.element.target.equivalence",
          "valueCode" : "inexact"
        }],
        "code" : "FrMedicationCompound",
        "equivalence" : "inexact"
      }]
    },
    {
      "code" : "IMPO",
      "target" : [{
        "modifierExtension" : [{
          "url" : "http://hl7.org/fhir/1.0/StructureDefinition/extension-ConceptMap.element.target.equivalence",
          "valueCode" : "inexact"
        }],
        "code" : "FrMedicationUcd",
        "equivalence" : "inexact"
      }]
    },
    {
      "code" : "ATUC",
      "target" : [{
        "modifierExtension" : [{
          "url" : "http://hl7.org/fhir/1.0/StructureDefinition/extension-ConceptMap.element.target.equivalence",
          "valueCode" : "inexact"
        }],
        "code" : "FrMedicationUcd",
        "equivalence" : "inexact"
      }]
    },
    {
      "code" : "PRMA",
      "target" : [{
        "modifierExtension" : [{
          "url" : "http://hl7.org/fhir/1.0/StructureDefinition/extension-ConceptMap.element.target.equivalence",
          "valueCode" : "inexact"
        }],
        "code" : "FrMedicationCompound",
        "equivalence" : "inexact"
      }]
    },
    {
      "code" : "MAPR",
      "target" : [{
        "modifierExtension" : [{
          "url" : "http://hl7.org/fhir/1.0/StructureDefinition/extension-ConceptMap.element.target.equivalence",
          "valueCode" : "inexact"
        }],
        "code" : "FrMedicationNonproprietaryName",
        "equivalence" : "inexact"
      }]
    },
    {
      "code" : "MVTS",
      "target" : [{
        "modifierExtension" : [{
          "url" : "http://hl7.org/fhir/1.0/StructureDefinition/extension-ConceptMap.element.target.equivalence",
          "valueCode" : "inexact"
        }],
        "code" : "FrMedicationNonproprietaryName",
        "equivalence" : "inexact"
      }]
    },
    {
      "code" : "MVTR",
      "target" : [{
        "modifierExtension" : [{
          "url" : "http://hl7.org/fhir/1.0/StructureDefinition/extension-ConceptMap.element.target.equivalence",
          "valueCode" : "inexact"
        }],
        "code" : "FrMedicationNonproprietaryName",
        "equivalence" : "inexact"
      }]
    },
    {
      "code" : "MVBC",
      "target" : [{
        "modifierExtension" : [{
          "url" : "http://hl7.org/fhir/1.0/StructureDefinition/extension-ConceptMap.element.target.equivalence",
          "valueCode" : "inexact"
        }],
        "code" : "FrMedicationNonproprietaryName",
        "equivalence" : "inexact"
      }]
    },
    {
      "code" : "MVVI",
      "target" : [{
        "modifierExtension" : [{
          "url" : "http://hl7.org/fhir/1.0/StructureDefinition/extension-ConceptMap.element.target.equivalence",
          "valueCode" : "inexact"
        }],
        "code" : "FrMedicationNonproprietaryName",
        "equivalence" : "inexact"
      }]
    },
    {
      "code" : "DC",
      "target" : [{
        "modifierExtension" : [{
          "url" : "http://hl7.org/fhir/1.0/StructureDefinition/extension-ConceptMap.element.target.equivalence",
          "valueCode" : "inexact"
        }],
        "code" : "FrMedicationNonproprietaryName",
        "equivalence" : "inexact"
      }]
    },
    {
      "code" : "MVMB",
      "target" : [{
        "modifierExtension" : [{
          "url" : "http://hl7.org/fhir/1.0/StructureDefinition/extension-ConceptMap.element.target.equivalence",
          "valueCode" : "inexact"
        }],
        "code" : "FrMedicationNonproprietaryName",
        "equivalence" : "inexact"
      }]
    }]
  }]
}