<?xml version="1.0" encoding="UTF-8"?>

<Bundle xmlns="http://hl7.org/fhir">
  <id value="5a1c7d92-f53d-4c97-9f40-41498b5143c8"/>
  <meta>
    <lastUpdated value="2024-08-13T15:46:10.643+00:00"/>
  </meta>
  <type value="collection"/>
  <entry>
    <fullUrl value="http://interopsante.org/fhir/ValueSet/fr-editorial-status"/>
    <resource>
      <ValueSet>
        <meta>
          <lastUpdated value="2021-06-23T09:15:00Z"/>
          <profile value="http://hl7.org/fhir/StructureDefinition/shareablevalueset"/>
        </meta>
        <text>
          <status value="generated"/>
          <div xmlns="http://www.w3.org/1999/xhtml">
            <p class="res-header-id">
              <b>Generated Narrative: ValueSet </b>
            </p>
            <div style="display: inline-block; background-color: #d9e0e7; padding: 6px; margin: 4px; border: 1px solid #8da1b4; border-radius: 5px; line-height: 60%">
              <p style="margin-bottom: 0px">Last updated: 2021-06-23 09:15:00+0000</p>
              <p style="margin-bottom: 0px">Profile: 
                <a href="http://hl7.org/fhir/R4/shareablevalueset.html">Shareable ValueSet</a>
              </p>
            </div>
            <p style="border: black 1px dotted; background-color: #EEEEEE; padding: 8px; margin-bottom: 8px">Expansion based on 
              <a href="CodeSystem-FrEditorialStatus.html">codesystem code system Interop'Santé - Statut éditorial d'une valeur v0.1.0 (CodeSystem)</a>
            </p>
            <p>This value set contains 4 concepts</p>
            <table class="codes">
              <tr>
                <td style="white-space:nowrap">
                  <b>Code</b>
                </td>
                <td>
                  <b>System</b>
                </td>
                <td>
                  <b>Display</b>
                </td>
              </tr>
              <tr>
                <td style="white-space:nowrap">
                  <a name="x-http://interopsante.org/fhir/CodeSystem/fr-editorial-status-10000001"> </a>  
                  <a href="CodeSystem-FrEditorialStatus.html#FrEditorialStatus-10000001">10000001</a>
                </td>
                <td>http://interopsante.org/fhir/CodeSystem/fr-editorial-status</td>
                <td>Créé</td>
              </tr>
              <tr>
                <td style="white-space:nowrap">
                  <a name="x-http://interopsante.org/fhir/CodeSystem/fr-editorial-status-10000002"> </a>  
                  <a href="CodeSystem-FrEditorialStatus.html#FrEditorialStatus-10000002">10000002</a>
                </td>
                <td>http://interopsante.org/fhir/CodeSystem/fr-editorial-status</td>
                <td>Mis-à-jour</td>
              </tr>
              <tr>
                <td style="white-space:nowrap">
                  <a name="x-http://interopsante.org/fhir/CodeSystem/fr-editorial-status-10000003"> </a>  
                  <a href="CodeSystem-FrEditorialStatus.html#FrEditorialStatus-10000003">10000003</a>
                </td>
                <td>http://interopsante.org/fhir/CodeSystem/fr-editorial-status</td>
                <td>Scellé</td>
              </tr>
              <tr>
                <td style="white-space:nowrap">
                  <a name="x-http://interopsante.org/fhir/CodeSystem/fr-editorial-status-10000004"> </a>  
                  <a href="CodeSystem-FrEditorialStatus.html#FrEditorialStatus-10000004">10000004</a>
                </td>
                <td>http://interopsante.org/fhir/CodeSystem/fr-editorial-status</td>
                <td>Supprimé</td>
              </tr>
            </table>
          </div>
        </text>
        <url value="http://interopsante.org/fhir/ValueSet/fr-editorial-status"/>
        <version value="0.1.0"/>
        <name value="FrEditorialStatus"/>
        <title value="value set InterOp'Santé - Statut éditorial d'une valeur"/>
        <status value="draft"/>
        <experimental value="false"/>
        <date value="2021-06-23T09:15:00Z"/>
        <immutable value="false"/>
        <expansion>
          <identifier value="urn:uuid:57573ae9-f076-4070-a138-ef45a42b32d7"/>
          <timestamp value="2024-08-13T15:47:07+00:00"/>
          <total value="4"/>
          <offset value="0"/>
          <parameter>
            <name value="count"/>
            <valueInteger value="1000"/>
          </parameter>
          <parameter>
            <name value="offset"/>
            <valueInteger value="0"/>
          </parameter>
          <parameter>
            <name value="excludeNested"/>
            <valueBoolean value="false"/>
          </parameter>
          <parameter>
            <name value="used-codesystem"/>
            <valueUri value="http://interopsante.org/fhir/CodeSystem/fr-editorial-status|0.1.0"/>
          </parameter>
          <contains>
            <system value="http://interopsante.org/fhir/CodeSystem/fr-editorial-status"/>
            <code value="10000001"/>
            <display value="Créé"/>
          </contains>
          <contains>
            <system value="http://interopsante.org/fhir/CodeSystem/fr-editorial-status"/>
            <code value="10000002"/>
            <display value="Mis-à-jour"/>
          </contains>
          <contains>
            <system value="http://interopsante.org/fhir/CodeSystem/fr-editorial-status"/>
            <code value="10000003"/>
            <display value="Scellé"/>
          </contains>
          <contains>
            <system value="http://interopsante.org/fhir/CodeSystem/fr-editorial-status"/>
            <code value="10000004"/>
            <display value="Supprimé"/>
          </contains>
        </expansion>
      </ValueSet>
    </resource>
  </entry>
  <entry>
    <fullUrl value="http://interopsante.org/fhir/ValueSet/fr-medication-history-source-type"/>
    <resource>
      <ValueSet>
        <meta>
          <lastUpdated value="2021-06-23T09:15:00Z"/>
          <profile value="http://hl7.org/fhir/StructureDefinition/shareablevalueset"/>
        </meta>
        <text>
          <status value="generated"/>
          <div xmlns="http://www.w3.org/1999/xhtml">
            <p class="res-header-id">
              <b>Generated Narrative: ValueSet </b>
            </p>
            <div style="display: inline-block; background-color: #d9e0e7; padding: 6px; margin: 4px; border: 1px solid #8da1b4; border-radius: 5px; line-height: 60%">
              <p style="margin-bottom: 0px">Last updated: 2021-06-23 09:15:00+0000</p>
              <p style="margin-bottom: 0px">Profile: 
                <a href="http://hl7.org/fhir/R4/shareablevalueset.html">Shareable ValueSet</a>
              </p>
            </div>
            <p style="border: black 1px dotted; background-color: #EEEEEE; padding: 8px; margin-bottom: 8px">Expansion based on 
              <a href="CodeSystem-FrMedicationHistorySourceType.html">codesystem code system Interop'Santé - Nature des sources d'un Bilan Médicamenteux v0.1.0 (CodeSystem)</a>
            </p>
            <p>This value set contains 18 concepts</p>
            <table class="codes">
              <tr>
                <td style="white-space:nowrap">
                  <b>Code</b>
                </td>
                <td>
                  <b>System</b>
                </td>
                <td>
                  <b>Display</b>
                </td>
              </tr>
              <tr>
                <td style="white-space:nowrap">
                  <a name="x-http://interopsante.org/fhir/CodeSystem/fr-medication-history-source-type-10000001"> </a>  
                  <a href="CodeSystem-FrMedicationHistorySourceType.html#FrMedicationHistorySourceType-10000001">10000001</a>
                </td>
                <td>http://interopsante.org/fhir/CodeSystem/fr-medication-history-source-type</td>
                <td>Entretien avec le patient</td>
              </tr>
              <tr>
                <td style="white-space:nowrap">
                  <a name="x-http://interopsante.org/fhir/CodeSystem/fr-medication-history-source-type-10000002"> </a>  
                  <a href="CodeSystem-FrMedicationHistorySourceType.html#FrMedicationHistorySourceType-10000002">10000002</a>
                </td>
                <td>http://interopsante.org/fhir/CodeSystem/fr-medication-history-source-type</td>
                <td>Entretien avec les proches</td>
              </tr>
              <tr>
                <td style="white-space:nowrap">
                  <a name="x-http://interopsante.org/fhir/CodeSystem/fr-medication-history-source-type-10000003"> </a>  
                  <a href="CodeSystem-FrMedicationHistorySourceType.html#FrMedicationHistorySourceType-10000003">10000003</a>
                </td>
                <td>http://interopsante.org/fhir/CodeSystem/fr-medication-history-source-type</td>
                <td>Entretien avec le pharmacien d’officine</td>
              </tr>
              <tr>
                <td style="white-space:nowrap">
                  <a name="x-http://interopsante.org/fhir/CodeSystem/fr-medication-history-source-type-10000004"> </a>  
                  <a href="CodeSystem-FrMedicationHistorySourceType.html#FrMedicationHistorySourceType-10000004">10000004</a>
                </td>
                <td>http://interopsante.org/fhir/CodeSystem/fr-medication-history-source-type</td>
                <td>Entretien avec le pharmacien hospitalier</td>
              </tr>
              <tr>
                <td style="white-space:nowrap">
                  <a name="x-http://interopsante.org/fhir/CodeSystem/fr-medication-history-source-type-10000005"> </a>  
                  <a href="CodeSystem-FrMedicationHistorySourceType.html#FrMedicationHistorySourceType-10000005">10000005</a>
                </td>
                <td>http://interopsante.org/fhir/CodeSystem/fr-medication-history-source-type</td>
                <td>Entretien avec le médecin traitant</td>
              </tr>
              <tr>
                <td style="white-space:nowrap">
                  <a name="x-http://interopsante.org/fhir/CodeSystem/fr-medication-history-source-type-10000006"> </a>  
                  <a href="CodeSystem-FrMedicationHistorySourceType.html#FrMedicationHistorySourceType-10000006">10000006</a>
                </td>
                <td>http://interopsante.org/fhir/CodeSystem/fr-medication-history-source-type</td>
                <td>Lettre du médecin traitant</td>
              </tr>
              <tr>
                <td style="white-space:nowrap">
                  <a name="x-http://interopsante.org/fhir/CodeSystem/fr-medication-history-source-type-10000007"> </a>  
                  <a href="CodeSystem-FrMedicationHistorySourceType.html#FrMedicationHistorySourceType-10000007">10000007</a>
                </td>
                <td>http://interopsante.org/fhir/CodeSystem/fr-medication-history-source-type</td>
                <td>Le dossier médical partagé</td>
              </tr>
              <tr>
                <td style="white-space:nowrap">
                  <a name="x-http://interopsante.org/fhir/CodeSystem/fr-medication-history-source-type-10000008"> </a>  
                  <a href="CodeSystem-FrMedicationHistorySourceType.html#FrMedicationHistorySourceType-10000008">10000008</a>
                </td>
                <td>http://interopsante.org/fhir/CodeSystem/fr-medication-history-source-type</td>
                <td>Lettres de liaison</td>
              </tr>
              <tr>
                <td style="white-space:nowrap">
                  <a name="x-http://interopsante.org/fhir/CodeSystem/fr-medication-history-source-type-10000009"> </a>  
                  <a href="CodeSystem-FrMedicationHistorySourceType.html#FrMedicationHistorySourceType-10000009">10000009</a>
                </td>
                <td>http://interopsante.org/fhir/CodeSystem/fr-medication-history-source-type</td>
                <td>Dossier pharmaceutique</td>
              </tr>
              <tr>
                <td style="white-space:nowrap">
                  <a name="x-http://interopsante.org/fhir/CodeSystem/fr-medication-history-source-type-10000010"> </a>  
                  <a href="CodeSystem-FrMedicationHistorySourceType.html#FrMedicationHistorySourceType-10000010">10000010</a>
                </td>
                <td>http://interopsante.org/fhir/CodeSystem/fr-medication-history-source-type</td>
                <td>Bilan de médication par le pharmacien d'officine</td>
              </tr>
              <tr>
                <td style="white-space:nowrap">
                  <a name="x-http://interopsante.org/fhir/CodeSystem/fr-medication-history-source-type-10000011"> </a>  
                  <a href="CodeSystem-FrMedicationHistorySourceType.html#FrMedicationHistorySourceType-10000011">10000011</a>
                </td>
                <td>http://interopsante.org/fhir/CodeSystem/fr-medication-history-source-type</td>
                <td>Compte-rendu de télé expertise entre deux médecins généralistes pour un patient admis en EHPAD</td>
              </tr>
              <tr>
                <td style="white-space:nowrap">
                  <a name="x-http://interopsante.org/fhir/CodeSystem/fr-medication-history-source-type-10000012"> </a>  
                  <a href="CodeSystem-FrMedicationHistorySourceType.html#FrMedicationHistorySourceType-10000012">10000012</a>
                </td>
                <td>http://interopsante.org/fhir/CodeSystem/fr-medication-history-source-type</td>
                <td>Médicaments apportés par le patient</td>
              </tr>
              <tr>
                <td style="white-space:nowrap">
                  <a name="x-http://interopsante.org/fhir/CodeSystem/fr-medication-history-source-type-10000013"> </a>  
                  <a href="CodeSystem-FrMedicationHistorySourceType.html#FrMedicationHistorySourceType-10000013">10000013</a>
                </td>
                <td>http://interopsante.org/fhir/CodeSystem/fr-medication-history-source-type</td>
                <td>Ordonnances apportées par le patient</td>
              </tr>
              <tr>
                <td style="white-space:nowrap">
                  <a name="x-http://interopsante.org/fhir/CodeSystem/fr-medication-history-source-type-10000014"> </a>  
                  <a href="CodeSystem-FrMedicationHistorySourceType.html#FrMedicationHistorySourceType-10000014">10000014</a>
                </td>
                <td>http://interopsante.org/fhir/CodeSystem/fr-medication-history-source-type</td>
                <td>Fiche de liaison de l’EHPAD</td>
              </tr>
              <tr>
                <td style="white-space:nowrap">
                  <a name="x-http://interopsante.org/fhir/CodeSystem/fr-medication-history-source-type-10000015"> </a>  
                  <a href="CodeSystem-FrMedicationHistorySourceType.html#FrMedicationHistorySourceType-10000015">10000015</a>
                </td>
                <td>http://interopsante.org/fhir/CodeSystem/fr-medication-history-source-type</td>
                <td>Entretien ou lettre du médecin spécialiste</td>
              </tr>
              <tr>
                <td style="white-space:nowrap">
                  <a name="x-http://interopsante.org/fhir/CodeSystem/fr-medication-history-source-type-10000016"> </a>  
                  <a href="CodeSystem-FrMedicationHistorySourceType.html#FrMedicationHistorySourceType-10000016">10000016</a>
                </td>
                <td>http://interopsante.org/fhir/CodeSystem/fr-medication-history-source-type</td>
                <td>Fiche de liaison avec le service de soins à domicile</td>
              </tr>
              <tr>
                <td style="white-space:nowrap">
                  <a name="x-http://interopsante.org/fhir/CodeSystem/fr-medication-history-source-type-10000017"> </a>  
                  <a href="CodeSystem-FrMedicationHistorySourceType.html#FrMedicationHistorySourceType-10000017">10000017</a>
                </td>
                <td>http://interopsante.org/fhir/CodeSystem/fr-medication-history-source-type</td>
                <td>Dossier patient d’une précédente hospitalisation</td>
              </tr>
              <tr>
                <td style="white-space:nowrap">
                  <a name="x-http://interopsante.org/fhir/CodeSystem/fr-medication-history-source-type-10000018"> </a>  
                  <a href="CodeSystem-FrMedicationHistorySourceType.html#FrMedicationHistorySourceType-10000018">10000018</a>
                </td>
                <td>http://interopsante.org/fhir/CodeSystem/fr-medication-history-source-type</td>
                <td>Volet de synthèse médicale</td>
              </tr>
            </table>
          </div>
        </text>
        <url value="http://interopsante.org/fhir/ValueSet/fr-medication-history-source-type"/>
        <version value="0.1.0"/>
        <name value="FrMedicationHistorySourceType"/>
        <title value="value set SIPh - Nature des sources d'un Bilan Médicamenteux"/>
        <status value="draft"/>
        <experimental value="false"/>
        <date value="2021-06-23T09:15:00Z"/>
        <immutable value="false"/>
        <expansion>
          <identifier value="urn:uuid:3a16937e-009c-4016-9d7b-8cab8bf07860"/>
          <timestamp value="2024-08-13T15:47:07+00:00"/>
          <total value="18"/>
          <offset value="0"/>
          <parameter>
            <name value="count"/>
            <valueInteger value="1000"/>
          </parameter>
          <parameter>
            <name value="offset"/>
            <valueInteger value="0"/>
          </parameter>
          <parameter>
            <name value="excludeNested"/>
            <valueBoolean value="false"/>
          </parameter>
          <parameter>
            <name value="used-codesystem"/>
            <valueUri value="http://interopsante.org/fhir/CodeSystem/fr-medication-history-source-type|0.1.0"/>
          </parameter>
          <contains>
            <system value="http://interopsante.org/fhir/CodeSystem/fr-medication-history-source-type"/>
            <code value="10000001"/>
            <display value="Entretien avec le patient"/>
          </contains>
          <contains>
            <system value="http://interopsante.org/fhir/CodeSystem/fr-medication-history-source-type"/>
            <code value="10000002"/>
            <display value="Entretien avec les proches"/>
          </contains>
          <contains>
            <system value="http://interopsante.org/fhir/CodeSystem/fr-medication-history-source-type"/>
            <code value="10000003"/>
            <display value="Entretien avec le pharmacien d’officine"/>
          </contains>
          <contains>
            <system value="http://interopsante.org/fhir/CodeSystem/fr-medication-history-source-type"/>
            <code value="10000004"/>
            <display value="Entretien avec le pharmacien hospitalier"/>
          </contains>
          <contains>
            <system value="http://interopsante.org/fhir/CodeSystem/fr-medication-history-source-type"/>
            <code value="10000005"/>
            <display value="Entretien avec le médecin traitant"/>
          </contains>
          <contains>
            <system value="http://interopsante.org/fhir/CodeSystem/fr-medication-history-source-type"/>
            <code value="10000006"/>
            <display value="Lettre du médecin traitant"/>
          </contains>
          <contains>
            <system value="http://interopsante.org/fhir/CodeSystem/fr-medication-history-source-type"/>
            <code value="10000007"/>
            <display value="Le dossier médical partagé"/>
          </contains>
          <contains>
            <system value="http://interopsante.org/fhir/CodeSystem/fr-medication-history-source-type"/>
            <code value="10000008"/>
            <display value="Lettres de liaison"/>
          </contains>
          <contains>
            <system value="http://interopsante.org/fhir/CodeSystem/fr-medication-history-source-type"/>
            <code value="10000009"/>
            <display value="Dossier pharmaceutique"/>
          </contains>
          <contains>
            <system value="http://interopsante.org/fhir/CodeSystem/fr-medication-history-source-type"/>
            <code value="10000010"/>
            <display value="Bilan de médication par le pharmacien d'officine"/>
          </contains>
          <contains>
            <system value="http://interopsante.org/fhir/CodeSystem/fr-medication-history-source-type"/>
            <code value="10000011"/>
            <display value="Compte-rendu de télé expertise entre deux médecins généralistes pour un patient admis en EHPAD"/>
          </contains>
          <contains>
            <system value="http://interopsante.org/fhir/CodeSystem/fr-medication-history-source-type"/>
            <code value="10000012"/>
            <display value="Médicaments apportés par le patient"/>
          </contains>
          <contains>
            <system value="http://interopsante.org/fhir/CodeSystem/fr-medication-history-source-type"/>
            <code value="10000013"/>
            <display value="Ordonnances apportées par le patient"/>
          </contains>
          <contains>
            <system value="http://interopsante.org/fhir/CodeSystem/fr-medication-history-source-type"/>
            <code value="10000014"/>
            <display value="Fiche de liaison de l’EHPAD"/>
          </contains>
          <contains>
            <system value="http://interopsante.org/fhir/CodeSystem/fr-medication-history-source-type"/>
            <code value="10000015"/>
            <display value="Entretien ou lettre du médecin spécialiste"/>
          </contains>
          <contains>
            <system value="http://interopsante.org/fhir/CodeSystem/fr-medication-history-source-type"/>
            <code value="10000016"/>
            <display value="Fiche de liaison avec le service de soins à domicile"/>
          </contains>
          <contains>
            <system value="http://interopsante.org/fhir/CodeSystem/fr-medication-history-source-type"/>
            <code value="10000017"/>
            <display value="Dossier patient d’une précédente hospitalisation"/>
          </contains>
          <contains>
            <system value="http://interopsante.org/fhir/CodeSystem/fr-medication-history-source-type"/>
            <code value="10000018"/>
            <display value="Volet de synthèse médicale"/>
          </contains>
        </expansion>
      </ValueSet>
    </resource>
  </entry>
  <entry>
    <fullUrl value="https://hl7.fr/fhir/fr/medication/ValueSet/FrMedicationReconciliationQualifiedDiscrepancy"/>
    <resource>
      <ValueSet>
        <meta>
          <profile value="http://hl7.org/fhir/StructureDefinition/shareablevalueset"/>
        </meta>
        <text>
          <status value="generated"/>
          <div xmlns="http://www.w3.org/1999/xhtml">
            <p class="res-header-id">
              <b>Generated Narrative: ValueSet </b>
            </p>
            <p style="border: black 1px dotted; background-color: #EEEEEE; padding: 8px; margin-bottom: 8px">Expansion based on 
              <a href="CodeSystem-FrMedicationReconciliationDiscrepancy.html">codesystem code system Interop'Santé - divergence identifiée sur une ligne de traitement d'une FCT v0.1.0 (CodeSystem)</a>
            </p>
            <p>This value set contains 2 concepts</p>
            <table class="codes">
              <tr>
                <td style="white-space:nowrap">
                  <b>Code</b>
                </td>
                <td>
                  <b>System</b>
                </td>
                <td>
                  <b>Display</b>
                </td>
                <td>
                  <b>Definition</b>
                </td>
              </tr>
              <tr>
                <td style="white-space:nowrap">
                  <a name="x-http://interopsante.org/fhir/CodeSystem/fr-medication-reconciliation-discrepancy-10000003"> </a>  
                  <a href="CodeSystem-FrMedicationReconciliationDiscrepancy.html#FrMedicationReconciliationDiscrepancy-10000003">10000003</a>
                </td>
                <td>http://interopsante.org/fhir/CodeSystem/fr-medication-reconciliation-discrepancy</td>
                <td>Divergence intentionnelle</td>
                <td>
                  <div>
                    <p>Divergence identifiée et qualifiée, entre la ligne de traitement du Bilan Médicamenteux et celle du Traitement Courant. Le Bilan Médicamenteux a été pris en compte par le prescripteur dans le Traitement Courant.</p>

                  </div>
                </td>
              </tr>
              <tr>
                <td style="white-space:nowrap">
                  <a name="x-http://interopsante.org/fhir/CodeSystem/fr-medication-reconciliation-discrepancy-10000004"> </a>  
                  <a href="CodeSystem-FrMedicationReconciliationDiscrepancy.html#FrMedicationReconciliationDiscrepancy-10000004">10000004</a>
                </td>
                <td>http://interopsante.org/fhir/CodeSystem/fr-medication-reconciliation-discrepancy</td>
                <td>Divergence non-intentionnelle</td>
                <td>
                  <div>
                    <p>Divergence identifiée et qualifiée, entre la ligne de traitement du Bilan Médicamenteux et celle du Traitement Courant. Méconnaissance, par le prescripteur, du Bilan Médicamenteux dans le Traitement Courant.</p>

                  </div>
                </td>
              </tr>
            </table>
          </div>
        </text>
        <url value="https://hl7.fr/fhir/fr/medication/ValueSet/FrMedicationReconciliationQualifiedDiscrepancy"/>
        <version value="0.1.0"/>
        <name value="FrMedicationReconciliationQualifiedDiscrepancy"/>
        <title value="value set InterOp'Santé - qualification de la divergence identifiée sur une ligne de traitement d'une FCT"/>
        <status value="draft"/>
        <experimental value="false"/>
        <date value="2024-08-13T15:46:10+00:00"/>
        <immutable value="false"/>
        <expansion>
          <identifier value="urn:uuid:10905489-ddf1-4c64-bff3-f6ed7fe9fa99"/>
          <timestamp value="2024-08-13T15:47:08+00:00"/>
          <total value="2"/>
          <offset value="0"/>
          <parameter>
            <name value="count"/>
            <valueInteger value="1000"/>
          </parameter>
          <parameter>
            <name value="offset"/>
            <valueInteger value="0"/>
          </parameter>
          <parameter>
            <name value="excludeNested"/>
            <valueBoolean value="false"/>
          </parameter>
          <parameter>
            <name value="used-codesystem"/>
            <valueUri value="http://interopsante.org/fhir/CodeSystem/fr-medication-reconciliation-discrepancy|0.1.0"/>
          </parameter>
          <contains>
            <system value="http://interopsante.org/fhir/CodeSystem/fr-medication-reconciliation-discrepancy"/>
            <code value="10000003"/>
            <display value="Divergence intentionnelle"/>
          </contains>
          <contains>
            <system value="http://interopsante.org/fhir/CodeSystem/fr-medication-reconciliation-discrepancy"/>
            <code value="10000004"/>
            <display value="Divergence non-intentionnelle"/>
          </contains>
        </expansion>
      </ValueSet>
    </resource>
  </entry>
  <entry>
    <fullUrl value="http://interopsante.org/fhir/ValueSet/fr-medication-reconciliation-resolution"/>
    <resource>
      <ValueSet>
        <meta>
          <lastUpdated value="2021-06-23T09:15:00Z"/>
          <profile value="http://hl7.org/fhir/StructureDefinition/shareablevalueset"/>
        </meta>
        <text>
          <status value="generated"/>
          <div xmlns="http://www.w3.org/1999/xhtml">
            <p class="res-header-id">
              <b>Generated Narrative: ValueSet </b>
            </p>
            <div style="display: inline-block; background-color: #d9e0e7; padding: 6px; margin: 4px; border: 1px solid #8da1b4; border-radius: 5px; line-height: 60%">
              <p style="margin-bottom: 0px">Last updated: 2021-06-23 09:15:00+0000</p>
              <p style="margin-bottom: 0px">Profile: 
                <a href="http://hl7.org/fhir/R4/shareablevalueset.html">Shareable ValueSet</a>
              </p>
            </div>
            <p style="border: black 1px dotted; background-color: #EEEEEE; padding: 8px; margin-bottom: 8px">Expansion based on 
              <a href="CodeSystem-FrMedicationReconciliationResolution.html">codesystem code system InterOp'Santé - Résolution d'une divergence sur une ligne de traitement d'une FCT v0.1.0 (CodeSystem)</a>
            </p>
            <p>This value set contains 5 concepts</p>
            <table class="codes">
              <tr>
                <td style="white-space:nowrap">
                  <b>Code</b>
                </td>
                <td>
                  <b>System</b>
                </td>
                <td>
                  <b>Display</b>
                </td>
                <td>
                  <b>Definition</b>
                </td>
              </tr>
              <tr>
                <td style="white-space:nowrap">
                  <a name="x-http://interopsante.org/fhir/CodeSystem/fr-medication-reconciliation-resolution-10000001"> </a>  
                  <a href="CodeSystem-FrMedicationReconciliationResolution.html#FrMedicationReconciliationResolution-10000001">10000001</a>
                </td>
                <td>http://interopsante.org/fhir/CodeSystem/fr-medication-reconciliation-resolution</td>
                <td>Dose corrigée</td>
                <td>
                  <div>
                    <p>La dose initialement prescrite a été corrigée.</p>

                  </div>
                </td>
              </tr>
              <tr>
                <td style="white-space:nowrap">
                  <a name="x-http://interopsante.org/fhir/CodeSystem/fr-medication-reconciliation-resolution-10000002"> </a>  
                  <a href="CodeSystem-FrMedicationReconciliationResolution.html#FrMedicationReconciliationResolution-10000002">10000002</a>
                </td>
                <td>http://interopsante.org/fhir/CodeSystem/fr-medication-reconciliation-resolution</td>
                <td>Repris</td>
                <td>
                  <div>
                    <p>La prescription interrompue a été reprise.</p>

                  </div>
                </td>
              </tr>
              <tr>
                <td style="white-space:nowrap">
                  <a name="x-http://interopsante.org/fhir/CodeSystem/fr-medication-reconciliation-resolution-10000003"> </a>  
                  <a href="CodeSystem-FrMedicationReconciliationResolution.html#FrMedicationReconciliationResolution-10000003">10000003</a>
                </td>
                <td>http://interopsante.org/fhir/CodeSystem/fr-medication-reconciliation-resolution</td>
                <td>Spécialité corrigée</td>
                <td>
                  <div>
                    <p>Le choix de la spécialité prescrite a été corrigé.</p>

                  </div>
                </td>
              </tr>
              <tr>
                <td style="white-space:nowrap">
                  <a name="x-http://interopsante.org/fhir/CodeSystem/fr-medication-reconciliation-resolution-10000004"> </a>  
                  <a href="CodeSystem-FrMedicationReconciliationResolution.html#FrMedicationReconciliationResolution-10000004">10000004</a>
                </td>
                <td>http://interopsante.org/fhir/CodeSystem/fr-medication-reconciliation-resolution</td>
                <td>Forme corrigée</td>
                <td>
                  <div>
                    <p>La forme galénique prescrite a été corrigée.</p>

                  </div>
                </td>
              </tr>
              <tr>
                <td style="white-space:nowrap">
                  <a name="x-http://interopsante.org/fhir/CodeSystem/fr-medication-reconciliation-resolution-10000005"> </a>  
                  <a href="CodeSystem-FrMedicationReconciliationResolution.html#FrMedicationReconciliationResolution-10000005">10000005</a>
                </td>
                <td>http://interopsante.org/fhir/CodeSystem/fr-medication-reconciliation-resolution</td>
                <td>Arrêt</td>
                <td>
                  <div>
                    <p>La prescription a été arrêtée.</p>

                  </div>
                </td>
              </tr>
            </table>
          </div>
        </text>
        <url value="http://interopsante.org/fhir/ValueSet/fr-medication-reconciliation-resolution"/>
        <version value="0.1.0"/>
        <name value="FrMedicationReconciliationResolution"/>
        <title value="value set InterOp'Santé - Résolution d'une divergence sur une ligne de traitement d'une FCT"/>
        <status value="draft"/>
        <experimental value="false"/>
        <date value="2021-06-23T09:15:00Z"/>
        <immutable value="false"/>
        <expansion>
          <identifier value="urn:uuid:19a319de-aa96-4bca-9f7c-29a80849f845"/>
          <timestamp value="2024-08-13T15:47:08+00:00"/>
          <total value="5"/>
          <offset value="0"/>
          <parameter>
            <name value="count"/>
            <valueInteger value="1000"/>
          </parameter>
          <parameter>
            <name value="offset"/>
            <valueInteger value="0"/>
          </parameter>
          <parameter>
            <name value="excludeNested"/>
            <valueBoolean value="false"/>
          </parameter>
          <parameter>
            <name value="used-codesystem"/>
            <valueUri value="http://interopsante.org/fhir/CodeSystem/fr-medication-reconciliation-resolution|0.1.0"/>
          </parameter>
          <contains>
            <system value="http://interopsante.org/fhir/CodeSystem/fr-medication-reconciliation-resolution"/>
            <code value="10000001"/>
            <display value="Dose corrigée"/>
          </contains>
          <contains>
            <system value="http://interopsante.org/fhir/CodeSystem/fr-medication-reconciliation-resolution"/>
            <code value="10000002"/>
            <display value="Repris"/>
          </contains>
          <contains>
            <system value="http://interopsante.org/fhir/CodeSystem/fr-medication-reconciliation-resolution"/>
            <code value="10000003"/>
            <display value="Spécialité corrigée"/>
          </contains>
          <contains>
            <system value="http://interopsante.org/fhir/CodeSystem/fr-medication-reconciliation-resolution"/>
            <code value="10000004"/>
            <display value="Forme corrigée"/>
          </contains>
          <contains>
            <system value="http://interopsante.org/fhir/CodeSystem/fr-medication-reconciliation-resolution"/>
            <code value="10000005"/>
            <display value="Arrêt"/>
          </contains>
        </expansion>
      </ValueSet>
    </resource>
  </entry>
  <entry>
    <fullUrl value="http://interopsante.org/fhir/ValueSet/fr-medication-reconciliation-type"/>
    <resource>
      <ValueSet>
        <meta>
          <lastUpdated value="2021-06-23T09:15:00Z"/>
          <profile value="http://hl7.org/fhir/StructureDefinition/shareablevalueset"/>
        </meta>
        <text>
          <status value="generated"/>
          <div xmlns="http://www.w3.org/1999/xhtml">
            <p class="res-header-id">
              <b>Generated Narrative: ValueSet </b>
            </p>
            <div style="display: inline-block; background-color: #d9e0e7; padding: 6px; margin: 4px; border: 1px solid #8da1b4; border-radius: 5px; line-height: 60%">
              <p style="margin-bottom: 0px">Last updated: 2021-06-23 09:15:00+0000</p>
              <p style="margin-bottom: 0px">Profile: 
                <a href="http://hl7.org/fhir/R4/shareablevalueset.html">Shareable ValueSet</a>
              </p>
            </div>
            <p style="border: black 1px dotted; background-color: #EEEEEE; padding: 8px; margin-bottom: 8px">Expansion based on 
              <a href="CodeSystem-FrMedicationReconciliationType.html">codesystem code system InterOp'Santé - Type d'écart/erreur sur une ligne de traitement d'une FCT v0.1.0 (CodeSystem)</a>
            </p>
            <p>This value set contains 7 concepts</p>
            <table class="codes">
              <tr>
                <td style="white-space:nowrap">
                  <b>Code</b>
                </td>
                <td>
                  <b>System</b>
                </td>
                <td>
                  <b>Display</b>
                </td>
              </tr>
              <tr>
                <td style="white-space:nowrap">
                  <a name="x-http://interopsante.org/fhir/CodeSystem/fr-medication-reconciliation-type-10000001"> </a>  
                  <a href="CodeSystem-FrMedicationReconciliationType.html#FrMedicationReconciliationType-10000001">10000001</a>
                </td>
                <td>http://interopsante.org/fhir/CodeSystem/fr-medication-reconciliation-type</td>
                <td>Erreur posologie</td>
              </tr>
              <tr>
                <td style="white-space:nowrap">
                  <a name="x-http://interopsante.org/fhir/CodeSystem/fr-medication-reconciliation-type-10000002"> </a>  
                  <a href="CodeSystem-FrMedicationReconciliationType.html#FrMedicationReconciliationType-10000002">10000002</a>
                </td>
                <td>http://interopsante.org/fhir/CodeSystem/fr-medication-reconciliation-type</td>
                <td>Oubli médicament prescrit</td>
              </tr>
              <tr>
                <td style="white-space:nowrap">
                  <a name="x-http://interopsante.org/fhir/CodeSystem/fr-medication-reconciliation-type-10000003"> </a>  
                  <a href="CodeSystem-FrMedicationReconciliationType.html#FrMedicationReconciliationType-10000003">10000003</a>
                </td>
                <td>http://interopsante.org/fhir/CodeSystem/fr-medication-reconciliation-type</td>
                <td>Oubli automédication</td>
              </tr>
              <tr>
                <td style="white-space:nowrap">
                  <a name="x-http://interopsante.org/fhir/CodeSystem/fr-medication-reconciliation-type-10000004"> </a>  
                  <a href="CodeSystem-FrMedicationReconciliationType.html#FrMedicationReconciliationType-10000004">10000004</a>
                </td>
                <td>http://interopsante.org/fhir/CodeSystem/fr-medication-reconciliation-type</td>
                <td>Erreur substitution</td>
              </tr>
              <tr>
                <td style="white-space:nowrap">
                  <a name="x-http://interopsante.org/fhir/CodeSystem/fr-medication-reconciliation-type-10000005"> </a>  
                  <a href="CodeSystem-FrMedicationReconciliationType.html#FrMedicationReconciliationType-10000005">10000005</a>
                </td>
                <td>http://interopsante.org/fhir/CodeSystem/fr-medication-reconciliation-type</td>
                <td>Erreur forme galénique</td>
              </tr>
              <tr>
                <td style="white-space:nowrap">
                  <a name="x-http://interopsante.org/fhir/CodeSystem/fr-medication-reconciliation-type-10000006"> </a>  
                  <a href="CodeSystem-FrMedicationReconciliationType.html#FrMedicationReconciliationType-10000006">10000006</a>
                </td>
                <td>http://interopsante.org/fhir/CodeSystem/fr-medication-reconciliation-type</td>
                <td>Ajout</td>
              </tr>
              <tr>
                <td style="white-space:nowrap">
                  <a name="x-http://interopsante.org/fhir/CodeSystem/fr-medication-reconciliation-type-10000007"> </a>  
                  <a href="CodeSystem-FrMedicationReconciliationType.html#FrMedicationReconciliationType-10000007">10000007</a>
                </td>
                <td>http://interopsante.org/fhir/CodeSystem/fr-medication-reconciliation-type</td>
                <td>Autre</td>
              </tr>
            </table>
          </div>
        </text>
        <url value="http://interopsante.org/fhir/ValueSet/fr-medication-reconciliation-type"/>
        <version value="0.1.0"/>
        <name value="FrMedicationReconciliationType"/>
        <title value="value set InterOp'Santé - Type d'écart/erreur sur une ligne de traitement d'une FCT"/>
        <status value="draft"/>
        <experimental value="false"/>
        <date value="2021-06-23T09:15:00Z"/>
        <immutable value="false"/>
        <expansion>
          <identifier value="urn:uuid:b9b089b5-e7cf-40c8-a8da-823dd8ce64de"/>
          <timestamp value="2024-08-13T15:47:08+00:00"/>
          <total value="7"/>
          <offset value="0"/>
          <parameter>
            <name value="count"/>
            <valueInteger value="1000"/>
          </parameter>
          <parameter>
            <name value="offset"/>
            <valueInteger value="0"/>
          </parameter>
          <parameter>
            <name value="excludeNested"/>
            <valueBoolean value="false"/>
          </parameter>
          <parameter>
            <name value="used-codesystem"/>
            <valueUri value="http://interopsante.org/fhir/CodeSystem/fr-medication-reconciliation-type|0.1.0"/>
          </parameter>
          <contains>
            <system value="http://interopsante.org/fhir/CodeSystem/fr-medication-reconciliation-type"/>
            <code value="10000001"/>
            <display value="Erreur posologie"/>
          </contains>
          <contains>
            <system value="http://interopsante.org/fhir/CodeSystem/fr-medication-reconciliation-type"/>
            <code value="10000002"/>
            <display value="Oubli médicament prescrit"/>
          </contains>
          <contains>
            <system value="http://interopsante.org/fhir/CodeSystem/fr-medication-reconciliation-type"/>
            <code value="10000003"/>
            <display value="Oubli automédication"/>
          </contains>
          <contains>
            <system value="http://interopsante.org/fhir/CodeSystem/fr-medication-reconciliation-type"/>
            <code value="10000004"/>
            <display value="Erreur substitution"/>
          </contains>
          <contains>
            <system value="http://interopsante.org/fhir/CodeSystem/fr-medication-reconciliation-type"/>
            <code value="10000005"/>
            <display value="Erreur forme galénique"/>
          </contains>
          <contains>
            <system value="http://interopsante.org/fhir/CodeSystem/fr-medication-reconciliation-type"/>
            <code value="10000006"/>
            <display value="Ajout"/>
          </contains>
          <contains>
            <system value="http://interopsante.org/fhir/CodeSystem/fr-medication-reconciliation-type"/>
            <code value="10000007"/>
            <display value="Autre"/>
          </contains>
        </expansion>
      </ValueSet>
    </resource>
  </entry>
  <entry>
    <fullUrl value="http://hl7.org/fhir/ValueSet/medication-ingredientstrength"/>
    <resource>
      <ValueSet>
        <meta>
          <profile value="http://hl7.org/fhir/StructureDefinition/shareablevalueset"/>
        </meta>
        <text>
          <status value="generated"/>
          <div xmlns="http://www.w3.org/1999/xhtml">
            <p class="res-header-id">
              <b>Generated Narrative: ValueSet </b>
            </p>
            <p style="border: black 1px dotted; background-color: #EEEEEE; padding: 8px; margin-bottom: 8px">Expansion based on 
              <a href="CodeSystem-medication-ingredient-strength-codes.html">codesystem Medication_Ingredient_Strength_Codes v0.1.0 (CodeSystem)</a>
            </p>
            <p>This value set contains 2 concepts</p>
            <table class="codes">
              <tr>
                <td style="white-space:nowrap">
                  <b>Code</b>
                </td>
                <td>
                  <b>System</b>
                </td>
                <td>
                  <b>Display</b>
                </td>
                <td>
                  <b>Definition</b>
                </td>
              </tr>
              <tr>
                <td style="white-space:nowrap">
                  <a name="x-http://hl7.org/fhir/CodeSystem/medication-ingredientstrength-qs"> </a>  
                  <a href="CodeSystem-medication-ingredient-strength-codes.html#medication-ingredient-strength-codes-qs">qs</a>
                </td>
                <td>http://hl7.org/fhir/CodeSystem/medication-ingredientstrength</td>
                <td>QS</td>
                <td>
                  <div>
                    <p>As much as is sufficient.</p>

                  </div>
                </td>
              </tr>
              <tr>
                <td style="white-space:nowrap">
                  <a name="x-http://hl7.org/fhir/CodeSystem/medication-ingredientstrength-trace"> </a>  
                  <a href="CodeSystem-medication-ingredient-strength-codes.html#medication-ingredient-strength-codes-trace">trace</a>
                </td>
                <td>http://hl7.org/fhir/CodeSystem/medication-ingredientstrength</td>
                <td>Trace</td>
                <td>
                  <div>
                    <p>Very small amount.</p>

                  </div>
                </td>
              </tr>
            </table>
          </div>
        </text>
        <url value="http://hl7.org/fhir/ValueSet/medication-ingredientstrength"/>
        <identifier>
          <system value="urn:ietf:rfc:3986"/>
          <value value="urn:oid:2.16.840.1.113883.4.642.3.1426"/>
        </identifier>
        <version value="0.1.0"/>
        <name value="MedicationIngredientStrengthCodes"/>
        <status value="draft"/>
        <date value="2024-08-13T15:46:10+00:00"/>
        <expansion>
          <identifier value="urn:uuid:9fb5ba2e-3c4f-4d83-a6e5-5daea109a426"/>
          <timestamp value="2024-08-13T15:47:10+00:00"/>
          <total value="2"/>
          <offset value="0"/>
          <parameter>
            <name value="count"/>
            <valueInteger value="1000"/>
          </parameter>
          <parameter>
            <name value="offset"/>
            <valueInteger value="0"/>
          </parameter>
          <parameter>
            <name value="excludeNested"/>
            <valueBoolean value="false"/>
          </parameter>
          <parameter>
            <name value="used-codesystem"/>
            <valueUri value="http://hl7.org/fhir/CodeSystem/medication-ingredientstrength|0.1.0"/>
          </parameter>
          <contains>
            <system value="http://hl7.org/fhir/CodeSystem/medication-ingredientstrength"/>
            <code value="qs"/>
            <display value="QS"/>
          </contains>
          <contains>
            <system value="http://hl7.org/fhir/CodeSystem/medication-ingredientstrength"/>
            <code value="trace"/>
            <display value="Trace"/>
          </contains>
        </expansion>
      </ValueSet>
    </resource>
  </entry>
</Bundle>