<?xml version="1.0" encoding="UTF-8"?><CodeSystem xmlns="http://hl7.org/fhir"><id value="fr-medication-reconciliation-resolution"/><meta><profile value="http://hl7.org/fhir/StructureDefinition/shareablecodesystem"/></meta><text><status value="generated"/><div xmlns="http://www.w3.org/1999/xhtml"><p class="res-header-id"><b>Narratif généré : CodeSystem fr-medication-reconciliation-resolution</b></p><a name="fr-medication-reconciliation-resolution"> </a><a name="hcfr-medication-reconciliation-resolution"> </a><div style="display: inline-block; background-color: #d9e0e7; padding: 6px; margin: 4px; border: 1px solid #8da1b4; border-radius: 5px; line-height: 60%"><p style="margin-bottom: 0px"/><p style="margin-bottom: 0px">Profil: <a href="http://hl7.org/fhir/R4/shareablecodesystem.html">Shareable CodeSystem</a></p></div><p>This  code system <code>https://hl7.fr/ig/fhir/medication/CodeSystem/fr-medication-reconciliation-resolution</code> defines the following codes:</p><table class="codes"><tr><td style="white-space:nowrap"><b>Code</b></td><td><b>Display</b></td><td><b>Définition</b></td></tr><tr><td style="white-space:nowrap">10000001<a name="fr-medication-reconciliation-resolution-10000001"> </a></td><td>Dose corrigée</td><td>La dose initialement prescrite a été corrigée.</td></tr><tr><td style="white-space:nowrap">10000002<a name="fr-medication-reconciliation-resolution-10000002"> </a></td><td>Repris</td><td>La prescription interrompue a été reprise.</td></tr><tr><td style="white-space:nowrap">10000003<a name="fr-medication-reconciliation-resolution-10000003"> </a></td><td>Spécialité corrigée</td><td>Le choix de la spécialité prescrite a été corrigé.</td></tr><tr><td style="white-space:nowrap">10000004<a name="fr-medication-reconciliation-resolution-10000004"> </a></td><td>Forme corrigée</td><td>La forme galénique prescrite a été corrigée.</td></tr><tr><td style="white-space:nowrap">10000005<a name="fr-medication-reconciliation-resolution-10000005"> </a></td><td>Arrêt</td><td>La prescription a été arrêtée.</td></tr></table></div></text><url value="https://hl7.fr/ig/fhir/medication/CodeSystem/fr-medication-reconciliation-resolution"/><version value="0.1.0"/><name value="FRMedicationReconciliationResolution"/><title value="code system Interop'Santé - Résolution d'une divergence sur une ligne de traitement d'une FCT"/><status value="draft"/><experimental value="false"/><date value="2025-07-18T14:33:50+00:00"/><publisher value="Interop'Santé"/><contact><name value="Interop'Santé"/><telecom><system value="url"/><value value="http://interopsante.org/"/></telecom></contact><description value="Le système de codage de la résolution d'une divergence sur une ligne de traitement d'une FCT (Fiche de Conciliation des Traitements médicamenteux)."/><jurisdiction><coding><system value="urn:iso:std:iso:3166"/><code value="FR"/><display value="FRANCE"/></coding></jurisdiction><content value="complete"/><count value="5"/><concept><code value="10000001"/><display value="Dose corrigée"/><definition value="La dose initialement prescrite a été corrigée."/><designation><use><system value="http://terminology.hl7.org/CodeSystem/designation-usage"/><code value="display"/></use><value value="Dose corrigée"/></designation></concept><concept><code value="10000002"/><display value="Repris"/><definition value="La prescription interrompue a été reprise."/><designation><use><system value="http://terminology.hl7.org/CodeSystem/designation-usage"/><code value="display"/></use><value value="Repris"/></designation></concept><concept><code value="10000003"/><display value="Spécialité corrigée"/><definition value="Le choix de la spécialité prescrite a été corrigé."/><designation><use><system value="http://terminology.hl7.org/CodeSystem/designation-usage"/><code value="display"/></use><value value="Spécialité corrigée"/></designation></concept><concept><code value="10000004"/><display value="Forme corrigée"/><definition value="La forme galénique prescrite a été corrigée."/><designation><use><system value="http://terminology.hl7.org/CodeSystem/designation-usage"/><code value="display"/></use><value value="Forme corrigée"/></designation></concept><concept><code value="10000005"/><display value="Arrêt"/><definition value="La prescription a été arrêtée."/><designation><use><system value="http://terminology.hl7.org/CodeSystem/designation-usage"/><code value="display"/></use><value value="Arrêt"/></designation></concept></CodeSystem>