{
  "resourceType" : "Bundle",
  "id" : "6ff39276-0114-4f38-ad5a-f1a15a2ec9fb",
  "meta" : {
    "lastUpdated" : "2024-08-14T16:30:57.777+00:00"
  },
  "type" : "collection",
  "entry" : [{
    "fullUrl" : "http://interopsante.org/fhir/ValueSet/fr-editorial-status",
    "resource" : {
      "resourceType" : "ValueSet",
      "meta" : {
        "lastUpdated" : "2021-06-23T09:15:00Z",
        "profile" : ["http://hl7.org/fhir/StructureDefinition/shareablevalueset"]
      },
      "text" : {
        "status" : "generated",
        "div" : "<div xmlns=\"http://www.w3.org/1999/xhtml\"><p class=\"res-header-id\"><b>Generated Narrative: ValueSet </b></p><div style=\"display: inline-block; background-color: #d9e0e7; padding: 6px; margin: 4px; border: 1px solid #8da1b4; border-radius: 5px; line-height: 60%\"><p style=\"margin-bottom: 0px\">Last updated: 2021-06-23 09:15:00+0000</p><p style=\"margin-bottom: 0px\">Profile: <a href=\"http://hl7.org/fhir/R4/shareablevalueset.html\">Shareable ValueSet</a></p></div><p style=\"border: black 1px dotted; background-color: #EEEEEE; padding: 8px; margin-bottom: 8px\">Expansion based on <a href=\"CodeSystem-FrEditorialStatus.html\">codesystem code system Interop'Santé - Statut éditorial d'une valeur v0.1.0 (CodeSystem)</a></p><p>This value set contains 4 concepts</p><table class=\"codes\"><tr><td style=\"white-space:nowrap\"><b>Code</b></td><td><b>System</b></td><td><b>Display</b></td></tr><tr><td style=\"white-space:nowrap\"><a name=\"x-http://interopsante.org/fhir/CodeSystem/fr-editorial-status-10000001\"> </a>\u00a0\u00a0<a href=\"CodeSystem-FrEditorialStatus.html#FrEditorialStatus-10000001\">10000001</a></td><td>http://interopsante.org/fhir/CodeSystem/fr-editorial-status</td><td>Créé</td></tr><tr><td style=\"white-space:nowrap\"><a name=\"x-http://interopsante.org/fhir/CodeSystem/fr-editorial-status-10000002\"> </a>\u00a0\u00a0<a href=\"CodeSystem-FrEditorialStatus.html#FrEditorialStatus-10000002\">10000002</a></td><td>http://interopsante.org/fhir/CodeSystem/fr-editorial-status</td><td>Mis-à-jour</td></tr><tr><td style=\"white-space:nowrap\"><a name=\"x-http://interopsante.org/fhir/CodeSystem/fr-editorial-status-10000003\"> </a>\u00a0\u00a0<a href=\"CodeSystem-FrEditorialStatus.html#FrEditorialStatus-10000003\">10000003</a></td><td>http://interopsante.org/fhir/CodeSystem/fr-editorial-status</td><td>Scellé</td></tr><tr><td style=\"white-space:nowrap\"><a name=\"x-http://interopsante.org/fhir/CodeSystem/fr-editorial-status-10000004\"> </a>\u00a0\u00a0<a href=\"CodeSystem-FrEditorialStatus.html#FrEditorialStatus-10000004\">10000004</a></td><td>http://interopsante.org/fhir/CodeSystem/fr-editorial-status</td><td>Supprimé</td></tr></table></div>"
      },
      "url" : "http://interopsante.org/fhir/ValueSet/fr-editorial-status",
      "version" : "0.1.0",
      "name" : "FrEditorialStatus",
      "title" : "value set InterOp'Santé - Statut éditorial d'une valeur",
      "status" : "draft",
      "experimental" : false,
      "date" : "2021-06-23T09:15:00Z",
      "immutable" : false,
      "expansion" : {
        "identifier" : "urn:uuid:969a2d76-e1af-49f1-bb2e-dd7780514470",
        "timestamp" : "2024-08-14T16:33:39+00:00",
        "total" : 4,
        "offset" : 0,
        "parameter" : [{
          "name" : "count",
          "valueInteger" : 1000
        },
        {
          "name" : "offset",
          "valueInteger" : 0
        },
        {
          "name" : "excludeNested",
          "valueBoolean" : false
        },
        {
          "name" : "used-codesystem",
          "valueUri" : "http://interopsante.org/fhir/CodeSystem/fr-editorial-status|0.1.0"
        }],
        "contains" : [{
          "system" : "http://interopsante.org/fhir/CodeSystem/fr-editorial-status",
          "code" : "10000001",
          "display" : "Créé"
        },
        {
          "system" : "http://interopsante.org/fhir/CodeSystem/fr-editorial-status",
          "code" : "10000002",
          "display" : "Mis-à-jour"
        },
        {
          "system" : "http://interopsante.org/fhir/CodeSystem/fr-editorial-status",
          "code" : "10000003",
          "display" : "Scellé"
        },
        {
          "system" : "http://interopsante.org/fhir/CodeSystem/fr-editorial-status",
          "code" : "10000004",
          "display" : "Supprimé"
        }]
      }
    }
  },
  {
    "fullUrl" : "http://interopsante.org/fhir/ValueSet/fr-medication-history-source-type",
    "resource" : {
      "resourceType" : "ValueSet",
      "meta" : {
        "lastUpdated" : "2021-06-23T09:15:00Z",
        "profile" : ["http://hl7.org/fhir/StructureDefinition/shareablevalueset"]
      },
      "text" : {
        "status" : "generated",
        "div" : "<div xmlns=\"http://www.w3.org/1999/xhtml\"><p class=\"res-header-id\"><b>Generated Narrative: ValueSet </b></p><div style=\"display: inline-block; background-color: #d9e0e7; padding: 6px; margin: 4px; border: 1px solid #8da1b4; border-radius: 5px; line-height: 60%\"><p style=\"margin-bottom: 0px\">Last updated: 2021-06-23 09:15:00+0000</p><p style=\"margin-bottom: 0px\">Profile: <a href=\"http://hl7.org/fhir/R4/shareablevalueset.html\">Shareable ValueSet</a></p></div><p style=\"border: black 1px dotted; background-color: #EEEEEE; padding: 8px; margin-bottom: 8px\">Expansion based on <a href=\"CodeSystem-FrMedicationHistorySourceType.html\">codesystem code system Interop'Santé - Nature des sources d'un Bilan Médicamenteux v0.1.0 (CodeSystem)</a></p><p>This value set contains 18 concepts</p><table class=\"codes\"><tr><td style=\"white-space:nowrap\"><b>Code</b></td><td><b>System</b></td><td><b>Display</b></td></tr><tr><td style=\"white-space:nowrap\"><a name=\"x-http://interopsante.org/fhir/CodeSystem/fr-medication-history-source-type-10000001\"> </a>\u00a0\u00a0<a href=\"CodeSystem-FrMedicationHistorySourceType.html#FrMedicationHistorySourceType-10000001\">10000001</a></td><td>http://interopsante.org/fhir/CodeSystem/fr-medication-history-source-type</td><td>Entretien avec le patient</td></tr><tr><td style=\"white-space:nowrap\"><a name=\"x-http://interopsante.org/fhir/CodeSystem/fr-medication-history-source-type-10000002\"> </a>\u00a0\u00a0<a href=\"CodeSystem-FrMedicationHistorySourceType.html#FrMedicationHistorySourceType-10000002\">10000002</a></td><td>http://interopsante.org/fhir/CodeSystem/fr-medication-history-source-type</td><td>Entretien avec les proches</td></tr><tr><td style=\"white-space:nowrap\"><a name=\"x-http://interopsante.org/fhir/CodeSystem/fr-medication-history-source-type-10000003\"> </a>\u00a0\u00a0<a href=\"CodeSystem-FrMedicationHistorySourceType.html#FrMedicationHistorySourceType-10000003\">10000003</a></td><td>http://interopsante.org/fhir/CodeSystem/fr-medication-history-source-type</td><td>Entretien avec le pharmacien d’officine</td></tr><tr><td style=\"white-space:nowrap\"><a name=\"x-http://interopsante.org/fhir/CodeSystem/fr-medication-history-source-type-10000004\"> </a>\u00a0\u00a0<a href=\"CodeSystem-FrMedicationHistorySourceType.html#FrMedicationHistorySourceType-10000004\">10000004</a></td><td>http://interopsante.org/fhir/CodeSystem/fr-medication-history-source-type</td><td>Entretien avec le pharmacien hospitalier</td></tr><tr><td style=\"white-space:nowrap\"><a name=\"x-http://interopsante.org/fhir/CodeSystem/fr-medication-history-source-type-10000005\"> </a>\u00a0\u00a0<a href=\"CodeSystem-FrMedicationHistorySourceType.html#FrMedicationHistorySourceType-10000005\">10000005</a></td><td>http://interopsante.org/fhir/CodeSystem/fr-medication-history-source-type</td><td>Entretien avec le médecin traitant</td></tr><tr><td style=\"white-space:nowrap\"><a name=\"x-http://interopsante.org/fhir/CodeSystem/fr-medication-history-source-type-10000006\"> </a>\u00a0\u00a0<a href=\"CodeSystem-FrMedicationHistorySourceType.html#FrMedicationHistorySourceType-10000006\">10000006</a></td><td>http://interopsante.org/fhir/CodeSystem/fr-medication-history-source-type</td><td>Lettre du médecin traitant</td></tr><tr><td style=\"white-space:nowrap\"><a name=\"x-http://interopsante.org/fhir/CodeSystem/fr-medication-history-source-type-10000007\"> </a>\u00a0\u00a0<a href=\"CodeSystem-FrMedicationHistorySourceType.html#FrMedicationHistorySourceType-10000007\">10000007</a></td><td>http://interopsante.org/fhir/CodeSystem/fr-medication-history-source-type</td><td>Le dossier médical partagé</td></tr><tr><td style=\"white-space:nowrap\"><a name=\"x-http://interopsante.org/fhir/CodeSystem/fr-medication-history-source-type-10000008\"> </a>\u00a0\u00a0<a href=\"CodeSystem-FrMedicationHistorySourceType.html#FrMedicationHistorySourceType-10000008\">10000008</a></td><td>http://interopsante.org/fhir/CodeSystem/fr-medication-history-source-type</td><td>Lettres de liaison</td></tr><tr><td style=\"white-space:nowrap\"><a name=\"x-http://interopsante.org/fhir/CodeSystem/fr-medication-history-source-type-10000009\"> </a>\u00a0\u00a0<a href=\"CodeSystem-FrMedicationHistorySourceType.html#FrMedicationHistorySourceType-10000009\">10000009</a></td><td>http://interopsante.org/fhir/CodeSystem/fr-medication-history-source-type</td><td>Dossier pharmaceutique</td></tr><tr><td style=\"white-space:nowrap\"><a name=\"x-http://interopsante.org/fhir/CodeSystem/fr-medication-history-source-type-10000010\"> </a>\u00a0\u00a0<a href=\"CodeSystem-FrMedicationHistorySourceType.html#FrMedicationHistorySourceType-10000010\">10000010</a></td><td>http://interopsante.org/fhir/CodeSystem/fr-medication-history-source-type</td><td>Bilan de médication par le pharmacien d'officine</td></tr><tr><td style=\"white-space:nowrap\"><a name=\"x-http://interopsante.org/fhir/CodeSystem/fr-medication-history-source-type-10000011\"> </a>\u00a0\u00a0<a href=\"CodeSystem-FrMedicationHistorySourceType.html#FrMedicationHistorySourceType-10000011\">10000011</a></td><td>http://interopsante.org/fhir/CodeSystem/fr-medication-history-source-type</td><td>Compte-rendu de télé expertise entre deux médecins généralistes pour un patient admis en EHPAD</td></tr><tr><td style=\"white-space:nowrap\"><a name=\"x-http://interopsante.org/fhir/CodeSystem/fr-medication-history-source-type-10000012\"> </a>\u00a0\u00a0<a href=\"CodeSystem-FrMedicationHistorySourceType.html#FrMedicationHistorySourceType-10000012\">10000012</a></td><td>http://interopsante.org/fhir/CodeSystem/fr-medication-history-source-type</td><td>Médicaments apportés par le patient</td></tr><tr><td style=\"white-space:nowrap\"><a name=\"x-http://interopsante.org/fhir/CodeSystem/fr-medication-history-source-type-10000013\"> </a>\u00a0\u00a0<a href=\"CodeSystem-FrMedicationHistorySourceType.html#FrMedicationHistorySourceType-10000013\">10000013</a></td><td>http://interopsante.org/fhir/CodeSystem/fr-medication-history-source-type</td><td>Ordonnances apportées par le patient</td></tr><tr><td style=\"white-space:nowrap\"><a name=\"x-http://interopsante.org/fhir/CodeSystem/fr-medication-history-source-type-10000014\"> </a>\u00a0\u00a0<a href=\"CodeSystem-FrMedicationHistorySourceType.html#FrMedicationHistorySourceType-10000014\">10000014</a></td><td>http://interopsante.org/fhir/CodeSystem/fr-medication-history-source-type</td><td>Fiche de liaison de l’EHPAD</td></tr><tr><td style=\"white-space:nowrap\"><a name=\"x-http://interopsante.org/fhir/CodeSystem/fr-medication-history-source-type-10000015\"> </a>\u00a0\u00a0<a href=\"CodeSystem-FrMedicationHistorySourceType.html#FrMedicationHistorySourceType-10000015\">10000015</a></td><td>http://interopsante.org/fhir/CodeSystem/fr-medication-history-source-type</td><td>Entretien ou lettre du médecin spécialiste</td></tr><tr><td style=\"white-space:nowrap\"><a name=\"x-http://interopsante.org/fhir/CodeSystem/fr-medication-history-source-type-10000016\"> </a>\u00a0\u00a0<a href=\"CodeSystem-FrMedicationHistorySourceType.html#FrMedicationHistorySourceType-10000016\">10000016</a></td><td>http://interopsante.org/fhir/CodeSystem/fr-medication-history-source-type</td><td>Fiche de liaison avec le service de soins à domicile</td></tr><tr><td style=\"white-space:nowrap\"><a name=\"x-http://interopsante.org/fhir/CodeSystem/fr-medication-history-source-type-10000017\"> </a>\u00a0\u00a0<a href=\"CodeSystem-FrMedicationHistorySourceType.html#FrMedicationHistorySourceType-10000017\">10000017</a></td><td>http://interopsante.org/fhir/CodeSystem/fr-medication-history-source-type</td><td>Dossier patient d’une précédente hospitalisation</td></tr><tr><td style=\"white-space:nowrap\"><a name=\"x-http://interopsante.org/fhir/CodeSystem/fr-medication-history-source-type-10000018\"> </a>\u00a0\u00a0<a href=\"CodeSystem-FrMedicationHistorySourceType.html#FrMedicationHistorySourceType-10000018\">10000018</a></td><td>http://interopsante.org/fhir/CodeSystem/fr-medication-history-source-type</td><td>Volet de synthèse médicale</td></tr></table></div>"
      },
      "url" : "http://interopsante.org/fhir/ValueSet/fr-medication-history-source-type",
      "version" : "0.1.0",
      "name" : "FrMedicationHistorySourceType",
      "title" : "value set SIPh - Nature des sources d'un Bilan Médicamenteux",
      "status" : "draft",
      "experimental" : false,
      "date" : "2021-06-23T09:15:00Z",
      "immutable" : false,
      "expansion" : {
        "identifier" : "urn:uuid:b113d597-4e96-4e02-b6a2-1c82d4715711",
        "timestamp" : "2024-08-14T16:33:39+00:00",
        "total" : 18,
        "offset" : 0,
        "parameter" : [{
          "name" : "count",
          "valueInteger" : 1000
        },
        {
          "name" : "offset",
          "valueInteger" : 0
        },
        {
          "name" : "excludeNested",
          "valueBoolean" : false
        },
        {
          "name" : "used-codesystem",
          "valueUri" : "http://interopsante.org/fhir/CodeSystem/fr-medication-history-source-type|0.1.0"
        }],
        "contains" : [{
          "system" : "http://interopsante.org/fhir/CodeSystem/fr-medication-history-source-type",
          "code" : "10000001",
          "display" : "Entretien avec le patient"
        },
        {
          "system" : "http://interopsante.org/fhir/CodeSystem/fr-medication-history-source-type",
          "code" : "10000002",
          "display" : "Entretien avec les proches"
        },
        {
          "system" : "http://interopsante.org/fhir/CodeSystem/fr-medication-history-source-type",
          "code" : "10000003",
          "display" : "Entretien avec le pharmacien d’officine"
        },
        {
          "system" : "http://interopsante.org/fhir/CodeSystem/fr-medication-history-source-type",
          "code" : "10000004",
          "display" : "Entretien avec le pharmacien hospitalier"
        },
        {
          "system" : "http://interopsante.org/fhir/CodeSystem/fr-medication-history-source-type",
          "code" : "10000005",
          "display" : "Entretien avec le médecin traitant"
        },
        {
          "system" : "http://interopsante.org/fhir/CodeSystem/fr-medication-history-source-type",
          "code" : "10000006",
          "display" : "Lettre du médecin traitant"
        },
        {
          "system" : "http://interopsante.org/fhir/CodeSystem/fr-medication-history-source-type",
          "code" : "10000007",
          "display" : "Le dossier médical partagé"
        },
        {
          "system" : "http://interopsante.org/fhir/CodeSystem/fr-medication-history-source-type",
          "code" : "10000008",
          "display" : "Lettres de liaison"
        },
        {
          "system" : "http://interopsante.org/fhir/CodeSystem/fr-medication-history-source-type",
          "code" : "10000009",
          "display" : "Dossier pharmaceutique"
        },
        {
          "system" : "http://interopsante.org/fhir/CodeSystem/fr-medication-history-source-type",
          "code" : "10000010",
          "display" : "Bilan de médication par le pharmacien d'officine"
        },
        {
          "system" : "http://interopsante.org/fhir/CodeSystem/fr-medication-history-source-type",
          "code" : "10000011",
          "display" : "Compte-rendu de télé expertise entre deux médecins généralistes pour un patient admis en EHPAD"
        },
        {
          "system" : "http://interopsante.org/fhir/CodeSystem/fr-medication-history-source-type",
          "code" : "10000012",
          "display" : "Médicaments apportés par le patient"
        },
        {
          "system" : "http://interopsante.org/fhir/CodeSystem/fr-medication-history-source-type",
          "code" : "10000013",
          "display" : "Ordonnances apportées par le patient"
        },
        {
          "system" : "http://interopsante.org/fhir/CodeSystem/fr-medication-history-source-type",
          "code" : "10000014",
          "display" : "Fiche de liaison de l’EHPAD"
        },
        {
          "system" : "http://interopsante.org/fhir/CodeSystem/fr-medication-history-source-type",
          "code" : "10000015",
          "display" : "Entretien ou lettre du médecin spécialiste"
        },
        {
          "system" : "http://interopsante.org/fhir/CodeSystem/fr-medication-history-source-type",
          "code" : "10000016",
          "display" : "Fiche de liaison avec le service de soins à domicile"
        },
        {
          "system" : "http://interopsante.org/fhir/CodeSystem/fr-medication-history-source-type",
          "code" : "10000017",
          "display" : "Dossier patient d’une précédente hospitalisation"
        },
        {
          "system" : "http://interopsante.org/fhir/CodeSystem/fr-medication-history-source-type",
          "code" : "10000018",
          "display" : "Volet de synthèse médicale"
        }]
      }
    }
  },
  {
    "fullUrl" : "https://hl7.fr/fhir/fr/medication/ValueSet/FrMedicationReconciliationQualifiedDiscrepancy",
    "resource" : {
      "resourceType" : "ValueSet",
      "meta" : {
        "profile" : ["http://hl7.org/fhir/StructureDefinition/shareablevalueset"]
      },
      "text" : {
        "status" : "generated",
        "div" : "<div xmlns=\"http://www.w3.org/1999/xhtml\"><p class=\"res-header-id\"><b>Generated Narrative: ValueSet </b></p><p style=\"border: black 1px dotted; background-color: #EEEEEE; padding: 8px; margin-bottom: 8px\">Expansion based on <a href=\"CodeSystem-FrMedicationReconciliationDiscrepancy.html\">codesystem code system Interop'Santé - divergence identifiée sur une ligne de traitement d'une FCT v0.1.0 (CodeSystem)</a></p><p>This value set contains 2 concepts</p><table class=\"codes\"><tr><td style=\"white-space:nowrap\"><b>Code</b></td><td><b>System</b></td><td><b>Display</b></td><td><b>Definition</b></td></tr><tr><td style=\"white-space:nowrap\"><a name=\"x-http://interopsante.org/fhir/CodeSystem/fr-medication-reconciliation-discrepancy-10000003\"> </a>\u00a0\u00a0<a href=\"CodeSystem-FrMedicationReconciliationDiscrepancy.html#FrMedicationReconciliationDiscrepancy-10000003\">10000003</a></td><td>http://interopsante.org/fhir/CodeSystem/fr-medication-reconciliation-discrepancy</td><td>Divergence intentionnelle</td><td><div><p>Divergence identifiée et qualifiée, entre la ligne de traitement du Bilan Médicamenteux et celle du Traitement Courant. Le Bilan Médicamenteux a été pris en compte par le prescripteur dans le Traitement Courant.</p>\n</div></td></tr><tr><td style=\"white-space:nowrap\"><a name=\"x-http://interopsante.org/fhir/CodeSystem/fr-medication-reconciliation-discrepancy-10000004\"> </a>\u00a0\u00a0<a href=\"CodeSystem-FrMedicationReconciliationDiscrepancy.html#FrMedicationReconciliationDiscrepancy-10000004\">10000004</a></td><td>http://interopsante.org/fhir/CodeSystem/fr-medication-reconciliation-discrepancy</td><td>Divergence non-intentionnelle</td><td><div><p>Divergence identifiée et qualifiée, entre la ligne de traitement du Bilan Médicamenteux et celle du Traitement Courant. Méconnaissance, par le prescripteur, du Bilan Médicamenteux dans le Traitement Courant.</p>\n</div></td></tr></table></div>"
      },
      "url" : "https://hl7.fr/fhir/fr/medication/ValueSet/FrMedicationReconciliationQualifiedDiscrepancy",
      "version" : "0.1.0",
      "name" : "FrMedicationReconciliationQualifiedDiscrepancy",
      "title" : "value set InterOp'Santé - qualification de la divergence identifiée sur une ligne de traitement d'une FCT",
      "status" : "draft",
      "experimental" : false,
      "date" : "2024-08-14T16:30:57+00:00",
      "immutable" : false,
      "expansion" : {
        "identifier" : "urn:uuid:ea6b40bb-ede7-4924-9a5a-014930d5ce77",
        "timestamp" : "2024-08-14T16:33:41+00:00",
        "total" : 2,
        "offset" : 0,
        "parameter" : [{
          "name" : "count",
          "valueInteger" : 1000
        },
        {
          "name" : "offset",
          "valueInteger" : 0
        },
        {
          "name" : "excludeNested",
          "valueBoolean" : false
        },
        {
          "name" : "used-codesystem",
          "valueUri" : "http://interopsante.org/fhir/CodeSystem/fr-medication-reconciliation-discrepancy|0.1.0"
        }],
        "contains" : [{
          "system" : "http://interopsante.org/fhir/CodeSystem/fr-medication-reconciliation-discrepancy",
          "code" : "10000003",
          "display" : "Divergence intentionnelle"
        },
        {
          "system" : "http://interopsante.org/fhir/CodeSystem/fr-medication-reconciliation-discrepancy",
          "code" : "10000004",
          "display" : "Divergence non-intentionnelle"
        }]
      }
    }
  },
  {
    "fullUrl" : "http://interopsante.org/fhir/ValueSet/fr-medication-reconciliation-resolution",
    "resource" : {
      "resourceType" : "ValueSet",
      "meta" : {
        "lastUpdated" : "2021-06-23T09:15:00Z",
        "profile" : ["http://hl7.org/fhir/StructureDefinition/shareablevalueset"]
      },
      "text" : {
        "status" : "generated",
        "div" : "<div xmlns=\"http://www.w3.org/1999/xhtml\"><p class=\"res-header-id\"><b>Generated Narrative: ValueSet </b></p><div style=\"display: inline-block; background-color: #d9e0e7; padding: 6px; margin: 4px; border: 1px solid #8da1b4; border-radius: 5px; line-height: 60%\"><p style=\"margin-bottom: 0px\">Last updated: 2021-06-23 09:15:00+0000</p><p style=\"margin-bottom: 0px\">Profile: <a href=\"http://hl7.org/fhir/R4/shareablevalueset.html\">Shareable ValueSet</a></p></div><p style=\"border: black 1px dotted; background-color: #EEEEEE; padding: 8px; margin-bottom: 8px\">Expansion based on <a href=\"CodeSystem-FrMedicationReconciliationResolution.html\">codesystem code system InterOp'Santé - Résolution d'une divergence sur une ligne de traitement d'une FCT v0.1.0 (CodeSystem)</a></p><p>This value set contains 5 concepts</p><table class=\"codes\"><tr><td style=\"white-space:nowrap\"><b>Code</b></td><td><b>System</b></td><td><b>Display</b></td><td><b>Definition</b></td></tr><tr><td style=\"white-space:nowrap\"><a name=\"x-http://interopsante.org/fhir/CodeSystem/fr-medication-reconciliation-resolution-10000001\"> </a>\u00a0\u00a0<a href=\"CodeSystem-FrMedicationReconciliationResolution.html#FrMedicationReconciliationResolution-10000001\">10000001</a></td><td>http://interopsante.org/fhir/CodeSystem/fr-medication-reconciliation-resolution</td><td>Dose corrigée</td><td><div><p>La dose initialement prescrite a été corrigée.</p>\n</div></td></tr><tr><td style=\"white-space:nowrap\"><a name=\"x-http://interopsante.org/fhir/CodeSystem/fr-medication-reconciliation-resolution-10000002\"> </a>\u00a0\u00a0<a href=\"CodeSystem-FrMedicationReconciliationResolution.html#FrMedicationReconciliationResolution-10000002\">10000002</a></td><td>http://interopsante.org/fhir/CodeSystem/fr-medication-reconciliation-resolution</td><td>Repris</td><td><div><p>La prescription interrompue a été reprise.</p>\n</div></td></tr><tr><td style=\"white-space:nowrap\"><a name=\"x-http://interopsante.org/fhir/CodeSystem/fr-medication-reconciliation-resolution-10000003\"> </a>\u00a0\u00a0<a href=\"CodeSystem-FrMedicationReconciliationResolution.html#FrMedicationReconciliationResolution-10000003\">10000003</a></td><td>http://interopsante.org/fhir/CodeSystem/fr-medication-reconciliation-resolution</td><td>Spécialité corrigée</td><td><div><p>Le choix de la spécialité prescrite a été corrigé.</p>\n</div></td></tr><tr><td style=\"white-space:nowrap\"><a name=\"x-http://interopsante.org/fhir/CodeSystem/fr-medication-reconciliation-resolution-10000004\"> </a>\u00a0\u00a0<a href=\"CodeSystem-FrMedicationReconciliationResolution.html#FrMedicationReconciliationResolution-10000004\">10000004</a></td><td>http://interopsante.org/fhir/CodeSystem/fr-medication-reconciliation-resolution</td><td>Forme corrigée</td><td><div><p>La forme galénique prescrite a été corrigée.</p>\n</div></td></tr><tr><td style=\"white-space:nowrap\"><a name=\"x-http://interopsante.org/fhir/CodeSystem/fr-medication-reconciliation-resolution-10000005\"> </a>\u00a0\u00a0<a href=\"CodeSystem-FrMedicationReconciliationResolution.html#FrMedicationReconciliationResolution-10000005\">10000005</a></td><td>http://interopsante.org/fhir/CodeSystem/fr-medication-reconciliation-resolution</td><td>Arrêt</td><td><div><p>La prescription a été arrêtée.</p>\n</div></td></tr></table></div>"
      },
      "url" : "http://interopsante.org/fhir/ValueSet/fr-medication-reconciliation-resolution",
      "version" : "0.1.0",
      "name" : "FrMedicationReconciliationResolution",
      "title" : "value set InterOp'Santé - Résolution d'une divergence sur une ligne de traitement d'une FCT",
      "status" : "draft",
      "experimental" : false,
      "date" : "2021-06-23T09:15:00Z",
      "immutable" : false,
      "expansion" : {
        "identifier" : "urn:uuid:ac9cca40-91d8-4dc9-9f90-18fcd28e888b",
        "timestamp" : "2024-08-14T16:33:41+00:00",
        "total" : 5,
        "offset" : 0,
        "parameter" : [{
          "name" : "count",
          "valueInteger" : 1000
        },
        {
          "name" : "offset",
          "valueInteger" : 0
        },
        {
          "name" : "excludeNested",
          "valueBoolean" : false
        },
        {
          "name" : "used-codesystem",
          "valueUri" : "http://interopsante.org/fhir/CodeSystem/fr-medication-reconciliation-resolution|0.1.0"
        }],
        "contains" : [{
          "system" : "http://interopsante.org/fhir/CodeSystem/fr-medication-reconciliation-resolution",
          "code" : "10000001",
          "display" : "Dose corrigée"
        },
        {
          "system" : "http://interopsante.org/fhir/CodeSystem/fr-medication-reconciliation-resolution",
          "code" : "10000002",
          "display" : "Repris"
        },
        {
          "system" : "http://interopsante.org/fhir/CodeSystem/fr-medication-reconciliation-resolution",
          "code" : "10000003",
          "display" : "Spécialité corrigée"
        },
        {
          "system" : "http://interopsante.org/fhir/CodeSystem/fr-medication-reconciliation-resolution",
          "code" : "10000004",
          "display" : "Forme corrigée"
        },
        {
          "system" : "http://interopsante.org/fhir/CodeSystem/fr-medication-reconciliation-resolution",
          "code" : "10000005",
          "display" : "Arrêt"
        }]
      }
    }
  },
  {
    "fullUrl" : "http://interopsante.org/fhir/ValueSet/fr-medication-reconciliation-type",
    "resource" : {
      "resourceType" : "ValueSet",
      "meta" : {
        "lastUpdated" : "2021-06-23T09:15:00Z",
        "profile" : ["http://hl7.org/fhir/StructureDefinition/shareablevalueset"]
      },
      "text" : {
        "status" : "generated",
        "div" : "<div xmlns=\"http://www.w3.org/1999/xhtml\"><p class=\"res-header-id\"><b>Generated Narrative: ValueSet </b></p><div style=\"display: inline-block; background-color: #d9e0e7; padding: 6px; margin: 4px; border: 1px solid #8da1b4; border-radius: 5px; line-height: 60%\"><p style=\"margin-bottom: 0px\">Last updated: 2021-06-23 09:15:00+0000</p><p style=\"margin-bottom: 0px\">Profile: <a href=\"http://hl7.org/fhir/R4/shareablevalueset.html\">Shareable ValueSet</a></p></div><p style=\"border: black 1px dotted; background-color: #EEEEEE; padding: 8px; margin-bottom: 8px\">Expansion based on <a href=\"CodeSystem-FrMedicationReconciliationType.html\">codesystem code system InterOp'Santé - Type d'écart/erreur sur une ligne de traitement d'une FCT v0.1.0 (CodeSystem)</a></p><p>This value set contains 7 concepts</p><table class=\"codes\"><tr><td style=\"white-space:nowrap\"><b>Code</b></td><td><b>System</b></td><td><b>Display</b></td></tr><tr><td style=\"white-space:nowrap\"><a name=\"x-http://interopsante.org/fhir/CodeSystem/fr-medication-reconciliation-type-10000001\"> </a>\u00a0\u00a0<a href=\"CodeSystem-FrMedicationReconciliationType.html#FrMedicationReconciliationType-10000001\">10000001</a></td><td>http://interopsante.org/fhir/CodeSystem/fr-medication-reconciliation-type</td><td>Erreur posologie</td></tr><tr><td style=\"white-space:nowrap\"><a name=\"x-http://interopsante.org/fhir/CodeSystem/fr-medication-reconciliation-type-10000002\"> </a>\u00a0\u00a0<a href=\"CodeSystem-FrMedicationReconciliationType.html#FrMedicationReconciliationType-10000002\">10000002</a></td><td>http://interopsante.org/fhir/CodeSystem/fr-medication-reconciliation-type</td><td>Oubli médicament prescrit</td></tr><tr><td style=\"white-space:nowrap\"><a name=\"x-http://interopsante.org/fhir/CodeSystem/fr-medication-reconciliation-type-10000003\"> </a>\u00a0\u00a0<a href=\"CodeSystem-FrMedicationReconciliationType.html#FrMedicationReconciliationType-10000003\">10000003</a></td><td>http://interopsante.org/fhir/CodeSystem/fr-medication-reconciliation-type</td><td>Oubli automédication</td></tr><tr><td style=\"white-space:nowrap\"><a name=\"x-http://interopsante.org/fhir/CodeSystem/fr-medication-reconciliation-type-10000004\"> </a>\u00a0\u00a0<a href=\"CodeSystem-FrMedicationReconciliationType.html#FrMedicationReconciliationType-10000004\">10000004</a></td><td>http://interopsante.org/fhir/CodeSystem/fr-medication-reconciliation-type</td><td>Erreur substitution</td></tr><tr><td style=\"white-space:nowrap\"><a name=\"x-http://interopsante.org/fhir/CodeSystem/fr-medication-reconciliation-type-10000005\"> </a>\u00a0\u00a0<a href=\"CodeSystem-FrMedicationReconciliationType.html#FrMedicationReconciliationType-10000005\">10000005</a></td><td>http://interopsante.org/fhir/CodeSystem/fr-medication-reconciliation-type</td><td>Erreur forme galénique</td></tr><tr><td style=\"white-space:nowrap\"><a name=\"x-http://interopsante.org/fhir/CodeSystem/fr-medication-reconciliation-type-10000006\"> </a>\u00a0\u00a0<a href=\"CodeSystem-FrMedicationReconciliationType.html#FrMedicationReconciliationType-10000006\">10000006</a></td><td>http://interopsante.org/fhir/CodeSystem/fr-medication-reconciliation-type</td><td>Ajout</td></tr><tr><td style=\"white-space:nowrap\"><a name=\"x-http://interopsante.org/fhir/CodeSystem/fr-medication-reconciliation-type-10000007\"> </a>\u00a0\u00a0<a href=\"CodeSystem-FrMedicationReconciliationType.html#FrMedicationReconciliationType-10000007\">10000007</a></td><td>http://interopsante.org/fhir/CodeSystem/fr-medication-reconciliation-type</td><td>Autre</td></tr></table></div>"
      },
      "url" : "http://interopsante.org/fhir/ValueSet/fr-medication-reconciliation-type",
      "version" : "0.1.0",
      "name" : "FrMedicationReconciliationType",
      "title" : "value set InterOp'Santé - Type d'écart/erreur sur une ligne de traitement d'une FCT",
      "status" : "draft",
      "experimental" : false,
      "date" : "2021-06-23T09:15:00Z",
      "immutable" : false,
      "expansion" : {
        "identifier" : "urn:uuid:6a835707-59c3-4030-90f9-8c1d2138fd1e",
        "timestamp" : "2024-08-14T16:33:44+00:00",
        "total" : 7,
        "offset" : 0,
        "parameter" : [{
          "name" : "count",
          "valueInteger" : 1000
        },
        {
          "name" : "offset",
          "valueInteger" : 0
        },
        {
          "name" : "excludeNested",
          "valueBoolean" : false
        },
        {
          "name" : "used-codesystem",
          "valueUri" : "http://interopsante.org/fhir/CodeSystem/fr-medication-reconciliation-type|0.1.0"
        }],
        "contains" : [{
          "system" : "http://interopsante.org/fhir/CodeSystem/fr-medication-reconciliation-type",
          "code" : "10000001",
          "display" : "Erreur posologie"
        },
        {
          "system" : "http://interopsante.org/fhir/CodeSystem/fr-medication-reconciliation-type",
          "code" : "10000002",
          "display" : "Oubli médicament prescrit"
        },
        {
          "system" : "http://interopsante.org/fhir/CodeSystem/fr-medication-reconciliation-type",
          "code" : "10000003",
          "display" : "Oubli automédication"
        },
        {
          "system" : "http://interopsante.org/fhir/CodeSystem/fr-medication-reconciliation-type",
          "code" : "10000004",
          "display" : "Erreur substitution"
        },
        {
          "system" : "http://interopsante.org/fhir/CodeSystem/fr-medication-reconciliation-type",
          "code" : "10000005",
          "display" : "Erreur forme galénique"
        },
        {
          "system" : "http://interopsante.org/fhir/CodeSystem/fr-medication-reconciliation-type",
          "code" : "10000006",
          "display" : "Ajout"
        },
        {
          "system" : "http://interopsante.org/fhir/CodeSystem/fr-medication-reconciliation-type",
          "code" : "10000007",
          "display" : "Autre"
        }]
      }
    }
  },
  {
    "fullUrl" : "http://hl7.org/fhir/ValueSet/medication-ingredientstrength",
    "resource" : {
      "resourceType" : "ValueSet",
      "meta" : {
        "profile" : ["http://hl7.org/fhir/StructureDefinition/shareablevalueset"]
      },
      "text" : {
        "status" : "generated",
        "div" : "<div xmlns=\"http://www.w3.org/1999/xhtml\"><p class=\"res-header-id\"><b>Generated Narrative: ValueSet </b></p><p style=\"border: black 1px dotted; background-color: #EEEEEE; padding: 8px; margin-bottom: 8px\">Expansion based on <a href=\"CodeSystem-medication-ingredient-strength-codes.html\">codesystem Medication_Ingredient_Strength_Codes v0.1.0 (CodeSystem)</a></p><p>This value set contains 2 concepts</p><table class=\"codes\"><tr><td style=\"white-space:nowrap\"><b>Code</b></td><td><b>System</b></td><td><b>Display</b></td><td><b>Definition</b></td></tr><tr><td style=\"white-space:nowrap\"><a name=\"x-http://hl7.org/fhir/CodeSystem/medication-ingredientstrength-qs\"> </a>\u00a0\u00a0<a href=\"CodeSystem-medication-ingredient-strength-codes.html#medication-ingredient-strength-codes-qs\">qs</a></td><td>http://hl7.org/fhir/CodeSystem/medication-ingredientstrength</td><td>QS</td><td><div><p>As much as is sufficient.</p>\n</div></td></tr><tr><td style=\"white-space:nowrap\"><a name=\"x-http://hl7.org/fhir/CodeSystem/medication-ingredientstrength-trace\"> </a>\u00a0\u00a0<a href=\"CodeSystem-medication-ingredient-strength-codes.html#medication-ingredient-strength-codes-trace\">trace</a></td><td>http://hl7.org/fhir/CodeSystem/medication-ingredientstrength</td><td>Trace</td><td><div><p>Very small amount.</p>\n</div></td></tr></table></div>"
      },
      "url" : "http://hl7.org/fhir/ValueSet/medication-ingredientstrength",
      "identifier" : [{
        "system" : "urn:ietf:rfc:3986",
        "value" : "urn:oid:2.16.840.1.113883.4.642.3.1426"
      }],
      "version" : "0.1.0",
      "name" : "MedicationIngredientStrengthCodes",
      "status" : "draft",
      "date" : "2024-08-14T16:30:57+00:00",
      "expansion" : {
        "identifier" : "urn:uuid:ccf558f4-0fb6-44ba-95a5-143c39a32f0b",
        "timestamp" : "2024-08-14T16:33:49+00:00",
        "total" : 2,
        "offset" : 0,
        "parameter" : [{
          "name" : "count",
          "valueInteger" : 1000
        },
        {
          "name" : "offset",
          "valueInteger" : 0
        },
        {
          "name" : "excludeNested",
          "valueBoolean" : false
        },
        {
          "name" : "used-codesystem",
          "valueUri" : "http://hl7.org/fhir/CodeSystem/medication-ingredientstrength|0.1.0"
        }],
        "contains" : [{
          "system" : "http://hl7.org/fhir/CodeSystem/medication-ingredientstrength",
          "code" : "qs",
          "display" : "QS"
        },
        {
          "system" : "http://hl7.org/fhir/CodeSystem/medication-ingredientstrength",
          "code" : "trace",
          "display" : "Trace"
        }]
      }
    }
  }]
}